fold_key	exact_spellings	semantic_status	semantic_referent	taxonomy_status	proposed_destination	confidence	uncertainty_reason	short_reason	batch_id	scanner_lines
28	28	OPAQUE	bare number, no words at all	NOT_APPLICABLE		Low	a number alone carries no semantic content	no interpretable content	1	9468
apron f2	Apron f2	CLEAR	apron (clothing), variant f2	CLEAR	groupFile/Clothing	High		plain garment item	1	9605
arm right roll 1	arm right roll 1	CLEAR	"right arm ""roll"" (rotation/twist) bone, variant 1"	CLEAR	groupFile/Arms	High		twist/roll arm bone, ordinary deformation articulation	1	3436
arm right shoulder twist2	arm right shoulder twist2	CLEAR	right shoulder twist bone, variant 2	CLEAR	groupFile/Arms	High		twist/roll arm bone, ordinary deformation articulation	1	20947
bag back	Bag Back	CLEAR	a bag accessory, back position	CLEAR	groupFile/Clothing	Medium		worn/carried bag accessory	1	10039
belt back right a	belt back right a	CLEAR	belt, back position, right side, variant a	CLEAR	groupFile/Clothing	High		explicit clothing belt control	1	21075
bip collar l	bip collar l	CLEAR	"left clavicle/shoulder-girdle rig bone (biped ""collar"" bone)"	CLEAR	groupFile/Arms	High		"bare ""bip_collar_L/R"" matches the standard biped clavicle/shoulder-girdle rig-bone naming (cf. the ValveBiped.*_collar convention and the sibling bip_collarhelper_L/R pair); the Master routes every bare, unqualified spelling of this exact form to Arms (7/7 exact case variants), while every garment collar in this corpus and Master carries an explicit qualifier (jacket/cloth/suit/fur/named costume/multi-segment front-back) that this literal lacks"	1	21142
bip upperarmbase l	bip upperarmbase l	CLEAR	left upper arm base (shoulder-adjacent root of the upper arm)	CLEAR	groupFile/Arms	High		explicit upper-arm base bone	1	21233
bip01_r_upperarm016	Bip01_R_UpperArm016	CLEAR	right upper arm, numbered sub-bone 016	CLEAR	groupFile/Arms	High		numbered anatomical arm bone, no repair language	1	2032
bip_bobby_l_foretwist1	Bip_BOBBY_L_ForeTwist1	CLEAR	"left forearm twist bone (per-character ""Bobby"" rig), variant 1"	CLEAR	groupFile/Arms	High		twist/roll arm bone, ordinary deformation articulation	1	10568
bip_clockcollarback_l	bip_ClockCollarBack_L	CLEAR	"a ""Clock Collar"" accessory, back position, left side"	CLEAR	groupFile/Clothing	Medium		named clothing/costume accessory (collar)	1	21334
bip_eardown1_l	bip_earDown1_l	CLEAR	"left ear, ""down"" position, variant 1"	CLEAR	groupFile/Face/Ears	High		explicit ear-position control	1	2443
bip_fpinky01_r	Bip_FPinky01_R	CLEAR	right pinky finger, segment 01	CLEAR	groupFile/Arms/RightArm/RightFingers	High		"explicit ""FPinky"" = Finger Pinky"	1	10620
bip_l_neck_b	bip_l_neck_b	CLEAR	left-side neck bone, variant b	CLEAR	groupFile/Body	Medium		neck is an explicit anatomical referent	1	21852
bip_stone _r_finger_globe_1_02	Bip_STONE _R_Finger_Globe_1_02	PARTIAL	"right-hand finger area (per-character ""Stone"" rig), ""globe"" qualifier unclear -- possibly a ball-joint"	CLEAR	groupFile/Arms/RightArm/RightFingers	Medium		"Primary owner (finger) is reliable; the ""globe"" qualifier (possibly a ball-joint) remains genuinely undecoded, so semantic_status is PARTIAL while taxonomy is CLEAR."	1	10688
bip_tail_d_05	bip_tail_d_05	CLEAR	tail, chain segment d-05	CLEAR	groupFile/Tail	High		explicit tail chain	1	22113
bip_tailc01	bip_tailC01	CLEAR	tail, chain segment 01	CLEAR	groupFile/Tail	High		explicit tail chain	1	7393
bipbrk drink	BipBrk Drink	PARTIAL	"a ""drink""-related control on the per-character ""Brk"" rig -- possibly a pose or held-prop attachment"	NEEDS_CONTEXT		Low	unclear whether this is a bone, an attachment point, or a full pose	Drink names an action/prop but not what kind of control this is	1	10415
bipbrk r finger4	BipBrk R Finger4	CLEAR	"right pinky finger (per-character ""Brk"" rig, finger index 4)"	CLEAR	groupFile/Arms/RightArm/RightFingers	Medium		Bip finger-numbering convention, 4=pinky	1	10430
bipqwn l finger3	BipQwn L Finger3	CLEAR	"left ring finger (per-character ""Qwn"" rig)"	CLEAR	groupFile/Arms/LeftArm/LeftFingers	Medium		same finger-numbering convention as other Bip### entries	1	10543
bipqwn r finger3	BipQwn R Finger3	CLEAR	"right ring finger (per-character ""Qwn"" rig, finger index 3)"	CLEAR	groupFile/Arms/RightArm/RightFingers	Medium		Bip finger-numbering convention, 3=ring	1	10553
bld_gen_army_tent_medium_a_bottom_a_mesh	BLD_GEN_Army_Tent_Medium_A_Bottom_A_Mesh	CLEAR	bottom mesh piece of a medium army-tent prop	CLEAR	groupFile/Other	High		named environment prop (tent) ending in _Mesh; suffix does not determine legitimacy or destination	1	9918
body-r-hard-nipple	Body-R-Hard-Nipple	CLEAR	"right nipple, ""hard""/erect state"	CLEAR	groupFile/Body Morphs	High		explicit body-morph nipple control	1	10951
bone._r	Bone._R	OPAQUE	a bone marker with a right-side tag and nothing else	NOT_APPLICABLE		Low	bone plus a side letter carries no specific body-part information	generic bone identifier, no anatomical referent	1	10993
botshrink	BotShrink	PARTIAL	"shrinking of ""bot"" (likely ""bottom""), object ambiguous"	NEEDS_CONTEXT		Low	bottom could mean buttocks or the lower hem of a garment	"abbreviation ""Bot"" is ambiguous between anatomy and clothing"	1	4390
bracket	bracket	CLEAR	a generic mechanical bracket/fastener, object unspecified	NEEDS_CONTEXT		High		Names a real mechanical bracket/fastener with one stable core reading; ownership/mounting is unresolved, so taxonomy is NEEDS_CONTEXT.	1	22546
browllower	BrowLLower	CLEAR	left eyebrow, lower position	CLEAR	groupFile/Face/Upper Face	High		"Brow + ""L"" + ""Lower"" is explicit"	1	11473
bulgeanimbig1	BulgeAnimBig1	CLEAR	"an animated ""big bulge"" effect, object unspecified"	NEEDS_CONTEXT		High		Bulge+big+anim names a single stable deformation-effect concept; it lacks a body-part anchor, so taxonomy is NEEDS_CONTEXT.	1	11539
c4	C4	OPAQUE	could be an explosive charge, a musical note, or a generic code	NOT_APPLICABLE		Low	too many plausible unrelated readings, no anchoring context	bare 2-character code, no reliable referent	1	11625
c_dred_l1_07	C_Dred_L1_07	CLEAR	dreadlock hair strand, left, chain 1, segment 07	CLEAR	groupFile/Hair	High		Dred = dreadlock, a hair convention already seen elsewhere in this corpus	1	11795
c_tiel_c10	C_TieL_C10	CLEAR	necktie, left side, chain segment 10	CLEAR	groupFile/Clothing	Medium		TieL = Tie Left, a clothing accessory chain	1	11853
chain_3	Chain_3; chain_3	PARTIAL	a chain of unspecified type/object, numbered	NEEDS_CONTEXT		Low	same reasoning as chain_7	"bare ""chain"" + number, no anchoring object"	1	11958; 7568
chain_7	chain_7	PARTIAL	a chain of unspecified type/object, numbered	NEEDS_CONTEXT		Low	could be jewelry, physics, or mechanical chain with no owning object stated	"bare ""chain"" + number, no anchoring object"	1	7573
chocobocharm	ChocoboCharm	CLEAR	"a decorative charm/accessory shaped after or referencing a ""Chocobo"" (fictional bird)"	NEEDS_CONTEXT		High		Bare accessory term with no explicit named owner -- a charm can be jewelry, a weapon charm, or another decorative prop, so Clothing is not the only plausible destination; taxonomy is NEEDS_CONTEXT.	1	12053
cloth right 1	cloth right 1	CLEAR	a clothing item, right side, variant 1 (garment type unspecified)	CLEAR	groupFile/Clothing	High		Cloth is a stable core clothing-category reading; the garment subtype is unspecified but does not block the Clothing destination.	1	23095
cloth_back_a_4	cloth_back_A_4	CLEAR	clothing back panel, variant A, segment 4	CLEAR	groupFile/Clothing	High		explicit clothing back-panel control	1	23115
crow_3.clavical_r	Crow_3.Clavical_R	CLEAR	Crow creature skeleton (instance 3), right clavicle (shoulder-girdle bone); the complete literal does not itself state wing/flight-appendage ownership	NEEDS_CONTEXT		Low	the complete literal names the species and the bone but does not itself establish wing ownership; clavicle is a shoulder-girdle bone that could plausibly be treated as generic torso/shoulder structure rather than the flight appendage without further evidence	Being a bird does not by itself establish Wings ownership for a bone not explicitly identified as part of the flight appendage; taxonomy is NEEDS_CONTEXT, consistent with Crow_3.Phalanges3_L.	1	12481
crow_3.femur_r	Crow_3.Femur_R	CLEAR	Crow creature skeleton (instance 3), right femur/leg bone	CLEAR	groupFile/Legs	High		femur names a real thigh bone shared across vertebrates	1	12483
def-brows2_r	DEF-brows2_R	CLEAR	right eyebrow, deform bone #2 (Blender Rigify convention)	CLEAR	groupFile/Face/Upper Face	High		"DEF- is a rig-tool marker; ""brows2_R"" is the real referent"	1	12537
eyeblink_right_out	eyeBlink_Right_OUT	CLEAR	"right eye blink, ""out""/outward variant"	CLEAR	groupFile/Face/Eyes	High		eyeBlink_Right_OUT is a right-eye blink control	1	23724
eyes_symmetric	eyes_symmetric	CLEAR	a control that synchronizes/symmetrizes both eyes	CLEAR	groupFile/Face/Eyes	High		explicit eye-symmetry function	1	23918
five_bullet00	Five_Bullet00	CLEAR	ammunition round, slot/index 5, bullet 00	CLEAR	groupFile/Other	High		recognized prop/weapon/equipment, existing Other precedent	1	4658
flipoutrighttop	FlipoutRightTop	CLEAR	"a ""flip out"" hair-styling effect, right side, top region"	CLEAR	groupFile/Hair	High		"""Flip out"" is an established hair-styling term with a single stable core reading; only the object noun is left implicit."	1	13935
front_lift1	front_lift1	CLEAR	"a ""lift"" action applied to something at the front, unspecified object"	NEEDS_CONTEXT		High		"""Lift"" names a single stable directional/action function; it lacks an anchoring object, so taxonomy is NEEDS_CONTEXT."	1	7832
frontlower	FrontLower	CLEAR	"front + ""lower"", object unspecified"	NEEDS_CONTEXT		High		"""Lower"" names a single stable directional function with no anchoring object; taxonomy is NEEDS_CONTEXT."	1	3028
fur_gen_pillow_sitting_b_mesh	FUR_GEN_Pillow_Sitting_B_mesh	CLEAR	"a ""pillow, sitting pose"" prop mesh, variant B"	CLEAR	groupFile/Other	High		named furniture prop (pillow) ending in _Mesh, consistent with existing Pillow->Other resolution	1	13602
fur_gen_pillow_sitting_d_mesh.001	FUR_GEN_Pillow_Sitting_D_mesh.001	CLEAR	"a ""pillow, sitting pose"" prop mesh, variant D, sub .001"	CLEAR	groupFile/Other	High		named furniture prop (pillow) ending in _Mesh, consistent with existing Pillow->Other resolution	1	13606
gear.holster	Gear.Holster	CLEAR	equipment holster (for a weapon/tool)	CLEAR	groupFile/Clothing	Medium		A holster's primary real-world function is to be worn as body/character equipment; the complete literal does not positively establish it as a component of a weapon/prop assembly, so the worn-equipment default (Clothing) applies.	1	14341
head eyeball middle	head eyeball middle	CLEAR	"an eyeball positioned/labeled ""middle"" (possibly a third/center eye on a non-standard face)"	CLEAR	groupFile/Face/Eyes	Medium	middle is unusual for a normally-paired eye and may indicate a creature/extra-eye case	"eyeball is the clear anatomical referent regardless of the unusual ""middle"" qualifier"	1	25631
headfurtop.r	HeadFurTop.R	CLEAR	top-of-head fur, right side (creature/furred character)	CLEAR	groupFile/Hair	High		fur is the creature-equivalent keratinous covering	1	15323
helpthighbackr	HelpThighBackR	CLEAR	right thigh helper bone, back position	CLEAR	groupFile/Legs	High		helper naming, leg explicitly named, no repair language	1	15421
hurtr	HurtR	CLEAR	"an overall ""hurt""/pained expression, right side"	CLEAR	groupFile/Face/Expressions	High		Bare emotion/expression state with no specific facial feature named routes to Face/Expressions; the expression's identity (hurt, lateralized right) is a single stable core reading.	1	5295
ivy.sword	Ivy.Sword	CLEAR	"a sword prop belonging to a character named ""Ivy"""	CLEAR	groupFile/Other	High		recognized prop/weapon/equipment, existing Other precedent	1	15549
key.s	Key.S	CLEAR	"an unlabeled ""key"" slot marked S"	CLEAR	groupFile/Other	Medium		"""Key.<label>"" matches the Key.Black_3/Key.White_25 sibling family already established -> Other in this same pilot; this is sibling-spelling grounding, not a mere plausible guess"	1	15932
key.x	Key.X	CLEAR	"an unlabeled ""key"" slot marked X"	CLEAR	groupFile/Other	Medium		"""Key.<label>"" matches the Key.Black_3/Key.White_25 sibling family already established -> Other in this same pilot"	1	16001
l collarc a phy	L CollarC a Phy	CLEAR	left clothing collar, variant C, sub-part a, physics-simulated	CLEAR	groupFile/Clothing	High		clear clothing collar with a physics-sim marker	1	5326
l sideburn c phy	l sideburn c phy	CLEAR	left sideburn, variant c, physics-simulated	CLEAR	groupFile/Hair	High		sideburn is a standard hair term	1	26380
l ujacketb spo	L uJacketB Spo	CLEAR	"left jacket, variant B, ""spo"" (likely ""spare"") sub-part"	CLEAR	groupFile/Clothing	Medium		jacket is an explicit clothing referent	1	16105
left_stomach_buldge	Left_stomach_buldge	CLEAR	"left-side stomach bulge (obvious misspelling of ""bulge"")"	CLEAR	groupFile/Body Morphs	High		"buldge is a plain misspelling of ""bulge"""	1	16471
leftfinger02	LeftFinger02	CLEAR	left hand, a finger (unspecified which), joint/segment 02	CLEAR	groupFile/Arms/LeftArm/LeftFingers	High		Generic but clearly a left-hand finger control; which specific finger is unspecified but does not block the LeftFingers destination.	1	5414
leg back ankle right	leg back ankle right	CLEAR	right ankle, back position	CLEAR	groupFile/Legs	High		explicit leg/ankle control	1	26605
leg_bone_correct_fl_01	leg_bone_correct_fl_01	CLEAR	leg corrective bone, front-left area, variant 01	CLEAR	groupFile/Correctives	High		explicit correct/JCM repair semantics	1	8768
liplower_r4	lipLower_R4	CLEAR	lower lip, right side, variant 4	CLEAR	groupFile/Face/Lower Face	High		same convention as liplower_right2	1	26853
liplower_right2	lipLower_Right2	CLEAR	lower lip, right side, variant 2	CLEAR	groupFile/Face/Lower Face	High		lower-lip right-side control	1	26854
lipsbottomraise	lipsbottomraise	CLEAR	bottom lip, raise action	CLEAR	groupFile/Face/Lower Face	High		explicit lower-lip control	1	26988
ltoepinky02	lToePinky02	CLEAR	left foot pinky toe, segment 02	CLEAR	groupFile/Toes/LeftToes	High		explicit toe pinky convention	1	26443
nostrilup	NostrilUp	CLEAR	nostril, raised/up position	CLEAR	groupFile/Face/Mid Face	High		explicit nostril control	1	17207
null.001	Null.001	OPAQUE	a generic empty/null transform helper object	NOT_APPLICABLE		Low	null objects carry no semantic content about what they help	generic DCC null/empty object	1	17211
object003	Object003	OPAQUE	generic auto-numbered mesh/object name	NOT_APPLICABLE		Low	same as object47	DCC placeholder name	1	989
object47	Object47	OPAQUE	generic auto-numbered mesh/object name	NOT_APPLICABLE		Low	no descriptive content beyond a DCC auto-generated identifier	classic DCC-generated placeholder name	1	17327
opt_as_l_upleg_b	OPT_AS_L_UpLeg_B	CLEAR	left upper leg/thigh, variant B	CLEAR	groupFile/Legs	Medium		UpLeg = upper leg is explicit despite the OPT_/AS_ technical prefixes	1	3242
penus 1	penus 1	CLEAR	"penis, variant 1 (obvious misspelling of ""penis"")"	CLEAR	groupFile/Body	High		Plain anatomical segment, no shape/size/state descriptor; per settled doctrine, plain anatomy/bone/root/structural segment routes to Body, not Body Morphs.	1	27465
pillow 1	Pillow 1	CLEAR	a pillow prop, variant 1	CLEAR	groupFile/Other	High		recognized prop/weapon/equipment, existing Other precedent	1	17572
pussy_tighten	pussy_tighten	CLEAR	vaginal tightening body-morph	CLEAR	groupFile/Body Morphs	High		explicit genital morph control	1	27615
r_finger1b	r_finger1b	CLEAR	right hand, finger 1 (thumb by common numbering), variant b	CLEAR	groupFile/Arms/RightArm/RightFingers	Medium		finger1 fits the standard 0/1-indexed finger convention	1	27768
right index finger 1 grip 1	Right index finger 1 grip 1	CLEAR	right index finger, joint 1, grip pose variant 1	CLEAR	groupFile/Arms/RightArm/RightFingers	High		explicit right index finger grip control	1	18211
rindex	RIndex	CLEAR	right index finger	CLEAR	groupFile/Arms/RightArm/RightFingers	High		plain abbreviation, clearly right index finger	1	17942
shouldershrink	Shouldershrink	CLEAR	shoulder size/shape reduction	CLEAR	groupFile/Body Morphs	High		explicit shape/size descriptor, no posing verb, character's own anatomy	1	6545
sign07	sign07	CLEAR	a signboard/placard prop, numbered	CLEAR	groupFile/Other	High		"""Sign"" names a recognized real-world prop object with a single stable core reading (matching Door2/Torch3/BoxBig precedent); only the exact placard type is unspecified."	1	28290
silencer	silencer; Silencer	CLEAR	a weapon suppressor/silencer attachment	CLEAR	groupFile/Other	High		recognized prop/weapon/equipment, existing Other precedent	1	9067; 6548
sk_tail03	SK_tail03	CLEAR	"tail, segment 03 (rig-code ""SK"")"	CLEAR	groupFile/Tail	High		tail03 is explicit	1	18573
student.front_1_jiggle	Student.Front_1_jiggle	CLEAR	"a front-positioned jiggle/secondary-motion bone on the ""Student"" character rig"	NEEDS_CONTEXT		High		Front...jiggle names a single stable secondary-motion-physics function; it lacks the specific jiggling object, so taxonomy is NEEDS_CONTEXT.	1	19307
sword_3	sword_3	CLEAR	a sword prop, variant 3	CLEAR	groupFile/Other	High		recognized prop/weapon/equipment, existing Other precedent	1	28854
taurenmale_hd_bone_90	taurenmale_hd_bone_90	OPAQUE	a generic numbered bone in the TaurenMale_HD model/variant series; anatomical region/function unknown	NOT_APPLICABLE		Low	"the numbered suffix carries no anatomical specificity, and ""HD"" is an ungrounded model/variant tag with no confirmed anatomical meaning"	"""TaurenMale_HD"" reads as a model/variant prefix in a long, contiguous, generically-numbered bone series, not an anatomical ""head"" abbreviation without positive evidence; no functional or regional content remains."	1	28942
third_arms_r_1	Third_Arms_R_1	CLEAR	a third (extra) right arm, segment 1 -- implies a multi-armed character	CLEAR	groupFile/Arms	Medium		Every other explicitly-sided arm bone in this pilot routes to plain Arms/Legs, not into a LeftArm/RightArm subpath -- those subpaths are independently verified only for Fingers/Carpals/Toes; an explicit side marker alone does not justify entering them.	1	19731
tie_4	Tie_4	CLEAR	necktie, variant 4	CLEAR	groupFile/Clothing	High		plain clothing accessory	1	19782
tipsmall	tipsmall	CLEAR	"a small ""tip"" of something, object unspecified"	NEEDS_CONTEXT		High		"""Tip"" names a single stable core object reading (an end/extremity point); it lacks an anchoring noun, so taxonomy is NEEDS_CONTEXT."	1	29029
toplid_r3	toplid_R3	CLEAR	top eyelid, right, variant 3	CLEAR	groupFile/Face/Eyes	High		toplid = top eyelid	1	29116
torso pipe b r 1a	torso pipe B R 1a	CLEAR	"a ""pipe"" attached to the torso, right side, variant 1a"	NEEDS_CONTEXT		High		"""Pipe"" names a single stable core object (a tube/conduit); only its exact mechanical purpose and mounting are unresolved."	1	29135
unused dogmeat_eye_r	unused dogmeat_eye_r	CLEAR	"right eye of ""Dogmeat"" (a dog companion character), explicitly marked unused"	CLEAR	groupFile/Useless	High		self-declared unused, Phase 1 Useless precedent	1	29218
unused.050	unused.050	CLEAR	a generic numbered placeholder, explicitly marked unused	CLEAR	groupFile/Useless	High		"Self-declared ""unused"" is positive semantic content and the complete, stable core reading; routes to Useless regardless of anatomical specificity."	1	29386
unusedbone091	unusedbone091	CLEAR	a generic numbered bone, explicitly marked unused	CLEAR	groupFile/Useless	High		"Self-declared ""unused"" is positive semantic content and the complete, stable core reading; routes to Useless regardless of anatomical specificity."	1	29483
upperarm_left	upperarm_left	CLEAR	left upper arm	CLEAR	groupFile/Arms	High		plain anatomical term	1	9314
v_weapon.flashbang_parent	v_weapon.Flashbang_Parent	CLEAR	parent bone of a flashbang grenade prop	CLEAR	groupFile/Other	High		recognized prop/weapon/equipment, existing Other precedent	1	29599
v_weapon.left_middle03	v_weapon.Left_Middle03	CLEAR	weapon view-model hand rig, left middle finger, segment 03	CLEAR	groupFile/Arms/LeftArm/LeftFingers	Medium		"primary owner (""left middle finger"") is reliable; whether this exposed control is a normal posable finger or an internal weapon-viewmodel helper is a control-desirability question, not a taxonomy question, and does not block classification"	1	4110
valvebiped.bip01_l_index03	ValveBiped.Bip01_L_Index03	CLEAR	left index finger, segment 03	CLEAR	groupFile/Arms/LeftArm/LeftFingers	High		standard ValveBiped finger convention	1	20114
valvebiped.bip01_r_ring	ValveBiped.Bip01_R_Ring	CLEAR	right ring finger	CLEAR	groupFile/Arms/RightArm/RightFingers	High		standard ValveBiped finger convention	1	20192
wep_gl_base	WEP_GL_Base	CLEAR	weapon grenade-launcher base component	CLEAR	groupFile/Other	High		recognized prop/weapon/equipment, existing Other precedent	1	6870
wide eye	Wide eye	CLEAR	wide-eye expression	CLEAR	groupFile/Face/Eyes	High		plain eye-expression control	1	20606
wing_left_1_1	Wing_Left_1_1	CLEAR	left wing, chain segment 1-1	CLEAR	groupFile/Wings	High		explicit left wing segment	1	20615
_right_z_up	_right_z_up	OPAQUE	a right-side, Z-axis-up technical/positional code	NOT_APPLICABLE		Low	pure axis notation with no body part named	technical coordinate label, no referent	2	20701
anusopensuitexposedtorn	AnusOpenSuitExposedTorn	CLEAR	anus-open morph, tied to a torn/exposed suit state	CLEAR	groupFile/Body Morphs	Medium		"""AnusOpen"" describes an anatomical open/state morphology of the anus, which is why the primary subject is anatomy rather than Clothing and why this is Body Morphs rather than plain Body; ""SuitExposedTorn"" is context/trigger qualification describing when the state applies, not the classification's basis."	2	9583
apron e2	Apron e2	CLEAR	apron, variant e2	CLEAR	groupFile/Clothing	High		plain garment item	2	9602
arm left wrist ctrl 1	arm left wrist ctrl 1	CLEAR	left wrist control, variant 1	CLEAR	groupFile/Arms	High		explicit wrist control	2	6974
bas.side_right_1_jiggle	BAS.Side_Right_1_jiggle	CLEAR	a right-side jiggle-physics bone, owning object unspecified	NEEDS_CONTEXT		High		Jiggle names a single stable secondary-motion-physics function; the owning object is unspecified, so taxonomy is NEEDS_CONTEXT.	2	9850
bellyin-topclothed	BellyIn-topclothed	CLEAR	stomach-in morph, calibrated for when a top garment is worn	CLEAR	groupFile/Body Morphs	Medium		"""BellyIn"" is the Body-Morph evidence -- an intended stomach-in deformation; ""topclothed"" is a contextual clothing-state qualifier for when the deformation applies, not the classification's basis."	2	10145
belt_19	belt_19	CLEAR	belt, variant 19	CLEAR	groupFile/Clothing	High		plain clothing item	2	21095
bip01_r_thigh011	Bip01_R_Thigh011	CLEAR	right thigh, numbered sub-bone	CLEAR	groupFile/Legs	High		numbered anatomical leg bone, no repair language	2	1557
bip01_spine2_002	Bip01_Spine2_002	CLEAR	spine, numbered sub-bone	CLEAR	groupFile/Body	High		explicit anatomical/biped spine (Bip01/DEF-/bip_/SK_ rig prefixes, no object-owner noun present)	2	1154
bip_bobby_l_finger_globe_2_02	Bip_BOBBY_L_Finger_Globe_2_02	PARTIAL	"left-hand finger area (per-character ""Bobby"" rig), ""globe"" qualifier unclear"	CLEAR	groupFile/Arms/LeftArm/LeftFingers	Medium		"Primary owner (finger) is reliable; the ""globe"" qualifier remains genuinely undecoded, so semantic_status is PARTIAL while taxonomy is CLEAR."	2	10566
bip_l_index_03	bip_l_index_03	CLEAR	left index finger, segment 03	CLEAR	groupFile/Arms/LeftArm/LeftFingers	High		standard finger convention	2	2494
bip_r_hip	bip_r_hip	CLEAR	right hip	CLEAR	groupFile/Body	High		plain anatomical term	2	1351
bip_tail_d_02	bip_tail_d_02	CLEAR	tail, chain segment d-02	CLEAR	groupFile/Tail	High		explicit tail chain	2	22110
bobcut.rear_left_3_jiggle	Bobcut.Rear_Left_3_jiggle	CLEAR	Bobcut hairstyle, rear-left jiggle-physics bone	CLEAR	groupFile/Hair	High		named hairstyle convention	2	10860
body-r-nipple-pull	Body-R-Nipple-Pull	CLEAR	"right nipple ""pull"" morph"	CLEAR	groupFile/Body Morphs	High		explicit body-morph nipple control	2	10952
bone 706	bone 706	OPAQUE	generic numbered bone	NOT_APPLICABLE		Low	no body-part information at all	bare numbered technical bone	2	22301
bone.001_l.002	Bone.001_L.002	OPAQUE	generic numbered bone, left, sub-variant	NOT_APPLICABLE		Low	no body-part information	bare numbered technical bone	2	4341
bone._l	Bone._L	OPAQUE	generic bone, left side, no specific part	NOT_APPLICABLE		Low	bone plus a side letter carries no anatomical specificity	generic bone identifier	2	10990
bone_skin_099	Bone_skin_099	CLEAR	a skin-related deform bone, numbered	NEEDS_CONTEXT		High		"""Skin""-related deform names a single stable function; the body region is unresolved, so taxonomy is NEEDS_CONTEXT."	2	11186
bonehigh02	BoneHigh02	OPAQUE	"a bone positioned ""high"", numbered"	NOT_APPLICABLE		Low	high gives only vague position, no body part named	generic bone + positional adjective, no specific anatomy	2	11142
bottomlid_r2	bottomlid_R2	CLEAR	bottom eyelid, right, variant 2	CLEAR	groupFile/Face/Eyes	High		explicit eyelid control	2	22451
bottomlip3.l	BottomLip3.L	CLEAR	bottom lip, segment 3, left	CLEAR	groupFile/Face/Lower Face	High		explicit lip control	2	11277
bottomlip_r	bottomlip_R	CLEAR	bottom lip, right	CLEAR	groupFile/Face/Lower Face	High		explicit lip control	2	22454
bow left 1h	bow left 1h	PARTIAL	bow accessory, left, variant 1h	NEEDS_CONTEXT		Low	"a bare ""bow"" can be a hair bow, a gift-wrap bow, a bow weapon, or a shoelace/garment bow -- no owner is named"	"Bare ""bow"" spans materially different core readings (decorative bow / archery bow / ship's bow) with no named owner; semantic_status is PARTIAL and taxonomy is NEEDS_CONTEXT."	2	22464
bow right 1a	bow right 1a	PARTIAL	bow accessory, right, variant 1a	NEEDS_CONTEXT		Low	"a bare ""bow"" can be a hair bow, a gift-wrap bow, a bow weapon, or a shoelace/garment bow -- no owner is named"	"Bare ""bow"" spans materially different core readings (decorative bow / archery bow / ship's bow) with no named owner; semantic_status is PARTIAL and taxonomy is NEEDS_CONTEXT."	2	22498
boxa1	BoxA1	CLEAR	a generic box prop/mesh, variant A1	CLEAR	groupFile/Other	High		Names a recognized real-world prop object, matching the Door2/Torch3/BoxBig -> Other precedent.	2	11319
buffyleg	buffyLeg	CLEAR	"a leg (character-named ""Buffy"")"	CLEAR	groupFile/Legs	Medium		leg is the explicit anatomical referent	2	7520
c dlipout	C Dlipout	PARTIAL	"a lip-related control, exact action (""Dlipout"") unclear"	CLEAR	groupFile/Face/Lower Face	Medium		"Primary owner (lip) is reliable; the exact action (""Dlipout"") remains genuinely undecoded, so semantic_status is PARTIAL while taxonomy is CLEAR."	2	4441
canine_lbacklegtoe	Canine_LBackLegToe	CLEAR	Canine creature, left back leg toe	CLEAR	groupFile/Toes/LeftToes	High		toe is the direct human-equivalent word; explicit left marker	2	4488
cape2_right5	CAPE2_RIGHT5	CLEAR	cape, variant 2, right, segment 5	CLEAR	groupFile/Clothing	High		plain clothing item	2	11664
cape_6_r	cape_6_R	CLEAR	cape, variant 6, right	CLEAR	groupFile/Clothing	High		plain clothing item	2	22874
chain_21	chain_21	PARTIAL	a chain of unspecified type/object, numbered	NEEDS_CONTEXT		Low	no owning object stated	"bare ""chain"" + number"	2	7559
condom 4	condom 4	CLEAR	a condom item, variant 4	CLEAR	groupFile/Clothing	Medium		worn item, closest fit is Clothing	2	23231
door2	Door2	CLEAR	a door prop, variant 2	CLEAR	groupFile/Other	High		recognized prop/weapon/equipment, existing Other precedent	2	12706
dummy03	Dummy03	OPAQUE	generic numbered placeholder/dummy object	NOT_APPLICABLE		Low	dummy plus a number carries no anatomical content	generic technical placeholder	2	2984
end/beam/shrink	End/beam/shrink	PARTIAL	three loosely related technical words with no clear combined meaning	NEEDS_CONTEXT		Low	'beam' names a real object and 'shrink' names a real deformation action; the combined referent/ownership is unresolved	"""Beam"" and ""shrink"" each name real content, but the relation between the three tokens does not parse as a coherent combined reading; semantic_status is PARTIAL and taxonomy is NEEDS_CONTEXT."	2	13150
erectnips	ErectNips	CLEAR	erect nipples	CLEAR	groupFile/Body Morphs	High		plain body-morph term	2	13157
f7	F7	OPAQUE	an ambiguous 2-character code	NOT_APPLICABLE		Low	could be a function-key reference, an instrument key, or unrelated	no reliable referent	2	13580
feather 1a	feather 1a	CLEAR	a feather (creature/costume appendage), variant 1a	NEEDS_CONTEXT		High		Appendage referent (a feather) is clear; the owning structure (wing, headdress, or costume) is unresolved, so taxonomy is NEEDS_CONTEXT.	2	24016
feather 2a	feather 2a	CLEAR	a feather (creature/costume appendage), variant 2a	NEEDS_CONTEXT		High		Appendage referent (a feather) is clear; the owning structure (wing, headdress, or costume) is unresolved, so taxonomy is NEEDS_CONTEXT.	2	24018
frily_41.l	Frily_41.L	CLEAR	a frill/decorative trim, numbered 41, left	CLEAR	groupFile/Clothing	Medium		"Frily reads as ""frilly"" clothing decoration"	2	14232
gentle_4	gentle_4	OPAQUE	"a ""gentle"" quality applied to an unspecified object/motion"	NOT_APPLICABLE		Low	no object or body part named	generic adjective with no referent	2	24209
growlowerteeth	growLowerTeeth	CLEAR	lower teeth growing/extending	CLEAR	groupFile/Face/Lower Face	High		explicit teeth-growth morph	2	24249
hat_right_2_jiggle	Hat_Right_2_jiggle	CLEAR	hat, right, jiggle-physics	CLEAR	groupFile/Clothing	High		plain clothing item	2	15229
holster_base	Holster_Base	CLEAR	base component of a weapon holster	CLEAR	groupFile/Clothing	Medium		A holster's primary real-world function is to be worn as body/character equipment; the complete literal does not positively establish it as a component of a weapon/prop assembly, so the worn-equipment default (Clothing) applies.	2	15470
horn2	Horn2; horn2	CLEAR	a horn (creature/appendage), variant 2	CLEAR	groupFile/Other	High		horn, existing Other precedent	2	2156; 2666
houjin 9_1	Houjin 9_1	OPAQUE	"unclear term (""Houjin""), numbered"	NOT_APPLICABLE		Low	not a term I can confidently resolve to an animator-facing meaning	unrecognized word, no anatomical/clothing anchor	2	15493
juriclothes_reference	Juriclothes_reference	CLEAR	"a reference/guide bone for a character's (""Juri"") clothes"	CLEAR	groupFile/Clothing	Medium		"primary owner (""clothes"") is reliable; a ""_reference""/guide-bone naming style is a control-desirability question, not a taxonomy question, and does not block classification"	2	15825
kargathbladefist_bone12	kargathbladefist_Bone12	OPAQUE	"a numbered bone on a specific character's (""Kargath Bladefist"") skeleton, no part named"	NOT_APPLICABLE		Low	bone12 carries no anatomical specificity	bare numbered technical bone despite a named source character	2	8671
key.white_25	Key.White_25	CLEAR	white piano/instrument key, numbered 25	CLEAR	groupFile/Other	High		recognized prop/weapon/equipment, existing Other precedent	2	15958
l bust01 sec root	l bust01 sec root	CLEAR	left bust/breast, segment 01, secondary jiggle-physics root	CLEAR	groupFile/Body	High		A secondary jiggle-physics root/bone, not a shape/size descriptor; per settled doctrine, a root/structural segment routes to Body, not Body Morphs.	2	26335
l_neck_19	l_neck_19	CLEAR	left-side neck, numbered	CLEAR	groupFile/Body	Medium		neck is the explicit anatomical referent	2	26506
l_side_holster_0u_0v	l_side_holster_0u_0v	CLEAR	left-side weapon holster, with a UV-style coordinate suffix	CLEAR	groupFile/Clothing	Medium		A holster's primary real-world function is to be worn as body/character equipment; the complete literal does not positively establish it as a component of a weapon/prop assembly, so the worn-equipment default (Clothing) applies.	2	26529
left index intermediate	Left Index Intermediate	CLEAR	left index finger, intermediate phalanx	CLEAR	groupFile/Arms/LeftArm/LeftFingers	High		standard finger-joint terminology	2	16260
leg back ankle left	leg back ankle left	CLEAR	left ankle, back position	CLEAR	groupFile/Legs	High		explicit leg/ankle control	2	26604
leg left boot tassle 3a	leg left boot tassle 3a	CLEAR	"left leg, boot, tassel accessory, variant 3a (obvious misspelling of ""tassel"")"	CLEAR	groupFile/Clothing	High		boot/tassel are explicit clothing referents	2	26632
leg left stc	leg left StC	PARTIAL	"left leg, unclear ""StC"" qualifier"	CLEAR	groupFile/Legs	Medium		"Primary owner (leg left) is reliable; the ""StC"" qualifier remains genuinely undecoded, so semantic_status is PARTIAL while taxonomy is CLEAR."	2	3964
leg left thigh ctr4	leg left thigh ctr4	CLEAR	left thigh control, variant 4	CLEAR	groupFile/Legs	High		explicit thigh control	2	26664
light 3	Light 3	PARTIAL	"either a light-source prop or a ""light"" degree adjective, variant 3"	NEEDS_CONTEXT		Low	'light' plausibly names a real light-source prop (compare Torch3 -> Other); the adjective reading keeps ownership unresolved	Spans materially different core readings (a physical light-source prop vs. a bare intensity adjective with no object); semantic_status is PARTIAL and taxonomy is NEEDS_CONTEXT.	2	16588
lipupperinner_l	LipUpperInner_L	CLEAR	upper lip, inner, left	CLEAR	groupFile/Face/Lower Face	High		explicit lip control	2	5452
lipur	lipur	CLEAR	"upper lip, right side (compact ""lip""+direction+side shorthand paralleling lipUpper_R1..4 / LipUpperOuter_R / LipUpperInner_R)"	CLEAR	groupFile/Face/Lower Face	Medium		grounded by a coherent parallel two-member shorthand template (lipdl/lipdr vs. lipul/lipur) directly flanking the fully-spelled lipLower_*/lipUpper_* sibling series in the same corpus (Rule 23c); second letter (l/r) matches the established side convention used throughout the surrounding lip series; Master precedent routes upper-lip controls to Face/Lower Face (511/513 exact matches)	2	348
loincloth back 1	loincloth back 1	CLEAR	loincloth, back, variant 1	CLEAR	groupFile/Clothing	High		plain garment item	2	1855
loot_gen_backpack_d_posed_a_mesh	LOOT_GEN_Backpack_D_Posed_A_Mesh	CLEAR	a backpack prop mesh, posed variant	CLEAR	groupFile/Clothing	High		named worn accessory (backpack) ending in _Mesh; worn items follow Clothing's worn-accessories rule	2	16201
lowerarm_roll_left_0	lowerarm_roll_left_0	CLEAR	left forearm roll/twist bone	CLEAR	groupFile/Arms	High		twist/roll arm bone, ordinary deformation articulation	2	8836
magnifier	Magnifier	CLEAR	a magnifying-glass prop	CLEAR	groupFile/Other	High		recognized prop/weapon/equipment, existing Other precedent	2	5487
mainlidsurprised	MainLidSurprised	CLEAR	"main eyelid, ""surprised"" expression"	CLEAR	groupFile/Face/Eyes	High		explicit eyelid-expression control	2	16832
middlewirebulgeup	MiddleWireBulgeUp	PARTIAL	"an upward bulge effect from a ""wire"" support, object unspecified"	NEEDS_CONTEXT		Low	likely a corset/garment wire-support bulge, but the garment isn't named	bulge+wire+direction without a specific garment referent	2	16930
nostrils_pushin	nostrils_pushin	CLEAR	"nostrils, ""push in"" action"	CLEAR	groupFile/Face/Mid Face	High		explicit nostril control	2	27240
object12	Object12	OPAQUE	generic auto-numbered mesh/object name	NOT_APPLICABLE		Low	no descriptive content	DCC placeholder name	2	17293
opt_acs_year_l8	OPT_acs_year_l8	OPAQUE	"opaque OPT_acs_year code, left, index 8; ""acs""/""year"" semantic meaning unresolved"	NOT_APPLICABLE		Low	"neither ""acs"" nor ""year"" resolves to a recognizable object, function, or body part; no grounding exists for either token"	"The ""acs"" abbreviation expansion is merely plausible, not grounded by other content in the literal, a recognized rig/DCC convention, sibling spellings, or corpus evidence."	2	17261
opt_as_r_knee	OPT_AS_R_Knee	CLEAR	right knee	CLEAR	groupFile/Legs	High		knee is the explicit anatomical referent	2	3249
page2_f	Page2_F	CLEAR	"a member of the coherent ""Page<N>_<letter>"" naming series confirmed in the residual corpus (Page1_A..Page1_R, Page2_A..Page2_R, Page3_A..Page3_R, Page4_A..Page4_R, Page5_L/R), variant F; the owning book/document/system is unspecified"	NEEDS_CONTEXT		High	the owning book/document/system for this page series is not established by the complete literal	Confirmed member of a coherent Page<N>_<letter> naming series in the residual corpus, giving it a single stable core reading; the owning object/system is unresolved, so taxonomy is NEEDS_CONTEXT.	2	17439
pelvis_ctrl	pelvis_ctrl	CLEAR	pelvis control	CLEAR	groupFile/Body	High		plain anatomical term	2	27434
piercing.belly_button_pendant_jiggle	Piercing.Belly_Button_Pendant_jiggle	CLEAR	belly-button piercing pendant, jiggle-physics	CLEAR	groupFile/Clothing	High		explicit body-jewelry accessory	2	6200
pincer right mid	Pincer Right Mid	PARTIAL	a pincer/claw-like gripping element (anatomical, mechanical, or weapon-related); exact domain not established by the complete literal	NEEDS_CONTEXT		Low	literal establishes no ownership/context (anatomical, mechanical, or weapon-related); zero existing Master precedent for the word in any direction	Spans materially different core readings (anatomical claw / mechanical gripper / weapon part) with zero existing Master precedent to anchor any one reading; semantic_status is PARTIAL and taxonomy is NEEDS_CONTEXT.	2	17581
polysurface75	polySurface75	OPAQUE	generic auto-numbered mesh	NOT_APPLICABLE		Low	classic DCC-generated placeholder name	no descriptive content	2	27544
pupils-glaresizebig-l	Pupils-GlareSizeBig-L	CLEAR	left pupil, glare-highlight size increase	CLEAR	groupFile/Face/Eyes	High		explicit eye/pupil control	2	17699
r-ass-smack	R-Ass-Smack	CLEAR	"right buttock ""smack""/impact reaction"	CLEAR	groupFile/Body Morphs	High		explicit buttock-impact morph	2	17868
right_chain	Right_chain	PARTIAL	a chain of unspecified type/object, right side	NEEDS_CONTEXT		Low	no owning object stated	"bare ""chain"" + side marker"	2	18343
scrotumright	scrotumRight	CLEAR	right scrotum	CLEAR	groupFile/Body	High		Plain genital anatomical term, no shape/size/state descriptor; per settled doctrine, plain anatomy routes to Body, not Body Morphs.	2	4046
shin thickness	Shin Thickness	CLEAR	shin (lower leg) thickness	CLEAR	groupFile/Body Morphs	High		explicit shape/size descriptor, no posing verb, character's own anatomy	2	6540
show	show	CLEAR	a generic visibility toggle, object unspecified	NEEDS_CONTEXT		High		"""Show"" names a single stable visibility-toggle function; the object being toggled is unresolved, so taxonomy is NEEDS_CONTEXT."	2	28269
sk_l_b_leg_1	SK_L_B_leg_1	CLEAR	left leg, back position, segment 1	CLEAR	groupFile/Legs	Medium		leg is the explicit referent despite the rig-code prefix	2	18542
squish-zx	squish-zx	CLEAR	"a compression/""squish"" effect along a zx axis, object unspecified"	NEEDS_CONTEXT		High		"""Squish"" names a single stable compression-deformation function; the object being deformed is unresolved, so taxonomy is NEEDS_CONTEXT."	2	28762
strap_b.02	Strap_B.02	CLEAR	strap, variant B, .02	NEEDS_CONTEXT		High		Strap is a single stable core object with no named owner; Clothing is not the only plausible destination, so taxonomy is NEEDS_CONTEXT.	2	19282
strap_b.03	Strap_B.03	CLEAR	strap, variant B, .03	NEEDS_CONTEXT		High		Strap is a single stable core object with no named owner; Clothing is not the only plausible destination, so taxonomy is NEEDS_CONTEXT.	2	19283
tasselb	TasselB	CLEAR	tassel accessory, variant B	NEEDS_CONTEXT		High		Tassel is a single stable core object with no named owner; Clothing is not the only plausible destination, so taxonomy is NEEDS_CONTEXT.	2	19616
tongehide	TONGEHIDE	CLEAR	"hide/retract the tongue (obvious misspelling of ""tongue"")"	CLEAR	groupFile/Face/Tongue	Medium		"tonge reads as a plain misspelling of ""tongue"""	2	19488
topmuscles	TopMuscles	CLEAR	upper-body muscle definition	CLEAR	groupFile/Body Morphs	Medium		muscles is the clear morph referent	2	19880
torch3	Torch3	CLEAR	a torch prop, variant 3	CLEAR	groupFile/Other	High		recognized prop/weapon/equipment, existing Other precedent	2	19908
turtleneckhouseofmcleavage	TurtleNeckHouseofMCleavage	PARTIAL	a turtleneck garment interacting with cleavage; middle portion unclear	CLEAR	groupFile/Clothing	Medium		"Primary owner (turtleneck garment, cleavage feature) is reliable; the ""House of M"" middle segment remains genuinely undecoded, so semantic_status is PARTIAL while taxonomy is CLEAR."	2	19942
unused c_i_position	unused C_I_Position	CLEAR	"a self-declared unused control carrying an internal positional code (""C_I_Position"")"	CLEAR	groupFile/Useless	High		"Self-declared ""unused"" is the complete, stable core reading; the internal code (""C_I_Position"") is an unresolved label, not a materially different reading."	2	29169
unused.029	unused.029	CLEAR	generic numbered placeholder, explicitly unused	CLEAR	groupFile/Useless	High		"Self-declared ""unused"" is positive semantic content and the complete, stable core reading; routes to Useless regardless of anatomical specificity."	2	29365
upperjaw2	Upperjaw2	CLEAR	upper jaw, variant 2	CLEAR	groupFile/Face/Lower Face	High		explicit jaw control	2	20023
upperraise eyes right	UpperRaise Eyes Right	CLEAR	right eye(s), upper-eyelid raise	CLEAR	groupFile/Face/Eyes	High		explicit eye/eyelid control	2	20005
valvebiped.bip01_r_forearm_helperbone	ValveBiped.Bip01_R_Forearm_Helperbone	CLEAR	right forearm helper bone	CLEAR	groupFile/Arms	High		helper/EX naming, arm explicitly named, no repair language	2	1313
wakazashi.tassel_front_7	Wakazashi.Tassel_Front_7	CLEAR	tassel on a wakizashi-sword prop, front, segment 7	CLEAR	groupFile/Other	High		recognized prop/weapon/equipment, existing Other precedent	2	20567
wep_bipod_leftleg	WEP_Bipod_LeftLeg	CLEAR	left leg of a weapon's bipod stand	CLEAR	groupFile/Other	High		recognized prop/weapon/equipment, existing Other precedent	2	6838
wep_wick2	WEP_Wick2	CLEAR	"weapon ""wick"" component (e.g. a molotov-style fuse), variant 2"	CLEAR	groupFile/Other	High		recognized prop/weapon/equipment, existing Other precedent	2	20539
whl_2	whL_2	OPAQUE	"unclear abbreviation (""wheel""? initials?), numbered"	NOT_APPLICABLE		Low	does not confidently resolve	"The ""whl"" abbreviation expansion to ""wheel"" is merely plausible, not grounded by a coherent sibling series or other content in the literal."	2	9363
52	52	OPAQUE	bare number, no words at all	NOT_APPLICABLE		Low	no interpretable content	no semantic content	3	9496
arm left arm twist 1	arm left arm twist 1	CLEAR	left arm twist, variant 1	CLEAR	groupFile/Arms	High		twist/roll arm bone, ordinary deformation articulation	3	20751
arm right finger 2	arm right finger 2	CLEAR	right hand, a finger (index by common numbering), segment/joint 2	CLEAR	groupFile/Arms/RightArm/RightFingers	High		explicit right-hand finger control	3	20892
backhair4.001	backhair4.001	CLEAR	back hair, segment 4, sub .001	CLEAR	groupFile/Hair	High		plain hair term	3	6995
band.bend_right_1	Band.Bend_Right_1	CLEAR	a band/strip accessory bending, right, variant 1	NEEDS_CONTEXT		High		Band is a single stable core object with no named owner; Clothing is not the only plausible destination, so taxonomy is NEEDS_CONTEXT.	3	10076
belly inflat	Belly Inflat	CLEAR	"belly inflation (obvious truncation of ""inflate"")"	CLEAR	groupFile/Body Morphs	High		"Inflat reads as truncated ""Inflate"""	3	314
belly-bottomnude	Belly-bottomnude	CLEAR	belly control, bottom region, nude/unclothed state; exact control mechanism/purpose not established	NEEDS_CONTEXT		Medium	available evidence cannot determine whether the exposed control represents a body morphology/state deformation, a clothing/visibility/geometry-state control, or another model-specific presentation mechanism	Belly/bottom/nude gives a clear semantic subject and state, but does not establish control purpose. Same-model provenance cannot be recovered from the scanner dump, and comparable live-Master templates split across Body Morphs and Clothing; therefore taxonomy requires context.	3	10140
bikini boobs upward r	Bikini Boobs Upward R	CLEAR	right breast, upward morph, in the context of a bikini	CLEAR	groupFile/Body Morphs	High		boobs upward is an explicit breast-morph control	3	10247
bip faceforeheadtop l	bip faceforeheadtop l	CLEAR	left forehead, top region	CLEAR	groupFile/Face/Upper Face	High		explicit forehead control	3	21164
bip facetempleloout r	bip facetempleloout r	CLEAR	right temple, lower-out direction	CLEAR	groupFile/Face/Upper Face	High		explicit temple control	3	21183
bip fring00 l	bip fring00 l	CLEAR	"left hair fringe, segment 00 (obvious truncation of ""fringe"")"	CLEAR	groupFile/Hair	Medium		"fring reads as truncated ""fringe"""	3	21202
bip upperarmtwist2 r	bip upperarmtwist2 r	CLEAR	right upper arm twist, variant 2	CLEAR	groupFile/Arms	High		twist/roll arm bone, ordinary deformation articulation	3	21237
bip01_r_forearm009	Bip01_R_Forearm009	CLEAR	right forearm, numbered sub-bone	CLEAR	groupFile/Arms	High		numbered anatomical arm bone, no repair language	3	1130
bip_balls_2_r	Bip_Balls_2_R	CLEAR	right testicle, segment 2	CLEAR	groupFile/Body	High		Plain numbered anatomical segment, no shape/size/state descriptor; per settled doctrine, plain anatomy routes to Body, not Body Morphs.	3	10590
bip_frangehair1_l	bip_frangehair1_L	CLEAR	"left hair fringe (""frange"" reads as a variant spelling of ""fringe""), segment 1"	CLEAR	groupFile/Hair	Medium		"Frange is a plausible spelling variant of ""fringe"""	3	3544
bip_mustache_r	bip_Mustache_R	CLEAR	right moustache section	CLEAR	groupFile/Hair	High		facial hair, matches established moustache-in-Hair convention	3	21426
bip_r_cloth_d_02	bip_r_cloth_d_02	CLEAR	right-side clothing, variant D, segment 02	CLEAR	groupFile/Clothing	High		explicit clothing control	3	21959
bip_spine_0.002	bip_spine_0.002	CLEAR	spine, numbered sub-bone	CLEAR	groupFile/Body	High		explicit anatomical/biped spine (Bip01/DEF-/bip_/SK_ rig prefixes, no object-owner noun present)	3	22083
bip_waist_sub	bip_waist_sub	CLEAR	waist, secondary/sub bone	CLEAR	groupFile/Body	Medium		waist is the explicit anatomical referent	3	22178
bipbrk lthightwist	BipBrk LThighTwist	CLEAR	"left thigh twist bone (per-character ""Brk"" rig)"	CLEAR	groupFile/Legs	High		twist/roll leg bone, ordinary deformation articulation	3	10425
bone 709	bone 709	OPAQUE	generic numbered bone	NOT_APPLICABLE		Low	no body-part information	bare numbered technical bone	3	22304
bone.001.l	Bone.001.L	OPAQUE	generic numbered bone, left	NOT_APPLICABLE		Low	no body-part information	bare numbered technical bone	3	10968
bone036	Bone036	OPAQUE	generic numbered bone	NOT_APPLICABLE		Low	no body-part information	bare numbered technical bone	3	1575
bone041	Bone041	OPAQUE	generic numbered bone	NOT_APPLICABLE		Low	no body-part information	bare numbered technical bone	3	1580
bone093	Bone093	OPAQUE	generic numbered bone	NOT_APPLICABLE		Low	no body-part information	bare numbered technical bone	3	11015
bone_eye_l	Bone_eye_L; Bone_Eye_L	CLEAR	"left eye (generic ""Bone"" prefix does not remove the explicit ""Eye"" referent)"	CLEAR	groupFile/Face/Eyes	High		Eye_L is unambiguous despite the generic prefix	3	4381; 1168
boobjobl+boobjobr	BoobJobL+BoobJobR	CLEAR	breast augmentation/size morph, left+right combined	CLEAR	groupFile/Body Morphs	High		boob job is an unambiguous breast-morph term	3	11191
box06	Box06	CLEAR	generic numbered box prop	CLEAR	groupFile/Other	High		Names a recognized real-world prop object, matching the Door2/Torch3/BoxBig -> Other precedent.	3	11301
brows-r-surprise	Brows-R-Surprise	CLEAR	"right eyebrow, ""surprise"" expression"	CLEAR	groupFile/Face/Upper Face	High		explicit eyebrow-expression control	3	11516
btn.hour	Btn.Hour	CLEAR	the hour-hand button/control of a clock or watch prop	CLEAR	groupFile/Other	High		recognized prop/weapon/equipment, existing Other precedent	3	11529
c facebase b	C FaceBase b	CLEAR	a center face base/root bone, variant b	CLEAR	groupFile/Face	High		"Primary owner (face) is reliable; ""base"" indicates a generic root/anchor bone rather than a specific feature, so the bare Face destination applies, consistent with bare head/skull routing to the general anatomical group."	3	4444
chain_2	chain_2; Chain_2	PARTIAL	a chain of unspecified type/object, numbered	NEEDS_CONTEXT		Low	no owning object stated	"bare ""chain"" + number"	3	7557; 11957
chain_22	chain_22	PARTIAL	a chain of unspecified type/object, numbered	NEEDS_CONTEXT		Low	no owning object stated	"bare ""chain"" + number"	3	7560
chin3.c	chin3.C	CLEAR	chin, segment 3, center	CLEAR	groupFile/Face/Lower Face	High		explicit chin control	3	23008
cord5	Cord5	CLEAR	a cord/rope-like object, variant 5, owning object unspecified	NEEDS_CONTEXT		High		Object type (cord) is known; the owning object is unresolved, so taxonomy is NEEDS_CONTEXT.	3	12327
def-spine.031	DEF-spine.031	CLEAR	spine, numbered deform bone	CLEAR	groupFile/Body	High		explicit anatomical/biped spine (Bip01/DEF-/bip_/SK_ rig prefixes, no object-owner noun present)	3	12607
def-thigh.r.004	DEF-thigh.R.004	CLEAR	right thigh, deform-chain sub-bone 004	CLEAR	groupFile/Legs	Medium		"DEF- prefix is a rig-tool marker; ""thigh.R"" is the real referent"	3	2951
fbx_murasaki_face	fbx_murasaki_face	CLEAR	"a face-related marker for a character (""Murasaki"")"	CLEAR	groupFile/Face	High		Primary owner (face) is reliable even though no specific feature is named; routes to the bare Face destination.	3	24004
fbx_sakura_zero_face_none	fbx_sakura_zero_face_none	CLEAR	"a face-related marker for a character (""Sakura"") in a null/default state"	CLEAR	groupFile/Face	High		"""Face"" is reliable; ""zero_face_none"" raises a control-desirability question, not a taxonomy question, and does not block classification."	3	7778
finger2a	finger2a	CLEAR	a finger (side unspecified), variant 2a	CLEAR	groupFile/Fingers	High		Clear finger referent; no side marker is present, so it routes to the side-neutral Fingers destination.	3	24030
flm-arma-swordb-lr	Flm-ArmA-SwordB-LR	CLEAR	"a sword prop mounted via an arm-attachment system (per-character ""Flm"" rig)"	CLEAR	groupFile/Other	High		recognized prop/weapon/equipment, existing Other precedent	3	14041
flm-armb-leg-rbc	Flm-ArmB-Leg-RBC	PARTIAL	"an arm-to-leg strap/attachment, right side, ""RBC"" suffix unclear"	NEEDS_CONTEXT		Low	"combining ""Arm"" and ""Leg"" is unusual; likely a weapon/gear strap but not certain"	arm+leg referents present but combined oddly, suffix unresolved	3	14114
flowerchoker1.r	FlowerChoker1.R	CLEAR	flower-decorated choker, right, variant 1	CLEAR	groupFile/Clothing	High		explicit clothing accessory	3	14166
frily_root_2.r	Frily_Root_2.R	CLEAR	frilly clothing decoration, root bone, variant 2, right	CLEAR	groupFile/Clothing	Medium		"Frily reads as ""frilly"" clothing decoration"	3	14243
frontflaptopnarrower	FrontFlapTopNarrower	CLEAR	"a front clothing flap, top, ""narrower"" shape morph"	CLEAR	groupFile/Clothing	Medium		flap is the clear clothing-piece referent	3	278
gag_l_02	Gag_L_02	CLEAR	a gag accessory (worn mouth item), left, variant 02	CLEAR	groupFile/Clothing	Medium		gag is a worn accessory item	3	14322
generichuman_c_chinjnt	GenericHuman_C_chinJnt	CLEAR	center chin joint (GenericHuman template rig)	CLEAR	groupFile/Face/Lower Face	High		explicit chin referent despite the template-rig prefix	3	3049
generichuman_r_nostriljnt	GenericHuman_r_nostrilJnt	CLEAR	right nostril joint (GenericHuman template rig)	CLEAR	groupFile/Face/Mid Face	High		explicit nostril referent	3	3072
head chin middle	head chin middle	CLEAR	head, chin, center	CLEAR	groupFile/Face/Lower Face	High		explicit chin control	3	2620
hiji_r__rot_ude_r__z50__offset	hiji_r__rot_ude_r__z50__offset	CLEAR	right elbow rotation offset (Japanese rig terms: hiji=elbow, ude=arm)	CLEAR	groupFile/Arms	Medium		Japanese MMD-style anatomical naming for the right elbow	3	26071
innerlips top left	innerlips top left	CLEAR	inner lips, top, left	CLEAR	groupFile/Face/Lower Face	High		explicit lip control	3	26153
jiggle4	Jiggle4	CLEAR	a jiggle/secondary-motion bone, object unspecified	NEEDS_CONTEXT		High		Jiggle function is clear; no owning object is named, so taxonomy is NEEDS_CONTEXT.	3	15807
key 17	Key 17	CLEAR	"a numbered slot in the space-separated ""Key <N>"" naming series (e.g. ""Key 1 - Shirt"", ""Key 3 - PoneyHair"" elsewhere in the residual corpus) -- likely a keyframe/pose-preset marker, not a piano/keyboard-key prop"	NEEDS_CONTEXT		Low	"the residual corpus shows ""Key 17"" belongs to a distinct, coherent space-separated series (Key 1, Key 2 ... Key 27, several carrying descriptive suffixes like ""- Shirt""/""- EyeLeft""/""- PoneyHair""/""- Reverted"") that reads as keyframe/pose-preset markers -- a DIFFERENT naming template from the period-separated ""Key.<label>"" keyboard-prop series (Key.0-Key.9, Key.A/Key.B, Key.CapsLock, Key.Enter, Key.Colon, Key.Comma, Key.Black_*, Key.White_*) that Key.S/Key.X/Key.9 genuinely belong to; what specific pose/state this un-suffixed ""Key 17"" keys is not established"	"""Key 17"" (space-separated) belongs to a distinct, coherent naming series from Key.Black_3/Key.White_25/Key.S/Key.X/Key.9 (period-separated) -- a separate keyframe/pose-preset series; taxonomy is NEEDS_CONTEXT because the specific pose/state it keys is not established."	3	801
key.9	Key.9	CLEAR	"an unlabeled numbered ""key"" slot"	CLEAR	groupFile/Other	Medium		"""Key.<label>"" matches the Key.Black_3/Key.White_25 sibling family already established -> Other in this same pilot"	3	15848
key.black_3	Key.Black_3	CLEAR	black piano/instrument key, numbered 3	CLEAR	groupFile/Other	High		recognized prop/weapon/equipment, existing Other precedent	3	15873
l sideburn g phy	l sideburn g phy	CLEAR	left sideburn, physics-simulated	CLEAR	groupFile/Hair	High		plain hair term	3	26384
l_outer_lower	l_outer_lower	OPAQUE	left, outer, lower -- positional words only, object unspecified	NOT_APPLICABLE		Low	no object-type word at all	pure positional stack with no referent	3	8714
l_rear_holster_0u_8v	l_rear_holster_0u_8v	CLEAR	left rear weapon holster, with a UV-style coordinate suffix	CLEAR	groupFile/Clothing	Medium		A holster's primary real-world function is to be worn as body/character equipment; the complete literal does not positively establish it as a component of a weapon/prop assembly, so the worn-equipment default (Clothing) applies.	3	26520
left little intermediate	Left Little Intermediate	CLEAR	"left pinky (""little"") finger, intermediate phalanx"	CLEAR	groupFile/Arms/LeftArm/LeftFingers	High		little finger is a standard name for the pinky	3	16264
left_6	left_6	OPAQUE	"bare ""left"" + number, object unspecified"	NOT_APPLICABLE		Low	no object-type word at all	pure side marker with no referent	3	8728
leftlowerleg	LeftLowerLeg	CLEAR	left lower leg	CLEAR	groupFile/Legs	High		plain anatomical term	3	16389
leg right knee_ctr	leg right knee_ctr	CLEAR	right knee control	CLEAR	groupFile/Legs	High		explicit knee control	3	1064
magazine_full	Magazine_full	CLEAR	"a weapon magazine, ""full"" (loaded) state"	CLEAR	groupFile/Other	High		recognized prop/weapon/equipment, existing Other precedent	3	441
microleft	MicroLeft	OPAQUE	"something ""micro""-scale, left side, object unspecified"	NOT_APPLICABLE		Low	micro does not name any body part or object	adjective + side marker with no referent	3	16902
mlid_r_1	MLid_R_1	CLEAR	right eyelid (mid-lid), variant 1	CLEAR	groupFile/Face/Eyes	Medium		lid is the recognizable eyelid referent	3	3201
moustache_l_2	Moustache_L_2	CLEAR	left moustache section, variant 2	CLEAR	groupFile/Hair	High		facial hair, matches established moustache-in-Hair convention	3	16949
necklace rope	necklace rope	CLEAR	a rope-style necklace	CLEAR	groupFile/Clothing	High		explicit clothing accessory	3	27191
nipple up	nipple up	CLEAR	"nipple, ""up"" position/direction"	CLEAR	groupFile/Body Morphs	High		"On this complete literal, ""nipple up"" is best read as an intended nipple appearance/state/position deformation rather than a structural root/segment control. The lack of ordinary skeletal articulation supports that reading, but does not create a general soft-tissue+direction rule."	3	27194
null.002	Null.002	OPAQUE	a generic empty/null transform helper object	NOT_APPLICABLE		Low	null objects carry no semantic content	generic DCC null/empty object	3	5924
object40	Object40	OPAQUE	generic auto-numbered mesh/object name	NOT_APPLICABLE		Low	no descriptive content	DCC placeholder name	3	17320
opt_hand_right_pinky2	OPT_Hand_Right_Pinky2	CLEAR	right hand pinky finger, segment 2	CLEAR	groupFile/Arms/RightArm/RightFingers	High		explicit finger convention	3	3293
pants string ２.r	Pants string ２.R	CLEAR	pants drawstring, variant 2, right	CLEAR	groupFile/Clothing	High		explicit clothing drawstring	3	17504
pelerinecentr_l	PelerineCentr_L	CLEAR	a pelerine (cape/collar garment), center, left	CLEAR	groupFile/Clothing	Medium		Pelerine is a recognized garment term	3	17542
pendant.chain_2	Pendant.Chain_2	CLEAR	a pendant necklace chain, variant 2	CLEAR	groupFile/Clothing	High		explicit jewelry/accessory item	3	6189
r beltc spo	R BeltC Spo	CLEAR	"right belt, variant C, ""spo"" (likely ""spare"")"	CLEAR	groupFile/Clothing	High		explicit clothing belt control	3	17824
r_butt_left	R_Butt_left	CLEAR	"left buttock (an ""R"" rig/character-code prefix, ""Butt_left"" is the referent)"	CLEAR	groupFile/Body	High		Plain anatomical segment (Butt_left), no shape/size/state descriptor; per settled doctrine, plain anatomy routes to Body, not Body Morphs.	3	6307
r_frontpaw	R_FrontPaw	CLEAR	right front paw (creature appendage)	CLEAR	groupFile/Arms	Medium		A whole paw is the limb-end assembly, not an individual digit/finger; Arms/RightArm is not independently verified for direct (non-Fingers) content, so the plain side-marked Arms destination applies, consistent with every other explicitly-sided arm bone in this pilot.	3	18019
rforearmex	RForeArmEX	CLEAR	"right forearm, ""EX"" (extra/helper) variant"	CLEAR	groupFile/Arms	High		helper/EX naming, arm explicitly named, no repair language	3	17923
rightnipple1	RightNipple1	CLEAR	right nipple, variant 1	CLEAR	groupFile/Body	High		Plain numbered anatomical segment, no shape/size/state descriptor; per settled doctrine, plain anatomy routes to Body, not Body Morphs.	3	18300
rightupperlid	RightUpperLid	CLEAR	right upper eyelid	CLEAR	groupFile/Face/Eyes	High		explicit eyelid control	3	18315
ringleft2	RingLeft2	CLEAR	left ring finger, variant 2	CLEAR	groupFile/Arms/LeftArm/LeftFingers	High		explicit finger control	3	821
rough_small_7	rough_small_7	OPAQUE	"two adjectives (""rough"", ""small"") with no object, numbered"	NOT_APPLICABLE		Low	neither word names a body part or object	adjectives with no referent	3	28140
rtoemid02	rToeMid02	CLEAR	right middle toe, segment 02	CLEAR	groupFile/Toes/RightToes	High		explicit toe control	3	27733
shorts non futa shadow	Shorts Non Futa Shadow	PARTIAL	a shading/texture toggle for shorts, specific to a non-futa body variant	CLEAR	groupFile/Clothing	Medium		"Primary owner (shorts) is reliable; whether ""shadow"" means a shading toggle or a distinct geometry variant remains genuinely undecoded, so semantic_status is PARTIAL while taxonomy/destination are unaffected."	3	18815
side_right_7	side_right_7	OPAQUE	a right-side positional marker, object unspecified	NOT_APPLICABLE		Low	no object-type word at all, purely positional	pure position code with no referent	3	9059
taurenmale_hd_bone_78	taurenmale_hd_bone_78	OPAQUE	a generic numbered bone in the TaurenMale_HD model/variant series; anatomical region/function unknown	NOT_APPLICABLE		Low	"the numbered suffix carries no anatomical specificity, and ""HD"" is an ungrounded model/variant tag with no confirmed anatomical meaning"	"""TaurenMale_HD"" reads as a model/variant prefix in a long, contiguous, generically-numbered bone series, not an anatomical ""head"" abbreviation without positive evidence; no functional or regional content remains."	3	28931
tentacletopleft2	TentacleTopLeft2	CLEAR	a tentacle (creature appendage), top-left, variant 2	CLEAR	groupFile/Other	High		tentacle, existing Other precedent (99.7%)	3	19673
top_right	TOP_RIGHT	OPAQUE	"top + ""right"" -- positional words only, object unspecified"	NOT_APPLICABLE		Low	no object-type word at all	pure positional stack with no referent	3	19505
unused b_l_ankle2helper	unused b_l_ankle2helper	CLEAR	left ankle helper bone, explicitly marked unused	CLEAR	groupFile/Useless	High		self-declared unused, Phase 1 Useless precedent	3	29181
unusedbone_3b item_ffx_x-2_rikku_by_xxkammyxx	unusedbone_3B item_FFX_X-2_Rikku_By_xXKammyXx	CLEAR	"a generic unused placeholder bone carrying an embedded creator-credit string (references the character ""Rikku"" from Final Fantasy X-2)"	CLEAR	groupFile/Useless	High		Self-declared unused generic bone; the attached credit text is attribution metadata, not anatomical content. Phase 1 Useless precedent applies regardless of anatomical specificity.	3	29523
unuseddummy	unuseddummy	CLEAR	a generic unused dummy placeholder	CLEAR	groupFile/Useless	High		"Self-declared ""unused"" is positive semantic content and the complete, stable core reading; routes to Useless regardless of anatomical specificity."	3	29529
unusedhandr	unusedhandr	CLEAR	right hand, explicitly marked unused	CLEAR	groupFile/Useless	High		self-declared unused, Phase 1 Useless precedent	3	9296
upperhead	UpperHead	CLEAR	the upper portion of the head	CLEAR	groupFile/Body	High		bare structural head/skull, no named facial feature	3	19990
vag inner2 2	vag inner2 2	CLEAR	vagina, inner, variant 2-2	CLEAR	groupFile/Body	High		Plain numbered anatomical segment, no shape/size/state descriptor; per settled doctrine, plain anatomy routes to Body, not Body Morphs.	3	29629
valvebiped.bip01_l_middle01	ValveBiped.Bip01_L_Middle01	CLEAR	left middle finger, segment 01	CLEAR	groupFile/Arms/LeftArm/LeftFingers	High		standard ValveBiped finger convention	3	6727
valvebiped.bip01_pack3	ValveBiped.Bip01_Pack3	CLEAR	a backpack/pack prop, segment 3	CLEAR	groupFile/Clothing	Medium		worn pack/bag item, consistent with other bag/backpack entries	3	657
valvebiped.bip01_vag_l_2	ValveBiped.Bip01_Vag_L_2	CLEAR	left vagina, segment 2	CLEAR	groupFile/Body	High		Plain numbered anatomical segment, no shape/size/state descriptor; per settled doctrine, plain anatomy routes to Body, not Body Morphs.	3	6763
wep_paddle1_button	WEP_Paddle1_Button	CLEAR	a weapon paddle/release button, variant 1	CLEAR	groupFile/Other	High		recognized prop/weapon/equipment, existing Other precedent	3	6883
wep_shell5	WEP_Shell5	CLEAR	weapon shell casing, variant 5	CLEAR	groupFile/Other	High		recognized prop/weapon/equipment, existing Other precedent	3	20507
wheelback_base	wheelback_base	CLEAR	"base component of a ""wheel back"" mechanical/vehicle prop"	CLEAR	groupFile/Other	High		recognized prop/weapon/equipment, existing Other precedent	3	29684
adjust_knuckle_a_l	adjust_knuckle_A_L	CLEAR	left knuckle adjustment, variant a	CLEAR	groupFile/Arms/LeftArm/LeftFingers	High		knuckle is an explicit finger-joint referent	4	20713
arm left shoulder 2 ctr3	arm left shoulder 2 ctr3	CLEAR	left shoulder control, variant 2, ctr3	CLEAR	groupFile/Arms	High		explicit shoulder control	4	20829
arm right finger 4xx	arm right finger 4xx	CLEAR	"right hand, finger 4 (pinky by common numbering), ""xx"" variant marker"	CLEAR	groupFile/Arms/RightArm/RightFingers	Medium		"finger referent explicit despite the unusual ""xx"" suffix"	4	3433
au18z	AU18Z	OPAQUE	ambiguous alphanumeric code	NOT_APPLICABLE		Low	no recognizable word content	opaque code	4	4181
backhair5.001	backhair5.001	CLEAR	back hair, segment 5	CLEAR	groupFile/Hair	High		plain hair term	4	6996
backlegs	backlegs	CLEAR	back legs (implies a quadruped/non-human creature with more than two legs)	CLEAR	groupFile/Legs	High		bare plural quadruped leg reference is still a Legs control; no side marker, side-neutral destination used	4	21020
ballsdetail4	BallsDetail4	CLEAR	testicle detail morph, variant 4	CLEAR	groupFile/Body Morphs	High		"""Detail"" explicitly describes an appearance/detail morphology of the testicles, which is why Body Morphs applies; plain genital anatomy by itself would only route to Body."	4	10065
beard_r_131	Beard_R_131	CLEAR	right-side beard section, numbered	CLEAR	groupFile/Hair	High		facial hair, consistent with the moustache-in-Hair convention	4	10133
belthat_bone_r_02	beltHat_bone_r_02	PARTIAL	"an unusual combined ""belt hat"" accessory bone, right, variant 02"	CLEAR	groupFile/Clothing	Medium		"both plausible readings of ""belt hat"" (belt or hat) are Clothing items, so the unresolved exact identity does not create a competing destination"	4	7023
bigtoe2_l	bigToe2_l	CLEAR	left big toe, segment 2	CLEAR	groupFile/Toes/LeftToes	High		explicit toe control	4	7031
bip facetemplemiin r	bip facetemplemiin r	PARTIAL	right face temple, positional qualifier unclear	CLEAR	groupFile/Face/Upper Face	Medium	"miin does not resolve to a standard word, but does not block the clear ""temple"" referent"	Temple is explicit despite an unclear trailing qualifier; the trailing qualifier remains genuinely undecoded, so semantic_status is PARTIAL while taxonomy is CLEAR.	4	21185
bip001-pelvis	Bip001-Pelvis	CLEAR	pelvis	CLEAR	groupFile/Body	High		plain anatomical term	4	1958
bip_belt_r_3	bip_belt_R_3	CLEAR	right belt, segment 3	CLEAR	groupFile/Clothing	High		explicit clothing belt control	4	3512
bip_handles_l	bip_handles_l	PARTIAL	"left ""handles"" -- ambiguous between love-handles (waist fat) and a literal grip/handle object"	NEEDS_CONTEXT		Low	handles has two very different plausible readings with nothing to disambiguate	ambiguous between a body-morph slang term and a literal object	4	21726
bip_l_wing	bip_l_wing	CLEAR	left wing	CLEAR	groupFile/Wings	High		"explicit wing referent despite the heterogeneous ""bip_"" prefix"	4	21882
bip_tentacle.011	Bip_Tentacle.011	CLEAR	tentacle (creature appendage), segment 011	CLEAR	groupFile/Other	High		tentacle, existing Other precedent (99.7%)	4	10720
bipod	bipod; Bipod	CLEAR	a weapon bipod (support legs)	CLEAR	groupFile/Other	High		recognized prop/weapon/equipment, existing Other precedent	4	22182; 4322
bobcut.rear_center_3	Bobcut.Rear_Center_3	CLEAR	Bobcut hairstyle, rear-center, variant 3	CLEAR	groupFile/Hair	High		named hairstyle convention	4	10853
bone.001_r.040	Bone.001_R.040	OPAQUE	generic numbered bone, right	NOT_APPLICABLE		Low	no body-part information	bare numbered technical bone	4	10979
bone046	Bone046	OPAQUE	generic numbered bone	NOT_APPLICABLE		Low	no body-part information	bare numbered technical bone	4	1585
bone094	Bone094	OPAQUE	generic numbered bone	NOT_APPLICABLE		Low	no body-part information	bare numbered technical bone	4	11016
book turnpage9	Book TurnPage9	CLEAR	a book prop, page-turning action, variant 9	CLEAR	groupFile/Other	High		recognized prop/weapon/equipment, existing Other precedent	4	11219
canine_tail2	Canine_Tail2	CLEAR	Canine creature tail, segment 2	CLEAR	groupFile/Tail	Medium	the Tail group is already an established non-human-appendage destination, unlike other creature body parts	tail is explicit, and Master already treats Tail as a non-human-appendage home	4	4515
cape1_right51	CAPE1_RIGHT51	CLEAR	cape, variant 1, right, segment 51	CLEAR	groupFile/Clothing	High		plain clothing item	4	11645
cape_10_l	cape_10_L	CLEAR	cape, variant 10, left	CLEAR	groupFile/Clothing	High		plain clothing item	4	22853
ch1	CH1	OPAQUE	ambiguous 2-character-plus-digit code	NOT_APPLICABLE		Low	"could mean ""channel"", ""chapter"", or anything else"	no reliable referent	4	634
cock-head-skinny	cock-head-skinny	CLEAR	"penis head, ""skinny"" shape morph"	CLEAR	groupFile/Body Morphs	High		explicit genital body-morph term	4	23200
cock.shaft_4_skin	Cock.Shaft_4_Skin	CLEAR	penis shaft, segment 4, skin layer	CLEAR	groupFile/Body	High		Plain numbered segment plus a skin-layer designation, no shape/size/state descriptor; per settled doctrine, plain anatomy routes to Body, not Body Morphs.	4	2070
creasetop	CreaseTop	PARTIAL	a skin/cloth crease effect, top position, object unspecified	NEEDS_CONTEXT		Low	crease names a real deformation concept but not which surface it applies to	function word (crease) present, owning surface unclear	4	12437
cup.pivot_left	Cup.Pivot_Left	PARTIAL	"a ""cup"" object's pivot point, left"	NEEDS_CONTEXT		Low	ambiguous between a bra cup (clothing) and a drinking-cup prop	"pivot mechanism is clear, but which kind of ""cup"" is not"	4	12502
dyng w 02	dyng w 02	CLEAR	"a dynamic-bone-physics control, object unspecified (""w"")"	NEEDS_CONTEXT		High		"Dynamic-bone-physics function is clear (""dyng"" is a grounded, coherent naming convention in this corpus); the object/axis label is a generic index, and the owning object is unresolved, so taxonomy is NEEDS_CONTEXT."	4	23641
dyng x 03	dyng x 03	CLEAR	"a dynamic-bone-physics control, object/axis unspecified (""x"")"	NEEDS_CONTEXT		High		"Dynamic-bone-physics function is clear (""dyng"" is a grounded, coherent naming convention in this corpus); the object/axis label is a generic index, and the owning object is unresolved, so taxonomy is NEEDS_CONTEXT."	4	23645
egg.wall_21	Egg.Wall_21	CLEAR	"an ""egg wall"" hard-surface prop segment"	CLEAR	groupFile/Other	High		"""Wall"" names a single stable core hard-surface-geometry reading; the ""egg"" qualifier and exact ownership are unresolved but do not change the core reading or the Other destination."	4	13130
eyecringe.l	EyeCringe.L	CLEAR	"left eye ""cringe"" expression"	CLEAR	groupFile/Face/Eyes	High		explicit eye-expression control	4	4610
eyeleft1	EyeLeft1	CLEAR	left eye, variant 1	CLEAR	groupFile/Face/Eyes	High		plain eye control	4	13251
eyeleft2	EyeLeft2	CLEAR	left eye, variant 2	CLEAR	groupFile/Face/Eyes	High		plain eye control	4	13252
fa_low_lid_right_center	fa_low_lid_right_center	CLEAR	right lower eyelid, center	CLEAR	groupFile/Face/Eyes	High		explicit eyelid control	4	7733
fa_up_lid_right_inner	fa_up_lid_right_inner	CLEAR	right upper eyelid, inner	CLEAR	groupFile/Face/Eyes	High		explicit eyelid control	4	7772
fake_wheel_fl	fake_wheel_fl	CLEAR	"a decorative ""fake wheel"" mechanical prop, front-left"	CLEAR	groupFile/Other	High		recognized prop/weapon/equipment, existing Other precedent	4	23990
feather 2b	feather 2b	CLEAR	a feather (creature/costume appendage), variant 2b	NEEDS_CONTEXT		High		Appendage referent (a feather) is clear; the owning structure (wing, headdress, or costume) is unresolved, so taxonomy is NEEDS_CONTEXT.	4	24019
flm-rig-eye-lb	Flm-Rig-Eye-LB	CLEAR	"left eye, lower-bottom variant (per-character ""Flm"" rig)"	CLEAR	groupFile/Face/Eyes	Medium		Eye-LB is a clear eye referent despite the rig-code prefix	4	14125
foreskin_right	foreskin_right	CLEAR	right foreskin	CLEAR	groupFile/Body	High		Plain genital anatomical term, no shape/size/state descriptor; per settled doctrine, plain anatomy routes to Body, not Body Morphs.	4	24119
fur_gen_bed_single_rich_a_mesh.002	FUR_GEN_Bed_Single_Rich_A_Mesh.002	CLEAR	a bed prop mesh (furniture), variant A	CLEAR	groupFile/Other	High		named furniture prop (bed) ending in _Mesh	4	13599
fur_gen_pillow_sitting_e_mesh	FUR_GEN_Pillow_Sitting_E_mesh	CLEAR	"a ""pillow, sitting pose"" prop mesh, variant E"	CLEAR	groupFile/Other	High		named furniture prop (pillow) ending in _Mesh, consistent with existing Pillow->Other resolution	4	13607
g8	G8	OPAQUE	ambiguous 2-character code	NOT_APPLICABLE		Low	no recognizable word content	opaque code	4	14318
gentle_3	gentle_3	OPAQUE	"a ""gentle"" quality applied to an unspecified object/motion"	NOT_APPLICABLE		Low	no object or body part named	adjective with no referent	4	24208
glass_d3_d	glass_d3_d	PARTIAL	"a ""glass"" object of unclear type, variant d3_d"	NEEDS_CONTEXT		Low	'glass' names a real material/object; which type (drinking glass, window, lens) is unresolved	Spans materially different core readings (drinking glass / window glass / eyeglass lens); semantic_status is PARTIAL and taxonomy is NEEDS_CONTEXT.	4	24224
hand finger right 1a	hand finger right 1a	CLEAR	right hand finger, variant 1a	CLEAR	groupFile/Arms/RightArm/RightFingers	High		explicit finger control	4	25558
head back 1	head back 1	CLEAR	head, back position, variant 1	CLEAR	groupFile/Body	High		bare structural head/skull, no named facial feature	4	25587
head cheeck left 4	head cheeck left 4	CLEAR	"head, cheek (misspelled ""cheeck""), left, variant 4"	CLEAR	groupFile/Face/Mid Face	High		"cheeck is a plain misspelling of ""cheek"""	4	25594
hliddroop	HlidDroop	CLEAR	"a drooping eyelid (likely ""half-lid droop"")"	CLEAR	groupFile/Face/Eyes	Medium	"the leading ""H"" is not fully certain to mean ""half"""	"lid + ""droop"" is a clear eyelid action despite the unclear prefix"	4	15465
jacket.neck_right	Jacket.Neck_Right	CLEAR	jacket, neck area, right	CLEAR	groupFile/Clothing	High		explicit clothing control	4	15651
jiggle05	Jiggle05	CLEAR	a jiggle/secondary-motion bone, object unspecified	NEEDS_CONTEXT		High		Jiggle function is clear; no owning object is named, so taxonomy is NEEDS_CONTEXT.	4	15801
kunai	Kunai	CLEAR	a kunai (throwing-knife weapon prop)	CLEAR	groupFile/Other	High		recognized prop/weapon/equipment, existing Other precedent	4	16061
l dlip b	L Dlip B	PARTIAL	"a lip-related control, left, exact action (""Dlip"") unclear"	CLEAR	groupFile/Face/Lower Face	Medium		"Primary owner (lip) is reliable; the exact action (""Dlip"") remains genuinely undecoded, so semantic_status is PARTIAL while taxonomy is CLEAR."	4	5333
l hip spo	L Hip Spo	CLEAR	"left hip, ""spo"" (likely ""spare"")"	CLEAR	groupFile/Body	High		hip is the explicit anatomical referent	4	16092
l string1 tip sec	l string1 tip sec	CLEAR	a string/cord accessory, left, segment 1, tip, secondary physics bone	NEEDS_CONTEXT		High		String is a single stable core object with no named garment owner; taxonomy is NEEDS_CONTEXT.	4	26386
l_horselink	l_horselink	PARTIAL	"a bilateral model-specific ""horselink"" control, left; exact meaning of ""horselink"" unresolved"	NEEDS_CONTEXT		Low	"the corpus confirms a coherent bilateral naming pair (l_horselink/r_horselink, and bip01_l_horselink/bip01_r_horselink), proving the name is systematic, but this does not decode what ""horselink"" refers to"	"A confirmed bilateral naming pair (l_horselink/r_horselink; bip01_l_horselink/bip01_r_horselink) shows the name is systematic, but the compound ""horselink"" itself does not resolve to a known object, function, or ordinary semantic relation; semantic_status is PARTIAL and taxonomy remains NEEDS_CONTEXT."	4	26497
leg back toes right	leg back toes right	CLEAR	right leg, back toes	CLEAR	groupFile/Toes/RightToes	High		explicit toe control	4	26611
leg left knee twist	leg left knee twist	CLEAR	left knee twist bone	CLEAR	groupFile/Legs	High		twist/roll leg bone, ordinary deformation articulation	4	8749
leg right boot tassle 6b	leg right boot tassle 6b	CLEAR	"right leg, boot, tassel accessory (misspelled ""tassle""), variant 6b"	CLEAR	groupFile/Clothing	High		boot/tassel are explicit clothing referents	4	26706
leg right thigh ctr 3	leg right thigh ctr 3	CLEAR	right thigh control, variant 3	CLEAR	groupFile/Legs	High		explicit thigh control	4	26726
leg right thigh ctrl 3	leg right thigh ctrl 3	CLEAR	right thigh control, variant 3	CLEAR	groupFile/Legs	High		explicit thigh control	4	8767
lipsbottomforward	lipsbottomforward	CLEAR	"lower lips, ""forward""/protrusion"	CLEAR	groupFile/Face/Lower Face	High		explicit lip control	4	26986
lock1	lock1	PARTIAL	a lock, variant 1 -- could mean a hair lock or a mechanical lock	NEEDS_CONTEXT		Low	'lock' names two real, concrete candidate objects (hair lock vs. mechanical lock); which one is unresolved	Spans materially different core readings (hair lock / mechanical lock); semantic_status is PARTIAL and taxonomy is NEEDS_CONTEXT.	4	27013
lower_middle_drop	lower_middle_drop	CLEAR	"a ""drop"" action, lower-middle position, object unspecified"	NEEDS_CONTEXT		High		"""Drop"" names a single stable action function; no owning object is named, so taxonomy is NEEDS_CONTEXT."	4	27032
lowerbottomlips	LowerBottomLips	CLEAR	lower/bottom lips	CLEAR	groupFile/Face/Lower Face	High		"explicit lip control (redundant ""lower""+""bottom"" phrasing)"	4	16737
lowerlidlowerr	LowerLidLowerR	CLEAR	lower eyelid, lower action, right	CLEAR	groupFile/Face/Eyes	High		explicit eyelid control	4	2183
lshoulderj	LShoulderJ	CLEAR	left shoulder joint	CLEAR	groupFile/Arms	High		"J reads as ""Joint""; shoulder is explicit"	4	16207
m_head_2	m_head_2	CLEAR	head, variant 2	CLEAR	groupFile/Body	High		bare structural head/skull, no named facial feature	4	27060
nasolabial	Nasolabial	CLEAR	the nasolabial fold (nose-to-mouth crease)	CLEAR	groupFile/Face/Mid Face	Medium	the fold spans both nose and mouth regions, so Mid vs Lower Face is a close call	recognized anatomical/medical term	4	5895
nostril dilator	Nostril dilator	CLEAR	nostril dilator (widening) control	CLEAR	groupFile/Face/Mid Face	High		explicit nostril anatomical/muscular term	4	17204
object24	Object24	OPAQUE	generic auto-numbered mesh/object name	NOT_APPLICABLE		Low	no descriptive content	DCC placeholder name	4	17304
outereye_l	outerEye_L	CLEAR	left outer eye corner	CLEAR	groupFile/Face/Eyes	High		explicit eye control	4	27269
palmlmizin1	PalmLMizin1	PARTIAL	"left palm area, ""Mizin"" qualifier unclear"	CLEAR	groupFile/Arms/LeftArm/LeftFingers	Medium	"""Mizin"" has zero precedent anywhere else in the live Master and appears in only 4 residual-corpus entries (PalmLMizin, PalmLMizin1, PalmRMizin, PalmRMizin1), all the same family -- it is a genuinely ungrounded qualifier, not a decodable word"	"Fresh live-Master parse confirms ""palm"" is 91.6% (98/107) directly in LeftFingers/RightFingers, structurally distinct from ""carpal""/""metacarpal"" (~100% LeftCarpals/RightCarpals) -- LeftFingers is the precedent-backed destination. semantic_status is PARTIAL because ""Mizin"" remains genuinely undecoded (zero grounding found anywhere in the live Master or the residual corpus)."	4	17470
pb_l_cmy01_bhair_2	pb_L_CMY01_BHair_2	CLEAR	"back hair, left, rig-code ""CMY01"", segment 2"	CLEAR	groupFile/Hair	Medium		BHair = back hair is the clear referent	4	27393
pc_cable_2	pc_cable_2	CLEAR	a computer/PC cable prop, variant 2	CLEAR	groupFile/Other	High		recognized prop/weapon/equipment, existing Other precedent	4	27426
penis root	penis root	CLEAR	penis, root/base position	CLEAR	groupFile/Body	High		"Explicit ""root"" -- plain structural segment, not a shape/size/state descriptor; per settled doctrine, plain anatomy/bone/root/structural segment routes to Body, not Body Morphs."	4	4013
pillow	Pillow	CLEAR	a pillow prop	CLEAR	groupFile/Other	High		recognized prop/weapon/equipment, existing Other precedent	4	17571
position	Position	OPAQUE	"bare word ""Position"", object unspecified"	NOT_APPLICABLE		Low	applies to virtually any object	no anchoring referent	4	2314
protrusion-bottomnude	Protrusion-bottomnude	CLEAR	"a body ""protrusion"" effect, bottom region, nude (no-clothing) state"	CLEAR	groupFile/Body Morphs	High		"""Nude"" rules out a Clothing reading, and ""protrusion"" is a body-shape/deformation term; the exact body part is unresolved but the Body Morphs destination is not in genuine competition."	4	17675
r-titty-pull	R-Titty-Pull	CLEAR	"right breast ""pull"" morph (slang ""titty"" = breast)"	CLEAR	groupFile/Body Morphs	High		unambiguous breast-morph slang term	4	17871
right ring finger 3 grip 2	Right ring finger 3 grip 2	CLEAR	right ring finger, joint 3, grip pose 2	CLEAR	groupFile/Arms/RightArm/RightFingers	High		explicit finger grip control	4	18251
rup	RUp	OPAQUE	"right + ""up"" -- positional words only, object unspecified"	NOT_APPLICABLE		Low	no object-type word at all	pure positional stack with no referent	4	1271
shell.wall_58	Shell.Wall_58	CLEAR	"a ""shell wall"" hard-surface prop segment"	CLEAR	groupFile/Other	High		"""Wall"" names a single stable core hard-surface-geometry reading; the ""shell"" qualifier and exact ownership are unresolved but do not change the core reading or the Other destination."	4	18738
shirt-lift-3	Shirt-Lift-3	CLEAR	"a shirt ""lift"" (riding-up) effect, variant 3"	CLEAR	groupFile/Clothing	High		explicit clothing-fit control	4	18768
stock_pos_00	Stock_Pos_00	CLEAR	weapon stock position, variant 00	CLEAR	groupFile/Other	High		recognized prop/weapon/equipment, existing Other precedent	4	1304
surprisel	SurpriseL	CLEAR	"a ""surprise"" expression, left side, specific facial region unnamed"	CLEAR	groupFile/Face/Expressions	High		Bare emotion/expression state with no specific facial feature named routes to the existing Face/Expressions destination; the specific facial region is unnamed but does not block classification.	4	19444
tailleft2_4	TailLeft2_4	CLEAR	left tail, chain segment 2-4	CLEAR	groupFile/Tail	High		explicit tail chain	4	19543
tears 2 upper	Tears 2 Upper	CLEAR	tears, variant 2, upper	CLEAR	groupFile/Face/Eyes	High		explicit eye/tear control	4	19634
toplid_corner_l	toplid_corner_L	CLEAR	top eyelid corner, left	CLEAR	groupFile/Face/Eyes	High		explicit eyelid control	4	29118
unused duplicate duplicate unused.006	unused duplicate duplicate unused.006	CLEAR	a control explicitly flagged as a duplicate and unused	CLEAR	groupFile/Useless	High		Self-declared duplicate/unused placeholder; Phase 1 Useless precedent applies regardless of anatomical specificity.	4	29225
unusedbone146	unusedbone146	CLEAR	generic numbered bone, explicitly unused	CLEAR	groupFile/Useless	High		"Self-declared ""unused"" is positive semantic content and the complete, stable core reading; routes to Useless regardless of anatomical specificity."	4	29499
valvebiped.bip01_l_ear02	ValveBiped.Bip01_L_Ear02	CLEAR	left ear, segment 02	CLEAR	groupFile/Face/Ears	High		standard ValveBiped ear convention	4	20097
valvebiped.pcube45	ValveBiped.pCube45	OPAQUE	"a generic auto-generated ""pCube"" mesh name"	NOT_APPLICABLE		Low	classic DCC-generated placeholder name	no descriptive content	4	20328
valvebiped.topswitch	ValveBiped.topswitch	CLEAR	"a ""top switch"" toggle mechanism, object/system unspecified"	NEEDS_CONTEXT		High		"""Switch"" names a single stable core toggle-mechanism reading; the object/system it switches is unresolved, so taxonomy is NEEDS_CONTEXT."	4	20343
vwidth	Vwidth	PARTIAL	"a ""width"" morph for an unspecified object abbreviated ""V"""	NEEDS_CONTEXT		Low	V could mean vagina, V-neck, or something else	"width (a real morph term) is clear, the ""V"" object is ambiguous"	4	6835
wakazashi.tassel_front_8	Wakazashi.Tassel_Front_8	CLEAR	tassel on a wakizashi-sword prop, front, segment 8	CLEAR	groupFile/Other	High		recognized prop/weapon/equipment, existing Other precedent	4	20568
wep_backcap	WEP_BackCap	CLEAR	weapon back-cap component	CLEAR	groupFile/Other	High		recognized prop/weapon/equipment, existing Other precedent	4	20424
wep_cylinder_release	WEP_Cylinder_Release	CLEAR	weapon cylinder-release mechanism (e.g. a revolver)	CLEAR	groupFile/Other	High		recognized prop/weapon/equipment, existing Other precedent	4	20448
anusgrip	AnusGrip	CLEAR	"anus ""grip"" morph"	CLEAR	groupFile/Body Morphs	High		"""Grip"" describes an intended soft-tissue state/deformation of the anus (a gripping/clenching state), which is why Body Morphs applies; plain genital anatomy by itself would only route to Body."	5	9577
arm left shoulder 2 adj. 2	arm left shoulder 2 adj. 2	CLEAR	left shoulder adjustment, variant 2	CLEAR	groupFile/Arms	High		explicit shoulder control	5	20823
arm right lower 1	arm right lower 1	CLEAR	right lower arm (forearm), variant 1	CLEAR	groupFile/Arms	High		explicit forearm control	5	6979
arm.left_top	Arm.Left_Top	CLEAR	left arm, top (upper arm) region	CLEAR	groupFile/Arms	High		plain anatomical term	5	9638
armhandsuitraisealtline	ArmHandSuitRaiseAltLine	PARTIAL	an arm/hand pose combined with a suit-raise action, alternate variant	NEEDS_CONTEXT		Low	unclear whether this is primarily a pose (Arms) or a clothing-fit control (Clothing)	multiple referents combine ambiguously	5	4215
bag a 1	bag a 1	CLEAR	a bag accessory, variant a1	CLEAR	groupFile/Clothing	Medium		worn/carried bag accessory	5	21024
beard_1	Beard_1	CLEAR	a beard, variant 1	CLEAR	groupFile/Hair	High		facial hair, consistent with the moustache-in-Hair convention	5	10129
belthat_bone_l_01	beltHat_bone_l_01	PARTIAL	"an unusual combined ""belt hat"" accessory bone, left, variant 01"	CLEAR	groupFile/Clothing	Medium		"both plausible readings of ""belt hat"" (belt or hat) are Clothing items, so the unresolved exact identity does not create a competing destination"	5	7018
bhr43	BhR43	OPAQUE	ambiguous alphanumeric code	NOT_APPLICABLE		Low	no recognizable word content	opaque code	5	10228
bip facelipmiloin	bip facelipmiloin	PARTIAL	"a lip-related control, exact modifier (""miloin"") unclear"	CLEAR	groupFile/Face/Lower Face	Medium		"Primary owner (face/lip) is reliable; the exact modifier (""miloin"") remains genuinely undecoded, so semantic_status is PARTIAL while taxonomy is CLEAR."	5	21170
bip001 r foretwist	Bip001 R ForeTwist	CLEAR	right forearm twist	CLEAR	groupFile/Arms	High		twist/roll arm bone, ordinary deformation articulation	5	10291
bip001-l-clavicle	Bip001-L-Clavicle	CLEAR	left clavicle	CLEAR	groupFile/Arms	High		plain anatomical term	5	1939
bip01_l_forearm007	Bip01_L_Forearm007	CLEAR	left forearm, numbered sub-bone	CLEAR	groupFile/Arms	High		numbered anatomical arm bone, no repair language	5	2842
bip01_l_hand007	Bip01_L_Hand007	CLEAR	left hand, numbered sub-bone	CLEAR	groupFile/Arms	High		numbered anatomical arm bone, no repair language	5	2844
bip01_r_thigh013	Bip01_R_Thigh013	CLEAR	right thigh, numbered sub-bone	CLEAR	groupFile/Legs	High		numbered anatomical leg bone, no repair language	5	4284
bip01_r_upperarm013	Bip01_R_UpperArm013	CLEAR	right upper arm, numbered sub-bone	CLEAR	groupFile/Arms	High		numbered anatomical arm bone, no repair language	5	4288
bip_bobby_l_calftwist	Bip_BOBBY_L_CalfTwist	CLEAR	"left calf twist (per-character ""Bobby"" rig)"	CLEAR	groupFile/Legs	High		twist/roll leg bone, ordinary deformation articulation	5	10561
bip_horn_03	bip_horn_03	CLEAR	a horn (creature/appendage), variant 03	CLEAR	groupFile/Other	High		horn, existing Other precedent	5	21739
bip_leg.006	Bip_leg.006	CLEAR	leg, numbered	CLEAR	groupFile/Legs	High		plain anatomical term	5	10748
bip_lube.001	bip_lube.001	CLEAR	"a ""lube""/wetness effect, segment .001"	CLEAR	groupFile/Other	Medium		Lube/wetness is an effect/material/fluid referent, not structural anatomy and not anatomical shape/deformation morphology; routes to Other, not Body Morphs, on this basis alone.	5	21905
bip_origin	bip_origin	CLEAR	the root/origin transform of the biped skeleton	CLEAR	groupFile/RigBody	High		skeleton root/origin transform, technical rig machinery	5	21921
bip_r_cloth_a_01	bip_r_cloth_a_01	CLEAR	right-side clothing, variant A, segment 01	CLEAR	groupFile/Clothing	High		explicit clothing control	5	7316
bipflm rcalftwist1	BipFlm RCalfTwist1	CLEAR	"right calf twist (per-character ""Flm"" rig), variant 1"	CLEAR	groupFile/Legs	High		twist/roll leg bone, ordinary deformation articulation	5	10495
blinklmid1	BlinkLMid1	CLEAR	left eye blink, mid position, variant 1	CLEAR	groupFile/Face/Eyes	High		explicit blink control	5	10771
bobby_bone_necklace_06	BOBBY_Bone_NeckLace_06	CLEAR	"a necklace (per-character ""Bobby"" rig), segment 06"	CLEAR	groupFile/Clothing	High		"explicit jewelry accessory despite the generic ""Bone"" token"	5	9936
bone 1046	bone 1046	OPAQUE	generic numbered bone	NOT_APPLICABLE		Low	no body-part information	bare numbered technical bone	5	22238
bone forearm01	bone forearm01	CLEAR	forearm, segment 01	CLEAR	groupFile/Arms	High		"forearm is explicit despite the generic ""Bone"" prefix"	5	63
bone-r-upperarm-twist1	Bone-R-UpperArm-Twist1	CLEAR	right upper arm twist, variant 1	CLEAR	groupFile/Arms	High		twist/roll arm bone, ordinary deformation articulation	5	10965
bone009	Bone009	OPAQUE	generic numbered bone	NOT_APPLICABLE		Low	no body-part information	bare numbered technical bone	5	110
bone077	Bone077	OPAQUE	generic numbered bone	NOT_APPLICABLE		Low	no body-part information	bare numbered technical bone	5	10998
bone083	Bone083	OPAQUE	generic numbered bone	NOT_APPLICABLE		Low	no body-part information	bare numbered technical bone	5	11004
bone106	Bone106	OPAQUE	generic numbered bone	NOT_APPLICABLE		Low	no body-part information	bare numbered technical bone	5	11028
bow left 2h	bow left 2h	PARTIAL	bow accessory, left, variant 2h	NEEDS_CONTEXT		Low	"a bare ""bow"" can be a hair bow, a gift-wrap bow, a bow weapon, or a shoelace/garment bow -- no owner is named"	"Bare ""bow"" spans materially different core readings (decorative bow / archery bow / ship's bow) with no named owner; semantic_status is PARTIAL and taxonomy is NEEDS_CONTEXT."	5	22472
bow right 1b	bow right 1b	PARTIAL	bow accessory, right, variant 1b	NEEDS_CONTEXT		Low	"a bare ""bow"" can be a hair bow, a gift-wrap bow, a bow weapon, or a shoelace/garment bow -- no owner is named"	"Bare ""bow"" spans materially different core readings (decorative bow / archery bow / ship's bow) with no named owner; semantic_status is PARTIAL and taxonomy is NEEDS_CONTEXT."	5	22499
box08	Box08	CLEAR	generic numbered box prop	CLEAR	groupFile/Other	High		Names a recognized real-world prop object, matching the Door2/Torch3/BoxBig -> Other precedent.	5	11303
boxbig	BoxBig	CLEAR	a large box prop	CLEAR	groupFile/Other	High		recognized prop/weapon/equipment, existing Other precedent	5	11322
canine_dog_lbrow	Canine_Dog_LBrow	CLEAR	Canine/dog creature, left eyebrow	CLEAR	groupFile/Face/Upper Face	High		brow is a location word, species-neutral	5	11870
cape left 2	cape left 2	CLEAR	cape, left, variant 2	CLEAR	groupFile/Clothing	High		plain clothing item	5	22842
cape right 3	cape right 3	CLEAR	cape, right, variant 3	CLEAR	groupFile/Clothing	High		plain clothing item	5	22847
cockwide	CockWide	CLEAR	"penis ""wide"" shape morph"	CLEAR	groupFile/Body Morphs	High		explicit genital body-morph term	5	2946
crow_3.phalanges3_l	Crow_3.Phalanges3_L	PARTIAL	Crow creature, left phalanges (wing/foot bone), segment 3	NEEDS_CONTEXT		Low	"phalanges occur in both a bird's wing (digit bones) and its foot (toe bones); the literal does not establish which, and the referent's own text already flagged this (""wing/foot bone"")"	Bare phalanges does not, by itself, establish wing ownership over foot ownership -- birds have phalanges in both the wing and the foot; semantic_status is PARTIAL and taxonomy is NEEDS_CONTEXT.	5	12490
crush-26	crush-26	CLEAR	"a ""crush""/compression deformation function, object unspecified, numbered"	NEEDS_CONTEXT		High		"""Crush"" names a single stable compression-deformation function; the object being crushed is unresolved, so taxonomy is NEEDS_CONTEXT."	5	23257
dec_gen_wagon_caravan_a_mesh	DEC_GEN_Wagon_Caravan_A_Mesh	CLEAR	a wagon/caravan decoration prop mesh	CLEAR	groupFile/Other	High		named vehicle/furniture prop (wagon) ending in _Mesh	5	12529
duvetroot	DuvetRoot	CLEAR	root bone of a duvet/blanket prop	CLEAR	groupFile/Other	High		recognized prop/weapon/equipment, existing Other precedent	5	13028
dyng necklace 01	dyng necklace 01	CLEAR	a necklace, dynamic-bone physics, variant 01	CLEAR	groupFile/Clothing	High		explicit jewelry accessory	5	7634
elbowroll l	ELBOWROLL L	CLEAR	left elbow roll (rotation/twist) bone	CLEAR	groupFile/Arms	High		twist/roll arm bone, ordinary deformation articulation	5	13044
ex_2	Ex_2	OPAQUE	"unclear abbreviation (""Ex""), numbered"	NOT_APPLICABLE		Low	could mean extra, example, exclude, or something else	"The ""Ex"" abbreviation expansion is merely plausible, not grounded by other content in the literal, a recognized rig/DCC convention, sibling spellings, or corpus evidence."	5	13167
eye-r-nuetral	Eye-R-Nuetral	CLEAR	"right eye, ""neutral"" pose (obvious misspelling of ""neutral"")"	CLEAR	groupFile/Face/Eyes	High		"nuetral is a plain misspelling of ""neutral"""	5	13227
eyeballs-right	Eyeballs-Right	CLEAR	right eyeball	CLEAR	groupFile/Face/Eyes	High		plain eye control	5	13297
eyeright2	EyeRight2	CLEAR	right eye, variant 2	CLEAR	groupFile/Face/Eyes	High		plain eye control	5	13270
flm-armb-belt-la	Flm-ArmB-Belt-LA	CLEAR	"a belt accessory mounted via an arm-attachment system (per-character ""Flm"" rig), left variant"	CLEAR	groupFile/Clothing	Medium		belt is the clear referent despite the arm-mount rig prefix	5	14080
gag_l_04	Gag_L_04	CLEAR	a gag accessory (worn mouth item), left, variant 04	CLEAR	groupFile/Clothing	Medium		gag is a worn accessory item	5	14324
h3jiggle06	H3Jiggle06	CLEAR	"a jiggle-physics bone, object abbreviated ""H3"", exact object unspecified"	NEEDS_CONTEXT		High		"""Jiggle"" names a single stable secondary-motion-physics function; ""H3"" is a generic index label, and the owning object is unresolved, so taxonomy is NEEDS_CONTEXT."	5	4720
headgear_r.004	Headgear_R.004	CLEAR	headgear (clothing/costume item), right, .004	CLEAR	groupFile/Clothing	High		plain clothing item	5	15412
kargathbladefist_bone42	kargathbladefist_Bone42	OPAQUE	a numbered bone on a specific character's skeleton, no part named	NOT_APPLICABLE		Low	bone42 carries no anatomical specificity	bare numbered technical bone despite a named source character	5	8677
knotmedium2	KnotMedium2	CLEAR	a medium-sized knot, object unspecified	NEEDS_CONTEXT		High		Knot names a single stable core object type; the owning structure is unresolved, so taxonomy is NEEDS_CONTEXT.	5	16047
l leg string tip sec	l leg string tip sec	CLEAR	left leg, string/cord accessory, tip, secondary physics bone	NEEDS_CONTEXT		High		String is a single stable core object; only an anatomical region (leg) is named, not a garment owner, so taxonomy is NEEDS_CONTEXT.	5	26364
l sideburn e phy	l sideburn e phy	CLEAR	left sideburn, physics-simulated	CLEAR	groupFile/Hair	High		plain hair term	5	26382
l_fin_back_b	l_fin_back_b	CLEAR	left fin (creature appendage), back, variant b	CLEAR	groupFile/Other	High		fin, existing Other-majority precedent	5	8703
l_upperarm_00002	l_upperarm_00002	CLEAR	left upper arm, numbered	CLEAR	groupFile/Arms	Medium		upperarm is a plain anatomical referent	5	26543
leg left footb	leg left footb	CLEAR	left foot (leg context), variant b	CLEAR	groupFile/Legs	Medium		"footb reads as ""foot"" + variant suffix"	5	8745
leg_3.middle	leg_3.middle	CLEAR	leg, instance 3, middle segment	CLEAR	groupFile/Legs	High		leg is the explicit anatomical referent	5	26761
lidubberopenl	LidUbberOpenL	CLEAR	"upper eyelid open, left (likely ""Ubber"" is a misspelling of ""Upper"")"	CLEAR	groupFile/Face/Eyes	Medium	"the ""Ubber"" spelling is not certain to mean ""Upper"""	eyelid-open action is clear even allowing for the likely typo	5	2177
midbrows_raise_l	midbrows_raise_l	CLEAR	mid-eyebrows, raise, left	CLEAR	groupFile/Face/Upper Face	High		explicit eyebrow control	5	27086
nostril close right	Nostril Close Right	CLEAR	"right nostril, ""close"" action"	CLEAR	groupFile/Face/Mid Face	High		explicit nostril control	5	17195
object033_009	Object033_009	OPAQUE	generic auto-numbered mesh/object name	NOT_APPLICABLE		Low	no descriptive content	DCC placeholder name	5	6158
opt_acs_year_r8	OPT_acs_year_r8	OPAQUE	"opaque OPT_acs_year code, right, index 8; ""acs""/""year"" semantic meaning unresolved"	NOT_APPLICABLE		Low	"neither ""acs"" nor ""year"" resolves to a recognizable object, function, or body part; no grounding exists for either token"	"The ""acs"" abbreviation expansion is merely plausible, not grounded by other content in the literal, a recognized rig/DCC convention, sibling spellings, or corpus evidence."	5	17262
pale face	Pale Face	PARTIAL	"a ""pale"" skin-tone or sickly expression applied to the face"	NEEDS_CONTEXT		Low	could be a Body Morphs skin-color control or a Face/Expressions sickly look	pale+face referents present, which category (color vs expression) is unclear	5	17464
pantsanalopen	PantsAnalOpen	CLEAR	an anus-open state, in the context of pants	CLEAR	groupFile/Clothing	Medium		"""Pants"" is the primary named object (an opening/cutout feature of the garment); object-specific fit/feature stays with the object (Clothing) per Object-Specific-Purpose-Takes-Precedence."	5	17506
pantspregnant	PantsPregnant	CLEAR	pants adapted for a pregnant body state	CLEAR	groupFile/Clothing	Medium	could also be read as a Body Morphs pregnancy control that references pants	pants is the literal's leading/primary noun	5	17518
pjcmthighfwd57r	pJCMThighFwd57R	CLEAR	a pose-driven joint-corrective morph (JCM) for the right thigh, forward pose at 57 degrees	CLEAR	groupFile/Correctives	High		explicit correct/JCM repair semantics	5	27342
plate 2	Plate 2	PARTIAL	"a ""plate"" object of unclear type (armor plate vs. dinnerware), variant 2"	NEEDS_CONTEXT		Low	'plate' names a real object; which type (armor plate vs. dinnerware) is unresolved	Spans materially different core readings (armor plate / dinnerware / structural plate); semantic_status is PARTIAL and taxonomy is NEEDS_CONTEXT.	5	17617
pussparent.002_l.008	PussParent.002_L.008	CLEAR	"vagina parent/root bone (truncated ""Puss"" = ""Pussy""), left, numbered"	CLEAR	groupFile/Body	High		"Explicit ""parent/root bone"" -- plain structural segment, not a shape/size/state descriptor; per settled doctrine, routes to Body, not Body Morphs."	5	17714
qwn-rig-hole-v1	Qwn-Rig-Hole-V1	PARTIAL	"an unclear ""hole"" feature (per-character ""Qwn"" rig), variant 1"	NEEDS_CONTEXT		Low	hole could mean a genital orifice or a technical mesh gap	referent word present but its exact meaning is ambiguous	5	17794
r_head_3	r_head_3	CLEAR	head, right-side marker, variant 3	CLEAR	groupFile/Body	High		bare structural head/skull, no named facial feature	5	27793
right index finger 1	Right index finger 1	CLEAR	right index finger, segment 1	CLEAR	groupFile/Arms/RightArm/RightFingers	High		explicit finger control	5	18209
right middle finger 3	Right middle finger 3	CLEAR	right middle finger, segment 3	CLEAR	groupFile/Arms/RightArm/RightFingers	High		explicit finger control	5	18237
right thumb 1	Right thumb 1	CLEAR	right thumb, segment 1	CLEAR	groupFile/Arms/RightArm/RightFingers	High		explicit finger control	5	18256
sakotsu_rt_rside_d__offset	sakotsu_rt_rside_d__offset	CLEAR	right clavicle/collarbone offset (Japanese rig term: sakotsu=clavicle)	CLEAR	groupFile/Arms	Medium		Japanese MMD-style anatomical naming for the clavicle	5	28192
sash b 3	Sash B 3	CLEAR	sash accessory, variant b, 3	CLEAR	groupFile/Clothing	High		plain clothing accessory	5	18601
shoulder_bone_correct_l_02	shoulder_bone_correct_l_02	CLEAR	left shoulder corrective bone, variant 02	CLEAR	groupFile/Correctives	High		explicit correct/JCM repair semantics	5	9039
sidelockleft2 jiggle	SideLockLeft2 jiggle	CLEAR	a side lock of hair, left, variant 2, jiggle-physics	CLEAR	groupFile/Hair	High		side lock is a recognized hair-styling term	5	18837
sk_spine_3	SK_spine_3	CLEAR	spine, segment 3	CLEAR	groupFile/Body	High		explicit anatomical/biped spine (Bip01/DEF-/bip_/SK_ rig prefixes, no object-owner noun present)	5	18569
skull_06	skull_06	CLEAR	skull, variant 06	CLEAR	groupFile/Body	High		bare structural head/skull, no named facial feature	5	28695
slutthinplunge	SlutThinPlunge	PARTIAL	"a body/costume preset combining a shape descriptor (""thin"") and a ""plunge"" element"	NEEDS_CONTEXT		Low	same reasoning as slutthinthinnerplunge	shape and clothing-adjacent referents present but overall meaning unclear	5	324
slutthinthinnerplunge	SlutThinThinnerPlunge	PARTIAL	"a body/costume preset combining a shape descriptor (""thin/thinner"") and a ""plunge"" (neckline or pose) element"	NEEDS_CONTEXT		Low	the exact combined control (shape morph vs clothing preset) is not clear	shape and clothing-adjacent referents present but the overall preset meaning is unclear	5	6579
spike_07_m	Spike_07_M	CLEAR	a spike (creature/costume decorative element), variant 07m	NEEDS_CONTEXT		High		"""Spike"" names a single stable core decorative-object reading; the ""m"" is a generic variant label, and the mounting (creature body vs. costume) is unresolved, so taxonomy is NEEDS_CONTEXT."	5	19230
spine upper_r.002	spine upper_R.002	CLEAR	upper spine, right, numbered	CLEAR	groupFile/Body	High		explicit anatomical/biped spine (Bip01/DEF-/bip_/SK_ rig prefixes, no object-owner noun present)	5	28747
squint-right	Squint-Right	CLEAR	right eye squint	CLEAR	groupFile/Face/Eyes	High		explicit eye-expression control	5	604
stick	stick	PARTIAL	"a ""stick"" object of unspecified type"	NEEDS_CONTEXT		Low	'stick' names a real object; which type (prop stick, joystick, drumstick) is unresolved	Spans materially different core readings (a worn hair-stick accessory vs. a handheld prop or joystick); semantic_status is PARTIAL and taxonomy is NEEDS_CONTEXT.	5	28766
strapfrontleftin	StrapFrontLeftIn	CLEAR	a strap, front, left, inward position	NEEDS_CONTEXT		High		Strap is a single stable core object with no named owner; taxonomy is NEEDS_CONTEXT.	5	3347
top-1	top-1	OPAQUE	"bare ""top"" + number, object unspecified"	NOT_APPLICABLE		Low	no object-type word at all	pure positional stack with no referent	5	29105
unused f_c_faceroot	unused f_c_faceroot	CLEAR	face root bone, center, explicitly marked unused	CLEAR	groupFile/Useless	High		self-declared unused, Phase 1 Useless precedent	5	29236
unusedbone022	unusedbone022	CLEAR	generic unused numbered bone	CLEAR	groupFile/Useless	High		"Self-declared ""unused"" is positive semantic content and the complete, stable core reading; routes to Useless regardless of anatomical specificity."	5	29467
v_rr	v_rr	OPAQUE	ambiguous short code	NOT_APPLICABLE		Low	no recognizable word content	opaque code	5	29595
v_weapon.right_index03	v_weapon.Right_Index03	CLEAR	weapon view-model hand rig, right index finger, segment 03	CLEAR	groupFile/Arms/RightArm/RightFingers	Medium		"primary owner (""right index finger"") is reliable; whether this exposed control is a normal posable finger or an internal weapon-viewmodel helper is a control-desirability question, not a taxonomy question, and does not block classification"	5	4125
valvebiped.bip01_l_ring03	ValveBiped.Bip01_L_Ring03	CLEAR	left ring finger, segment 03	CLEAR	groupFile/Arms/LeftArm/LeftFingers	High		standard ValveBiped finger convention	5	20123
valvebiped.bip01_r_forearmtwist1	ValveBiped.Bip01_R_ForearmTwist1	CLEAR	right forearm twist, variant 1	CLEAR	groupFile/Arms	High		twist/roll arm bone, ordinary deformation articulation	5	20181
veil_l_2	VEIL_L_2	CLEAR	veil (headwear/clothing accessory), left, variant 2	CLEAR	groupFile/Clothing	High		plain clothing accessory	5	20044
wep_sight_carry_windage	WEP_Sight_Carry_Windage	CLEAR	weapon scope windage adjustment	CLEAR	groupFile/Other	High		recognized prop/weapon/equipment, existing Other precedent	5	3413
unused spine lower item_ssx h #2	unused spine lower item_SSX H #2	CLEAR	self-declared unused placeholder	CLEAR	groupFile/Useless	High		self-declared unused marker (rule 15)	P01	
wep_paddle2	WEP_Paddle2	CLEAR	weapon/prop paddle item, variant 2	CLEAR	groupFile/Other	High		recognized WEP-prefixed prop, Other precedent	P01	
key.black_11	Key.Black_11	CLEAR	numbered slot in the coherent Key.Black keyboard-prop series	CLEAR	groupFile/Other	High		confirmed coherent Key.Black_N series (rule 23)	P01	
arm left elbow adjust b	arm left elbow adjust b	CLEAR	left elbow adjustment control, variant b	CLEAR	groupFile/Arms	High		ordinary arm elbow adjuster, no corrective purpose stated	P01	
key.black_13	Key.Black_13	CLEAR	numbered slot in the coherent Key.Black keyboard-prop series	CLEAR	groupFile/Other	High		confirmed coherent Key.Black_N series (rule 23)	P01	
unused head neck upper attached_head root ground	unused head neck upper attached_head root ground	CLEAR	self-declared unused placeholder	CLEAR	groupFile/Useless	High		self-declared unused marker (rule 15)	P01	
right arm twist	Right arm twist	CLEAR	right arm twist bone	CLEAR	groupFile/Arms	High		ordinary twist bone, not corrective by itself (rule 3)	P01	
009	009	OPAQUE	bare number, no words at all	NOT_APPLICABLE		Low	a number alone carries no semantic content	no interpretable content	P01	
l_thumb1b_00001	l_thumb1b_00001	CLEAR	left thumb segment 1b	CLEAR	groupFile/Arms/LeftArm/LeftFingers	High		explicit left finger/thumb segment, verified LeftFingers subpath	P01	
bottle4_liquid	bottle4_liquid	CLEAR	bottle prop with liquid effect, variant 4	CLEAR	groupFile/Other	High		recognized handheld/prop item	P01	
front bar 5_2	Front bar 5_2	PARTIAL	"a ""bar"" object, front position, numbered"	NEEDS_CONTEXT		Low	"""bar"" has materially different core readings (mechanical linkage / prop / furniture / weapon part) with no anchor word"	bare ambiguous object noun, no owner	P01	
lshoulderjb	LShoulderJb	CLEAR	"left shoulder control (""Jb"" suffix mechanism unresolved)"	CLEAR	groupFile/Arms	Medium		shoulder is the stable core reading; undecoded suffix does not change destination	P01	
torso pipe b l 1c	torso pipe B L 1c	CLEAR	"torso region rig chain/""pipe"" control, variant B L 1c"	CLEAR	groupFile/Body	Medium	"exact chain/deformation mechanism of ""pipe"" unresolved, but torso anchors the region"	torso-anchored rig control, mechanism unstated	P01	
head hat wardpaper 2	head hat wardpaper 2	CLEAR	hat (worn headwear), unclear pattern/texture qualifier, variant 2	CLEAR	groupFile/Clothing	Medium	"""wardpaper"" does not resolve to a known word"	hat is the clear worn-object referent	P01	
object39	Object39	OPAQUE	generic placeholder object name, no referent	NOT_APPLICABLE		Low	"numbered generic ""Object"" placeholder with no functional/regional word"	no interpretable content	P01	
strings 1	strings 1	PARTIAL	"""strings"", numbered, no anchor"	NEEDS_CONTEXT		Low	materially different core readings: clothing drawstrings / instrument strings / physics jiggle strands / puppet strings	bare ambiguous object noun, no owner	P01	
nipplepoke	NipplePoke	CLEAR	"nipple, ""poke"" state/appearance change"	CLEAR	groupFile/Body Morphs	High		soft tissue with no ordinary skeletal articulation, direction/action word (rule 7, nipple-up precedent)	P01	
mo3l+mo3r	MO3L+MO3R	OPAQUE	"ungrounded ""MO3"" code, left+right combined"	NOT_APPLICABLE		Low	"""MO3"" has no grounding under rule 23 and no other content in the literal"	ungrounded abbreviation, no other content	P01	
valvebiped.joint1	ValveBiped.joint1	OPAQUE	generic numbered joint on a generic rig prefix	NOT_APPLICABLE		Low	"ValveBiped is a generic rig prefix (rule 9); ""joint1"" has no functional/regional word"	generic numbered technical joint	P01	
bip_b_nic_head	bip_B_Nic_Head	CLEAR	head (bip_/B/Nic read as generic prefix and character-name tag)	CLEAR	groupFile/Body	Medium	"""Nic"" not confirmed as a real model/character name"	bare structural head defaults to Body (rule 13); prefix ignored (rule 24)	P01	
adjust_knuckle_c_r	adjust_knuckle_C_R	CLEAR	right finger knuckle adjuster, variant C	CLEAR	groupFile/Arms/RightArm/RightFingers	High		ordinary finger-knuckle anatomy; adjuster naming is not corrective by itself (rule 4)	P01	
bip facelipbumploout r	bip facelipbumploout r	PARTIAL	face/lip region control, right side, outward direction	CLEAR	groupFile/Face/Lower Face	Medium	"""bumploout"" is a genuinely undecoded compound token"	lip-region facial control with an undecoded internal token	P01	
flm-arma-sworda-g	Flm-ArmA-SwordA-G	CLEAR	sword weapon prop, variant A/G	CLEAR	groupFile/Other	High		recognized weapon prop (rule 16)	P01	
lassimpactextrude1	LAssImpactExtrude1	CLEAR	left buttock impact/extrude deformation, variant 1	CLEAR	groupFile/Body Morphs	High		soft tissue impact/extrude state change, matches R-Ass-Smack precedent	P01	
shoulder wraps shadow	shoulder wraps SHADOW	CLEAR	"shoulder wrap garment, ""shadow"" qualifier (likely proxy/texture variant)"	CLEAR	groupFile/Clothing	Medium		worn shoulder-wrap accessory	P01	
wall door a	WALL DOOR A	CLEAR	a door, variant A	CLEAR	groupFile/Other	High		recognized environment/furniture prop (rule 16)	P01	
rhumb0	rhumb0	OPAQUE	unclear term, numbered 0	NOT_APPLICABLE		Low	"""rhumb"" has no grounding in this context and no other content"	ungrounded term, no other content	P01	
arm right shoulder adjuster	Arm Right Shoulder Adjuster	CLEAR	right shoulder adjustment control	CLEAR	groupFile/Arms	High		ordinary shoulder adjuster, not corrective by itself (rule 4)	P01	
fa_temple_right	fa_temple_right	CLEAR	temple (head/face region), right side	CLEAR	groupFile/Face/Upper Face	Medium		"temple is an upper-face/forehead-adjacent region; ""fa_"" read as generic face prefix"	P01	
vaginagapeheight	VaginaGapeHeight	CLEAR	vaginal gape opening height/state	CLEAR	groupFile/Body Morphs	High		genital soft-tissue opening/state deformation	P01	
x_shift_6	x_shift_6	CLEAR	a positional shift along the X axis, variant 6 (object unstated)	NEEDS_CONTEXT		Low		generic shift function is clear; owning object is not named	P01	
bipqwn r finger4	BipQwn R Finger4	CLEAR	"right finger 4 (""Qwn"" read as character/model prefix)"	CLEAR	groupFile/Arms/RightArm/RightFingers	High		explicit right finger digit; prefix ignored (rule 24)	P01	
bip_pigtail_l_3	bip_pigtail_L_3	CLEAR	pigtail hair, left, segment 3	CLEAR	groupFile/Hair	High		ordinary hair control	P01	
key.black_18	Key.Black_18	CLEAR	numbered slot in the coherent Key.Black keyboard-prop series	CLEAR	groupFile/Other	High		confirmed coherent Key.Black_N series (rule 23)	P01	
helper.skin.r_quad	Helper.Skin.R_Quad	CLEAR	right quadriceps (thigh) skin/deformation helper	CLEAR	groupFile/Legs	Medium		"ordinary leg-muscle structural helper; ""helper""/""skin"" alone do not establish Correctives (rules 4-5)"	P01	
urethrasidepushright	UrethraSidePushRight	CLEAR	urethra region, side push, right	CLEAR	groupFile/Body Morphs	High		genital soft-tissue push/state deformation	P01	
rachel head nostril right 1	Rachel head nostril right 1	CLEAR	"nostril, right side, segment 1 (""Rachel"" character-name prefix)"	CLEAR	groupFile/Face/Mid Face	High		nostril is a mid-face feature; character-name prefix ignored (rule 24)	P01	
chain_20	chain_20	PARTIAL	"bare ""chain"", numbered, no anchor"	NEEDS_CONTEXT		Low	materially different core readings: jewelry chain / physics-sim chain / mechanical chain (rule 22 explicit example)	bare ambiguous object noun, no owner	P01	
leg left ankle ctr	leg left ankle ctr	CLEAR	left ankle control point	CLEAR	groupFile/Legs	High		ordinary ankle anatomy	P01	
valvebiped.bip01_r_middle04	ValveBiped.Bip01_R_Middle04	CLEAR	right middle finger, segment 4	CLEAR	groupFile/Arms/RightArm/RightFingers	High		explicit right finger segment, verified RightFingers subpath	P01	
finger_ring_left_1	finger_ring_left_1	CLEAR	left ring finger, segment 1	CLEAR	groupFile/Arms/LeftArm/LeftFingers	High		explicit left finger, verified LeftFingers subpath	P01	
mila head eyeball left	Mila head eyeball left	CLEAR	"left eyeball (""Mila"" character-name prefix)"	CLEAR	groupFile/Face/Eyes	High		eye anatomy; character-name prefix ignored (rule 24)	P01	
cloth middle 3	cloth middle 3	CLEAR	generic cloth control, middle region, variant 3	CLEAR	groupFile/Clothing	High		generic cloth control, no garment type needed for CLEAR (rule 22)	P01	
unused f_r_temple	unused f_r_temple	CLEAR	self-declared unused placeholder	CLEAR	groupFile/Useless	High		self-declared unused marker (rule 15)	P01	
bow right 1f	bow right 1f	PARTIAL	"a ""bow"", right side, numbered"	NEEDS_CONTEXT		Low	materially different core readings: decorative bow / archery bow / other (rule 22 explicit example)	bare ambiguous object noun, no owner	P01	
jiggle.tassle_back_1	Jiggle.Tassle_Back_1	CLEAR	tassel accessory, back position, jiggle-physics, variant 1	NEEDS_CONTEXT		Medium		tassel names its theme, not its mount/owner (rule 25)	P01	
frily_00.r	Frily_00.R	CLEAR	frill/ruffle clothing decoration, right, numbered	CLEAR	groupFile/Clothing	Medium	"""Frily"" read as ""Frilly"""	decorative garment trim	P01	
key.white_35	Key.White_35	CLEAR	numbered slot in the coherent Key.White keyboard-prop series	CLEAR	groupFile/Other	High		confirmed coherent Key.White_N series (rule 23)	P01	
arm left finger 2xx	arm left finger 2xx	CLEAR	"left finger, digit 2 (odd ""xx"" suffix unresolved)"	CLEAR	groupFile/Arms/LeftArm/LeftFingers	Medium	"""xx"" suffix does not resolve to a known qualifier"	explicit left finger digit, verified LeftFingers subpath	P01	
leg right thigh twist upper 2	leg right thigh twist upper 2	CLEAR	right thigh twist bone, upper, segment 2	CLEAR	groupFile/Legs	High		ordinary twist bone, not corrective by itself (rule 3)	P01	
bone10	Bone10	OPAQUE	generic numbered bone, no functional/regional word	NOT_APPLICABLE		Low		generic numbered technical bone	P01	
handcrystaltilt	HandCrystalTilt	CLEAR	a hand-attached crystal prop being tilted	CLEAR	groupFile/Other	Medium		recognized handheld/attached prop item, hand-childed convention	P01	
bip_cape_2_r	bip_Cape_2_R	CLEAR	cape garment, right, variant 2	CLEAR	groupFile/Clothing	High		worn garment	P01	
pantiespullanus	PantiesPullAnus	CLEAR	panties garment feature accommodating the anus region	CLEAR	groupFile/Clothing	Medium		garment named first, anatomical word describes the garment's feature (rule 8, PantsAnalOpen precedent)	P01	
bip_l_cloth_a	bip_l_cloth_a	CLEAR	generic cloth control, left, variant a	CLEAR	groupFile/Clothing	High		generic cloth control	P01	
moustache_l_22	Moustache_L_22	CLEAR	moustache facial hair, left, segment 22	CLEAR	groupFile/Hair	High		facial hair control	P01	
eyes-full-squint	Eyes-Full-Squint	CLEAR	full eye squint expression	CLEAR	groupFile/Face/Eyes	High		ordinary eye expression	P01	
bip_l_ear1	bip_l_ear1	CLEAR	left ear, segment 1	CLEAR	groupFile/Face/Ears	High		ordinary ear anatomy	P01	
tarsalright	TarsalRight	CLEAR	tarsal (ankle/hindfoot bone), right	CLEAR	groupFile/Legs	Medium		ordinary ankle-region skeletal anatomy	P01	
leg left buttock	leg left buttock	CLEAR	left buttock (structural anatomy)	CLEAR	groupFile/Body	Medium		plain structural anatomy, no shape/state word (rule 6)	P01	
bone hand	bone hand	CLEAR	generic hand bone	CLEAR	groupFile/Arms	Medium		ordinary hand-structure anatomy, not a specific digit	P01	
bip01_l_clavicle011	Bip01_L_Clavicle011	CLEAR	left clavicle, numbered sub-bone 011	CLEAR	groupFile/Arms	High		clavicle/shoulder-girdle anatomy, matches bip_collar precedent	P01	
r_finger3a_00004	r_finger3a_00004	CLEAR	right finger, digit 3, variant a, numbered	CLEAR	groupFile/Arms/RightArm/RightFingers	High		explicit right finger digit, verified RightFingers subpath	P01	
rc1	RC1	OPAQUE	ungrounded two-letter code plus number	NOT_APPLICABLE		Low		ungrounded abbreviation, no other content	P01	
microphone_3	Microphone_3	CLEAR	microphone prop, variant 3	CLEAR	groupFile/Other	High		recognized handheld prop	P01	
tail_mid_c	tail_mid_c	CLEAR	tail, middle segment, variant c	CLEAR	groupFile/Tail	High		ordinary tail anatomy	P01	
shellbase	ShellBase	PARTIAL	"a ""shell"" object, base/root attachment"	NEEDS_CONTEXT		Low	materially different core readings: armor shell / ammunition shell / decorative shell / creature shell	bare ambiguous object noun, no owner	P01	
muscular legs	Muscular Legs	CLEAR	muscular leg appearance/definition	CLEAR	groupFile/Body Morphs	High		explicit appearance/state descriptor on the body, matches TopMuscles precedent	P01	
crow_2.phalanges2_r	Crow_2.Phalanges2_R	CLEAR	"phalanges (finger/toe bones), right, segment 2 (""Crow_2"" model prefix)"	NEEDS_CONTEXT		Medium	bare phalanges does not establish wing vs. foot ownership on a bird model (rule 18)	phalanges ambiguous between wing and foot on a bird	P01	
wep_fireselect_left	WEP_FireSelect_Left	CLEAR	weapon fire-select control, left	CLEAR	groupFile/Other	High		recognized weapon part	P01	
bobcut.rear_right_3_jiggle	Bobcut.Rear_Right_3_jiggle	CLEAR	bob-cut hairstyle, rear right, segment 3, jiggle physics	CLEAR	groupFile/Hair	High		named hairstyle control	P01	
wep_magazine1	WEP_Magazine1	CLEAR	weapon magazine, variant 1	CLEAR	groupFile/Other	High		recognized weapon part	P01	
frigate	frigate	CLEAR	a frigate (ship)	CLEAR	groupFile/Other	High		recognized vehicle/environment object (rule 16)	P01	
arm right elbow ctr1	arm right elbow ctr1	CLEAR	right elbow control point, variant 1	CLEAR	groupFile/Arms	High		ordinary elbow anatomy	P01	
pplane3	pPlane3	OPAQUE	generic default polygon-plane placeholder name, numbered	NOT_APPLICABLE		Low		generic DCC-default geometry placeholder, no functional/regional word	P01	
cloth_side_a_2_l	cloth_side_A_2_L	CLEAR	generic cloth control, side A, segment 2, left	CLEAR	groupFile/Clothing	High		generic cloth control	P01	
leg fix side 90 l	Leg Fix Side 90 L	CLEAR	leg pose-correction fix, side, 90-degree reference, left	CLEAR	groupFile/Correctives	High		"explicit ""fix"" purpose word with angle-driven correction pattern (rule 5)"	P01	
bip01_l_hand009	Bip01_L_Hand009	CLEAR	left hand, numbered sub-bone 009	CLEAR	groupFile/Arms	High		ordinary hand-structure anatomy	P01	
l_front_holster_0u_15v	l_front_holster_0u_15v	CLEAR	holster, left, front position	CLEAR	groupFile/Clothing	High		worn-equipment holster default (rule 16)	P01	
14	14	OPAQUE	bare number, no words at all	NOT_APPLICABLE		Low	a number alone carries no semantic content	no interpretable content	P01	
lkakato01n	LKakato01N	CLEAR	"left heel control, numbered (""Kakato"" read as Japanese for ""heel"")"	CLEAR	groupFile/Legs	Medium	"""Kakato"" read as a genuine Japanese word, not corroborated by corpus grounding beyond the word itself"	foreign-language anatomical term, not an abbreviation guess	P01	
bipmar r finger1	BipMar R Finger1	CLEAR	"right finger 1 (thumb) (""Mar"" read as character/model prefix)"	CLEAR	groupFile/Arms/RightArm/RightFingers	High		explicit right finger digit; prefix ignored (rule 24)	P01	
dummy06	Dummy06	OPAQUE	"generic ""dummy"" placeholder, numbered"	NOT_APPLICABLE		Low		generic technical placeholder, no functional/regional word	P01	
detremote	detremote	OPAQUE	unclear fused compound, no confirmed decomposition	NOT_APPLICABLE		Low	"a plausible ""detonator remote"" reading is not grounded enough to assert"	ungrounded fused compound	P01	
wep_foregrip_nojiggle_child3	WEP_Foregrip_NoJiggle_Child3	CLEAR	weapon foregrip part, no-jiggle variant, child 3	CLEAR	groupFile/Other	High		recognized weapon part	P01	
rebootface	RebootFace	CLEAR	face reset/default-pose control	CLEAR	groupFile/Face/Expressions	Medium		whole-face state control	P01	
leftmasseter	LeftMasseter	CLEAR	masseter (jaw muscle), left	CLEAR	groupFile/Face/Lower Face	High		jaw-region facial anatomy	P01	
labiaspread	LabiaSpread	CLEAR	labia spread (opening/state deformation)	CLEAR	groupFile/Body Morphs	High		genital soft-tissue state deformation	P01	
arm right finger knuckle ring	arm right finger knuckle ring	CLEAR	right ring-finger knuckle	CLEAR	groupFile/Arms/RightArm/RightFingers	High		explicit right finger knuckle, verified RightFingers subpath	P01	
body-r-pussy-rub	Body-R-Pussy-Rub	CLEAR	genital soft-tissue rub interaction, right	CLEAR	groupFile/Body Morphs	High		genital soft-tissue state/interaction deformation	P01	
root ground.001	root ground.001	CLEAR	whole-body root/ground reference transform	CLEAR	groupFile/RigBody	High		skeleton root/ground reference, matches bip_origin precedent	P01	
longear_bone_l_02	longear_bone_l_02	CLEAR	long-ear (creature) bone, left, segment 02	CLEAR	groupFile/Face/Ears	High		species-neutral ear anatomy (rule 18)	P01	
strings 5	strings 5	PARTIAL	"""strings"", numbered, no anchor"	NEEDS_CONTEXT		Low	materially different core readings: clothing drawstrings / instrument strings / physics jiggle strands / puppet strings	bare ambiguous object noun, no owner	P01	
object033_003	Object033_003	OPAQUE	generic placeholder object name, no referent	NOT_APPLICABLE		Low		numbered generic placeholder	P01	
lipnasolabialcrease_r	LipNasolabialCrease_R	CLEAR	nasolabial crease (facial wrinkle), right	CLEAR	groupFile/Face/Mid Face	High		mid-face anatomical feature	P01	
hips clip adjust	hips clip adjust	CLEAR	hip clipping-correction adjuster	CLEAR	groupFile/Correctives	Medium		explicit clipping-correction purpose (rule 5/section 6 doctrine)	P01	
hose_12	Hose_12	PARTIAL	"a ""hose"", numbered, no anchor"	NEEDS_CONTEXT		Low	materially different core readings: hosiery/legwear garment / physical hose or tube prop	bare ambiguous object noun, no owner	P01	
bip_cloth_a_02	bip_cloth_a_02	CLEAR	generic cloth control, variant a, segment 02	CLEAR	groupFile/Clothing	High		generic cloth control	P01	
footright	FootRight	CLEAR	right foot	CLEAR	groupFile/Legs	High		ordinary foot anatomy, no separate Feet group exists	P01	
cord12	Cord12	PARTIAL	"a ""cord"", numbered, no anchor"	NEEDS_CONTEXT		Low	materially different core readings: decorative cord accessory / mechanical or electrical cord / physics rope	bare ambiguous object noun, no owner	P01	
doodad.bell_root_left	Doodad.Bell_Root_Left	CLEAR	a bell decoration, root, left	CLEAR	groupFile/Clothing	High		"bare ""bell"" decoration routes to Clothing by strong Master precedent (27/27)"	P02	
bone116	Bone116	OPAQUE	generic numbered bone, no functional/regional word	NOT_APPLICABLE		Low		generic numbered technical bone	P02	
byoung	Byoung	OPAQUE	unclear term, no grounding	NOT_APPLICABLE		Low		ungrounded term, no other content	P02	
r3rdna	R3rdNa	OPAQUE	unclear fused compound, no confirmed decomposition	NOT_APPLICABLE		Low	"a ""right 3rd [something]"" reading is not grounded enough to assert"	ungrounded fused compound	P02	
eye closed	Eye closed	CLEAR	closed-eye expression	CLEAR	groupFile/Face/Eyes	High		ordinary eye expression	P02	
rring0	rRing0	CLEAR	right ring finger, segment 0	CLEAR	groupFile/Arms/RightArm/RightFingers	High		explicit right finger digit, verified RightFingers subpath	P02	
bip_back_cloth_a_02	bip_back_cloth_a_02	CLEAR	generic cloth control, back, variant a, segment 02	CLEAR	groupFile/Clothing	High		generic cloth control	P02	
wep_boxmagazine_bullet3	WEP_BoxMagazine_Bullet3	CLEAR	weapon box-magazine bullet part, variant 3	CLEAR	groupFile/Other	High		recognized weapon part	P02	
rope_holster	rope_holster	CLEAR	a rope-style holster	CLEAR	groupFile/Clothing	High		worn-equipment holster default (rule 16)	P02	
cc_butt.l	cc_Butt.l	CLEAR	buttock (structural anatomy), left	CLEAR	groupFile/Body	Medium		plain structural anatomy, no shape/state word (rule 6)	P02	
shorthair_bone_05	shortHair_bone_05	CLEAR	short-hair bone, segment 05	CLEAR	groupFile/Hair	High		ordinary hair control	P02	
dyng d 01	dyng d 01	CLEAR	dyng (jiggle-physics) control, variant d, 01	NEEDS_CONTEXT		Medium	"""dyng"" is a grounded jiggle-physics naming convention (rule 23), but no owning object is named"	function grounded, owning object not stated	P02	
d_bicepsmucle_r	D_bicepsMucle_R	CLEAR	biceps muscle (right)	CLEAR	groupFile/Arms	High	"""Mucle"" read as ""Muscle"""	ordinary arm-muscle structural anatomy	P02	
l_fin_front_a	l_fin_front_a	CLEAR	fin, left, front, variant a	CLEAR	groupFile/Other	High		"species-neutral ""fin"" anatomy; bare ""fin"" routes to Other by strong Master precedent (68/68)"	P02	
bullet earring 3	bullet earring 3	CLEAR	bullet-shaped earring, variant 3	CLEAR	groupFile/Clothing	High		worn jewelry accessory	P02	
watch_face_helper	watch_face_helper	CLEAR	wristwatch face control	CLEAR	groupFile/Clothing	Medium		"worn accessory; ""helper"" does not affect destination (rule 4)"	P02	
gag_l_01	Gag_L_01	CLEAR	a mouth-gag restraint object, left, variant 01	CLEAR	groupFile/Clothing	Medium		worn/equipped restraint accessory	P02	
c ulipout	C Ulipout	CLEAR	center upper lip, outward direction	CLEAR	groupFile/Face/Lower Face	Medium		"lip is spelled out in full; ""U""=upper and ""C""=center read from the surrounding lip-series convention"	P02	
phalangesleft	PhalangesLeft	PARTIAL	phalanges (finger or toe bones), left, no further qualifier	NEEDS_CONTEXT		Low	ambiguous between finger phalanges and toe phalanges with no hand/foot qualifier present	body-part word with no established referent between two competing readings	P02	
c ujacketa b phy	C uJacketA b Phy	CLEAR	center upper jacket, variant A/b, physics-simulated	CLEAR	groupFile/Clothing	High		matches the established L/R/C ...A/B/C a Phy clothing physics-sim naming pattern	P02	
wep_boltcharger_2	WEP_BoltCharger_2	CLEAR	weapon bolt-charger part, variant 2	CLEAR	groupFile/Other	High		recognized weapon part	P02	
bikini nipple movement r	Bikini Nipple Movement R	CLEAR	nipple movement, right, in the context of a bikini	CLEAR	groupFile/Body Morphs	High		soft-tissue movement/state control; bikini is only the triggering context (rule 8)	P02	
lid_2	lid_2	PARTIAL	"a ""lid"", numbered, no anchor"	NEEDS_CONTEXT		Low	materially different core readings: eyelid / container-lid prop	bare ambiguous object noun, no owner	P02	
opt_acs_earringl5	OPT_acs_earringl5	CLEAR	earring, left, index 5	CLEAR	groupFile/Clothing	High		"""earring"" is explicit content in the literal grounding the referent regardless of the ""acs"" prefix"	P02	
valvebiped.bip01_r_testicle01	ValveBiped.Bip01_R_Testicle01	CLEAR	testicle (structural anatomy), right, numbered	CLEAR	groupFile/Body	High		plain structural genital anatomy, matches Cock.Shaft_4_Skin precedent	P02	
bip thightwistbottom r	bip thightwistbottom r	CLEAR	right thigh twist bone, bottom	CLEAR	groupFile/Legs	High		ordinary twist bone, not corrective by itself (rule 3)	P02	
thumb_left_2	thumb_left_2	CLEAR	left thumb, segment 2	CLEAR	groupFile/Arms/LeftArm/LeftFingers	High		explicit left finger digit, verified LeftFingers subpath	P02	
left_small_labia4	Left_Small_Labia4	CLEAR	"labia, left, ""small"" size, variant 4"	CLEAR	groupFile/Body Morphs	High		explicit size descriptor on genital soft tissue (rule 7)	P02	
loincloth_front_4	Loincloth_front_4	CLEAR	loincloth garment, front, variant 4	CLEAR	groupFile/Clothing	High		worn garment	P02	
eye-l-furrow	Eye-L-Furrow	CLEAR	eye-region furrow (brow/eye wrinkle), left	CLEAR	groupFile/Face/Eyes	High		ordinary eye-region expression control	P02	
hatcloth_bone_02	hatCloth_bone_02	CLEAR	hat-cloth bone, segment 02	CLEAR	groupFile/Clothing	High		hat garment control	P02	
top_4	Top_4	PARTIAL	"a ""top"", numbered, no anchor"	NEEDS_CONTEXT		Low	"the bare word ""top"" is used across materially different senses in this Master (hair, lip, clothing-top, body/muscle) with no dominant reading"	bare ambiguous object/position noun, no owner	P02	
shorthair_bone_12	shortHair_bone_12	CLEAR	short-hair bone, segment 12	CLEAR	groupFile/Hair	High		ordinary hair control	P02	
cockskinback	CockSkinBack	CLEAR	penis skin, back (structural)	CLEAR	groupFile/Body	Medium		plain structural genital-skin control, positional word only, no shape/state term (rule 6)	P02	
wep_fx_muzzle6	WEP_FX_Muzzle6	CLEAR	weapon muzzle FX, variant 6	CLEAR	groupFile/Other	High		recognized weapon part	P02	
wep_foregrip_nojiggle_child1	WEP_Foregrip_NoJiggle_Child1	CLEAR	weapon foregrip part, no-jiggle variant, child 1	CLEAR	groupFile/Other	High		recognized weapon part	P02	
eye shine move down	Eye shine move down	CLEAR	eye-shine (specular highlight) control, downward	CLEAR	groupFile/Face/Eyes	High		ordinary eye-region control	P02	
earleft4	EarLeft4	CLEAR	left ear, segment 4	CLEAR	groupFile/Face/Ears	High		ordinary ear anatomy	P02	
bobcut.back_2	Bobcut.Back_2	CLEAR	bob-cut hairstyle, back, segment 2	CLEAR	groupFile/Hair	High		named hairstyle control	P02	
pillow 2	Pillow 2	CLEAR	a pillow, variant 2	CLEAR	groupFile/Other	High		recognized furniture prop (rule 16 explicit example)	P02	
shape-athletic-cleavage	shape-athletic-cleavage	CLEAR	athletic-shape cleavage appearance	CLEAR	groupFile/Body Morphs	High		explicit shape/appearance descriptor on the body	P02	
flareshide	flaresHide	CLEAR	garment flare (flared trouser/skirt element), visibility-hide toggle	CLEAR	groupFile/Clothing	Medium		garment-element visibility control	P02	
strecthlips	StrecthLips	CLEAR	lip stretch expression	CLEAR	groupFile/Face/Lower Face	High	"""Strecth"" read as ""Stretch"""	ordinary lip expression control	P02	
bip_stoolclothback_1_r	bip_StoolClothBack_1_R	CLEAR	stool cloth covering, back, right, variant 1	CLEAR	groupFile/Other	Medium		furniture-owned cloth component, not a worn garment (rule 16)	P02	
bip elbowhelper r	bip elbowhelper r	CLEAR	right elbow helper bone	CLEAR	groupFile/Arms	High		"ordinary elbow anatomy; ""helper"" not corrective by itself (rule 4)"	P02	
belthat_bone_l_04	beltHat_bone_l_04	PARTIAL	"a ""belt hat"" bone, left, segment 04"	NEEDS_CONTEXT		Low	"""belt hat"" is an unresolved relation between tokens that does not parse as an ordinary phrase (rule 22 explicit example)"	unresolved token relation	P02	
bip_l_foot_ring_02	bip_l_foot_ring_02	PARTIAL	"a foot ""ring"", left, segment 02"	NEEDS_CONTEXT		Low	ambiguous between a toe-ring jewelry accessory and a rig/IK ring-shaped control	materially different core readings	P02	
bone 1030	bone 1030	OPAQUE	generic numbered bone, no functional/regional word	NOT_APPLICABLE		Low		generic numbered technical bone	P02	
plate	Plate	PARTIAL	"a ""plate"", no anchor"	NEEDS_CONTEXT		Low	materially different core readings: armor plate / dinnerware / structural plate (rule 22 explicit example)	bare ambiguous object noun, no owner	P02	
key.black_21	Key.Black_21	CLEAR	numbered slot in the coherent Key.Black keyboard-prop series	CLEAR	groupFile/Other	High		confirmed coherent Key.Black_N series (rule 23)	P02	
cornerlowerl+cornerlowerr	CornerLowerL+CornerLowerR	CLEAR	lower mouth-corner control, left+right combined	CLEAR	groupFile/Face/Lower Face	Medium		standard mouth-corner facial rig terminology	P02	
bigteethsmile	BigTeethSmile	CLEAR	big-teeth smile expression	CLEAR	groupFile/Face/Lower Face	High		teeth/mouth expression control	P02	
face-kiss	Face-Kiss	CLEAR	kiss facial expression	CLEAR	groupFile/Face/Expressions	High		whole-face expression state	P02	
teethupup	TeethUpUp	CLEAR	teeth moving up	CLEAR	groupFile/Face/Lower Face	Medium	"doubled ""up"" likely a naming artifact"	teeth/mouth region control	P02	
arm left finger	arm left finger	CLEAR	left finger, no digit specified	CLEAR	groupFile/Arms/LeftArm/LeftFingers	High		explicit left finger, verified LeftFingers subpath	P02	
youwhat	YouWhat	OPAQUE	nonsensical phrase, no interpretable content	NOT_APPLICABLE		Low		no reliable core semantic referent	P02	
shevabody	ShevaBody	CLEAR	"body (""Sheva"" character-name prefix)"	CLEAR	groupFile/Body	Medium		bare structural body reference; character-name prefix ignored (rule 24)	P02	
vacuum	vacuum	CLEAR	a vacuum cleaner	CLEAR	groupFile/Other	Medium		recognized household object/prop	P02	
pantiesbulges	PantiesBulgeS	CLEAR	panties garment bulge feature	CLEAR	groupFile/Clothing	Medium		garment named first, feature word after (rule 8, PantsAnalOpen pattern)	P02	
rbrow1	rBrow1	CLEAR	right eyebrow, segment 1	CLEAR	groupFile/Face/Upper Face	High		ordinary eyebrow anatomy	P02	
fake_pellvis	fake_pellvis	CLEAR	a secondary/proxy pelvis bone	CLEAR	groupFile/Body	Medium	"""pellvis"" read as ""pelvis"""	"plain structural anatomy; ""fake"" indicates a secondary/proxy bone, not a corrective purpose"	P02	
feather 5b	feather 5b	CLEAR	a feather, variant 5b, no owner stated	NEEDS_CONTEXT		Low	"the Master itself splits ""feather"" across Wings/Clothing/Other with no dominant destination for a bare instance"	ownership not established	P02	
feather 3a	feather 3a	CLEAR	a feather, variant 3a, no owner stated	NEEDS_CONTEXT		Low	"the Master itself splits ""feather"" across Wings/Clothing/Other with no dominant destination for a bare instance"	ownership not established	P02	
unused.038	unused.038	CLEAR	self-declared unused placeholder	CLEAR	groupFile/Useless	High		self-declared unused marker (rule 15)	P02	
unused head neck lower attached_ssx h #2 head neck lower a.003	unused head neck lower attached_ssx h #2 head neck lower a.003	CLEAR	self-declared unused placeholder	CLEAR	groupFile/Useless	High		self-declared unused marker (rule 15)	P02	
strap_back	strap_back	CLEAR	strap accessory, back position, no owner	NEEDS_CONTEXT		Medium		strap names its theme, not its mount/owner (rule 25)	P02	
50	50	OPAQUE	bare number, no words at all	NOT_APPLICABLE		Low	a number alone carries no semantic content	no interpretable content	P02	
r_eyeball_loc	R_Eyeball_Loc	CLEAR	right eyeball location control	CLEAR	groupFile/Face/Eyes	High		ordinary eye anatomy	P02	
r_rear_holster_0u_5v	r_rear_holster_0u_5v	CLEAR	holster, right, rear	CLEAR	groupFile/Clothing	High		worn-equipment holster default (rule 16)	P02	
belt back right b	belt back right b	CLEAR	belt garment, back, right, variant b	CLEAR	groupFile/Clothing	High		worn garment	P02	
leg right boot tassle 3b	leg right boot tassle 3b	CLEAR	boot tassel, right leg, variant 3b	CLEAR	groupFile/Clothing	High		explicit garment owner (boot) named (rule 25)	P02	
tailwing_01	tailwing_01	PARTIAL	"a ""tail-wing"" compound structure, segment 01"	NEEDS_CONTEXT		Low	no Master precedent for this compound; materially different core readings between tail-region and wing-region ownership	unresolved compound, no precedent	P02	
fin-rig-hat-hood-r	Fin-Rig-Hat-Hood-R	CLEAR	"hooded hat garment, right (""Fin-Rig"" read as prefix)"	CLEAR	groupFile/Clothing	Medium		hat/hood is explicit grounded garment content despite the prefix	P02	
bip01-l-upperarm001	Bip01-L-UpperArm001	CLEAR	left upper arm, numbered sub-bone 001	CLEAR	groupFile/Arms	High		ordinary arm anatomy	P02	
cloth_collar_1_l	cloth_collar_1_L	CLEAR	cloth collar, variant 1, left	CLEAR	groupFile/Clothing	High		"explicit ""cloth_"" prefix identifies a garment collar, distinct from the bare anatomical bip_collar convention"	P02	
bipfio l foretwist1	BipFio L ForeTwist1	CLEAR	"left forearm twist, variant 1 (""Fio"" character/model prefix)"	CLEAR	groupFile/Arms	High		ordinary twist bone; prefix ignored (rule 24)	P02	
bone 1067	bone 1067	OPAQUE	generic numbered bone, no functional/regional word	NOT_APPLICABLE		Low		generic numbered technical bone	P02	
def-foot.001.02.r	DEF-foot.001.02.R	CLEAR	right foot, numbered	CLEAR	groupFile/Legs	High		ordinary foot anatomy; DEF- is a generic deform-rig prefix (rule 9/17)	P02	
bone 1083	bone 1083	OPAQUE	generic numbered bone, no functional/regional word	NOT_APPLICABLE		Low		generic numbered technical bone	P02	
face weird 2	Face Weird 2	CLEAR	odd/weird facial expression, variant 2	CLEAR	groupFile/Face/Expressions	Medium		whole-face expression state	P02	
bip01_r_thigh007	Bip01_R_Thigh007	CLEAR	right thigh, numbered sub-bone 007	CLEAR	groupFile/Legs	High		plain structural anatomy, numbering not corrective (rule 2)	P02	
valvebiped.bip01_vag_r_0	ValveBiped.Bip01_Vag_R_0	CLEAR	vaginal anatomy (structural), right, segment 0	CLEAR	groupFile/Body	High		plain structural genital anatomy, matches ValveBiped.Bip01_Vag_L_2 precedent	P02	
bip_woolpelvis_2_l	bip_WoolPelvis_2_L	CLEAR	wool pelvis-covering garment, left, variant 2	CLEAR	groupFile/Clothing	Medium		fabric-named garment covering the pelvis area	P02	
carpal_0_r	carpal_0_R	CLEAR	carpal bone, right, segment 0	CLEAR	groupFile/Arms/RightArm/RightCarpals	High		explicit right carpal, verified RightCarpals subpath	P02	
hidewaist	HideWaist	CLEAR	waist visibility-hide toggle	CLEAR	groupFile/Body	Medium		function (hide) applied to a named body region; body region is the direct subject	P02	
key.black_39	Key.Black_39	CLEAR	numbered slot in the coherent Key.Black keyboard-prop series	CLEAR	groupFile/Other	High		confirmed coherent Key.Black_N series (rule 23)	P02	
lower left tears r	Lower left tears R	CLEAR	tear/crying effect, eye region	CLEAR	groupFile/Face/Eyes	Medium	"literal carries both ""left"" and ""R"" side markers; side reading is unresolved but the tears/eye referent is not"	tear-duct/crying facial effect	P02	
c_tiel_c06	C_TieL_C06	CLEAR	necktie garment, variant C06	CLEAR	groupFile/Clothing	Medium	"""TieL"" read as ""Tie,"" left, though a proper-noun reading cannot be fully excluded"	garment necktie control	P02	
higher left	Higher Left	OPAQUE	pure positional phrase, no object/function named	NOT_APPLICABLE		Low		positional label with no object/function	P02	
cock-fat	cock-fat	CLEAR	"penis, ""fat"" shape/size descriptor"	CLEAR	groupFile/Body Morphs	High		explicit shape/size descriptor on genital soft tissue (rule 7)	P02	
x_shift_1	x_shift_1	CLEAR	a positional shift along the X axis, variant 1 (object unstated)	NEEDS_CONTEXT		Low		generic shift function is clear; owning object is not named	P02	
book turnpage10	Book TurnPage10	CLEAR	a book, turn-page function, variant 10	CLEAR	groupFile/Other	High		recognized prop (rule 16 explicit example)	P02	
scope_pos_00	Scope_Pos_00	CLEAR	weapon scope position control, variant 00	CLEAR	groupFile/Other	High		recognized weapon part	P02	
eye_top_open	Eye_Top_Open	CLEAR	top eyelid open control	CLEAR	groupFile/Face/Eyes	High		ordinary eye anatomy	P02	
upperworried.l	upperworried.l	CLEAR	worried expression, upper face, left	CLEAR	groupFile/Face/Upper Face	Medium		brow-driven expression, upper-face region	P02	
bobcut.side_right_1_3	Bobcut.Side_Right_1_3	CLEAR	bob-cut hairstyle, side right, segment 1_3	CLEAR	groupFile/Hair	High		named hairstyle control	P02	
earleft7	EarLeft7	CLEAR	left ear, segment 7	CLEAR	groupFile/Face/Ears	High		ordinary ear anatomy	P02	
car08	car08	CLEAR	a car, variant 08	CLEAR	groupFile/Other	High		recognized vehicle prop (rule 16)	P02	
unused b_r_legohelper	unused b_r_legohelper	CLEAR	self-declared unused placeholder	CLEAR	groupFile/Useless	High		self-declared unused marker (rule 15)	P02	
eye bedroom r	Eye Bedroom R	CLEAR	"""bedroom eyes"" seductive expression, right"	CLEAR	groupFile/Face/Eyes	High		ordinary named eye expression	P02	
bip_r_fingerbase	bip_r_fingerbase	CLEAR	right finger base	CLEAR	groupFile/Arms/RightArm/RightFingers	High		ordinary finger anatomy, verified RightFingers subpath	P03	
lowerlipmidpull	LowerLipMidPull	CLEAR	lower lip, middle, pull posing	CLEAR	groupFile/Face/Lower Face	High		ordinary lip expression control	P03	
bobcut.rear_center_1_jiggle	Bobcut.Rear_Center_1_jiggle	CLEAR	bob-cut hairstyle, rear center, jiggle physics	CLEAR	groupFile/Hair	High		named hairstyle control	P03	
asshole_6	Asshole_6	CLEAR	anus (structural anatomy), numbered	CLEAR	groupFile/Body	High		plain structural anatomy, no shape/state word (rule 6)	P03	
tente_b_5_r	tente_b_5_R	OPAQUE	unclear term, no confirmed decomposition	NOT_APPLICABLE		Low	"a possible ""tentacle""/""tent"" reading is not grounded enough to assert on this literal alone"	ungrounded term	P03	
valvebiped.bip01_r_vulva	ValveBiped.Bip01_R_Vulva	CLEAR	vulva (structural anatomy), right	CLEAR	groupFile/Body	High		plain structural genital anatomy	P03	
qwn-rig-tiara	Qwn-Rig-Tiara	CLEAR	"tiara (worn headpiece) (""Qwn-Rig"" model/rig prefix)"	CLEAR	groupFile/Clothing	High		worn jewelry accessory; prefix ignored (rule 24)	P03	
fringe 1	fringe 1	PARTIAL	"""fringe,"" numbered, no anchor"	NEEDS_CONTEXT		Low	materially different core readings: hair fringe/bangs vs. clothing fringe trim	bare ambiguous object noun, no owner	P03	
ad96r	AD96R	OPAQUE	ungrounded code	NOT_APPLICABLE		Low		ungrounded abbreviation, no other content	P03	
backhair c03 joint	backhair c03 joint	CLEAR	back hair, joint, segment c03	CLEAR	groupFile/Hair	High		ordinary hair control	P03	
l-titty-pull	L-Titty-Pull	CLEAR	"left breast ""pull"" morph (slang ""titty""=breast)"	CLEAR	groupFile/Body Morphs	High		matches R-Titty-Pull precedent	P03	
belly bulge large	Belly Bulge Large	CLEAR	large belly bulge	CLEAR	groupFile/Body Morphs	High		identical spelling to confirmed existing Master control	P03	
third_arms_l_ring3	Third_Arms_L_Ring3	CLEAR	left ring finger, third arm, segment 3	CLEAR	groupFile/Arms/LeftArm/LeftFingers	High		limb count does not change destination (rule 19); verified LeftFingers subpath	P03	
finger_index_right_2	finger_index_right_2	CLEAR	right index finger, segment 2	CLEAR	groupFile/Arms/RightArm/RightFingers	High		explicit right finger digit, verified RightFingers subpath	P03	
wep_shell8	WEP_Shell8	CLEAR	weapon shell/casing, variant 8	CLEAR	groupFile/Other	High		recognized weapon part	P03	
wep_trigger	WEP_Trigger	CLEAR	weapon trigger	CLEAR	groupFile/Other	High		recognized weapon part	P03	
shhh	shhh	CLEAR	"""shhh"" mouth-shape/viseme expression"	CLEAR	groupFile/Face/Lower Face	Medium		mouth-region expression control	P03	
island_collar_04_wind_helper	island_collar_04_wind_helper	CLEAR	garment collar, wind-physics helper, variant 04	CLEAR	groupFile/Clothing	Medium		wind-simulation context indicates fabric collar, not anatomy	P03	
assplump	AssPlump	CLEAR	"buttock, ""plump"" shape/size"	CLEAR	groupFile/Body Morphs	High		explicit shape/size descriptor on soft tissue (rule 7)	P03	
back 3	Back 3	PARTIAL	"""back,"" numbered, no anchor"	NEEDS_CONTEXT		Low	materially different core readings: structural back/spine segment vs. garment back panel	bare ambiguous positional noun, no owner	P03	
apron.002	Apron.002	CLEAR	apron garment, variant 002	CLEAR	groupFile/Clothing	High		worn garment	P03	
bip_chest_3_l	bip_Chest_3_l	CLEAR	chest (structural anatomy), left, segment 3	CLEAR	groupFile/Body	High		plain structural anatomy, no shape/state word (rule 6)	P03	
unused r jacketbelt spo	unused r jacketbelt spo	CLEAR	self-declared unused placeholder	CLEAR	groupFile/Useless	High		self-declared unused marker (rule 15)	P03	
body-full-hard-nipples	Body-Full-Hard-Nipples	CLEAR	"nipples, ""hard"" state, full body"	CLEAR	groupFile/Body Morphs	High		matches hard/erect nipple precedent	P03	
head cheeck left 5	head cheeck left 5	CLEAR	cheek, left, segment 5	CLEAR	groupFile/Face/Mid Face	High	"""cheeck"" read as ""cheek"""	mid-face cheek anatomy	P03	
liplower_left2	lipLower_Left2	CLEAR	lower lip, left, segment 2	CLEAR	groupFile/Face/Lower Face	High		matches established lipLower_L* series	P03	
upper lid lowerer	Upper lid lowerer	CLEAR	upper eyelid lowering control	CLEAR	groupFile/Face/Eyes	High		ordinary eyelid anatomy	P03	
fin-rig-eye-lu	Fin-Rig-Eye-LU	CLEAR	"eye, left, upper (""Fin-Rig"" model/rig prefix)"	CLEAR	groupFile/Face/Eyes	Medium		eye anatomy; prefix ignored (rule 24)	P03	
creasebl	CreaseBL	CLEAR	a skin crease/wrinkle control, side BL	CLEAR	groupFile/Body Morphs	Medium	exact anatomical region unstated	crease/wrinkle is itself an explicit appearance-state term (rule 7)	P03	
wrinkle_medium_3	wrinkle_medium_3	CLEAR	wrinkle, medium degree, variant 3	CLEAR	groupFile/Body Morphs	High		explicit appearance-state term	P03	
r sideburn g phy	r sideburn g phy	CLEAR	sideburn (facial hair), right, physics-sim	CLEAR	groupFile/Hair	High		facial hair control	P03	
bip01_spine1_018	Bip01_Spine1_018	CLEAR	spine (structural anatomy), numbered	CLEAR	groupFile/Body	High		explicit biped skeleton prefix with no garment/hair noun (rule 14)	P03	
ulid_l_2	ULid_L_2	CLEAR	upper eyelid, left, variant 2	CLEAR	groupFile/Face/Eyes	High		ordinary eyelid anatomy	P03	
bas.side_right_2	BAS.Side_Right_2	OPAQUE	"ungrounded ""BAS"" code with a bare position, no object"	NOT_APPLICABLE		Low	"""BAS"" has no grounding and ""side right"" alone has no anchor object"	ungrounded prefix plus bare position	P03	
tentaclebottompright3	TentacleBottompRight3	CLEAR	tentacle, bottom right, segment 3	CLEAR	groupFile/Other	High	"""bottomp"" read as ""bottom"""	species-neutral tentacle anatomy routes to Other (rule 18)	P03	
valvebiped.bip01_r_pinkie	ValveBiped.Bip01_R_Pinkie	CLEAR	right pinky finger	CLEAR	groupFile/Arms/RightArm/RightFingers	High		explicit right finger digit, verified RightFingers subpath	P03	
dec_gen_wagon_caravan_b_mesh	DEC_GEN_Wagon_Caravan_B_Mesh	CLEAR	a wagon/caravan, variant B	CLEAR	groupFile/Other	High		recognized vehicle prop; generator-style prefix does not affect destination (rule 17)	P03	
wrinkles-5	wrinkles-5	CLEAR	wrinkles, variant 5	CLEAR	groupFile/Body Morphs	High		explicit appearance-state term	P03	
hand finger right 1b	hand finger right 1b	CLEAR	right finger, digit 1 (thumb), variant b	CLEAR	groupFile/Arms/RightArm/RightFingers	High		explicit right finger digit, verified RightFingers subpath	P03	
i4	I4	OPAQUE	ungrounded two-character code	NOT_APPLICABLE		Low		ungrounded abbreviation, no other content	P03	
forearm.l.001	forearm.L.001	CLEAR	left forearm, numbered	CLEAR	groupFile/Arms	High		ordinary arm anatomy	P03	
genitals_outer_front_left	Genitals_Outer_Front_Left	CLEAR	genitals (structural anatomy), outer front, left	CLEAR	groupFile/Body	High		plain structural anatomy, no shape/state word (rule 6)	P03	
bone028	Bone028	OPAQUE	generic numbered bone, no functional/regional word	NOT_APPLICABLE		Low		generic numbered technical bone	P03	
midbrows_down_l	midbrows_down_l	CLEAR	mid-brow, downward, left	CLEAR	groupFile/Face/Upper Face	High		ordinary eyebrow expression control	P03	
bip_tail_a_05	bip_tail_a_05	CLEAR	tail, variant a, segment 05	CLEAR	groupFile/Tail	High		ordinary tail anatomy	P03	
scrotumroot	scrotumROOT	CLEAR	scrotum root/base (structural anatomy)	CLEAR	groupFile/Body	High		plain structural anatomy, no shape/state word (rule 6)	P03	
bone024	Bone024	OPAQUE	generic numbered bone, no functional/regional word	NOT_APPLICABLE		Low		generic numbered technical bone	P03	
dec_dungeon_shartemple_carpet_rectangle_b_mesh	DEC_Dungeon_SharTemple_Carpet_Rectangle_B_Mesh	CLEAR	a carpet, rectangular, variant B	CLEAR	groupFile/Other	High		recognized environment/furniture prop; generator-style prefix does not affect destination (rule 17)	P03	
bone.005	Bone.005	OPAQUE	generic numbered bone, no functional/regional word	NOT_APPLICABLE		Low		generic numbered technical bone	P03	
maid.bow_right_lower_1	Maid.Bow_Right_Lower_1	CLEAR	decorative bow, right, lower, variant 1, maid-costume context	CLEAR	groupFile/Clothing	Medium		"""Maid"" costume context grounds this as a decorative garment bow, not archery/ship's bow"	P03	
bow left b 2	bow left b 2	PARTIAL	"a ""bow,"" left, no anchor"	NEEDS_CONTEXT		Low	materially different core readings: decorative bow / archery bow / other (rule 22 explicit example)	bare ambiguous object noun, no owner	P03	
eye left focused	eye Left Focused	CLEAR	focused-gaze eye expression, left	CLEAR	groupFile/Face/Eyes	High		ordinary eye expression	P03	
rope_6	Rope_6	CLEAR	a rope, variant 6	NEEDS_CONTEXT		Low		rope is a stable object; worn/restraint vs. handheld/prop ownership unclear	P03	
r_upper_leg_twist_a_helper	r_upper_leg_twist_a_helper	CLEAR	right upper-leg twist helper	CLEAR	groupFile/Legs	High		ordinary twist/helper anatomy, not corrective by itself (rules 3-4)	P03	
valvebiped.hip_l_ulna	ValveBiped.Hip_L_Ulna	CLEAR	ulna (forearm bone), left	CLEAR	groupFile/Arms	Medium	"literal names ulna despite an incongruous ""hip_"" qualifier; classified by the clear anatomical term present"	forearm anatomy	P03	
eyes-look-left	eyes-look-left	CLEAR	eye gaze direction, left	CLEAR	groupFile/Face/Eyes	High		ordinary eye control	P03	
butt armor right	butt armor right	CLEAR	buttock armor, right	CLEAR	groupFile/Clothing	High		worn protective equipment	P03	
facial_bone_uprlip	Facial_Bone_UprLip	CLEAR	facial bone, upper lip	CLEAR	groupFile/Face/Lower Face	High		lip-region facial anatomy	P03	
bone_lefthipbuffer	bone_LeftHipbuffer	CLEAR	left hip buffer/spacing bone	CLEAR	groupFile/Legs	Medium		ordinary hip-region structural helper, not corrective by itself (rule 4)	P03	
bip01_l_toe4	Bip01_L_Toe4	CLEAR	left toe, digit 4	CLEAR	groupFile/Toes/LeftToes	High		explicit left toe digit, verified LeftToes subpath	P03	
wep_gl_sight	WEP_GL_Sight	CLEAR	weapon grenade-launcher sight	CLEAR	groupFile/Other	High		recognized weapon part	P03	
beltcontrol.009	BeltControl.009	CLEAR	belt garment control, variant 009	CLEAR	groupFile/Clothing	High		worn garment	P03	
bip01_l_upperarm002	Bip01_L_UpperArm002	CLEAR	left upper arm, numbered sub-bone 002	CLEAR	groupFile/Arms	High		ordinary arm anatomy	P03	
key.black_37	Key.Black_37	CLEAR	numbered slot in the coherent Key.Black keyboard-prop series	CLEAR	groupFile/Other	High		confirmed coherent Key.Black_N series (rule 23)	P03	
bip01_l_clavicle013	Bip01_L_Clavicle013	CLEAR	left clavicle, numbered sub-bone 013	CLEAR	groupFile/Arms	High		clavicle/shoulder-girdle anatomy	P03	
r zygoma	R Zygoma	CLEAR	zygoma (cheekbone), right	CLEAR	groupFile/Face/Mid Face	High		mid-face structural anatomy	P03	
head eyefold left 2	head eyefold left 2	CLEAR	eyefold (eyelid fold), left, segment 2	CLEAR	groupFile/Face/Eyes	High		ordinary eyelid anatomy	P03	
gun_1_l	gun_1_L	CLEAR	a gun, left, variant 1	CLEAR	groupFile/Other	High		recognized weapon prop	P03	
c_arr_a00	C_ARR_A00	OPAQUE	ungrounded code	NOT_APPLICABLE		Low		ungrounded abbreviation, no other content	P03	
bip_pussyroot_l	bip_PussyRoot_L	CLEAR	vaginal root (structural anatomy), left	CLEAR	groupFile/Body	High		plain structural genital anatomy	P03	
leg left boot tassle 2a	leg left boot tassle 2a	CLEAR	boot tassel, left leg, variant 2a	CLEAR	groupFile/Clothing	High		explicit garment owner (boot) named (rule 25)	P03	
wep_fx_laser2	WEP_FX_Laser2	CLEAR	weapon laser FX, variant 2	CLEAR	groupFile/Other	High		recognized weapon part	P03	
narroww	narroww	OPAQUE	bare shape adjective, no object/body-part named	NOT_APPLICABLE		Low		no anchor object for the shape term	P03	
tenta_10_l	tenta_10_L	CLEAR	tentacle, left, segment 10	CLEAR	groupFile/Other	Medium	"""tenta"" read as a truncation of ""tentacle"""	species-neutral tentacle anatomy routes to Other (rule 18)	P03	
rbrow0	rBrow0	CLEAR	right eyebrow, segment 0	CLEAR	groupFile/Face/Upper Face	High		ordinary eyebrow anatomy	P03	
lacebustler2	LaceBustler2	CLEAR	lace bustier garment, variant 2	CLEAR	groupFile/Clothing	Medium	"""Bustler"" read as ""Bustier"""	worn garment	P03	
lipscornersout	LipsCornersOut	CLEAR	lip corners, outward	CLEAR	groupFile/Face/Lower Face	High		identical spelling to confirmed existing Master control	P03	
l ulip b	L Ulip B	CLEAR	left upper lip, variant B	CLEAR	groupFile/Face/Lower Face	High		"matches the established lip ""u""=upper convention (lipul/lipur precedent)"	P03	
right thumb 0 spread 1	Right thumb 0 spread 1	CLEAR	right thumb, spread posing, variant 1	CLEAR	groupFile/Arms/RightArm/RightFingers	High		explicit right finger digit, verified RightFingers subpath	P03	
pbg-rig-eye-ru	PBG-Rig-Eye-RU	CLEAR	"eye, right, upper (""PBG-Rig"" model/rig prefix)"	CLEAR	groupFile/Face/Eyes	Medium		eye anatomy; prefix ignored (rule 24)	P03	
bip_tonge	bip_Tonge	CLEAR	tongue	CLEAR	groupFile/Face/Tongue	High	"""Tonge"" read as ""Tongue"""	ordinary tongue anatomy	P03	
less	less	OPAQUE	generic word, no interpretable referent	NOT_APPLICABLE		Low		no reliable core semantic referent	P03	
dec_hospital_stand_a_mesh	DEC_Hospital_Stand_A_Mesh	CLEAR	a hospital stand, variant A	CLEAR	groupFile/Other	High		recognized furniture/environment prop; generator-style prefix does not affect destination (rule 17)	P03	
taurenmale_hd_bone_128	taurenmale_hd_bone_128	OPAQUE	a generic numbered bone in the TaurenMale_HD model/variant series; anatomical region/function unknown	NOT_APPLICABLE		Low	"the numbered suffix carries no anatomical specificity, and ""HD"" is an ungrounded model/variant tag with no confirmed anatomical meaning"	matches the settled TaurenMale_HD family treatment	P03	
kargathbladefist_bone101	kargathbladefist_Bone101	OPAQUE	"generic numbered bone (""Kargathbladefist"" character-name prefix)"	NOT_APPLICABLE		Low	character-name prefix ignored (rule 24); remainder is a generic numbered bone with no functional/regional word	generic numbered technical bone under a character prefix	P03	
vaginatop	VaginaTop	CLEAR	vagina, top (positional, structural)	CLEAR	groupFile/Body	Medium		"plain structural anatomy; ""top"" is positional, not a shape/state word (rule 6)"	P03	
bone140	Bone140	OPAQUE	generic numbered bone, no functional/regional word	NOT_APPLICABLE		Low		generic numbered technical bone	P03	
lipstopcurlout	lipstopcurlout	CLEAR	lips top, curl outward	CLEAR	groupFile/Face/Lower Face	High		identical spelling to confirmed existing Master control	P03	
l_elbow_outer_lower_helper	l_elbow_outer_lower_helper	CLEAR	left elbow helper	CLEAR	groupFile/Arms	High		ordinary elbow anatomy, not corrective by itself (rule 4)	P03	
muscletightensubtle	MuscleTightenSUBTLE	CLEAR	muscle tightening, subtle degree	CLEAR	groupFile/Body Morphs	High		explicit shape/state descriptor	P03	
zr68c	zr68c	OPAQUE	ungrounded code	NOT_APPLICABLE		Low		ungrounded abbreviation, no other content	P03	
flipoutlefttop	FlipOutLeftTop	CLEAR	"a ""flip out"" function, left-top position (object unstated)"	NEEDS_CONTEXT		Low		generic flip function is clear; owning object/region is not named	P03	
unusedbone062	unusedbone062	CLEAR	self-declared unused placeholder	CLEAR	groupFile/Useless	High		self-declared unused marker (rule 15)	P03	
key.white_47	Key.White_47	CLEAR	numbered slot in the coherent Key.White keyboard-prop series	CLEAR	groupFile/Other	High		confirmed coherent Key.White_N series (rule 23)	P03	
bip_l_thumb_03	bip_l_thumb_03	CLEAR	left thumb, segment 03	CLEAR	groupFile/Arms/LeftArm/LeftFingers	High		explicit left finger digit, verified LeftFingers subpath	P03	
left index finger 1 expansion 1	Left index finger 1 expansion 1	CLEAR	left index finger, expansion variant 1	CLEAR	groupFile/Arms/LeftArm/LeftFingers	High		"finger-class content despite ""expansion"" qualifier; not corrective by itself (rule 5)"	P03	
drowsyl	DrowsyL	CLEAR	drowsy/sleepy eye expression, left	CLEAR	groupFile/Face/Eyes	High		ordinary eye expression	P03	
bip hipfront r	bip hipfront r	CLEAR	hip front, right	CLEAR	groupFile/Legs	Medium		ordinary hip-region anatomy	P03	
valvebiped.bip01_l_index04	ValveBiped.Bip01_L_Index04	CLEAR	left index finger, segment 4	CLEAR	groupFile/Arms/LeftArm/LeftFingers	High		explicit left finger digit, verified LeftFingers subpath	P03	
dummy_dec_gen_wagon_caravan_b	Dummy_DEC_GEN_Wagon_Caravan_B	CLEAR	a wagon/caravan dummy/helper, variant B	CLEAR	groupFile/Other	High		matches sibling wagon/caravan prop control	P03	
unused b_l_legohelper	unused b_l_legohelper	CLEAR	self-declared unused placeholder	CLEAR	groupFile/Useless	High		self-declared unused marker (rule 15)	P04	
foreskinbumpbottom	foreskinbumpbottom	CLEAR	foreskin bump, bottom	CLEAR	groupFile/Body Morphs	High		genital soft-tissue shape/bump deformation	P04	
vase.002	Vase.002	CLEAR	a vase, variant 002	CLEAR	groupFile/Other	High		recognized prop	P04	
helpthighsider	HelpThighSideR	CLEAR	right thigh helper, side	CLEAR	groupFile/Legs	High		ordinary thigh helper anatomy, not corrective by itself (rule 4)	P04	
eye_left_squint	eye_Left_Squint	CLEAR	left eye squint	CLEAR	groupFile/Face/Eyes	High		ordinary eye expression	P04	
bip_l_middle_02	bip_l_middle_02	CLEAR	left middle finger, segment 02	CLEAR	groupFile/Arms/LeftArm/LeftFingers	High		explicit left finger digit, verified LeftFingers subpath	P04	
unusedmot13-rightleg	unusedmot13-rightleg	CLEAR	self-declared unused placeholder	CLEAR	groupFile/Useless	High		self-declared unused marker (rule 15)	P04	
cape2_left3	CAPE2_LEFT3	CLEAR	cape garment, left, variant 3	CLEAR	groupFile/Clothing	High		worn garment	P04	
neckleftin	NeckLeftIn	CLEAR	neck, left, inward posing	CLEAR	groupFile/Body	Medium		ordinary structural neck posing control, no shape/state word	P04	
doof_amp	doof_amp	OPAQUE	unclear fused compound, no confirmed decomposition	NOT_APPLICABLE		Low		ungrounded term	P04	
urethrabulgefixdown	UrethraBulgeFixDown	CLEAR	urethra bulge correction, downward	CLEAR	groupFile/Correctives	Medium		"explicit ""fix"" purpose word compensating a named deformation (rule 5)"	P04	
upperarmbase_r	UpperArmBase_R	CLEAR	upper arm base, right	CLEAR	groupFile/Arms	High		ordinary arm anatomy	P04	
16	16	OPAQUE	bare number, no words at all	NOT_APPLICABLE		Low	a number alone carries no semantic content	no interpretable content	P04	
head_s_t	Head_S_T	CLEAR	"bare structural head (""S""/""T"" suffix unresolved)"	CLEAR	groupFile/Body	Medium	"""S""/""T"" do not resolve to a known facial feature"	bare structural head defaults to Body (rule 13)	P04	
third_arms_l_ring4	Third_Arms_L_Ring4	CLEAR	left ring finger, third arm, segment 4	CLEAR	groupFile/Arms/LeftArm/LeftFingers	High		limb count does not change destination (rule 19); verified LeftFingers subpath	P04	
flatten/outline1	Flatten/outline1	CLEAR	"a ""flatten""/""outline"" function, variant 1 (object unstated)"	NEEDS_CONTEXT		Low		generic shape/render function is clear; owning object is not named	P04	
browsoutterupleft	BrowsOutterUpLeft	CLEAR	outer eyebrow, up, left	CLEAR	groupFile/Face/Upper Face	High	"""Outter"" read as ""Outer"""	ordinary eyebrow anatomy	P04	
lowerleg_right	lowerleg_right	CLEAR	lower leg, right	CLEAR	groupFile/Legs	High		ordinary leg anatomy	P04	
key.black_4	Key.Black_4	CLEAR	numbered slot in the coherent Key.Black keyboard-prop series	CLEAR	groupFile/Other	High		confirmed coherent Key.Black_N series (rule 23)	P04	
hook_right	HOOK_RIGHT	PARTIAL	"a ""hook,"" right, no anchor"	NEEDS_CONTEXT		Low	materially different core readings: physical hook prop / rig IK hook / clothing fastener	bare ambiguous object noun, no owner	P04	
unused opt_as_l_elbow	unused OPT_AS_L_Elbow	CLEAR	self-declared unused placeholder	CLEAR	groupFile/Useless	High		self-declared unused marker (rule 15)	P04	
bow left 2e	bow left 2e	PARTIAL	"a ""bow,"" left, no anchor"	NEEDS_CONTEXT		Low	materially different core readings: decorative bow / archery bow / other (rule 22 explicit example)	bare ambiguous object noun, no owner	P04	
taurenmale_hd_bone_76	taurenmale_hd_bone_76	OPAQUE	a generic numbered bone in the TaurenMale_HD model/variant series; anatomical region/function unknown	NOT_APPLICABLE		Low	"the numbered suffix carries no anatomical specificity, and ""HD"" is an ungrounded model/variant tag with no confirmed anatomical meaning"	matches the settled TaurenMale_HD family treatment	P04	
bowtie.bow_left_2	Bowtie.Bow_Left_2	CLEAR	bowtie garment accessory, left, variant 2	CLEAR	groupFile/Clothing	High		"""Bowtie"" explicitly grounds the bow as a garment accessory"	P04	
bip_tail_d_01	bip_tail_d_01	CLEAR	tail, variant d, segment 01	CLEAR	groupFile/Tail	High		ordinary tail anatomy	P04	
tailleft3_3	TailLeft3_3	CLEAR	tail, left, segment 3_3	CLEAR	groupFile/Tail	High		ordinary tail anatomy	P04	
cloth middle 4 jb	cloth middle 4 JB	CLEAR	"generic cloth control, middle, variant 4 (""JB"" suffix unresolved)"	CLEAR	groupFile/Clothing	Medium	"""JB"" suffix mechanism unresolved"	cloth is the stable core reading regardless of the undecoded suffix	P04	
(flex) arms + top	(FLEX) Arms + Top	CLEAR	arms flex control, plus top	CLEAR	groupFile/Arms	High		identical spelling to confirmed existing Master control	P04	
lowerjawpull	LowerJawPull	CLEAR	lower jaw pull	CLEAR	groupFile/Face/Lower Face	High		ordinary jaw expression control	P04	
bh11.l	Bh11.L	OPAQUE	ungrounded two-letter code plus number, left	NOT_APPLICABLE		Low		ungrounded abbreviation, no other content	P04	
l collar 01	l collar 01	CLEAR	"left clavicle/shoulder-girdle rig bone (bare biped ""collar"" convention), variant 01"	CLEAR	groupFile/Arms	High		bare unqualified collar matches the established anatomical collar precedent	P04	
ball_small	ball_small	PARTIAL	"a small ""ball"", no anchor"	NEEDS_CONTEXT		Low	materially different core readings: testicle (soft-tissue anatomy) vs. spherical prop/toy object	bare ambiguous object noun, no owner	P04	
sign10	sign10	CLEAR	a sign, variant 10	CLEAR	groupFile/Other	High		recognized environment prop	P04	
drawer_bottom_l	Drawer_Bottom_L	CLEAR	a drawer, bottom, left	CLEAR	groupFile/Other	High		recognized furniture prop (rule 16)	P04	
nippokedouble08	NipPokeDouble08	CLEAR	nipple poke, doubled, variant 08	CLEAR	groupFile/Body Morphs	High		matches established NipPokeDouble precedent	P04	
flm-armb-float-a2	Flm-ArmB-Float-A2	CLEAR	"a ""float"" function in model section B, variant A2 (object unstated)"	NEEDS_CONTEXT		Low	"""ArmB"" reads as an internal model-section label, not anatomical arm, based on the sibling Flm-ArmA-SwordA-G weapon control"	float function is clear; owning object is not named	P04	
d_forearmmucle02_r	D_ForearmMucle02_R	CLEAR	forearm muscle, right, numbered	CLEAR	groupFile/Arms	High	"""Mucle"" read as ""Muscle"""	ordinary arm-muscle structural anatomy	P04	
bip01-l-foretwist002	Bip01-L-ForeTwist002	CLEAR	left forearm twist, numbered	CLEAR	groupFile/Arms	High		ordinary twist bone, not corrective by itself (rule 3)	P04	
genital upper	genital upper	CLEAR	genitals (structural anatomy), upper	CLEAR	groupFile/Body	High		plain structural anatomy, no shape/state word (rule 6)	P04	
head eye root right	head eye root right	CLEAR	"eye root, right (""head"" location prefix)"	CLEAR	groupFile/Face/Eyes	High		ordinary eye anatomy	P04	
r ulipin b	R Ulipin B	CLEAR	right upper lip, inward, variant B	CLEAR	groupFile/Face/Lower Face	High		"matches the established lip ""u""=upper convention"	P04	
arm right elbow twist2	arm right elbow twist2	CLEAR	right elbow twist, variant 2	CLEAR	groupFile/Arms	High		ordinary twist bone, not corrective by itself (rule 3)	P04	
leftarmbicep_helper	LeftArmBicep_helper	CLEAR	left arm bicep helper	CLEAR	groupFile/Arms	High		ordinary arm-muscle helper, not corrective by itself (rule 4)	P04	
valvebiped.bip01_r_pinkie04	ValveBiped.Bip01_R_Pinkie04	CLEAR	right pinky finger, segment 4	CLEAR	groupFile/Arms/RightArm/RightFingers	High		explicit right finger digit, verified RightFingers subpath	P04	
l_shoulder_twist_a_helper	l_shoulder_twist_a_helper	CLEAR	left shoulder twist helper	CLEAR	groupFile/Arms	High		ordinary twist/helper anatomy, not corrective by itself (rules 3-4)	P04	
wrinkles-2	wrinkles-2	CLEAR	wrinkles, variant 2	CLEAR	groupFile/Body Morphs	High		explicit appearance-state term	P04	
lid_4	lid_4	PARTIAL	"a ""lid,"" numbered, no anchor"	NEEDS_CONTEXT		Low	materially different core readings: eyelid / container-lid prop	bare ambiguous object noun, no owner	P04	
left_lidsopen	Left_lidsopen	CLEAR	left eyelids open	CLEAR	groupFile/Face/Eyes	High		"""open"" plus plural ""lids"" reads clearly as eyelids in facial-rig convention"	P04	
bottom_04	Bottom_04	PARTIAL	"a ""bottom,"" numbered, no anchor"	NEEDS_CONTEXT		Low	materially different core readings: buttocks / bottom-position marker / bottom garment piece	bare ambiguous object noun, no owner	P04	
hose_09	Hose_09	PARTIAL	"a ""hose,"" numbered, no anchor"	NEEDS_CONTEXT		Low	materially different core readings: hosiery/legwear garment / physical hose or tube prop	bare ambiguous object noun, no owner	P04	
facial_helper_eye_l	Facial_Helper_Eye_L	CLEAR	facial helper, eye, left	CLEAR	groupFile/Face/Eyes	High		ordinary eye anatomy; helper not corrective by itself (rule 4)	P04	
mot04_leftforearm	MOT04_LeftForeArm	CLEAR	"left forearm (""MOT04"" model/motion-set prefix)"	CLEAR	groupFile/Arms	High		ordinary arm anatomy; prefix ignored (rule 24)	P04	
maid.necktie_right_inner_2	Maid.Necktie_Right_Inner_2	CLEAR	necktie garment, right, inner, variant 2	CLEAR	groupFile/Clothing	High		worn garment	P04	
right_browoutv	Right_BrowOutV	CLEAR	right eyebrow, outward	CLEAR	groupFile/Face/Upper Face	High		ordinary eyebrow anatomy	P04	
c_lur_a01	C_LUR_A01	OPAQUE	ungrounded code with contradictory side letters	NOT_APPLICABLE		Low	"""LUR"" does not resolve to a coherent side/region marker"	ungrounded abbreviation, no other content	P04	
rassspread	RAssSpread	CLEAR	buttock spread, right	CLEAR	groupFile/Body Morphs	High		soft-tissue spread/state deformation, matches LabiaSpread pattern	P04	
unused _metacarpal04	unused _Metacarpal04	CLEAR	self-declared unused placeholder	CLEAR	groupFile/Useless	High		self-declared unused marker (rule 15)	P04	
socket_head	Socket_head	PARTIAL	"""socket head,"" no further qualifier"	NEEDS_CONTEXT		Low	materially different core readings: a rig joint-socket concept near the head vs. a socket-head screw/hardware object	unresolved token relation	P04	
valvebiped.bip02_r_index	ValveBiped.Bip02_R_Index	CLEAR	right index finger	CLEAR	groupFile/Arms/RightArm/RightFingers	High		explicit right finger digit, verified RightFingers subpath	P04	
flm-armb-float-a4	Flm-ArmB-Float-A4	CLEAR	"a ""float"" function in model section B, variant A4 (object unstated)"	NEEDS_CONTEXT		Low	"""ArmB"" reads as an internal model-section label, not anatomical arm, based on the sibling Flm-ArmA-SwordA-G weapon control"	float function is clear; owning object is not named	P04	
08	08	OPAQUE	bare number, no words at all	NOT_APPLICABLE		Low	a number alone carries no semantic content	no interpretable content	P04	
flm-arma-necklf	Flm-ArmA-NeckLF	CLEAR	"neck, left front (""Flm-ArmA"" model/section prefix)"	CLEAR	groupFile/Body	Medium		plain structural neck anatomy; prefix ignored (rule 24)	P04	
generichuman_r_lolidjnt	GenericHuman_r_loLidJnt	CLEAR	"right lower eyelid joint (""GenericHuman"" model prefix)"	CLEAR	groupFile/Face/Eyes	High		ordinary eyelid anatomy; prefix ignored (rule 24)	P04	
unused b_b_neckhelper	unused b_b_neckhelper	CLEAR	self-declared unused placeholder	CLEAR	groupFile/Useless	High		self-declared unused marker (rule 15)	P04	
middle finger	Middle finger	CLEAR	middle finger, no side specified	CLEAR	groupFile/Fingers	High		side-neutral finger control, no verified side subpath needed (rule 11)	P04	
left_lidupraise	Left_LidUpRaise	CLEAR	left eyelid up-raise	CLEAR	groupFile/Face/Eyes	High		ordinary eyelid anatomy	P04	
wep_belt_bullet3	WEP_Belt_Bullet3	CLEAR	weapon belt bullet, variant 3	CLEAR	groupFile/Other	High		recognized weapon part	P04	
bullet earring 1	bullet earring 1	CLEAR	bullet-shaped earring, variant 1	CLEAR	groupFile/Clothing	High		worn jewelry accessory	P04	
bone126	Bone126	OPAQUE	generic numbered bone, no functional/regional word	NOT_APPLICABLE		Low		generic numbered technical bone	P04	
polysurface71	polySurface71	OPAQUE	generic default polygon-surface placeholder name, numbered	NOT_APPLICABLE		Low		generic DCC-default geometry placeholder, no functional/regional word	P04	
valvebiped.bip01_vag_r_2	ValveBiped.Bip01_Vag_R_2	CLEAR	vaginal anatomy (structural), right, segment 2	CLEAR	groupFile/Body	High		plain structural genital anatomy, matches ValveBiped.Bip01_Vag_L_2 precedent	P04	
cape11	cape11	CLEAR	cape garment, variant 11	CLEAR	groupFile/Clothing	High		worn garment	P04	
thick hips	thick hips	CLEAR	thick hips (shape/size)	CLEAR	groupFile/Body Morphs	High		explicit shape/size descriptor on the body	P04	
bone_pillow_low	bone_pillow_low	CLEAR	a pillow, low position	CLEAR	groupFile/Other	High		recognized furniture prop (rule 16 explicit example)	P04	
finger3a	finger3a	CLEAR	finger, digit 3, variant a, no side specified	CLEAR	groupFile/Fingers	High		side-neutral finger control, no verified side subpath needed (rule 11)	P04	
flex_small	Flex_SMALL	OPAQUE	"generic ""flex"" (morph-target) category term with a size qualifier, no specific object"	NOT_APPLICABLE		Low	"""flex"" names the generic technical category of all morph controls, not a specific referent"	generic technical category term, no specific object	P04	
lthumbnc	LThumbNc	CLEAR	"left thumb (""Nc"" suffix unresolved)"	CLEAR	groupFile/Arms/LeftArm/LeftFingers	Medium	"""Nc"" suffix does not resolve to a known qualifier"	thumb is the stable core reading regardless of the undecoded suffix	P04	
bipfin	BipFin	OPAQUE	unclear truncated compound, no confirmed decomposition	NOT_APPLICABLE		Low	could plausibly truncate several different words (fin/finger/final/etc.) with no single grounded reading	ungrounded truncated compound	P04	
bone.014	Bone.014	OPAQUE	generic numbered bone, no functional/regional word	NOT_APPLICABLE		Low		generic numbered technical bone	P04	
chin3.l	chin3.L	CLEAR	chin, segment 3, left	CLEAR	groupFile/Face/Lower Face	High		ordinary chin anatomy	P04	
hokage hat right 1a_jiggle	hokage hat right 1a_jiggle	CLEAR	Hokage-style hat, right, jiggle physics, variant 1a	CLEAR	groupFile/Clothing	High		named worn headwear item	P04	
shell.wall_7	Shell.Wall_7	CLEAR	a building/architectural shell wall, variant 7	CLEAR	groupFile/Other	Medium		"""Wall"" anchors this as architecture/environment, not ambiguous"	P04	
canine_lbacklegpalm	Canine_LBackLegPalm	CLEAR	"left back leg paw-pad (""Canine"" creature prefix)"	CLEAR	groupFile/Legs	Medium		whole paw/limb-end assembly routes to the plain limb destination, not Fingers (rule 18)	P04	
head neck ctr	head neck ctr	CLEAR	"neck control, center (""head"" location prefix)"	CLEAR	groupFile/Body	High		plain structural neck anatomy	P04	
cloth left 7	cloth left 7	CLEAR	generic cloth control, left, variant 7	CLEAR	groupFile/Clothing	High		generic cloth control	P04	
bip_cloth_b_01	bip_cloth_b_01	CLEAR	generic cloth control, variant b, segment 01	CLEAR	groupFile/Clothing	High		generic cloth control	P04	
cape1_right4	CAPE1_RIGHT4	CLEAR	cape garment, right, variant 4	CLEAR	groupFile/Clothing	High		worn garment	P04	
unusedleft pupil fbu	unusedleft pupil fbu	CLEAR	self-declared unused placeholder	CLEAR	groupFile/Useless	High		self-declared unused marker (rule 15)	P04	
tophair3	TopHair3	CLEAR	top-of-head hair, variant 3	CLEAR	groupFile/Hair	High		ordinary hair control	P04	
f04	f04	OPAQUE	ungrounded code	NOT_APPLICABLE		Low		ungrounded abbreviation, no other content	P04	
head eye inner upper left	Head Eye Inner Upper Left	CLEAR	"eye, inner, upper, left (""head"" location prefix)"	CLEAR	groupFile/Face/Eyes	High		ordinary eye anatomy	P04	
right thumb 2	Right thumb 2	CLEAR	right thumb, segment 2	CLEAR	groupFile/Arms/RightArm/RightFingers	High		explicit right finger digit, verified RightFingers subpath	P04	
polysurface67	polySurface67	OPAQUE	generic default polygon-surface placeholder name, numbered	NOT_APPLICABLE		Low		generic DCC-default geometry placeholder, no functional/regional word	P04	
bone.001.r	Bone.001.R	OPAQUE	generic numbered bone, side marker only, no functional/regional word	NOT_APPLICABLE		Low		generic numbered technical bone	P04	
canine_lfrontlegshoulderblade	Canine_LFrontLegShoulderblade	CLEAR	"left front-leg shoulder blade (""Canine"" creature prefix)"	CLEAR	groupFile/Arms	Medium		forelimb shoulder-girdle anatomy, matching the human clavicle-to-Arms convention	P04	
unusedtransform5 cmn sl alison	unusedtransform5 cmn sl alison	CLEAR	self-declared unused placeholder	CLEAR	groupFile/Useless	High		self-declared unused marker (rule 15)	P04	
polysurface53	polySurface53	OPAQUE	generic default polygon-surface placeholder name, numbered	NOT_APPLICABLE		Low		generic DCC-default geometry placeholder, no functional/regional word	P04	
jiggle01a	Jiggle01a	CLEAR	a jiggle-physics function, variant 01a (object unstated)	NEEDS_CONTEXT		Low		jiggle-physics function is clear; owning object is not named	P04	
bip01_l_thigh010	Bip01_L_Thigh010	CLEAR	left thigh, numbered sub-bone 010	CLEAR	groupFile/Legs	High		plain structural anatomy, numbering not corrective (rule 2)	P04	
unused duplicate duplicate unused.011	unused duplicate duplicate unused.011	CLEAR	self-declared unused/duplicate placeholder	CLEAR	groupFile/Useless	High		self-declared unused/duplicate marker (rule 15)	P04	
unused_head_neck_upper.001	unused_head_neck_upper.001	CLEAR	self-declared unused placeholder	CLEAR	groupFile/Useless	High		self-declared unused marker (rule 15)	P05	
belly bulge medium	Belly Bulge Medium	CLEAR	medium belly bulge	CLEAR	groupFile/Body Morphs	High		identical spelling to confirmed existing Master control	P05	
bone131	Bone131	OPAQUE	generic numbered bone, no functional/regional word	NOT_APPLICABLE		Low		generic numbered technical bone	P05	
bobcut.back_1	Bobcut.Back_1	CLEAR	bob-cut hairstyle, back, segment 1	CLEAR	groupFile/Hair	High		named hairstyle control	P05	
bip01_head017	Bip01_Head017	CLEAR	bare structural head, numbered sub-bone 017	CLEAR	groupFile/Body	High		bare structural head defaults to Body (rule 13)	P05	
page2_c	Page2_C	CLEAR	numbered slot in the coherent Page<N>_<letter> series	CLEAR	groupFile/Other	High		confirmed coherent Page-series template (rule 23 explicit example)	P05	
boon_root_right	boon_root_right	OPAQUE	unclear term, no confirmed decomposition	NOT_APPLICABLE		Low	"a possible ""bone"" typo reading is not grounded enough to assert"	ungrounded term	P05	
tbase	TBase	OPAQUE	"ungrounded single-letter prefix plus ""base"", no object"	NOT_APPLICABLE		Low		ungrounded abbreviation, no other content	P05	
lower_leg03	lower_leg03	CLEAR	lower leg, numbered	CLEAR	groupFile/Legs	High		ordinary leg anatomy	P05	
bone007	Bone007	OPAQUE	generic numbered bone, no functional/regional word	NOT_APPLICABLE		Low		generic numbered technical bone	P05	
llid_lower_raise	Llid_lower_raise	CLEAR	left eyelid, lower, raise	CLEAR	groupFile/Face/Eyes	High		ordinary eyelid anatomy	P05	
poke04	Poke04	CLEAR	"a ""poke"" function, variant 04 (object unstated)"	NEEDS_CONTEXT		Low		direction/action function is clear; owning object is not named	P05	
bone026	Bone026	OPAQUE	generic numbered bone, no functional/regional word	NOT_APPLICABLE		Low		generic numbered technical bone	P05	
cape2_middle2	CAPE2_MIDDLE2	CLEAR	cape garment, middle, variant 2	CLEAR	groupFile/Clothing	High		worn garment	P05	
unused r jacketa spo	unused r jacketa spo	CLEAR	self-declared unused placeholder	CLEAR	groupFile/Useless	High		self-declared unused marker (rule 15)	P05	
bone118	Bone118	OPAQUE	generic numbered bone, no functional/regional word	NOT_APPLICABLE		Low		generic numbered technical bone	P05	
magazinecatch	MagazineCatch	CLEAR	weapon magazine catch mechanism	CLEAR	groupFile/Other	High		recognized weapon part	P05	
hat front left	hat front left	CLEAR	hat garment, front, left	CLEAR	groupFile/Clothing	High		worn garment	P05	
object031_006	Object031_006	OPAQUE	generic placeholder object name, no referent	NOT_APPLICABLE		Low		numbered generic placeholder	P05	
belt_24	belt_24	CLEAR	belt garment, variant 24	CLEAR	groupFile/Clothing	High		worn garment	P05	
middleright2	MiddleRight2	CLEAR	middle finger, right, variant 2	CLEAR	groupFile/Arms/RightArm/RightFingers	High		explicit right finger digit, verified RightFingers subpath	P05	
bottomlipright	BottomLipRight	CLEAR	bottom lip, right	CLEAR	groupFile/Face/Lower Face	High		ordinary lip anatomy	P05	
arm left shoulder 1 ctr2	arm left shoulder 1 ctr2	CLEAR	left shoulder control, variant 1 ctr2	CLEAR	groupFile/Arms	High		ordinary shoulder anatomy	P05	
bip01_r_clavicle016	Bip01_R_Clavicle016	CLEAR	right clavicle, numbered sub-bone 016	CLEAR	groupFile/Arms	High		clavicle/shoulder-girdle anatomy	P05	
marie head neck upper	Marie head neck upper	CLEAR	"neck, upper (""Marie"" character-name prefix)"	CLEAR	groupFile/Body	High		plain structural neck anatomy; prefix ignored (rule 24)	P05	
wwexpansionanuswidth	WWExpansionAnusWidth	CLEAR	"anus width expansion (""WW"" prefix unresolved)"	CLEAR	groupFile/Body Morphs	High		explicit shape/state deformation on genital soft tissue	P05	
hat_bone_l_02	hat_bone_l_02	CLEAR	hat garment bone, left, segment 02	CLEAR	groupFile/Clothing	High		worn garment	P05	
fin-rig-eye-r	Fin-Rig-Eye-R	CLEAR	"eye, right (""Fin-Rig"" model/rig prefix)"	CLEAR	groupFile/Face/Eyes	High		eye anatomy; prefix ignored (rule 24)	P05	
r05	R05	OPAQUE	ungrounded code	NOT_APPLICABLE		Low		ungrounded abbreviation, no other content	P05	
lipscornersforward	LipsCornersForward	CLEAR	lip corners, forward	CLEAR	groupFile/Face/Lower Face	High		identical spelling to confirmed existing Master control	P05	
torso2.001	torso2.001	CLEAR	torso (structural anatomy), numbered	CLEAR	groupFile/Body	High		plain structural anatomy, no shape/state word (rule 6)	P05	
casterb_0	CasterB_0	CLEAR	a caster wheel, variant B, index 0	CLEAR	groupFile/Other	Medium		recognized furniture/mechanical hardware item	P05	
bip_l_thumb_02	bip_l_thumb_02	CLEAR	left thumb, segment 02	CLEAR	groupFile/Arms/LeftArm/LeftFingers	High		explicit left finger digit, verified LeftFingers subpath	P05	
box_face_03_m	Box_Face_03_M	PARTIAL	"a ""box face,"" variant 03_M, no further anchor"	NEEDS_CONTEXT		Low	"materially different core readings: a crate/box object's face vs. an anatomical face on a ""Box""-named model"	unresolved token relation	P05	
out_cam	Out_Cam	CLEAR	an out-facing camera reference	CLEAR	groupFile/Other	Medium		technical/utility reference with no dedicated category; closest to the generic Other bucket	P05	
arm left finger 2 a	arm left finger 2 a	CLEAR	left finger, digit 2, variant a	CLEAR	groupFile/Arms/LeftArm/LeftFingers	High		explicit left finger digit, verified LeftFingers subpath	P05	
third_arms_r_thumb3	Third_Arms_R_Thumb3	CLEAR	right thumb, third arm, segment 3	CLEAR	groupFile/Arms/RightArm/RightFingers	High		limb count does not change destination (rule 19); verified RightFingers subpath	P05	
v_weapon.root36	v_weapon.Root36	CLEAR	viewmodel weapon root, numbered	CLEAR	groupFile/Other	High		recognized weapon part	P05	
bag_bone_sr_02	bag_bone_sr_02	CLEAR	bag accessory bone, side-right, segment 02	CLEAR	groupFile/Clothing	High		"worn/carried bag accessory, matches ""bag back"" precedent"	P05	
eyesemicircleopposite	EyeSemiCircleOpposite	CLEAR	eye semi-circle shape, opposite variant	CLEAR	groupFile/Face/Eyes	High		ordinary eye-shape control	P05	
collar.ring	Collar.Ring	CLEAR	collar ring, a garment collar variant	CLEAR	groupFile/Clothing	High		matches established named-collar garment series	P05	
polysurface137	polySurface137	OPAQUE	generic default polygon-surface placeholder name, numbered	NOT_APPLICABLE		Low		generic DCC-default geometry placeholder, no functional/regional word	P05	
right little finger 2	Right little finger 2	CLEAR	right little (pinky) finger, segment 2	CLEAR	groupFile/Arms/RightArm/RightFingers	High		explicit right finger digit, verified RightFingers subpath	P05	
ropen aaa	ROpen AAA	CLEAR	"a right-side ""open"" function, variant AAA (object unstated)"	NEEDS_CONTEXT		Low		open function is clear; owning object is not named	P05	
genital left 1	genital left 1	CLEAR	genitals (structural anatomy), left, variant 1	CLEAR	groupFile/Body	High		plain structural anatomy, no shape/state word (rule 6)	P05	
bone 1075	bone 1075	OPAQUE	generic numbered bone, no functional/regional word	NOT_APPLICABLE		Low		generic numbered technical bone	P05	
midbrowdown	MidBrowDown	CLEAR	mid-brow, downward	CLEAR	groupFile/Face/Upper Face	High		ordinary eyebrow expression control	P05	
wep_fireselector_navy	WEP_FireSelector_Navy	CLEAR	"weapon fire selector, ""navy"" variant"	CLEAR	groupFile/Other	High		recognized weapon part	P05	
pussyspread2	PussySpread2	CLEAR	genital spread, variant 2	CLEAR	groupFile/Body Morphs	High		genital soft-tissue state deformation	P05	
ringright3	RingRight3	CLEAR	ring finger, right, segment 3	CLEAR	groupFile/Arms/RightArm/RightFingers	High		explicit right finger digit, verified RightFingers subpath	P05	
bone_legrr3	Bone_LegRR3	CLEAR	leg bone, right, segment 3	CLEAR	groupFile/Legs	Medium		ordinary leg anatomy	P05	
tool_hospital_surgery_kit_a_mesh	TOOL_Hospital_Surgery_Kit_A_Mesh	CLEAR	a hospital surgery kit, variant A	CLEAR	groupFile/Other	High		recognized prop; generator-style prefix does not affect destination (rule 17)	P05	
tailright2_4	TailRight2_4	CLEAR	tail, right, segment 2_4	CLEAR	groupFile/Tail	High		ordinary tail anatomy	P05	
bip01_r_hand010	Bip01_R_Hand010	CLEAR	right hand, numbered sub-bone 010	CLEAR	groupFile/Arms	High		ordinary hand-structure anatomy	P05	
r whiskers a phy	r whiskers a phy	CLEAR	whiskers (facial hair), right, physics-sim	CLEAR	groupFile/Hair	Medium		facial hair control	P05	
canin_pen_5	canin_pen_5	OPAQUE	unclear fused compound, no confirmed decomposition	NOT_APPLICABLE		Low	"a possible ""canine penis"" reading is not grounded enough to assert"	ungrounded compound	P05	
fronthaircontrol.jigglecontrol	FrontHairControl.JiggleControl	CLEAR	front hair, jiggle-physics control	CLEAR	groupFile/Hair	High		ordinary hair control	P05	
wep_rail_peq	WEP_Rail_PEQ	CLEAR	weapon accessory rail, laser/illuminator device	CLEAR	groupFile/Other	High		recognized weapon part	P05	
shirt_chest_all_forward	shirt_chest_all_forward	CLEAR	shirt garment, chest, forward	CLEAR	groupFile/Clothing	High		explicit garment name	P05	
bone 1020	bone 1020	OPAQUE	generic numbered bone, no functional/regional word	NOT_APPLICABLE		Low		generic numbered technical bone	P05	
level5_south	Level5_South	CLEAR	a level/waypoint reference, south direction	NEEDS_CONTEXT		Low		environment/level reference; no established Master category for a non-character waypoint	P05	
longear_bone_r_02	longear_bone_r_02	CLEAR	long-ear (creature) bone, right, segment 02	CLEAR	groupFile/Face/Ears	High		species-neutral ear anatomy (rule 18)	P05	
bip fpinky00 r	bip fpinky00 r	CLEAR	right pinky finger, segment 00	CLEAR	groupFile/Arms/RightArm/RightFingers	High		explicit right finger digit, verified RightFingers subpath	P05	
brows-r-foward	Brows-R-Foward	CLEAR	eyebrows, right, forward	CLEAR	groupFile/Face/Upper Face	High	"""Foward"" read as ""Forward"""	ordinary eyebrow anatomy	P05	
skinback	SkinBack+skinback	CLEAR	back skin (structural)	CLEAR	groupFile/Body	Medium		plain structural back/skin control, positional word only (rule 6)	P05	
bip_belt_r_1	bip_belt_R_1	CLEAR	belt garment, right, variant 1	CLEAR	groupFile/Clothing	High		worn garment	P05	
jiggle_belt2	jiggle_belt2	CLEAR	belt garment, jiggle-physics, variant 2	CLEAR	groupFile/Clothing	High		explicit garment name (belt)	P05	
c_bck_b01	C_BCK_B01	OPAQUE	"ungrounded code (""BCK"" not independently grounded)"	NOT_APPLICABLE		Low	"a plausible ""back"" abbreviation reading is not grounded enough under rule 23 on this literal alone"	ungrounded abbreviation	P05	
rotating	rotating	OPAQUE	a bare state descriptor with no object at all	NOT_APPLICABLE		Low		no anchor object for the state/action term	P05	
anusright	AnusRight	CLEAR	anus (structural anatomy), right	CLEAR	groupFile/Body	High		plain structural anatomy, no shape/state word (rule 6)	P05	
ballsrsqueshbottom	ballsRsqueshbottom	CLEAR	testicles, right, squash shape, bottom	CLEAR	groupFile/Body Morphs	High	"""squesh"" read as ""squash"""	genital soft-tissue shape deformation	P05	
_left_z_down	_left_z_down	CLEAR	a downward Z-axis positional function, left (object unstated)	NEEDS_CONTEXT		Low		generic axis function is clear; owning object is not named	P05	
emptycartridge	EmptyCartridge	CLEAR	an empty/spent weapon cartridge	CLEAR	groupFile/Other	High		recognized weapon/ammunition part	P05	
bip_tail_d_04	bip_tail_d_04	CLEAR	tail, variant d, segment 04	CLEAR	groupFile/Tail	High		ordinary tail anatomy	P05	
oboro_f	Oboro_F	OPAQUE	"generic variant tag (""Oboro"" character-name prefix)"	NOT_APPLICABLE		Low	"character-name prefix ignored (rule 24); remainder ""F"" has no functional/regional content"	generic tag under a character prefix	P05	
bonelow03	BoneLow03	OPAQUE	generic numbered bone with a positional adjective, no functional/regional word	NOT_APPLICABLE		Low		generic numbered technical bone	P05	
squintupleft	SquintUpLeft	CLEAR	eye squint, up, left	CLEAR	groupFile/Face/Eyes	High		ordinary eye expression	P05	
top_1	Top_1	PARTIAL	"a ""top,"" numbered, no anchor"	NEEDS_CONTEXT		Low	"the bare word ""top"" is used across materially different senses in this Master (hair, lip, clothing-top, body/muscle) with no dominant reading"	bare ambiguous object/position noun, no owner	P05	
ph08	PH08	OPAQUE	ungrounded code	NOT_APPLICABLE		Low		ungrounded abbreviation, no other content	P05	
shaftsmallerinflate	ShaftSmallerInflate	CLEAR	penis shaft, smaller/inflate shape	CLEAR	groupFile/Body Morphs	High		explicit shape/size descriptors on genital soft tissue	P05	
bip_ass2	bip_Ass2	CLEAR	buttock (structural anatomy), numbered	CLEAR	groupFile/Body	High		plain structural anatomy, no shape/state word (rule 6)	P05	
bone 1097	bone 1097	OPAQUE	generic numbered bone, no functional/regional word	NOT_APPLICABLE		Low		generic numbered technical bone	P05	
upperarmtwist2right	UpperArmTwist2Right	CLEAR	upper arm twist, right, numbered	CLEAR	groupFile/Arms	High		ordinary twist bone, not corrective by itself (rule 3)	P05	
cloth front left 3	cloth front left 3	CLEAR	generic cloth control, front, left, variant 3	CLEAR	groupFile/Clothing	High		generic cloth control	P05	
sidehair_l_1	sidehair_L_1	CLEAR	side hair, left, segment 1	CLEAR	groupFile/Hair	High		ordinary hair control	P05	
cylinderreleaselatch	CylinderReleaseLatch	CLEAR	revolver cylinder release latch	CLEAR	groupFile/Other	High		recognized weapon part	P05	
bip_hs1_r	bip_hs1_R	OPAQUE	ungrounded code, right	NOT_APPLICABLE		Low	"""hs1"" has no grounding and no other content"	ungrounded abbreviation	P05	
key 9	Key 9	CLEAR	"numbered slot in the space-separated ""Key N"" keyframe/pose-preset series"	NEEDS_CONTEXT		Low		distinct coherent series from Key.<label> (rule 23); which body/preset system it drives is unstated	P05	
eye-r-furrow-inward	Eye-R-Furrow-Inward	CLEAR	eye furrow, right, inward	CLEAR	groupFile/Face/Eyes	High		ordinary eye-region expression control	P05	
earring_r_d	Earring_R_D	CLEAR	earring, right, variant d	CLEAR	groupFile/Clothing	High		worn jewelry accessory	P05	
polysurface209	polySurface209	OPAQUE	generic default polygon-surface placeholder name, numbered	NOT_APPLICABLE		Low		generic DCC-default geometry placeholder, no functional/regional word	P05	
pupils-sad-l	Pupils-Sad-L	CLEAR	sad pupil/eye expression, left	CLEAR	groupFile/Face/Eyes	High		ordinary eye expression	P05	
back_lift1	back_lift1	CLEAR	"a ""lift"" function on the back region, variant 1"	NEEDS_CONTEXT		Low		"lift function is clear; body-vs-garment ownership of ""back"" is unresolved"	P05	
foreskinbigger	ForeskinBigger	CLEAR	"foreskin, ""bigger"" shape/size"	CLEAR	groupFile/Body Morphs	High		explicit shape/size descriptor on genital soft tissue	P05	
bottomlid_l2	bottomlid_L2	CLEAR	bottom eyelid, left, segment 2	CLEAR	groupFile/Face/Eyes	High		ordinary eyelid anatomy	P05	
chest_b	chest_b	CLEAR	chest (structural anatomy), variant b	CLEAR	groupFile/Body	High		plain structural anatomy, no shape/state word (rule 6)	P05	
top lift r	Top Lift R	PARTIAL	"a ""top,"" lift function, right"	NEEDS_CONTEXT		Low	"the bare word ""top"" is used across materially different senses in this Master with no dominant reading"	bare ambiguous object noun, no owner	P05	
bone.017.r	Bone.017.r	OPAQUE	generic numbered bone, side marker only, no functional/regional word	NOT_APPLICABLE		Low		generic numbered technical bone	P05	
bone 74	bone 74	OPAQUE	generic numbered bone, no functional/regional word	NOT_APPLICABLE		Low		generic numbered technical bone	P05	
buttplug	buttPlug	CLEAR	a buttplug (recognized object)	CLEAR	groupFile/Other	Medium		recognized adult-content prop item, matches the bip_lube.001 -> Other precedent	P05	
bld_gen_circus_tent_big_a_top_a_mesh	BLD_GEN_Circus_Tent_Big_A_Top_A_Mesh	CLEAR	a circus tent, big, variant A	CLEAR	groupFile/Other	High		recognized environment prop; generator-style prefix does not affect destination (rule 17)	P06	
helena head eyeball right	Helena head eyeball right	CLEAR	"right eyeball (""Helena"" character-name prefix)"	CLEAR	groupFile/Face/Eyes	High		eye anatomy; prefix ignored (rule 24)	P06	
bone_bed_09	bone_bed_09	CLEAR	a bed, segment 09	CLEAR	groupFile/Other	High		recognized furniture prop (rule 16)	P06	
bone 1108	bone 1108	OPAQUE	generic numbered bone, no functional/regional word	NOT_APPLICABLE		Low		generic numbered technical bone	P06	
oris04_l	oris04_L	CLEAR	orbicularis-oris mouth-region muscle, left, segment 04	CLEAR	groupFile/Face/Lower Face	Medium	"""oris"" read as the Latin mouth-muscle term (orbicularis oris)"	mouth-region facial anatomy	P06	
leg right knee adjust b	leg right knee adjust b	CLEAR	right knee adjustment control, variant b	CLEAR	groupFile/Legs	High		ordinary knee anatomy	P06	
alarm	alarm	CLEAR	an alarm device	CLEAR	groupFile/Other	Medium		recognized prop/device	P06	
helper_forearm_r	helper_forearm_R	CLEAR	right forearm helper	CLEAR	groupFile/Arms	High		ordinary arm anatomy, not corrective by itself (rule 4)	P06	
bipqwn lcalftwist	BipQwn LCalfTwist	CLEAR	"left calf twist (""Qwn"" character/model prefix)"	CLEAR	groupFile/Legs	High		ordinary twist bone; prefix ignored (rule 24)	P06	
nyotengu head nostril left 1	Nyotengu head nostril left 1	CLEAR	"nostril, left, segment 1 (""Nyotengu"" character-name prefix)"	CLEAR	groupFile/Face/Mid Face	High		mid-face anatomy; prefix ignored (rule 24)	P06	
legtoetip1_r	LegToeTip1_R	CLEAR	toe tip, right, segment 1	CLEAR	groupFile/Toes/RightToes	High		explicit right toe digit, verified RightToes subpath	P06	
belt_r1	Belt_R1	CLEAR	belt garment, right, variant 1	CLEAR	groupFile/Clothing	High		worn garment	P06	
l sideburn a phy	l sideburn a phy	CLEAR	sideburn (facial hair), left, physics-sim	CLEAR	groupFile/Hair	High		facial hair control	P06	
leg left finger 2	leg left finger 2	CLEAR	"left foot digit, segment 2 (""finger"" used generically for a digit)"	CLEAR	groupFile/Toes/LeftToes	Medium	"""finger"" is generic digit terminology here; ""leg"" anchors it as a foot digit"	explicit leg-anchored digit, verified LeftToes subpath	P06	
scale-up	scale-up	CLEAR	"a ""scale up"" size function (object unstated)"	NEEDS_CONTEXT		Low		generic scale function is clear; owning object is not named	P06	
pad2_1	pad2_1	PARTIAL	"a ""pad,"" numbered, no anchor"	NEEDS_CONTEXT		Low	materially different core readings: muscle/anatomical pad / paw pad / cushioning object / shoulder-pad garment	bare ambiguous object noun, no owner	P06	
bip01_r_hand016	Bip01_R_Hand016	CLEAR	right hand, numbered sub-bone 016	CLEAR	groupFile/Arms	High		ordinary hand-structure anatomy	P06	
vwatch	Vwatch	CLEAR	a wristwatch	CLEAR	groupFile/Clothing	Medium		worn accessory, matches watch_face_helper precedent	P06	
strap a 1	strap a 1	CLEAR	strap accessory, variant a, 1, no owner	NEEDS_CONTEXT		Medium		strap names its theme, not its mount/owner (rule 25)	P06	
left_u_vag_1	left_u_vag_1	CLEAR	upper vaginal anatomy (structural), left, variant 1	CLEAR	groupFile/Body	Medium		"plain structural anatomy; ""upper"" is positional, not a shape/state word (rule 6)"	P06	
box_kg_empty1	box_KG_empty1	CLEAR	an empty box container, variant 1	CLEAR	groupFile/Other	Medium		recognized container prop	P06	
uppersnout_r	upperSnout_R	CLEAR	snout (creature nose/mouth), upper, right	CLEAR	groupFile/Face/Mid Face	High		species-neutral nose/snout anatomy	P06	
cape_11_l	cape_11_L	CLEAR	cape garment, left, variant 11	CLEAR	groupFile/Clothing	High		worn garment	P06	
outhouse_door001_reference	outhouse_door001_reference	CLEAR	an outhouse door, reference	CLEAR	groupFile/Other	High		recognized environment prop (rule 16 door example)	P06	
bip01_l_thigh019	Bip01_L_Thigh019	CLEAR	left thigh, numbered sub-bone 019	CLEAR	groupFile/Legs	High		plain structural anatomy, numbering not corrective (rule 2)	P06	
lipstopcurlin	lipstopcurlin	CLEAR	lips top, curl inward	CLEAR	groupFile/Face/Lower Face	High		identical spelling to confirmed existing Master control	P06	
taz_l	Taz_L	OPAQUE	"generic tag, left (""Taz"" character-name prefix)"	NOT_APPLICABLE		Low	character-name prefix ignored (rule 24); no remaining functional/regional content	no content beyond a possible character-name prefix	P06	
l_knee_calf_helper	l_knee_calf_helper	CLEAR	left knee/calf helper	CLEAR	groupFile/Legs	High		ordinary leg anatomy, not corrective by itself (rule 4)	P06	
r belta a phy	R BeltA a Phy	CLEAR	belt garment, right, variant A, physics-simulated	CLEAR	groupFile/Clothing	High		matches the established ...A/B/C a Phy clothing physics-sim naming pattern	P06	
d14	D14	OPAQUE	ungrounded code	NOT_APPLICABLE		Low		ungrounded abbreviation, no other content	P06	
parasol	Parasol	CLEAR	a parasol/umbrella	CLEAR	groupFile/Other	High		recognized handheld prop	P06	
right thumb 0 grip 2	Right thumb 0 grip 2	CLEAR	right thumb, grip posing, variant 2	CLEAR	groupFile/Arms/RightArm/RightFingers	High		explicit right finger digit, verified RightFingers subpath	P06	
l_pucker	L_pucker	CLEAR	mouth pucker expression, left	CLEAR	groupFile/Face/Lower Face	High		ordinary mouth expression	P06	
bip001-r-upperarm	Bip001-R-UpperArm	CLEAR	right upper arm	CLEAR	groupFile/Arms	High		ordinary arm anatomy	P06	
thigh_twist_l_01	thigh_twist_l_01	CLEAR	left thigh twist, segment 01	CLEAR	groupFile/Legs	High		ordinary twist bone, not corrective by itself (rule 3)	P06	
tailwing_00	tailwing_00	PARTIAL	"a ""tail-wing"" compound structure, segment 00"	NEEDS_CONTEXT		Low	no Master precedent for this compound; materially different core readings between tail-region and wing-region ownership	unresolved compound, no precedent	P06	
bas.side_right_4_jiggle	BAS.Side_Right_4_jiggle	CLEAR	"a jiggle-physics function, side right, variant 4 (""BAS"" prefix unresolved, object unstated)"	NEEDS_CONTEXT		Low	"""BAS"" itself is ungrounded, but ""jiggle"" supplies a real function reading"	jiggle function is clear; owning object is not named	P06	
shirt_back_lift	shirt_back_lift	CLEAR	shirt garment, back, lift function	CLEAR	groupFile/Clothing	High		explicit garment name	P06	
kickmidoutter	KickMidOutter	CLEAR	"a ""kick"" function, mid-outer variant (object unstated)"	NEEDS_CONTEXT		Low	"""Outter"" read as ""Outer"""	kick/posing function is clear; owning object is not named	P06	
bip_r_root_horn	bip_r_root_horn	CLEAR	horn (creature anatomy), root, right	CLEAR	groupFile/Other	High		species-neutral horn anatomy routes to Other (rule 18)	P06	
egg.wall_22	Egg.Wall_22	CLEAR	"an ""egg wall"" environment structure, variant 22"	CLEAR	groupFile/Other	Medium		"""Wall"" anchors this as architecture/environment, matching Shell.Wall precedent"	P06	
saberon_bone38_lthumb	saberon_Bone38_LThumb	CLEAR	"left thumb (""Saberon"" character/model prefix)"	CLEAR	groupFile/Arms/LeftArm/LeftFingers	High		explicit left finger digit; prefix ignored (rule 24); verified LeftFingers subpath	P06	
speed1	speed1	OPAQUE	"a bare ""speed"" parameter, no subject/object"	NOT_APPLICABLE		Low		rate parameter with no anchor object, unlike a direct posing-action function	P06	
box_face_15_m	Box_Face_15_M	PARTIAL	"a ""box face,"" variant 15_M, no further anchor"	NEEDS_CONTEXT		Low	"materially different core readings: a crate/box object's face vs. an anatomical face on a ""Box""-named model"	unresolved token relation	P06	
left middle distal	Left Middle Distal	CLEAR	left middle finger, distal segment	CLEAR	groupFile/Arms/LeftArm/LeftFingers	High		explicit left finger digit, verified LeftFingers subpath	P06	
itsnouse	ITSNOUSE	OPAQUE	a phrase with no anatomical/functional referent	NOT_APPLICABLE		Low		no reliable core semantic referent for an animator control	P06	
loot_gen_backpack_c_posed_a_mesh	LOOT_GEN_Backpack_C_Posed_A_Mesh	CLEAR	a backpack, variant C, posed	CLEAR	groupFile/Clothing	High		worn-equipment accessory; generator-style prefix does not affect destination (rule 17)	P06	
cord10	Cord10	PARTIAL	"a ""cord,"" numbered, no anchor"	NEEDS_CONTEXT		Low	materially different core readings: decorative cord accessory / mechanical or electrical cord / physics rope	bare ambiguous object noun, no owner	P06	
flm-rig-hole-a	Flm-Rig-Hole-A	PARTIAL	"a ""hole,"" variant A (""Flm-Rig"" model/rig prefix)"	NEEDS_CONTEXT		Low	materially different core readings: anatomical opening / garment hole / environment hole	bare ambiguous object noun, no owner	P06	
right_shoulder_c	right_shoulder_C	CLEAR	right shoulder, variant c	CLEAR	groupFile/Arms	High		ordinary shoulder anatomy	P06	
l_elbow_twist_a_helper	l_elbow_twist_a_helper	CLEAR	left elbow twist helper	CLEAR	groupFile/Arms	High		ordinary twist/helper anatomy, not corrective by itself (rules 3-4)	P06	
key.e	Key.E	CLEAR	a lettered key in the coherent Key.<label> keyboard-prop series	CLEAR	groupFile/Other	High		matches the confirmed Key.A/Key.B-style series (rule 23)	P06	
pantsthin	Pantsthin	CLEAR	"pants garment, ""thin"" fit"	CLEAR	groupFile/Clothing	High		garment-owned shape/fit control (rule 8)	P06	
bip_hip_r_1	bip_hip_r_1	CLEAR	hip, right, variant 1	CLEAR	groupFile/Legs	Medium		ordinary hip-region anatomy	P06	
eyeballs-left	Eyeballs-Left	CLEAR	eyeballs, left	CLEAR	groupFile/Face/Eyes	High		ordinary eye anatomy	P06	
neutral2	neutral2	CLEAR	a neutral/default state control, variant 2 (scope unstated)	NEEDS_CONTEXT		Low		neutral/reset function is clear; whether it scopes to face, body, or elsewhere is unstated	P06	
prf_rinko_costume_1_aos	prf_rinko_costume_1_aos	CLEAR	"costume, variant 1 (""Rinko"" character-name prefix)"	CLEAR	groupFile/Clothing	High		"explicit ""costume"" content grounds this regardless of the prefix"	P06	
rachel bun_1	Rachel bun_1	CLEAR	"hair bun, variant 1 (""Rachel"" character-name prefix)"	CLEAR	groupFile/Hair	High		named hairstyle; prefix ignored (rule 24)	P06	
eyelashes-angry	Eyelashes-Angry	CLEAR	angry eyelash/eye expression	CLEAR	groupFile/Face/Eyes	High		ordinary eye expression	P06	
pupils-blankemote-l	Pupils-BlankEmote-L	CLEAR	blank pupil/eye expression, left	CLEAR	groupFile/Face/Eyes	High		ordinary eye expression	P06	
tailstopb2	TailsTopB2	CLEAR	tail, top, variant B2	CLEAR	groupFile/Tail	High		ordinary tail anatomy	P06	
valvebiped.polysurface12	ValveBiped.polySurface12	OPAQUE	generic default polygon-surface placeholder name on a generic rig prefix	NOT_APPLICABLE		Low		generic DCC-default geometry placeholder, no functional/regional word	P06	
leg left boot tassle 3b	leg left boot tassle 3b	CLEAR	boot tassel, left leg, variant 3b	CLEAR	groupFile/Clothing	High		explicit garment owner (boot) named (rule 25)	P06	
cc_backtoe1.r	cc_backtoe1.r	CLEAR	back toe, right, segment 1	CLEAR	groupFile/Toes/RightToes	High		explicit right toe digit, verified RightToes subpath	P06	
bone 1000	bone 1000	OPAQUE	generic numbered bone, no functional/regional word	NOT_APPLICABLE		Low		generic numbered technical bone	P06	
ass1	Ass1	CLEAR	buttock (structural anatomy), numbered	CLEAR	groupFile/Body	High		plain structural anatomy, no shape/state word (rule 6)	P06	
hip base right	Hip base right	CLEAR	hip base, right	CLEAR	groupFile/Legs	High		ordinary hip-region anatomy	P06	
unusedbone_3a item_ffx_x-2_rikku_by_xxkammyxx	unusedbone_3A item_FFX_X-2_Rikku_By_xXKammyXx	CLEAR	self-declared unused placeholder	CLEAR	groupFile/Useless	High		self-declared unused marker (rule 15)	P06	
robe_right	ROBE_RIGHT	CLEAR	robe garment, right	CLEAR	groupFile/Clothing	High		worn garment	P06	
canine_tail1	Canine_Tail1	CLEAR	"tail, segment 1 (""Canine"" creature prefix)"	CLEAR	groupFile/Tail	High		species-neutral tail anatomy	P06	
r_head_9	r_head_9	CLEAR	bare structural head, right, numbered	CLEAR	groupFile/Body	Medium		bare structural head defaults to Body (rule 13)	P06	
bikini boobs small	Bikini Boobs Small	CLEAR	breast size (small), bikini context	CLEAR	groupFile/Body Morphs	High		explicit size descriptor; bikini is only the triggering context (rule 8)	P06	
front-push-side	front-push-side	CLEAR	"a ""push"" function, front-side (object unstated)"	NEEDS_CONTEXT		Low		push function is clear; owning object is not named	P06	
box_face_13_m	Box_Face_13_M	PARTIAL	"a ""box face,"" variant 13_M, no further anchor"	NEEDS_CONTEXT		Low	"materially different core readings: a crate/box object's face vs. an anatomical face on a ""Box""-named model"	unresolved token relation	P06	
hat-widen	hat-widen	CLEAR	"hat garment, ""widen"" fit"	CLEAR	groupFile/Clothing	High		garment-owned shape/fit control (rule 8)	P06	
flm-armb-float-b6	Flm-ArmB-Float-B6	CLEAR	"a ""float"" function in model section B, variant B6 (object unstated)"	NEEDS_CONTEXT		Low	"""ArmB"" reads as an internal model-section label, not anatomical arm, based on the sibling Flm-ArmA-SwordA-G weapon control"	float function is clear; owning object is not named	P06	
rpinkie0	rPinkie0+rpinkie0	CLEAR	right pinky finger, segment 0	CLEAR	groupFile/Arms/RightArm/RightFingers	High		explicit right finger digit, verified RightFingers subpath	P06	
cape 3a	Cape 3a	CLEAR	cape garment, variant 3a	CLEAR	groupFile/Clothing	High		worn garment	P06	
ascot.bottom_13	Ascot.Bottom_13	CLEAR	ascot (neckwear garment), bottom, variant 13	CLEAR	groupFile/Clothing	High		worn garment	P06	
eye right focused	eye Right Focused	CLEAR	focused-gaze eye expression, right	CLEAR	groupFile/Face/Eyes	High		ordinary eye expression	P06	
g9	G9	OPAQUE	ungrounded code	NOT_APPLICABLE		Low		ungrounded abbreviation, no other content	P06	
front-push-center	front-push-center	CLEAR	"a ""push"" function, front-center (object unstated)"	NEEDS_CONTEXT		Low		push function is clear; owning object is not named	P06	
belt_front_r	belt_front_R	CLEAR	belt garment, front, right	CLEAR	groupFile/Clothing	High		worn garment	P06	
rachel head forehead left	Rachel head forehead left	CLEAR	"forehead, left (""Rachel"" character-name prefix)"	CLEAR	groupFile/Face/Upper Face	High		upper-face anatomy; prefix ignored (rule 24)	P06	
headband back lower	headband back lower	CLEAR	headband, back, lower	CLEAR	groupFile/Clothing	High		worn accessory	P06	
spine2_00002	spine2_00002	CLEAR	spine (bare, no ownership evidence), numbered	NEEDS_CONTEXT		Low		bare spine literal with no biped/rig prefix and no garment/hair noun (rule 14)	P06	
right hand screw	Right hand screw	CLEAR	a screw/hardware item, right hand	CLEAR	groupFile/Other	Medium		recognized handheld hardware/tool item	P06	
leftnutscale	LeftNutScale	CLEAR	"testicle (""nut"" slang) size scale, left"	CLEAR	groupFile/Body Morphs	High		explicit shape/size descriptor on genital soft tissue	P06	
lipssmilesmall	lipssmilesmall	CLEAR	lips smile, small	CLEAR	groupFile/Face/Lower Face	High		identical spelling to confirmed existing Master control	P06	
se_bones24	se_bones24	OPAQUE	generic numbered bone, no functional/regional word	NOT_APPLICABLE		Low		generic numbered technical bone	P06	
shell.wall_36	Shell.Wall_36	CLEAR	a building/architectural shell wall, variant 36	CLEAR	groupFile/Other	Medium		matches the established Shell.Wall pattern	P06	
flm-arma-swordb-z	Flm-ArmA-SwordB-Z	CLEAR	sword weapon prop, variant B/Z	CLEAR	groupFile/Other	High		recognized weapon prop (rule 16); matches established Flm-ArmA-Sword pattern	P06	
tentaclebottompleft3	TentacleBottompLeft3	CLEAR	tentacle, bottom left, segment 3	CLEAR	groupFile/Other	High	"""bottomp"" read as ""bottom"""	species-neutral tentacle anatomy routes to Other (rule 18)	P06	
leftnipple2	LeftNipple2	CLEAR	left nipple (structural anatomy), numbered	CLEAR	groupFile/Body	Medium		plain structural anatomy, no shape/state word (rule 6)	P06	
forehead_l	Forehead_L+forehead_L	CLEAR	forehead, left	CLEAR	groupFile/Face/Upper Face	High		ordinary forehead anatomy	P06	
thighright	ThighRight	CLEAR	thigh, right	CLEAR	groupFile/Legs	High		ordinary leg anatomy	P06	
bottom_s_r	Bottom_S_R	PARTIAL	"a ""bottom,"" S, right, no anchor"	NEEDS_CONTEXT		Low	materially different core readings: buttocks / bottom-position marker / bottom garment piece	bare ambiguous object noun, no owner	P06	
opt_hand_right_middle3	OPT_Hand_Right_Middle3	CLEAR	right middle finger, segment 3	CLEAR	groupFile/Arms/RightArm/RightFingers	High		explicit right finger digit, verified RightFingers subpath	P06	
cock-chubby	cock-chubby	CLEAR	"penis, ""chubby"" shape"	CLEAR	groupFile/Body Morphs	High		explicit shape descriptor on genital soft tissue	P06	
c_dred_l1_03	C_Dred_L1_03	CLEAR	dreadlock hair, variant L1_03	CLEAR	groupFile/Hair	Medium		named hairstyle control	P06	
bottom_6	bottom_6	PARTIAL	"a ""bottom,"" numbered, no anchor"	NEEDS_CONTEXT		Low	materially different core readings: buttocks / bottom-position marker / bottom garment piece	bare ambiguous object noun, no owner	P07	
bone.	Bone.	OPAQUE	generic bone reference, no functional/regional word	NOT_APPLICABLE		Low		generic numbered technical bone	P07	
asshole_5	Asshole_5	CLEAR	anus (structural anatomy), numbered	CLEAR	groupFile/Body	High		plain structural anatomy, no shape/state word (rule 6)	P07	
right little finger 3	Right little finger 3	CLEAR	right little (pinky) finger, segment 3	CLEAR	groupFile/Arms/RightArm/RightFingers	High		explicit right finger digit, verified RightFingers subpath	P07	
third_arms_r_middle3	Third_Arms_R_Middle3	CLEAR	right middle finger, third arm, segment 3	CLEAR	groupFile/Arms/RightArm/RightFingers	High		limb count does not change destination (rule 19); verified RightFingers subpath	P07	
cons_potion_healing_a_superior_contents	CONS_Potion_Healing_A_Superior_Contents	CLEAR	a healing potion item, superior variant	CLEAR	groupFile/Other	High		recognized prop/item	P07	
ballslsqueshside	ballsLsqueshside	CLEAR	testicles, left, squash shape, side	CLEAR	groupFile/Body Morphs	High	"""squesh"" read as ""squash"""	genital soft-tissue shape deformation	P07	
bip01_pelvis017	Bip01_Pelvis017	CLEAR	pelvis (structural anatomy), numbered	CLEAR	groupFile/Body	High		plain structural anatomy, no shape/state word (rule 6)	P07	
bipqwn l foretwist1	BipQwn L ForeTwist1	CLEAR	"left forearm twist, variant 1 (""Qwn"" prefix)"	CLEAR	groupFile/Arms	High		ordinary twist bone; prefix ignored (rule 24)	P07	
bobcut.left_3_jiggle	Bobcut.Left_3_jiggle	CLEAR	bob-cut hairstyle, left, jiggle physics	CLEAR	groupFile/Hair	High		named hairstyle control	P07	
chiraiser	chiraiser	OPAQUE	unclear fused compound, no confirmed decomposition	NOT_APPLICABLE		Low	"a possible ""chin raiser"" reading requires assuming a missing letter and is not grounded enough to assert"	ungrounded compound	P07	
book1_bottom	Book1_Bottom	CLEAR	a book, bottom, variant 1	CLEAR	groupFile/Other	High		recognized prop (rule 16 explicit example)	P07	
org-palm.01.l	ORG-palm.01.L	CLEAR	palm (hand structure), left, numbered	CLEAR	groupFile/Arms	High		ordinary hand-structure anatomy; ORG- is a generic rig prefix (rule 9/17)	P07	
earring.ring_right_2	Earring.Ring_Right_2	CLEAR	ring-style earring, right, variant 2	CLEAR	groupFile/Clothing	High		worn jewelry accessory	P07	
lfootj	LFootJ	CLEAR	"left foot (""J"" suffix unresolved)"	CLEAR	groupFile/Legs	Medium	"""J"" suffix does not resolve to a known qualifier"	foot is the stable core reading regardless of the undecoded suffix	P07	
depth_5	depth_5	OPAQUE	"a bare ""depth"" parameter, no subject/object"	NOT_APPLICABLE		Low		dimensional parameter with no anchor object	P07	
c_tier_c03	C_TieR_C03	CLEAR	necktie garment, right, variant C03	CLEAR	groupFile/Clothing	High		matches the established C_Tie[L/R] pattern (paired with C_TieL_C06)	P07	
_right_x_up	_right_x_up	CLEAR	an upward X-axis positional function, right (object unstated)	NEEDS_CONTEXT		Low		generic axis function is clear; owning object is not named	P07	
tenta_2_r	tenta_2_R	CLEAR	tentacle, right, segment 2	CLEAR	groupFile/Other	Medium	"""tenta"" read as a truncation of ""tentacle"""	species-neutral tentacle anatomy routes to Other (rule 18)	P07	
rocks	Rocks	CLEAR	rocks (environment prop)	CLEAR	groupFile/Other	High		recognized environment prop	P07	
cock.shaft_6_skin	Cock.Shaft_6_Skin	CLEAR	penis shaft skin (structural anatomy), variant 6	CLEAR	groupFile/Body	High		matches the settled Cock.Shaft_4_Skin precedent exactly	P07	
fin-rig-eye-lb	Fin-Rig-Eye-LB	CLEAR	"eye, left-bottom (""Fin-Rig"" model/rig prefix)"	CLEAR	groupFile/Face/Eyes	High		eye anatomy; prefix ignored (rule 24)	P07	
spine_bone_correct_l_01	spine_bone_correct_l_01	CLEAR	spine bone pose-correction, left, variant 01	CLEAR	groupFile/Correctives	High		"explicit ""correct"" purpose word (rule 5)"	P07	
gatling_console	gatling_console	CLEAR	a gatling-gun control console	CLEAR	groupFile/Other	High		recognized weapon/vehicle mechanism	P07	
cockh	CockH	CLEAR	"penis (structural anatomy) (""H"" suffix unresolved)"	CLEAR	groupFile/Body	Medium	"""H"" does not clearly state a shape/state word"	plain structural anatomy defaults to Body absent a clear shape/state term (rule 6)	P07	
tail 5 jb	tail 5 JB	CLEAR	"tail, variant 5 (""JB"" suffix unresolved)"	CLEAR	groupFile/Tail	High		tail is the stable core reading regardless of the undecoded suffix	P07	
r_upper_raiser	R_upper_raiser	CLEAR	a raising function, upper position, right (object unstated)	NEEDS_CONTEXT		Low		raise function is clear; owning object is not named	P07	
bip facetempleloin r	bip facetempleloin r	PARTIAL	face/temple region control, right side	CLEAR	groupFile/Face/Upper Face	Medium	"""loin"" is a genuinely undecoded compound token"	temple-region facial control with an undecoded internal token	P07	
penus 4	penus 4	CLEAR	penis (structural anatomy), numbered	CLEAR	groupFile/Body	High	"""penus"" read as ""penis"""	plain structural anatomy, no shape/state word (rule 6)	P07	
saberon_bone41_rfingerpinky	saberon_Bone41_RFingerPinky	CLEAR	"right pinky finger (""Saberon"" character/model prefix)"	CLEAR	groupFile/Arms/RightArm/RightFingers	High		explicit right finger digit; prefix ignored (rule 24); verified RightFingers subpath	P07	
pjcmabdomen2fwd40	pJCMAbdomen2Fwd40	CLEAR	pose-driven joint-corrective morph, abdomen, forward, 40 degrees	CLEAR	groupFile/Correctives	High		"explicit ""JCM"" corrective marker (rule 5)"	P07	
r knee spo	R Knee Spo	CLEAR	right knee, physics-sim variant	CLEAR	groupFile/Legs	Medium		ordinary knee anatomy with a physics-sim marker, not corrective by itself	P07	
right little proximal	Right Little Proximal	CLEAR	right little (pinky) finger, proximal segment	CLEAR	groupFile/Arms/RightArm/RightFingers	High		explicit right finger digit, verified RightFingers subpath	P07	
maid.bow_right_upper_3	Maid.Bow_Right_Upper_3	CLEAR	decorative bow, right, upper, variant 3, maid-costume context	CLEAR	groupFile/Clothing	Medium		"""Maid"" costume context grounds this as a decorative garment bow"	P07	
bip_r_thumb_sub	bip_r_thumb_sub	CLEAR	right thumb, sub-bone	CLEAR	groupFile/Arms/RightArm/RightFingers	High		explicit right finger digit, verified RightFingers subpath	P07	
bas.side_right_1	BAS.Side_Right_1	OPAQUE	"ungrounded ""BAS"" code with a bare position, no object"	NOT_APPLICABLE		Low	"""BAS"" has no grounding and ""side right"" alone has no anchor object"	ungrounded prefix plus bare position	P07	
sash 1a	Sash 1a	CLEAR	sash garment accessory, variant 1a	CLEAR	groupFile/Clothing	High		worn garment	P07	
left_lipstretch	Left_lipstretch	CLEAR	lip stretch, left	CLEAR	groupFile/Face/Lower Face	High		ordinary lip expression	P07	
org-palm.03.r	ORG-palm.03.R	CLEAR	palm (hand structure), right, numbered	CLEAR	groupFile/Arms	High		ordinary hand-structure anatomy	P07	
pcube7	pCube7	OPAQUE	generic default polygon-cube placeholder name, numbered	NOT_APPLICABLE		Low		generic DCC-default geometry placeholder, no functional/regional word	P07	
robe_left	ROBE_LEFT	CLEAR	robe garment, left	CLEAR	groupFile/Clothing	High		worn garment	P07	
qwn-rig-eye-r	Qwn-Rig-Eye-R	CLEAR	"eye, right (""Qwn-Rig"" model/rig prefix)"	CLEAR	groupFile/Face/Eyes	High		eye anatomy; prefix ignored (rule 24)	P07	
i16	I16	OPAQUE	ungrounded code	NOT_APPLICABLE		Low		ungrounded abbreviation, no other content	P07	
bip_l_finger_c_02	bip_l_finger_c_02	CLEAR	left finger, variant c, segment 02	CLEAR	groupFile/Arms/LeftArm/LeftFingers	High		explicit left finger digit, verified LeftFingers subpath	P07	
eyes-full-furrow-inward	Eyes-Full-Furrow-Inward	CLEAR	full eye furrow, inward	CLEAR	groupFile/Face/Eyes	High		ordinary eye expression	P07	
leg left hip	leg left hip	CLEAR	hip, left	CLEAR	groupFile/Legs	High		ordinary hip-region anatomy	P07	
shiri_l__slerp_momo_l__i50_x0__offset	shiri_l__slerp_momo_l__i50_x0__offset	CLEAR	"buttock/thigh (Japanese ""shiri""/""momo"") interpolation blend control, left"	CLEAR	groupFile/Legs	Medium	"relies on Japanese anatomical-term recognition (shiri=buttock, momo=thigh); ""slerp"" is a pure interpolation technique, not a stated repair purpose"	ordinary structural hip/thigh blend control	P07	
key.a	Key.A	CLEAR	a lettered key in the coherent Key.<label> keyboard-prop series	CLEAR	groupFile/Other	High		matches the confirmed Key.A/Key.B series (rule 23)	P07	
sidehair_r_1	sidehair_R_1	CLEAR	side hair, right, segment 1	CLEAR	groupFile/Hair	High		ordinary hair control	P07	
flex_thin_top	Flex_THIN_TOP+Flex_Thin_Top	OPAQUE	"generic ""flex"" category term combined with an ambiguous ""top"" qualifier"	NOT_APPLICABLE		Low	"""flex"" names the generic technical category of all morph controls; ""top"" does not resolve to one dominant sense"	generic technical category term plus ambiguous qualifier, no specific object	P07	
shoulder_orb_left	SHOULDER_ORB_LEFT	CLEAR	a decorative orb accessory, shoulder-mounted, left	CLEAR	groupFile/Clothing	Medium		worn decorative accessory	P07	
crow_2.tail_r	Crow_2.Tail_R	CLEAR	"tail, right (""Crow_2"" model prefix)"	CLEAR	groupFile/Tail	High		ordinary tail anatomy; prefix ignored (rule 24)	P07	
h12	H12	OPAQUE	ungrounded code	NOT_APPLICABLE		Low		ungrounded abbreviation, no other content	P07	
maskeyehide	MaskEyeHide	CLEAR	mask (worn accessory), eye-area hide function	CLEAR	groupFile/Clothing	Medium		worn accessory with a stated function	P07	
left_liploout	Left_LipLoOut	CLEAR	lower lip, outward, left	CLEAR	groupFile/Face/Lower Face	High	"""Lo"" read as ""lower"", extending the established lip u/lo shorthand convention"	"lip is spelled out; ""Lo""=lower matches the established convention"	P07	
hat.root	Hat.Root	CLEAR	hat garment, root	CLEAR	groupFile/Clothing	High		worn garment	P07	
bip01_spine3_010	Bip01_Spine3_010	CLEAR	spine (structural anatomy), numbered	CLEAR	groupFile/Body	High		explicit biped skeleton prefix with no garment/hair noun (rule 14)	P07	
bow right a root	bow right a root	PARTIAL	"a ""bow,"" right, no anchor"	NEEDS_CONTEXT		Low	materially different core readings: decorative bow / archery bow / other (rule 22 explicit example)	bare ambiguous object noun, no owner	P07	
bone033	Bone033	OPAQUE	generic numbered bone, no functional/regional word	NOT_APPLICABLE		Low		generic numbered technical bone	P07	
strings 4 jb	strings 4 JB	PARTIAL	"""strings,"" numbered, no anchor"	NEEDS_CONTEXT		Low	materially different core readings: clothing drawstrings / instrument strings / physics jiggle strands / puppet strings	bare ambiguous object noun, no owner	P07	
thinner/beam	Thinner/beam	PARTIAL	"a ""thinner""/""beam"" pairing, no coherent combined reading"	NEEDS_CONTEXT		Low	materially different core readings: chemical thinner tool / structural beam / light beam, with no clear relation between the two words	unresolved token relation	P07	
canteen1	Canteen1	CLEAR	a canteen, variant 1	CLEAR	groupFile/Clothing	Medium		worn/carried equipment item	P07	
cloth front left 2	cloth front left 2	CLEAR	generic cloth control, front, left, variant 2	CLEAR	groupFile/Clothing	High		generic cloth control	P07	
flap3.r	Flap3.R	CLEAR	a garment flap, right, variant 3	CLEAR	groupFile/Clothing	Medium		garment-flap element	P07	
box17	Box17	CLEAR	a box, variant 17	CLEAR	groupFile/Other	High		recognized prop	P07	
body-r-ass-up	Body-R-Ass-Up	CLEAR	"buttock, right, ""up"" state"	CLEAR	groupFile/Body Morphs	High		soft-tissue direction/state control, matches established Ass-* precedent	P07	
bone25	Bone25	OPAQUE	generic numbered bone, no functional/regional word	NOT_APPLICABLE		Low		generic numbered technical bone	P07	
bip_clockcollar_l	bip_ClockCollar_L	CLEAR	"""Clock Collar"" costume item, left"	CLEAR	groupFile/Clothing	High		matches the settled bip_ClockCollarBack_L named-costume precedent	P07	
valvebiped_fx_shelleject	ValveBiped_FX_ShellEject	CLEAR	weapon shell-eject FX	CLEAR	groupFile/Other	High		recognized weapon part	P07	
bip_ass1_l	bip_Ass1_l+bip_ass1_L	CLEAR	buttock (structural anatomy), left, numbered	CLEAR	groupFile/Body	High		plain structural anatomy, no shape/state word (rule 6)	P07	
waist cancel left	Waist cancel left	CLEAR	waist counter-rotation rig control, left	CLEAR	groupFile/Body	Medium		technical rig-cancel control on structural anatomy, not a shape/state term	P07	
unused r jacketb spo	unused r jacketb spo	CLEAR	self-declared unused placeholder	CLEAR	groupFile/Useless	High		self-declared unused marker (rule 15)	P07	
ascot.top_5	Ascot.Top_5	CLEAR	ascot (neckwear garment), top, variant 5	CLEAR	groupFile/Clothing	High		worn garment	P07	
pad1_5	pad1_5	PARTIAL	"a ""pad,"" numbered, no anchor"	NEEDS_CONTEXT		Low	materially different core readings: muscle/anatomical pad / paw pad / cushioning object / shoulder-pad garment	bare ambiguous object noun, no owner	P07	
bipqwn r foretwist	BipQwn R ForeTwist	CLEAR	"right forearm twist (""Qwn"" prefix)"	CLEAR	groupFile/Arms	High		ordinary twist bone; prefix ignored (rule 24)	P07	
bone194	Bone194	OPAQUE	generic numbered bone, no functional/regional word	NOT_APPLICABLE		Low		generic numbered technical bone	P07	
grit_both	Grit_Both	CLEAR	teeth-gritting expression, both sides	CLEAR	groupFile/Face/Lower Face	Medium		jaw/teeth expression control	P07	
box_kg1	box_KG1	CLEAR	a box container, variant 1	CLEAR	groupFile/Other	High		recognized container prop, matches box_KG_empty1 pattern	P07	
leg right thigh ctrl 2	leg right thigh ctrl 2	CLEAR	right thigh control, variant 2	CLEAR	groupFile/Legs	High		ordinary thigh anatomy	P07	
i12	I12	OPAQUE	ungrounded code	NOT_APPLICABLE		Low		ungrounded abbreviation, no other content	P07	
tripod.height	tripod.height	CLEAR	a tripod, height parameter	CLEAR	groupFile/Other	High		recognized prop	P07	
r_finger_1a	r_finger_1a	CLEAR	right finger, digit 1, variant a	CLEAR	groupFile/Arms/RightArm/RightFingers	High		explicit right finger digit, verified RightFingers subpath	P07	
ahoge 2	Ahoge 2	CLEAR	an ahoge (single upright hair strand), variant 2	CLEAR	groupFile/Hair	High		recognized specific hairstyle term	P07	
v_weapon.right_middle01	v_weapon.Right_Middle01	CLEAR	right middle finger (viewmodel weapon-hand rig)	CLEAR	groupFile/Arms/RightArm/RightFingers	High		explicit right finger digit, verified RightFingers subpath	P07	
door	Door+door	CLEAR	a door	CLEAR	groupFile/Other	High		recognized environment prop (rule 16 explicit example)	P07	
bip01_l_hand008	Bip01_L_Hand008	CLEAR	left hand, numbered sub-bone 008	CLEAR	groupFile/Arms	High		ordinary hand-structure anatomy	P07	
bip_panty_left.001	bip_panty_left.001	CLEAR	panty garment, left	CLEAR	groupFile/Clothing	High		worn garment	P07	
foreskinrbump1	foreskinRbump1	CLEAR	foreskin bump, right, variant 1	CLEAR	groupFile/Body Morphs	High		genital soft-tissue shape deformation, matches foreskinbumpbottom precedent	P07	
bags belt root	Bags Belt Root	CLEAR	bag and belt accessory, root	CLEAR	groupFile/Clothing	High		worn/carried accessory	P07	
leftclothpulltogether	LeftClothPullTogether	CLEAR	cloth garment, left, pull-together fit function	CLEAR	groupFile/Clothing	High		garment-owned fit control (rule 8)	P07	
cloth_back_b_4_r	cloth_back_B_4_R	CLEAR	generic cloth control, back, variant B, segment 4, right	CLEAR	groupFile/Clothing	High		generic cloth control	P07	
l string5 tip sec	l string5 tip sec	PARTIAL	"a ""string,"" tip, secondary, left"	NEEDS_CONTEXT		Low	materially different core readings: clothing drawstring / instrument string / physics jiggle strand	bare ambiguous object noun, no owner	P07	
cum-flat-bottom	cum-flat-bottom	CLEAR	a fluid/wetness effect, flat-bottom variant	CLEAR	groupFile/Other	High		bare fluid-effect control routes to Other, not anatomy or Body Morphs (rule 7)	P07	
right middle finger 1 expansion 1	Right middle finger 1 expansion 1	CLEAR	right middle finger, expansion variant 1	CLEAR	groupFile/Arms/RightArm/RightFingers	High		"finger-class content despite ""expansion"" qualifier; not corrective by itself (rule 5)"	P07	
bioshagdvd	bioshagdvd	OPAQUE	unclear fused compound, no confirmed decomposition	NOT_APPLICABLE		Low		ungrounded term	P07	
shin.l.001	shin.L.001	CLEAR	shin (lower leg), left, numbered	CLEAR	groupFile/Legs	High		ordinary leg anatomy	P07	
glass_front_d	glass_front_d	PARTIAL	"a ""glass,"" front, variant d"	NEEDS_CONTEXT		Low	materially different core readings: drinking glass / window glass / eyeglass lens (rule 22 explicit example)	bare ambiguous object noun, no owner	P07	
muscleup	muscleup	CLEAR	muscle definition/appearance, up	CLEAR	groupFile/Body Morphs	High		matches established muscle-appearance precedent	P07	
turret_root	turret_root	CLEAR	a turret, root	CLEAR	groupFile/Other	High		recognized weapon/vehicle mechanism	P07	
tenta_b_3_l	tenta_b_3_L	CLEAR	tentacle, variant b, segment 3, left	CLEAR	groupFile/Other	Medium	"""tenta"" read as a truncation of ""tentacle"""	species-neutral tentacle anatomy routes to Other (rule 18)	P07	
bas.left_2	BAS.Left_2	OPAQUE	"ungrounded ""BAS"" code with a bare position, no object"	NOT_APPLICABLE		Low	"""BAS"" has no grounding and ""left"" alone has no anchor object"	ungrounded prefix plus bare position	P08	
bone middle 07	bone middle 07	OPAQUE	generic bone with a positional adjective, no functional/regional word	NOT_APPLICABLE		Low		generic numbered technical bone	P08	
upperlipslift	UpperLipsLift	CLEAR	upper lip lift	CLEAR	groupFile/Face/Lower Face	High		ordinary lip expression control	P08	
bip001-r-forearm	Bip001-R-Forearm	CLEAR	right forearm	CLEAR	groupFile/Arms	High		ordinary arm anatomy	P08	
13	13	OPAQUE	bare number, no words at all	NOT_APPLICABLE		Low	a number alone carries no semantic content	no interpretable content	P08	
v-open	V-Open	PARTIAL	"a ""V"" open function, no anchor"	NEEDS_CONTEXT		Low	"materially different core readings: a ""V"" viseme mouth-shape open vs. a vagina-open control"	unresolved abbreviation with competing readings	P08	
bone134_l_hoho4_joint	bone134_L_Hoho4_Joint	CLEAR	"cheek (Japanese ""hoho""), left, joint"	CLEAR	groupFile/Face/Mid Face	Medium	relies on Japanese anatomical-term recognition (hoho=cheek)	mid-face anatomy	P08	
l3rdnb	L3rdNb	OPAQUE	unclear fused compound, no confirmed decomposition	NOT_APPLICABLE		Low		ungrounded compound	P08	
buttspread.r	ButtSpread.R	CLEAR	buttock spread, right	CLEAR	groupFile/Body Morphs	High		soft-tissue spread/state deformation	P08	
arm left shoulder ctr 2	arm left shoulder ctr 2	CLEAR	left shoulder control, variant 2	CLEAR	groupFile/Arms	High		ordinary shoulder anatomy	P08	
koshiplus_d__offset	koshiplus_d__offset	CLEAR	"hip/waist (Japanese ""koshi"") rig control, variant d, offset"	CLEAR	groupFile/Body	Medium	relies on Japanese anatomical-term recognition (koshi=hip/waist/lower back)	structural hip/waist region control	P08	
spinec_helper	spinec_helper	CLEAR	spine (bare, no ownership evidence), variant c, helper	NEEDS_CONTEXT		Low		bare spine literal with no biped/rig prefix and no garment/hair noun (rule 14)	P08	
cons_potion_healing_a_supreme_glass_mesh	CONS_Potion_Healing_A_Supreme_Glass_Mesh	CLEAR	a healing-potion glass vessel, supreme variant	CLEAR	groupFile/Other	High		matches established CONS_Potion_Healing prop pattern	P08	
blade.l	Blade.L	CLEAR	a blade weapon, left	CLEAR	groupFile/Other	High		recognized weapon prop	P08	
wep_bullet6_shell	WEP_Bullet6_Shell	CLEAR	weapon bullet shell, variant 6	CLEAR	groupFile/Other	High		recognized weapon/ammunition part	P08	
left_3	left_3	OPAQUE	pure positional phrase, no object/function named	NOT_APPLICABLE		Low		positional label with no object/function	P08	
fh15.l	Fh15.L	OPAQUE	ungrounded two-letter code plus number, left	NOT_APPLICABLE		Low	"a possible ""forehead"" abbreviation reading is not grounded enough to assert"	ungrounded abbreviation	P08	
levator03_r	levator03_R	CLEAR	levator muscle (mouth/cheek elevator), right, numbered	CLEAR	groupFile/Face/Lower Face	Medium		recognized facial-muscle anatomical term	P08	
l_front_holster_0u_13v	l_front_holster_0u_13v	CLEAR	holster, left, front	CLEAR	groupFile/Clothing	High		worn-equipment holster default (rule 16)	P08	
window	Window	CLEAR	a window	CLEAR	groupFile/Other	High		recognized environment prop	P08	
rough_small_1	rough_small_1	OPAQUE	bare texture/size descriptors, no object at all	NOT_APPLICABLE		Low		no anchor object for the descriptive terms	P08	
leftlowerforearm_helper	LeftLowerForeArm_helper	CLEAR	left lower forearm helper	CLEAR	groupFile/Arms	High		ordinary arm anatomy, not corrective by itself (rule 4)	P08	
m06	M06	OPAQUE	ungrounded code	NOT_APPLICABLE		Low		ungrounded abbreviation, no other content	P08	
unusedhairroot1	unusedhairroot1	CLEAR	self-declared unused placeholder	CLEAR	groupFile/Useless	High		self-declared unused marker (rule 15)	P08	
bip01_r_thigh009	Bip01_R_Thigh009	CLEAR	right thigh, numbered sub-bone 009	CLEAR	groupFile/Legs	High		plain structural anatomy, numbering not corrective (rule 2)	P08	
rib cage size	Rib cage Size	CLEAR	rib cage size	CLEAR	groupFile/Body Morphs	High		explicit shape/size descriptor on the body	P08	
shirt_exposed_tie_left_4	Shirt_Exposed_Tie_Left_4	CLEAR	shirt garment, exposed tie, left, variant 4	CLEAR	groupFile/Clothing	High		explicit garment name	P08	
upper arm plate	Upper Arm Plate	CLEAR	arm armor plate	CLEAR	groupFile/Clothing	High		worn protective equipment, matches butt armor precedent	P08	
tentacletopright1	TentacleTopRight1	CLEAR	tentacle, top right, segment 1	CLEAR	groupFile/Other	High		species-neutral tentacle anatomy routes to Other (rule 18)	P08	
bone 1053	bone 1053	OPAQUE	generic numbered bone, no functional/regional word	NOT_APPLICABLE		Low		generic numbered technical bone	P08	
hand_b_r	Hand_B_R	CLEAR	hand, variant b, right	CLEAR	groupFile/Arms	High		ordinary hand-structure anatomy	P08	
rachel bun_3_jiggle	Rachel bun_3_jiggle	CLEAR	"hair bun, jiggle physics (""Rachel"" character-name prefix)"	CLEAR	groupFile/Hair	High		named hairstyle; prefix ignored (rule 24)	P08	
hat-lengthen	hat-lengthen	CLEAR	"hat garment, ""lengthen"" fit"	CLEAR	groupFile/Clothing	High		garment-owned shape/fit control (rule 8)	P08	
dec_hospital_skeleton_a_mesh	DEC_Hospital_Skeleton_A_Mesh	CLEAR	a hospital anatomy-skeleton prop, variant A	CLEAR	groupFile/Other	High		recognized prop; generator-style prefix does not affect destination (rule 17)	P08	
corner down	Corner down	PARTIAL	"a ""corner,"" downward, no anchor"	NEEDS_CONTEXT		Low	materially different core readings: mouth corner / eye corner / room-furniture corner	bare ambiguous object noun, no owner	P08	
crow_3.body	Crow_3.Body	CLEAR	"body (""Crow_3"" model prefix)"	CLEAR	groupFile/Body	High		bare structural body reference; prefix ignored (rule 24)	P08	
+right_footd	+right_footD	CLEAR	right foot, variant D	CLEAR	groupFile/Legs	High		ordinary foot anatomy	P08	
nostril right	Nostril Right	CLEAR	nostril, right	CLEAR	groupFile/Face/Mid Face	High		mid-face anatomy	P08	
grip.006	grip.006	CLEAR	a grip/handle component, variant 006	CLEAR	groupFile/Other	Medium		recognized handheld/weapon grip component	P08	
pupils-glaresizesmall-r	Pupils-GlareSizeSmall-R	CLEAR	pupil glare size (small), right	CLEAR	groupFile/Face/Eyes	High		ordinary eye-shape control	P08	
cube4	cube4	OPAQUE	generic default cube placeholder name, numbered	NOT_APPLICABLE		Low		generic DCC-default geometry placeholder, no functional/regional word	P08	
weapon.frontright	Weapon.FrontRight	CLEAR	a weapon, front-right position	CLEAR	groupFile/Other	High		recognized weapon prop	P08	
mainlidanger	MainLidAnger	CLEAR	angry eyelid expression	CLEAR	groupFile/Face/Eyes	High		ordinary eyelid expression	P08	
left upperleg	Left UpperLeg	CLEAR	left upper leg	CLEAR	groupFile/Legs	High		ordinary leg anatomy	P08	
bip01-neck001	Bip01-Neck001	CLEAR	neck (structural anatomy), numbered	CLEAR	groupFile/Body	High		plain structural anatomy, no shape/state word (rule 6)	P08	
bip01-head001	Bip01-Head001	CLEAR	bare structural head, numbered sub-bone 001	CLEAR	groupFile/Body	High		bare structural head defaults to Body (rule 13)	P08	
head left earring root	head left earring root	CLEAR	"earring, left, root (""head"" location prefix)"	CLEAR	groupFile/Clothing	High		worn jewelry accessory	P08	
box20	Box20	CLEAR	a box, variant 20	CLEAR	groupFile/Other	High		recognized prop	P08	
l_front_holster_0u_12v	l_front_holster_0u_12v	CLEAR	holster, left, front	CLEAR	groupFile/Clothing	High		worn-equipment holster default (rule 16)	P08	
student.right_3_jiggle	Student.Right_3_jiggle	CLEAR	"a jiggle-physics function, right, variant 3, ""Student"" costume context (object unstated)"	NEEDS_CONTEXT		Low		jiggle function is clear; the theme prefix alone does not name a specific object	P08	
arm right cloth 1a	arm right cloth 1a	CLEAR	generic cloth control, arm-mounted, right, variant 1a	CLEAR	groupFile/Clothing	High		generic cloth control	P08	
lipscornersdown	LipsCornersDown	CLEAR	lip corners, downward	CLEAR	groupFile/Face/Lower Face	High		identical spelling to confirmed existing Master control	P08	
cape_8_r	cape_8_R	CLEAR	cape garment, right, variant 8	CLEAR	groupFile/Clothing	High		worn garment	P08	
island_collar_05_wind_helper	island_collar_05_wind_helper	CLEAR	garment collar, wind-physics helper, variant 05	CLEAR	groupFile/Clothing	Medium		wind-simulation context indicates fabric collar, not anatomy	P08	
leg right boot tassle 2b	leg right boot tassle 2b	CLEAR	boot tassel, right leg, variant 2b	CLEAR	groupFile/Clothing	High		explicit garment owner (boot) named (rule 25)	P08	
bip_scraft_r	bip_Scraft_R	CLEAR	a scarf garment, right	CLEAR	groupFile/Clothing	Medium	"""Scraft"" read as ""Scarf"""	worn garment	P08	
jnt_112	jnt_112	OPAQUE	generic numbered joint, no functional/regional word	NOT_APPLICABLE		Low		generic numbered technical joint	P08	
hitomi unusedmot01-head001	Hitomi unusedmot01-head001	CLEAR	"self-declared unused placeholder (""Hitomi"" character-name prefix)"	CLEAR	groupFile/Useless	High		self-declared unused marker takes priority (rule 15)	P08	
first_loose_page4_m	First_Loose_Page4_M	CLEAR	"numbered slot in the coherent Page<N>_<letter> series, with ""First/Loose"" qualifiers"	CLEAR	groupFile/Other	Medium	additional qualifiers beyond the core confirmed series template	matches the confirmed Page-series template (rule 23)	P08	
object010	Object010	OPAQUE	generic placeholder object name, no referent	NOT_APPLICABLE		Low		numbered generic placeholder	P08	
toy_bone_07	toy_bone_07	CLEAR	a toy, segment 07	CLEAR	groupFile/Other	High		recognized prop	P08	
bikini_15	Bikini_15	CLEAR	bikini garment, variant 15	CLEAR	groupFile/Clothing	High		worn garment	P08	
lowerblinkr	lowerBlinkR	CLEAR	lower eyelid blink, right	CLEAR	groupFile/Face/Eyes	High		ordinary eyelid anatomy	P08	
muscular arms	Muscular Arms	CLEAR	muscular arm appearance/definition	CLEAR	groupFile/Body Morphs	High		explicit appearance/state descriptor, matches Muscular Legs precedent	P08	
lidopen	LIDOPEN	CLEAR	eyelid open	CLEAR	groupFile/Face/Eyes	High		ordinary eyelid anatomy	P08	
limp_3	limp_3	PARTIAL	"""limp,"" numbered, no anchor"	NEEDS_CONTEXT		Low	materially different core readings: a limping gait/pose function vs. a flaccid/soft anatomical state	bare ambiguous term, no owner	P08	
valvebiped.chainsaw	ValveBiped.chainsaw	CLEAR	a chainsaw	CLEAR	groupFile/Other	High		recognized weapon/tool prop	P08	
left_lipcnrtwst	Left_LipCnrTwst	CLEAR	left lip corner twist	CLEAR	groupFile/Face/Lower Face	High	"""Cnr""/""Twst"" read as ""Corner""/""Twist"""	ordinary lip expression control	P08	
key.white_12	Key.White_12	CLEAR	numbered slot in the coherent Key.White keyboard-prop series	CLEAR	groupFile/Other	High		confirmed coherent Key.White_N series (rule 23)	P08	
lthe	Lthe	OPAQUE	ungrounded fragment	NOT_APPLICABLE		Low		ungrounded term, no other content	P08	
dazer	DazeR	CLEAR	dazed/stunned expression, right	CLEAR	groupFile/Face/Expressions	Medium		whole-face expression state	P08	
eyes-full-furrow	Eyes-Full-Furrow	CLEAR	full eye furrow	CLEAR	groupFile/Face/Eyes	High		ordinary eye expression	P08	
opt_hand_left_thumb2	OPT_Hand_Left_Thumb2	CLEAR	left thumb, segment 2	CLEAR	groupFile/Arms/LeftArm/LeftFingers	High		explicit left finger digit, verified LeftFingers subpath	P08	
cockthick	CockThick	CLEAR	"penis, ""thick"" shape"	CLEAR	groupFile/Body Morphs	High		explicit shape descriptor on genital soft tissue	P08	
beadhangfrontsmall a1	BeadHangFrontSmall A1	CLEAR	a small hanging-bead decoration, front, variant A1	CLEAR	groupFile/Clothing	Medium		decorative worn bead accessory	P08	
f12	F12	OPAQUE	ungrounded code	NOT_APPLICABLE		Low		ungrounded abbreviation, no other content	P08	
cloth_back_a_2	cloth_back_A_2	CLEAR	generic cloth control, back, variant A, segment 2	CLEAR	groupFile/Clothing	High		generic cloth control	P08	
l_foot_00003	l_foot_00003	CLEAR	left foot, numbered	CLEAR	groupFile/Legs	High		ordinary foot anatomy	P08	
key.i	Key.I	CLEAR	a lettered key in the coherent Key.<label> keyboard-prop series	CLEAR	groupFile/Other	High		matches the confirmed Key.A/Key.B series (rule 23)	P08	
page4_d	Page4_D	CLEAR	numbered slot in the coherent Page<N>_<letter> series	CLEAR	groupFile/Other	High		confirmed coherent Page-series template (rule 23 explicit example)	P08	
taurenmale_hd_bone_83	taurenmale_hd_bone_83	OPAQUE	a generic numbered bone in the TaurenMale_HD model/variant series; anatomical region/function unknown	NOT_APPLICABLE		Low	"the numbered suffix carries no anatomical specificity, and ""HD"" is an ungrounded model/variant tag with no confirmed anatomical meaning"	matches the settled TaurenMale_HD family treatment	P08	
unused jnt-074	unused jnt-074	CLEAR	self-declared unused placeholder	CLEAR	groupFile/Useless	High		self-declared unused marker (rule 15)	P08	
gag_l_08	Gag_L_08	CLEAR	a mouth-gag restraint object, left, variant 08	CLEAR	groupFile/Clothing	Medium		worn/equipped restraint accessory, matches established gag pattern	P08	
toplid_r4	toplid_R4	CLEAR	top eyelid, right, segment 4	CLEAR	groupFile/Face/Eyes	High		ordinary eyelid anatomy	P08	
leftfinger04	LeftFinger04	CLEAR	left finger, digit 04	CLEAR	groupFile/Arms/LeftArm/LeftFingers	High		explicit left finger digit, verified LeftFingers subpath	P08	
thumbright2	ThumbRight2	CLEAR	right thumb, segment 2	CLEAR	groupFile/Arms/RightArm/RightFingers	High		explicit right finger digit, verified RightFingers subpath	P08	
lid lower - up	Lid Lower - Up	CLEAR	eyelid, lower, upward movement	CLEAR	groupFile/Face/Eyes	High		ordinary eyelid anatomy	P08	
key.black_24	Key.Black_24	CLEAR	numbered slot in the coherent Key.Black keyboard-prop series	CLEAR	groupFile/Other	High		confirmed coherent Key.Black_N series (rule 23)	P08	
glovesnoclaws	GlovesNoClaws	CLEAR	"gloves garment, ""no claws"" variant"	CLEAR	groupFile/Clothing	High		worn garment	P08	
r_fin_mid_c	r_fin_mid_c	CLEAR	fin, right, middle, variant c	CLEAR	groupFile/Other	High		"species-neutral ""fin"" anatomy routes to Other by strong Master precedent"	P08	
slate	Slate	PARTIAL	"a ""slate,"" no anchor"	NEEDS_CONTEXT		Low	materially different core readings: a film/director's slate (clapperboard) vs. a stone slate/tablet	bare ambiguous object noun, no owner	P08	
book coverpage turn05	Book CoverPage Turn05	CLEAR	a book, cover-page turn function, variant 05	CLEAR	groupFile/Other	High		recognized prop (rule 16 explicit example)	P08	
unused head.039	unused head.039	CLEAR	self-declared unused placeholder	CLEAR	groupFile/Useless	High		self-declared unused marker (rule 15)	P08	
shocked r	Shocked R	CLEAR	shocked expression, right	CLEAR	groupFile/Face/Expressions	High		whole-face expression state	P08	
panties down 2	Panties down 2	CLEAR	panties garment, pulled-down state, variant 2	CLEAR	groupFile/Clothing	High		explicit garment name with a garment-owned pose/state	P08	
eyes shocked	Eyes Shocked+Eyes shocked	CLEAR	shocked eye expression	CLEAR	groupFile/Face/Eyes	High		ordinary eye expression	P08	
v_weapon.root99	v_weapon.Root99	CLEAR	viewmodel weapon root, numbered	CLEAR	groupFile/Other	High		recognized weapon part	P08	
book turnpage1	Book TurnPage1	CLEAR	a book, turn-page function, variant 1	CLEAR	groupFile/Other	High		recognized prop (rule 16 explicit example)	P08	
leg left butt 2	leg left butt 2	CLEAR	buttock (structural anatomy), left, numbered	CLEAR	groupFile/Body	Medium		plain structural anatomy, no shape/state word (rule 6)	P08	
eye close mid l	Eye Close Mid L	CLEAR	eye close, mid, left	CLEAR	groupFile/Face/Eyes	High		ordinary eye expression	P08	
left_13	left_13	OPAQUE	pure positional phrase, no object/function named	NOT_APPLICABLE		Low		positional label with no object/function	P09	
wep_boxmagazine_bullet1	WEP_BoxMagazine_Bullet1	CLEAR	weapon box-magazine bullet part, variant 1	CLEAR	groupFile/Other	High		recognized weapon part	P09	
bottom_8	bottom_8	PARTIAL	"a ""bottom,"" numbered, no anchor"	NEEDS_CONTEXT		Low	materially different core readings: buttocks / bottom-position marker / bottom garment piece	bare ambiguous object noun, no owner	P09	
bip01_l_thigh012	Bip01_L_Thigh012	CLEAR	left thigh, numbered sub-bone 012	CLEAR	groupFile/Legs	High		plain structural anatomy, numbering not corrective (rule 2)	P09	
eyes crossing	Eyes crossing	CLEAR	crossed-eyes expression	CLEAR	groupFile/Face/Eyes	High		ordinary eye expression	P09	
flm-armb-belt-b1	Flm-ArmB-Belt-B1	CLEAR	"belt garment, variant B1 (""Flm-ArmB"" model/section prefix)"	CLEAR	groupFile/Clothing	High		explicit garment content grounds this regardless of the prefix	P09	
cape_7_r	cape_7_R	CLEAR	cape garment, right, variant 7	CLEAR	groupFile/Clothing	High		worn garment	P09	
bellyinfliate	BellyInfliate	CLEAR	belly inflate	CLEAR	groupFile/Body Morphs	High	"""Infliate"" read as ""Inflate"""	matches established BellyInflate precedent	P09	
head nostril middle upper	head nostril middle upper	CLEAR	"nostril, middle, upper (""head"" location prefix)"	CLEAR	groupFile/Face/Mid Face	High		mid-face anatomy	P09	
r_neck_30	r_neck_30	CLEAR	neck (structural anatomy), right, numbered	CLEAR	groupFile/Body	High		plain structural anatomy, no shape/state word (rule 6)	P09	
right_15	right_15	OPAQUE	pure positional phrase, no object/function named	NOT_APPLICABLE		Low		positional label with no object/function	P09	
brows_inner_adjust	brows_inner_adjust	CLEAR	inner eyebrow adjustment	CLEAR	groupFile/Face/Upper Face	High		ordinary eyebrow anatomy	P09	
fh19.r	Fh19.R	OPAQUE	ungrounded two-letter code plus number, right	NOT_APPLICABLE		Low	"a possible ""forehead"" abbreviation reading is not grounded enough to assert"	ungrounded abbreviation	P09	
bobcut.rear_center_3_jiggle	Bobcut.Rear_Center_3_jiggle	CLEAR	bob-cut hairstyle, rear center, jiggle physics	CLEAR	groupFile/Hair	High		named hairstyle control	P09	
valvebiped.bip01_r_pauldron	ValveBiped.Bip01_R_Pauldron	CLEAR	pauldron (shoulder armor), right	CLEAR	groupFile/Clothing	High		worn protective equipment	P09	
earpiece_left	earpiece_left	CLEAR	an earpiece, left	CLEAR	groupFile/Clothing	Medium		worn accessory	P09	
tophair2	TopHair2	CLEAR	top-of-head hair, variant 2	CLEAR	groupFile/Hair	High		ordinary hair control, matches TopHair3 precedent	P09	
flag7	flag7	CLEAR	a flag, variant 7	CLEAR	groupFile/Other	High		recognized prop	P09	
bip_tailc11	bip_tailC11	CLEAR	tail, variant c, segment 11	CLEAR	groupFile/Tail	High		ordinary tail anatomy	P09	
knee smooth	Knee Smooth	CLEAR	"knee (structural anatomy), ""smooth"" qualifier"	CLEAR	groupFile/Legs	Medium	"""smooth"" does not meet rule 5's explicit repair/fix/correct/JCM bar"	ordinary knee anatomy, not clearly corrective	P09	
muscleforearm	MuscleForeArm	CLEAR	forearm muscle	CLEAR	groupFile/Arms	High		ordinary arm-muscle structural anatomy	P09	
def-brows_l	DEF-brows_L	CLEAR	eyebrow, left	CLEAR	groupFile/Face/Upper Face	High		ordinary eyebrow anatomy; DEF- is a generic deform-rig prefix (rule 9/17)	P09	
facial_bone_uprlip_r02_m	Facial_Bone_UprLip_R02_m	CLEAR	facial bone, upper lip, right, segment 02	CLEAR	groupFile/Face/Lower Face	High		lip-region facial anatomy	P09	
valvebiped.bip01_l_thumb01	ValveBiped.Bip01_L_Thumb01	CLEAR	left thumb	CLEAR	groupFile/Arms/LeftArm/LeftFingers	High		explicit left finger digit, verified LeftFingers subpath	P09	
lwing06	LWing06	CLEAR	left wing, segment 06	CLEAR	groupFile/Wings	High		"explicit ""wing"" word"	P09	
fa_up_lid_left_inner	fa_up_lid_left_inner	CLEAR	upper eyelid, left, inner	CLEAR	groupFile/Face/Eyes	High		ordinary eyelid anatomy	P09	
gag_r_05	Gag_R_05	CLEAR	a mouth-gag restraint object, right, variant 05	CLEAR	groupFile/Clothing	Medium		worn/equipped restraint accessory, matches established gag pattern	P09	
collar right 3	collar right 3	CLEAR	"right clavicle/shoulder-girdle rig bone (bare biped ""collar"" convention), variant 3"	CLEAR	groupFile/Arms	High		bare unqualified collar matches the established anatomical collar precedent	P09	
topadjust	TopAdjust	PARTIAL	"a ""top"" adjustment, no anchor"	NEEDS_CONTEXT		Low	"the bare word ""top"" is used across materially different senses in this Master with no dominant reading"	bare ambiguous object noun, no owner	P09	
qwn-rig-eye-rb	Qwn-Rig-Eye-RB	CLEAR	"eye, right-bottom (""Qwn-Rig"" model/rig prefix)"	CLEAR	groupFile/Face/Eyes	High		eye anatomy; prefix ignored (rule 24)	P09	
l_deltoid_helper	l_deltoid_helper	CLEAR	deltoid (shoulder muscle), left, helper	CLEAR	groupFile/Arms	High		ordinary shoulder-muscle anatomy, not corrective by itself (rule 4)	P09	
elbowroll r	ELBOWROLL R	CLEAR	elbow roll, right	CLEAR	groupFile/Arms	High		ordinary roll bone, not corrective by itself (rule 3)	P09	
v_weapon.left_middle02	v_weapon.Left_Middle02	CLEAR	left middle finger (viewmodel weapon-hand rig)	CLEAR	groupFile/Arms/LeftArm/LeftFingers	High		explicit left finger digit, verified LeftFingers subpath	P09	
fa_low_lid_left_mid	fa_low_lid_left_mid	CLEAR	lower eyelid, left, mid	CLEAR	groupFile/Face/Eyes	High		ordinary eyelid anatomy	P09	
key.black_22	Key.Black_22	CLEAR	numbered slot in the coherent Key.Black keyboard-prop series	CLEAR	groupFile/Other	High		confirmed coherent Key.Black_N series (rule 23)	P09	
longear_bone_r_03	longear_bone_r_03	CLEAR	long-ear (creature) bone, right, segment 03	CLEAR	groupFile/Face/Ears	High		species-neutral ear anatomy (rule 18)	P09	
knotsmall2	KnotSmall2	CLEAR	decorative knot accessory, small, variant 2, no owner	NEEDS_CONTEXT		Medium		knot names its theme, not its mount/owner (rule 25)	P09	
upperlipspush	UpperLipsPush	CLEAR	upper lip push	CLEAR	groupFile/Face/Lower Face	High		ordinary lip expression control	P09	
eybrows up	Eybrows up	CLEAR	eyebrows up	CLEAR	groupFile/Face/Upper Face	High	"""Eybrows"" read as ""Eyebrows"""	ordinary eyebrow expression	P09	
unused140	unused140	CLEAR	self-declared unused placeholder	CLEAR	groupFile/Useless	High		self-declared unused marker (rule 15)	P09	
kublaribiped_penis_r3	KubLariBiped_Penis_R3	CLEAR	"penis (structural anatomy), right, variant 3 (""KubLariBiped"" model prefix)"	CLEAR	groupFile/Body	High		plain structural genital anatomy; prefix ignored (rule 24)	P09	
unused head neck lower	unused head neck lower	CLEAR	self-declared unused placeholder	CLEAR	groupFile/Useless	High		self-declared unused marker (rule 15)	P09	
shell.wall_10	Shell.Wall_10	CLEAR	a building/architectural shell wall, variant 10	CLEAR	groupFile/Other	Medium		matches the established Shell.Wall pattern	P09	
second_arms_l_middle1	Second_Arms_L_Middle1	CLEAR	left middle finger, second arm, segment 1	CLEAR	groupFile/Arms/LeftArm/LeftFingers	High		limb count does not change destination (rule 19); verified LeftFingers subpath	P09	
bow left c 3	bow left c 3	PARTIAL	"a ""bow,"" left, no anchor"	NEEDS_CONTEXT		Low	materially different core readings: decorative bow / archery bow / other (rule 22 explicit example)	bare ambiguous object noun, no owner	P09	
chin_right_2	chin_right_2	CLEAR	chin, right, segment 2	CLEAR	groupFile/Face/Lower Face	High		ordinary chin anatomy	P09	
bip01 forearmtwist.l	Bip01 ForearmTwist.L	CLEAR	left forearm twist	CLEAR	groupFile/Arms	High		ordinary twist bone, not corrective by itself (rule 3)	P09	
bip_balls1_r	bip_Balls1_r	CLEAR	testicle (structural anatomy), right, numbered	CLEAR	groupFile/Body	High		plain structural anatomy, no shape/state word (rule 6)	P09	
wheel_2.rotate	Wheel_2.Rotate	CLEAR	a wheel, rotate function, variant 2	CLEAR	groupFile/Other	High		recognized vehicle/mechanism part	P09	
spike_01_m	Spike_01_M	CLEAR	spike accessory, variant 01_M, no owner	NEEDS_CONTEXT		Medium		spike names its theme, not its mount/owner (rule 25)	P09	
oris06_l	oris06_L	CLEAR	orbicularis-oris mouth-region muscle, left, segment 06	CLEAR	groupFile/Face/Lower Face	Medium	"""oris"" read as the Latin mouth-muscle term (orbicularis oris)"	mouth-region facial anatomy	P09	
valvebiped.bip01_l_ear01	ValveBiped.Bip01_L_Ear01	CLEAR	left ear	CLEAR	groupFile/Face/Ears	High		ordinary ear anatomy	P09	
head face	head face	CLEAR	"bare face reference (""head"" location prefix)"	CLEAR	groupFile/Face	High		bare structural face defaults to the bare Face group (rule 13/24 pattern)	P09	
x_shift_11	x_shift_11	CLEAR	a positional shift along the X axis, variant 11 (object unstated)	NEEDS_CONTEXT		Low		generic shift function is clear; owning object is not named	P09	
key.black_36	Key.Black_36	CLEAR	numbered slot in the coherent Key.Black keyboard-prop series	CLEAR	groupFile/Other	High		confirmed coherent Key.Black_N series (rule 23)	P09	
classictopfit	ClassicTopFIT	CLEAR	a classic-fit top garment	CLEAR	groupFile/Clothing	Medium		"""fit"" grounds ""top"" as a garment-fitting control, unlike the bare ambiguous ""top"" cases"	P09	
hat-heighten	hat-heighten	CLEAR	"hat garment, ""heighten"" fit"	CLEAR	groupFile/Clothing	High		garment-owned shape/fit control (rule 8)	P09	
body-feet-shrink	Body-Feet-Shrink	CLEAR	"feet, ""shrink"" shape/size"	CLEAR	groupFile/Body Morphs	High		explicit shape/size descriptor on the body	P09	
def-ribcage.b.r	DEF-ribcage.B.R	CLEAR	rib cage (structural anatomy), right, variant B	CLEAR	groupFile/Body	High		plain structural anatomy, no shape/state word (rule 6)	P09	
weil 01	weil 01	OPAQUE	unclear term, no confirmed decomposition	NOT_APPLICABLE		Low		ungrounded term	P09	
car06	car06	CLEAR	a car, variant 06	CLEAR	groupFile/Other	High		recognized vehicle prop (rule 16)	P09	
c_dred_c2_01	C_Dred_C2_01	CLEAR	dreadlock hair, variant C2_01	CLEAR	groupFile/Hair	Medium		named hairstyle control, matches C_Dred pattern	P09	
right_hip_cancel_end	right_hip_cancel_end	CLEAR	hip counter-rotation rig control, right, end	CLEAR	groupFile/Legs	Medium		technical rig-cancel control on structural anatomy, not a shape/state term	P09	
head eyecorner out right	head eyecorner out right	CLEAR	"eye corner, outward, right (""head"" location prefix)"	CLEAR	groupFile/Face/Eyes	High		ordinary eye anatomy	P09	
mch-eye.l	MCH-eye.L	CLEAR	eye, left	CLEAR	groupFile/Face/Eyes	High		ordinary eye anatomy; MCH- is a generic rig-mechanism prefix (rule 9/17)	P09	
bip legtwistbottom l	bip legtwistbottom l	CLEAR	leg twist, bottom, left	CLEAR	groupFile/Legs	High		ordinary twist bone, not corrective by itself (rule 3)	P09	
bip_r_horn	bip_r_horn	CLEAR	horn (creature anatomy), right	CLEAR	groupFile/Other	High		species-neutral horn anatomy routes to Other (rule 18)	P09	
bobcut.rear_left_1	Bobcut.Rear_Left_1	CLEAR	bob-cut hairstyle, rear left, segment 1	CLEAR	groupFile/Hair	High		named hairstyle control	P09	
rightnasolabialbulge	RightNasolabialBulge	CLEAR	nasolabial region bulge, right	CLEAR	groupFile/Body Morphs	Medium		explicit shape/deformation word on a facial soft-tissue region	P09	
liptopfoward	LipTopFoward	CLEAR	lip top, forward	CLEAR	groupFile/Face/Lower Face	High	"""Foward"" read as ""Forward"""	identical spelling to confirmed existing Master control	P09	
bone 90	bone 90	OPAQUE	generic numbered bone, no functional/regional word	NOT_APPLICABLE		Low		generic numbered technical bone	P09	
pussparent.007	PussParent.007	CLEAR	genital root/parent bone (structural anatomy), numbered	CLEAR	groupFile/Body	Medium	"""puss"" read as ""pussy"""	explicit root/parent designation on plain anatomy stays structural (rule 6)	P09	
pplane2	pPlane2	OPAQUE	generic default polygon-plane placeholder name, numbered	NOT_APPLICABLE		Low		generic DCC-default geometry placeholder, no functional/regional word	P09	
bone 1068	bone 1068	OPAQUE	generic numbered bone, no functional/regional word	NOT_APPLICABLE		Low		generic numbered technical bone	P09	
ballsack	Ballsack	CLEAR	scrotum (structural anatomy)	CLEAR	groupFile/Body	High		plain structural anatomy, no shape/state word (rule 6)	P09	
unused b_r_shoulderhelper	unused b_r_shoulderhelper	CLEAR	self-declared unused placeholder	CLEAR	groupFile/Useless	High		self-declared unused marker (rule 15)	P09	
rightstrap	RightStrap	CLEAR	strap accessory, right, no owner	NEEDS_CONTEXT		Medium		strap names its theme, not its mount/owner (rule 25)	P09	
mlid_r_2	MLid_R_2	CLEAR	eyelid, right, variant 2	CLEAR	groupFile/Face/Eyes	Medium		ordinary eyelid anatomy	P09	
jacketbelly	JacketBelly	CLEAR	jacket garment, belly-area fit feature	CLEAR	groupFile/Clothing	High		garment-owned fit feature (rule 8)	P09	
unused eft_metacarpal04	unused eft_Metacarpal04	CLEAR	self-declared unused placeholder	CLEAR	groupFile/Useless	High		self-declared unused marker (rule 15)	P09	
malepos	MalePos	OPAQUE	a generic gender/position tag, no specific referent	NOT_APPLICABLE		Low		no anchor object beyond a generic tag	P09	
l_front_holster_0u_14v	l_front_holster_0u_14v	CLEAR	holster, left, front	CLEAR	groupFile/Clothing	High		worn-equipment holster default (rule 16)	P09	
pb_r_cmy01_bhair_4	pb_R_CMY01_BHair_4	CLEAR	back hair, right, segment 4	CLEAR	groupFile/Hair	High		"explicit ""hair"" content grounds this regardless of the other tags"	P09	
browmiddle_left_up	browMiddle_Left_Up	CLEAR	mid-eyebrow, left, up	CLEAR	groupFile/Face/Upper Face	High		ordinary eyebrow anatomy	P09	
rear b_3	Rear B_3	OPAQUE	pure positional phrase, no object/function named	NOT_APPLICABLE		Low		positional label with no object/function	P09	
tenta_b_7_l	tenta_b_7_L	CLEAR	tentacle, variant b, segment 7, left	CLEAR	groupFile/Other	Medium	"""tenta"" read as a truncation of ""tentacle"""	species-neutral tentacle anatomy routes to Other (rule 18)	P09	
bone040	Bone040	OPAQUE	generic numbered bone, no functional/regional word	NOT_APPLICABLE		Low		generic numbered technical bone	P09	
palmrukaz	PalmRUkaz	CLEAR	"palm (hand structure) (""Ukaz"" suffix unresolved)"	CLEAR	groupFile/Arms	Medium	"""Ukaz"" suffix does not resolve to a known qualifier"	palm is the stable core reading regardless of the undecoded suffix	P09	
arm right shoulder 2 ctr3	arm right shoulder 2 ctr3	CLEAR	right shoulder control, variant 2 ctr3	CLEAR	groupFile/Arms	High		ordinary shoulder anatomy	P09	
foot_index_0_r	foot_index_0_R	CLEAR	foot digit (index toe), right, segment 0	CLEAR	groupFile/Toes/RightToes	High		explicit right toe digit, verified RightToes subpath	P09	
belt back left b	belt back left b	CLEAR	belt garment, back, left, variant b	CLEAR	groupFile/Clothing	High		worn garment	P09	
cloth left 6 jb	cloth left 6 JB	CLEAR	"generic cloth control, left, variant 6 (""JB"" suffix unresolved)"	CLEAR	groupFile/Clothing	Medium	"""JB"" suffix mechanism unresolved"	cloth is the stable core reading regardless of the undecoded suffix	P09	
side_left_3	side_left_3	OPAQUE	pure positional phrase, no object/function named	NOT_APPLICABLE		Low		positional label with no object/function	P09	
revealshirt	RevealShirt	CLEAR	shirt garment, reveal function	CLEAR	groupFile/Clothing	High		explicit garment name	P09	
bip_l_thumb_sub	bip_l_thumb_sub	CLEAR	left thumb, sub-bone	CLEAR	groupFile/Arms/LeftArm/LeftFingers	High		explicit left finger digit, verified LeftFingers subpath	P09	
left middle finger 2 grip 1	Left middle finger 2 grip 1	CLEAR	left middle finger, grip posing, variant 1	CLEAR	groupFile/Arms/LeftArm/LeftFingers	High		explicit left finger digit, verified LeftFingers subpath	P09	
mar-rig-eye-ru	Mar-Rig-Eye-RU	CLEAR	"eye, right-upper (""Mar-Rig"" model/rig prefix)"	CLEAR	groupFile/Face/Eyes	High		eye anatomy; prefix ignored (rule 24)	P09	
taurenmale_hd_bone_80	taurenmale_hd_bone_80	OPAQUE	a generic numbered bone in the TaurenMale_HD model/variant series; anatomical region/function unknown	NOT_APPLICABLE		Low	"the numbered suffix carries no anatomical specificity, and ""HD"" is an ungrounded model/variant tag with no confirmed anatomical meaning"	matches the settled TaurenMale_HD family treatment	P09	
saucer	saucer	CLEAR	a saucer	CLEAR	groupFile/Other	High		recognized prop	P09	
poke09	Poke09	CLEAR	"a ""poke"" function, variant 09 (object unstated)"	NEEDS_CONTEXT		Low		direction/action function is clear; owning object is not named	P09	
third_arms_l_wrist	Third_Arms_L_Wrist	CLEAR	left wrist, third arm	CLEAR	groupFile/Arms	High		limb count does not change destination (rule 19)	P10	
maid.bow_right_lower_3	Maid.Bow_Right_Lower_3	CLEAR	decorative bow, right, lower, variant 3, maid-costume context	CLEAR	groupFile/Clothing	Medium		"""Maid"" costume context grounds this as a decorative garment bow"	P10	
unused head neck upper	unused head neck upper	CLEAR	self-declared unused placeholder	CLEAR	groupFile/Useless	High		self-declared unused marker (rule 15)	P10	
c_tier_c06	C_TieR_C06	CLEAR	necktie garment, right, variant C06	CLEAR	groupFile/Clothing	High		matches the established C_Tie[L/R] pattern	P10	
bone.021	Bone.021	OPAQUE	generic numbered bone, no functional/regional word	NOT_APPLICABLE		Low		generic numbered technical bone	P10	
fh12.r	Fh12.R	OPAQUE	ungrounded two-letter code plus number, right	NOT_APPLICABLE		Low	"a possible ""forehead"" abbreviation reading is not grounded enough to assert"	ungrounded abbreviation	P10	
taurenmale_hd_bone_127	taurenmale_hd_bone_127	OPAQUE	a generic numbered bone in the TaurenMale_HD model/variant series; anatomical region/function unknown	NOT_APPLICABLE		Low	"the numbered suffix carries no anatomical specificity, and ""HD"" is an ungrounded model/variant tag with no confirmed anatomical meaning"	matches the settled TaurenMale_HD family treatment	P10	
cape2_left51	CAPE2_LEFT51	CLEAR	cape garment, left, variant 51	CLEAR	groupFile/Clothing	High		worn garment	P10	
stool control	stool control	CLEAR	a stool control	CLEAR	groupFile/Other	High		recognized furniture prop (rule 16)	P10	
sidehair_l_2	sidehair_L_2	CLEAR	side hair, left, segment 2	CLEAR	groupFile/Hair	High		ordinary hair control	P10	
bip01_r_clavicle002	Bip01_R_Clavicle002	CLEAR	right clavicle, numbered sub-bone 002	CLEAR	groupFile/Arms	High		clavicle/shoulder-girdle anatomy	P10	
assfatshorts	AssFatShorts	CLEAR	"buttock ""fat"" shape, shorts context"	CLEAR	groupFile/Body Morphs	Medium		soft-tissue shape descriptor is the primary subject; shorts is only the triggering context (rule 8)	P10	
r_front_holster_0u_5v	r_front_holster_0u_5v	CLEAR	holster, right, front	CLEAR	groupFile/Clothing	High		worn-equipment holster default (rule 16)	P10	
torso pipe b l 2c	torso pipe B L 2c	CLEAR	"torso region rig chain/""pipe"" control, variant B L 2c"	CLEAR	groupFile/Body	Medium	"exact chain/deformation mechanism of ""pipe"" unresolved, but torso anchors the region"	torso-anchored rig control, mechanism unstated	P10	
belly side back left 1	belly side back left 1	CLEAR	belly, side, back, left (structural), variant 1	CLEAR	groupFile/Body	Medium		plain structural anatomy, no shape/state word (rule 6)	P10	
head cheeck right 2	head cheeck right 2	CLEAR	cheek, right, segment 2	CLEAR	groupFile/Face/Mid Face	High	"""cheeck"" read as ""cheek"""	mid-face cheek anatomy	P10	
plant 2	Plant 2	CLEAR	a plant, variant 2	CLEAR	groupFile/Other	High		recognized environment prop	P10	
hurtl	HurtL	CLEAR	hurt expression, left	CLEAR	groupFile/Face/Expressions	High		matches HurtR precedent explicitly cited as CLEAR (rule 22)	P10	
taurenmale_hd_bone_122	taurenmale_hd_bone_122	OPAQUE	a generic numbered bone in the TaurenMale_HD model/variant series; anatomical region/function unknown	NOT_APPLICABLE		Low	"the numbered suffix carries no anatomical specificity, and ""HD"" is an ungrounded model/variant tag with no confirmed anatomical meaning"	matches the settled TaurenMale_HD family treatment	P10	
canin_pen_3	canin_pen_3	OPAQUE	unclear fused compound, no confirmed decomposition	NOT_APPLICABLE		Low	"a possible ""canine penis"" reading is not grounded enough to assert"	ungrounded compound	P10	
bellyin-bottomnude	BellyIn-bottomnude	CLEAR	belly-in (stomach-in) deformation, nude-bottom clothing-state variant	CLEAR	groupFile/Body Morphs	High		"""BellyIn"" is a confirmed shape/deformation term (established Master ""bellyin""->Body Morphs precedent)"	P10	
leg_bone_correct_l_01	leg_bone_correct_l_01	CLEAR	leg bone pose-correction, left, variant 01	CLEAR	groupFile/Correctives	High		"explicit ""correct"" purpose word (rule 5)"	P10	
bip_r_wing	bip_r_wing	CLEAR	wing, right	CLEAR	groupFile/Wings	High		"explicit ""wing"" word"	P10	
rightfinger02	RightFinger02	CLEAR	right finger, digit 02	CLEAR	groupFile/Arms/RightArm/RightFingers	High		explicit right finger digit, verified RightFingers subpath	P10	
bip_bowtieroot	bip_BowtieRoot	CLEAR	bowtie garment accessory, root	CLEAR	groupFile/Clothing	High		"""Bowtie"" explicitly grounds the bow as a garment accessory"	P10	
llegj	LLegJ	CLEAR	"left leg (""J"" suffix unresolved)"	CLEAR	groupFile/Legs	Medium	"""J"" suffix does not resolve to a known qualifier"	leg is the stable core reading regardless of the undecoded suffix	P10	
cloth front right 2	cloth front right 2	CLEAR	generic cloth control, front, right, variant 2	CLEAR	groupFile/Clothing	High		generic cloth control	P10	
masktop1.r	MaskTop1.R	CLEAR	mask top, right, variant 1	CLEAR	groupFile/Clothing	High		worn accessory	P10	
bot_right	BOT_RIGHT	PARTIAL	"a ""bot,"" right, no anchor"	NEEDS_CONTEXT		Low	materially different core readings: bottom-position truncation / robot / other	bare ambiguous truncated term, no owner	P10	
bunnytail	BunnyTail	CLEAR	bunny-tail costume accessory	CLEAR	groupFile/Clothing	Medium	an actual creature-tail anatomical reading cannot be fully excluded	recognized costume accessory item, common in this genre	P10	
shape-athletic-nude	shape-athletic-nude	CLEAR	athletic-shape appearance, nude context	CLEAR	groupFile/Body Morphs	High		matches established shape-athletic-cleavage precedent exactly	P10	
eyeshrink	EyeShrink	CLEAR	eye size shrink	CLEAR	groupFile/Body Morphs	Medium		eye size/shape change is an appearance morph, not ordinary posing	P10	
lipstopforward	lipstopforward	CLEAR	lips top, forward	CLEAR	groupFile/Face/Lower Face	High		identical spelling to confirmed existing Master control	P10	
full_open_left	full_open_left	CLEAR	"a ""full open"" function, left (object unstated)"	NEEDS_CONTEXT		Low		open function is clear; owning object is not named	P10	
bip_r_claw_a	bip_r_claw_a	CLEAR	claw (creature digit), right, variant a	CLEAR	groupFile/Arms/RightArm/RightFingers	Medium		claw is a species-neutral digit control, routes like finger/toe segments (rule 18)	P10	
foot_pinky_2_l	foot_pinky_2_L	CLEAR	foot pinky toe, left, segment 2	CLEAR	groupFile/Toes/LeftToes	High		explicit left toe digit, verified LeftToes subpath	P10	
front 3_3	Front 3_3	OPAQUE	pure positional phrase, no object/function named	NOT_APPLICABLE		Low		positional label with no object/function	P10	
r_fin_mid_a	r_fin_mid_a	CLEAR	fin, right, middle, variant a	CLEAR	groupFile/Other	High		"species-neutral ""fin"" anatomy routes to Other by strong Master precedent"	P10	
leg left boot tassle 4a	leg left boot tassle 4a	CLEAR	boot tassel, left leg, variant 4a	CLEAR	groupFile/Clothing	High		explicit garment owner (boot) named (rule 25)	P10	
l-ass-smack	L-Ass-Smack	CLEAR	"left buttock ""smack""/impact reaction"	CLEAR	groupFile/Body Morphs	High		matches R-Ass-Smack precedent exactly	P10	
l_eye1a	l_eye1a	CLEAR	left eye, variant 1a	CLEAR	groupFile/Face/Eyes	High		ordinary eye anatomy	P10	
bipbrk r foretwist	BipBrk R ForeTwist	CLEAR	"right forearm twist (""Brk"" prefix)"	CLEAR	groupFile/Arms	High		ordinary twist bone; prefix ignored (rule 24)	P10	
backhair c02 joint	backhair c02 joint	CLEAR	back hair, joint	CLEAR	groupFile/Hair	High		ordinary hair control	P10	
pupils-neutralalt-l	Pupils-NeutralAlt-L	CLEAR	neutral-alt pupil/eye expression, left	CLEAR	groupFile/Face/Eyes	High		ordinary eye expression	P10	
hip growth	hip growth	CLEAR	hip growth (shape/size)	CLEAR	groupFile/Body Morphs	High		explicit shape/size descriptor on the body	P10	
valvebiped.bip03_r_index	ValveBiped.Bip03_R_Index	CLEAR	right index finger	CLEAR	groupFile/Arms/RightArm/RightFingers	High		explicit right finger digit, verified RightFingers subpath	P10	
flm-armb-leg-rm	Flm-ArmB-Leg-RM	CLEAR	"leg, right-middle (""Flm-ArmB"" model/section prefix)"	CLEAR	groupFile/Legs	High		"explicit ""leg"" content grounds this regardless of the prefix (rule 24 pattern)"	P10	
bone 1016	bone 1016	OPAQUE	generic numbered bone, no functional/regional word	NOT_APPLICABLE		Low		generic numbered technical bone	P10	
row_chair009	row_chair009	CLEAR	a chair, row-numbered, variant 009	CLEAR	groupFile/Other	High		recognized furniture prop (rule 16)	P10	
flm-arma-sworda-lr	Flm-ArmA-SwordA-LR	CLEAR	sword weapon prop, variant A/LR	CLEAR	groupFile/Other	High		recognized weapon prop; matches established Flm-ArmA-Sword pattern	P10	
beltcontrol.006	BeltControl.006	CLEAR	belt garment control, variant 006	CLEAR	groupFile/Clothing	High		worn garment	P10	
armpit_l	Armpit_L	CLEAR	armpit, left	CLEAR	groupFile/Arms	Medium		armpit is part of the arm's proximal structural anatomy	P10	
bip_ears6_l	bip_Ears6_L	CLEAR	ear, left, segment 6	CLEAR	groupFile/Face/Ears	High		ordinary ear anatomy	P10	
right_4	Right_4+right_4	OPAQUE	pure positional phrase, no object/function named	NOT_APPLICABLE		Low		positional label with no object/function	P10	
bone_eye_r002	Bone_eye_R002	CLEAR	eye bone, right, numbered	CLEAR	groupFile/Face/Eyes	High		ordinary eye anatomy	P10	
v_weapon.root24	v_weapon.Root24	CLEAR	viewmodel weapon root, numbered	CLEAR	groupFile/Other	High		recognized weapon part	P10	
bip001 prop2	Bip001 Prop2	CLEAR	a prop, variant 2	CLEAR	groupFile/Other	Medium		"explicit generic ""prop"" word"	P10	
bracelet	bracelet	CLEAR	a bracelet	CLEAR	groupFile/Clothing	High		worn jewelry accessory	P10	
pupils-neutral-l	Pupils-Neutral-L	CLEAR	neutral pupil/eye expression, left	CLEAR	groupFile/Face/Eyes	High		ordinary eye expression	P10	
c2	C2	OPAQUE	ungrounded code	NOT_APPLICABLE		Low		ungrounded abbreviation, no other content	P10	
def-spine.006_l.015	DEF-spine.006_L.015	CLEAR	spine (structural anatomy), numbered	CLEAR	groupFile/Body	High		explicit generic skeleton/rig prefix (DEF-) with no garment/hair noun (rule 14)	P10	
skeleton_grp	skeleton_grp	OPAQUE	a generic rig/hierarchy grouping node, no specific content of its own	NOT_APPLICABLE		Low		generic organizational rig node	P10	
book turnpage3	Book TurnPage3	CLEAR	a book, turn-page function, variant 3	CLEAR	groupFile/Other	High		recognized prop (rule 16 explicit example)	P10	
key 3 - poneyhair	Key 3 - PoneyHair	CLEAR	"numbered slot in the space-separated ""Key N"" keyframe/pose-preset series, ponytail-hair preset"	CLEAR	groupFile/Hair	Medium		"matches rule 23's own worked example of this series; the ""PoneyHair"" suffix names a hairstyle preset"	P10	
bulgemids	BulgeMidS	CLEAR	a bulge, mid position (region unstated)	CLEAR	groupFile/Body Morphs	Medium		explicit shape/bulge descriptor (rule 7)	P10	
unusedbone132	unusedbone132	CLEAR	self-declared unused placeholder	CLEAR	groupFile/Useless	High		self-declared unused marker (rule 15)	P10	
arm right shoulder ctr 2	arm right shoulder ctr 2	CLEAR	right shoulder control, variant 2	CLEAR	groupFile/Arms	High		ordinary shoulder anatomy	P10	
flex_noise_03	Flex_Noise_03	OPAQUE	"generic ""flex"" category term with a procedural-noise qualifier, no specific object"	NOT_APPLICABLE		Low	"""flex"" names the generic technical category of all morph controls, not a specific referent"	generic technical category term, no specific object	P10	
marie head eyeball right	Marie head eyeball right	CLEAR	"right eyeball (""Marie"" character-name prefix)"	CLEAR	groupFile/Face/Eyes	High		eye anatomy; prefix ignored (rule 24)	P10	
tightthigh_lowerjigglecontrol	TightThigh_LowerJiggleControl	CLEAR	thigh jiggle-physics control, lower	CLEAR	groupFile/Legs	Medium		structural thigh rig control with a jiggle-physics function	P10	
upshort	UpShort	OPAQUE	unclear fused compound, no confirmed decomposition	NOT_APPLICABLE		Low	"a possible ""shorts pulled up"" reading is not grounded enough to assert"	ungrounded compound	P10	
hand finger left 1b	hand finger left 1b	CLEAR	left finger, digit 1 (thumb), variant b	CLEAR	groupFile/Arms/LeftArm/LeftFingers	High		explicit left finger digit, verified LeftFingers subpath	P10	
fur_gen_bed_rich_gothic_orin_a_matress_mesh	FUR_GEN_Bed_Rich_Gothic_Orin_A_Matress_Mesh	CLEAR	a bed/mattress, gothic variant	CLEAR	groupFile/Other	High		recognized furniture prop; generator-style prefix does not affect destination (rule 17)	P10	
bip_head_lenses	bip_head_lenses	PARTIAL	"""lenses,"" head"	NEEDS_CONTEXT		Low	materially different core readings: eye-lens anatomy/shader component vs. eyewear/glasses accessory	unresolved token relation	P10	
third_arms_r_thumb4	Third_Arms_R_Thumb4	CLEAR	right thumb, third arm, segment 4	CLEAR	groupFile/Arms/RightArm/RightFingers	High		limb count does not change destination (rule 19); verified RightFingers subpath	P10	
rootground	RootGround+rootGround	CLEAR	whole-body root/ground reference transform	CLEAR	groupFile/RigBody	High		matches bip_origin precedent exactly	P10	
key.white_23	Key.White_23	CLEAR	numbered slot in the coherent Key.White keyboard-prop series	CLEAR	groupFile/Other	High		confirmed coherent Key.White_N series (rule 23)	P10	
wep_magazine	WEP_Magazine	CLEAR	weapon magazine	CLEAR	groupFile/Other	High		recognized weapon part	P10	
v_weapon.root34	v_weapon.Root34	CLEAR	viewmodel weapon root, numbered	CLEAR	groupFile/Other	High		recognized weapon part	P10	
accessories bell jb	accessories bell JB	CLEAR	"a bell decoration (""JB"" suffix unresolved)"	CLEAR	groupFile/Clothing	High		"bare ""bell"" decoration routes to Clothing by strong Master precedent"	P10	
bipbrk rcalftwist1	BipBrk RCalfTwist1	CLEAR	"right calf twist, variant 1 (""Brk"" prefix)"	CLEAR	groupFile/Legs	High		ordinary twist bone; prefix ignored (rule 24)	P10	
genitals 06	genitals 06	CLEAR	genitals (structural anatomy), numbered	CLEAR	groupFile/Body	High		plain structural anatomy, no shape/state word (rule 6)	P10	
bip_r_cloth_b_05	bip_r_cloth_b_05	CLEAR	generic cloth control, right, variant b, segment 05	CLEAR	groupFile/Clothing	High		generic cloth control	P10	
dyng x 01	dyng x 01	CLEAR	dyng (jiggle-physics) control, variant x, 01	NEEDS_CONTEXT		Medium	"""dyng"" is a grounded jiggle-physics naming convention (rule 23), but no owning object is named"	function grounded, owning object not stated	P10	
unused genitalslag02	unused genitalslag02	CLEAR	self-declared unused placeholder	CLEAR	groupFile/Useless	High		self-declared unused marker (rule 15)	P10	
flm-arma-foot-l2	Flm-ArmA-Foot-L2	CLEAR	"foot, left, variant 2 (""Flm-ArmA"" model/section prefix)"	CLEAR	groupFile/Legs	High		"explicit ""foot"" content grounds this regardless of the prefix (rule 24 pattern)"	P10	
c_stm_a01	C_STM_A01	OPAQUE	ungrounded code	NOT_APPLICABLE		Low	"a possible ""stomach"" abbreviation reading is not grounded enough to assert"	ungrounded abbreviation	P10	
58	58	OPAQUE	bare number, no words at all	NOT_APPLICABLE		Low	a number alone carries no semantic content	no interpretable content	P10	
eye-r-down	Eye-R-Down	CLEAR	eye gaze direction, right, down	CLEAR	groupFile/Face/Eyes	High		ordinary eye control	P10	
bas.rear_right_4_jiggle	BAS.Rear_Right_4_jiggle	CLEAR	"a jiggle-physics function, rear right, variant 4 (""BAS"" prefix unresolved, object unstated)"	NEEDS_CONTEXT		Low	"""BAS"" itself is ungrounded, but ""jiggle"" supplies a real function reading"	jiggle function is clear; owning object is not named	P10	
lc2	LC2	OPAQUE	ungrounded code	NOT_APPLICABLE		Low		ungrounded abbreviation, no other content	P10	
unused head neck lower attached_ssx h #2 root ground	unused head neck lower attached_ssx h #2 root ground	CLEAR	self-declared unused placeholder	CLEAR	groupFile/Useless	High		self-declared unused marker (rule 15)	P10	
f6	F6	OPAQUE	ungrounded code	NOT_APPLICABLE		Low		ungrounded abbreviation, no other content	P10	
bone-r-calf-twist	Bone-R-Calf-Twist	CLEAR	right calf twist	CLEAR	groupFile/Legs	High		ordinary twist bone, not corrective by itself (rule 3)	P10	
upper_01	Upper_01	OPAQUE	pure positional phrase, no object/function named	NOT_APPLICABLE		Low		positional label with no object/function	P10	
unusedbone225	unusedbone225	CLEAR	self-declared unused placeholder	CLEAR	groupFile/Useless	High		self-declared unused marker (rule 15)	P10	
eye close mid r	Eye Close Mid R	CLEAR	eye close, mid, right	CLEAR	groupFile/Face/Eyes	High		ordinary eye expression	P10	
eye shine move side	Eye shine move side	CLEAR	eye-shine (specular highlight) control, sideways	CLEAR	groupFile/Face/Eyes	High		ordinary eye-region control	P10	
frily_51.l	Frily_51.L	CLEAR	frill/ruffle clothing decoration, left, numbered	CLEAR	groupFile/Clothing	Medium	"""Frily"" read as ""Frilly"""	decorative garment trim, matches established Frily pattern	P10	
flm-arma-foot-r4	Flm-ArmA-Foot-R4	CLEAR	"foot, right, variant 4 (""Flm-ArmA"" model/section prefix)"	CLEAR	groupFile/Legs	High		"explicit ""foot"" content grounds this regardless of the prefix (rule 24 pattern)"	P10	
