canonical_position	fold_key	exact_spellings
501	unused spine lower item_ssx h #2	unused spine lower item_SSX H #2
502	wep_paddle2	WEP_Paddle2
503	key.black_11	Key.Black_11
504	arm left elbow adjust b	arm left elbow adjust b
505	key.black_13	Key.Black_13
506	unused head neck upper attached_head root ground	unused head neck upper attached_head root ground
507	right arm twist	Right arm twist
508	009	009
509	l_thumb1b_00001	l_thumb1b_00001
510	bottle4_liquid	bottle4_liquid
511	front bar 5_2	Front bar 5_2
512	lshoulderjb	LShoulderJb
513	torso pipe b l 1c	torso pipe B L 1c
514	head hat wardpaper 2	head hat wardpaper 2
515	object39	Object39
516	strings 1	strings 1
517	nipplepoke	NipplePoke
518	mo3l+mo3r	MO3L+MO3R
519	valvebiped.joint1	ValveBiped.joint1
520	bip_b_nic_head	bip_B_Nic_Head
521	adjust_knuckle_c_r	adjust_knuckle_C_R
522	bip facelipbumploout r	bip facelipbumploout r
523	flm-arma-sworda-g	Flm-ArmA-SwordA-G
524	lassimpactextrude1	LAssImpactExtrude1
525	shoulder wraps shadow	shoulder wraps SHADOW
526	wall door a	WALL DOOR A
527	rhumb0	rhumb0
528	arm right shoulder adjuster	Arm Right Shoulder Adjuster
529	fa_temple_right	fa_temple_right
530	vaginagapeheight	VaginaGapeHeight
531	x_shift_6	x_shift_6
532	bipqwn r finger4	BipQwn R Finger4
533	bip_pigtail_l_3	bip_pigtail_L_3
534	key.black_18	Key.Black_18
535	helper.skin.r_quad	Helper.Skin.R_Quad
536	urethrasidepushright	UrethraSidePushRight
537	rachel head nostril right 1	Rachel head nostril right 1
538	chain_20	chain_20
539	leg left ankle ctr	leg left ankle ctr
540	valvebiped.bip01_r_middle04	ValveBiped.Bip01_R_Middle04
541	finger_ring_left_1	finger_ring_left_1
542	mila head eyeball left	Mila head eyeball left
543	cloth middle 3	cloth middle 3
544	unused f_r_temple	unused f_r_temple
545	bow right 1f	bow right 1f
546	jiggle.tassle_back_1	Jiggle.Tassle_Back_1
547	frily_00.r	Frily_00.R
548	key.white_35	Key.White_35
549	arm left finger 2xx	arm left finger 2xx
550	leg right thigh twist upper 2	leg right thigh twist upper 2
551	bone10	Bone10
552	handcrystaltilt	HandCrystalTilt
553	bip_cape_2_r	bip_Cape_2_R
554	pantiespullanus	PantiesPullAnus
555	bip_l_cloth_a	bip_l_cloth_a
556	moustache_l_22	Moustache_L_22
557	eyes-full-squint	Eyes-Full-Squint
558	bip_l_ear1	bip_l_ear1
559	tarsalright	TarsalRight
560	leg left buttock	leg left buttock
561	bone hand	bone hand
562	bip01_l_clavicle011	Bip01_L_Clavicle011
563	r_finger3a_00004	r_finger3a_00004
564	rc1	RC1
565	microphone_3	Microphone_3
566	tail_mid_c	tail_mid_c
567	shellbase	ShellBase
568	muscular legs	Muscular Legs
569	crow_2.phalanges2_r	Crow_2.Phalanges2_R
570	wep_fireselect_left	WEP_FireSelect_Left
571	bobcut.rear_right_3_jiggle	Bobcut.Rear_Right_3_jiggle
572	wep_magazine1	WEP_Magazine1
573	frigate	frigate
574	arm right elbow ctr1	arm right elbow ctr1
575	pplane3	pPlane3
576	cloth_side_a_2_l	cloth_side_A_2_L
577	leg fix side 90 l	Leg Fix Side 90 L
578	bip01_l_hand009	Bip01_L_Hand009
579	l_front_holster_0u_15v	l_front_holster_0u_15v
580	14	14
581	lkakato01n	LKakato01N
582	bipmar r finger1	BipMar R Finger1
583	dummy06	Dummy06
584	detremote	detremote
585	wep_foregrip_nojiggle_child3	WEP_Foregrip_NoJiggle_Child3
586	rebootface	RebootFace
587	leftmasseter	LeftMasseter
588	labiaspread	LabiaSpread
589	arm right finger knuckle ring	arm right finger knuckle ring
590	body-r-pussy-rub	Body-R-Pussy-Rub
591	root ground.001	root ground.001
592	longear_bone_l_02	longear_bone_l_02
593	strings 5	strings 5
594	object033_003	Object033_003
595	lipnasolabialcrease_r	LipNasolabialCrease_R
596	hips clip adjust	hips clip adjust
597	hose_12	Hose_12
598	bip_cloth_a_02	bip_cloth_a_02
599	footright	FootRight
600	cord12	Cord12
601	doodad.bell_root_left	Doodad.Bell_Root_Left
602	bone116	Bone116
603	byoung	Byoung
604	r3rdna	R3rdNa
605	eye closed	Eye closed
606	rring0	rRing0
607	bip_back_cloth_a_02	bip_back_cloth_a_02
608	wep_boxmagazine_bullet3	WEP_BoxMagazine_Bullet3
609	rope_holster	rope_holster
610	cc_butt.l	cc_Butt.l
611	shorthair_bone_05	shortHair_bone_05
612	dyng d 01	dyng d 01
613	d_bicepsmucle_r	D_bicepsMucle_R
614	l_fin_front_a	l_fin_front_a
615	bullet earring 3	bullet earring 3
616	watch_face_helper	watch_face_helper
617	gag_l_01	Gag_L_01
618	c ulipout	C Ulipout
619	phalangesleft	PhalangesLeft
620	c ujacketa b phy	C uJacketA b Phy
621	wep_boltcharger_2	WEP_BoltCharger_2
622	bikini nipple movement r	Bikini Nipple Movement R
623	lid_2	lid_2
624	opt_acs_earringl5	OPT_acs_earringl5
625	valvebiped.bip01_r_testicle01	ValveBiped.Bip01_R_Testicle01
626	bip thightwistbottom r	bip thightwistbottom r
627	thumb_left_2	thumb_left_2
628	left_small_labia4	Left_Small_Labia4
629	loincloth_front_4	Loincloth_front_4
630	eye-l-furrow	Eye-L-Furrow
631	hatcloth_bone_02	hatCloth_bone_02
632	top_4	Top_4
633	shorthair_bone_12	shortHair_bone_12
634	cockskinback	CockSkinBack
635	wep_fx_muzzle6	WEP_FX_Muzzle6
636	wep_foregrip_nojiggle_child1	WEP_Foregrip_NoJiggle_Child1
637	eye shine move down	Eye shine move down
638	earleft4	EarLeft4
639	bobcut.back_2	Bobcut.Back_2
640	pillow 2	Pillow 2
641	shape-athletic-cleavage	shape-athletic-cleavage
642	flareshide	flaresHide
643	strecthlips	StrecthLips
644	bip_stoolclothback_1_r	bip_StoolClothBack_1_R
645	bip elbowhelper r	bip elbowhelper r
646	belthat_bone_l_04	beltHat_bone_l_04
647	bip_l_foot_ring_02	bip_l_foot_ring_02
648	bone 1030	bone 1030
649	plate	Plate
650	key.black_21	Key.Black_21
651	cornerlowerl+cornerlowerr	CornerLowerL+CornerLowerR
652	bigteethsmile	BigTeethSmile
653	face-kiss	Face-Kiss
654	teethupup	TeethUpUp
655	arm left finger	arm left finger
656	youwhat	YouWhat
657	shevabody	ShevaBody
658	vacuum	vacuum
659	pantiesbulges	PantiesBulgeS
660	rbrow1	rBrow1
661	fake_pellvis	fake_pellvis
662	feather 5b	feather 5b
663	feather 3a	feather 3a
664	unused.038	unused.038
665	unused head neck lower attached_ssx h #2 head neck lower a.003	unused head neck lower attached_ssx h #2 head neck lower a.003
666	strap_back	strap_back
667	50	50
668	r_eyeball_loc	R_Eyeball_Loc
669	r_rear_holster_0u_5v	r_rear_holster_0u_5v
670	belt back right b	belt back right b
671	leg right boot tassle 3b	leg right boot tassle 3b
672	tailwing_01	tailwing_01
673	fin-rig-hat-hood-r	Fin-Rig-Hat-Hood-R
674	bip01-l-upperarm001	Bip01-L-UpperArm001
675	cloth_collar_1_l	cloth_collar_1_L
676	bipfio l foretwist1	BipFio L ForeTwist1
677	bone 1067	bone 1067
678	def-foot.001.02.r	DEF-foot.001.02.R
679	bone 1083	bone 1083
680	face weird 2	Face Weird 2
681	bip01_r_thigh007	Bip01_R_Thigh007
682	valvebiped.bip01_vag_r_0	ValveBiped.Bip01_Vag_R_0
683	bip_woolpelvis_2_l	bip_WoolPelvis_2_L
684	carpal_0_r	carpal_0_R
685	hidewaist	HideWaist
686	key.black_39	Key.Black_39
687	lower left tears r	Lower left tears R
688	c_tiel_c06	C_TieL_C06
689	higher left	Higher Left
690	cock-fat	cock-fat
691	x_shift_1	x_shift_1
692	book turnpage10	Book TurnPage10
693	scope_pos_00	Scope_Pos_00
694	eye_top_open	Eye_Top_Open
695	upperworried.l	upperworried.l
696	bobcut.side_right_1_3	Bobcut.Side_Right_1_3
697	earleft7	EarLeft7
698	car08	car08
699	unused b_r_legohelper	unused b_r_legohelper
700	eye bedroom r	Eye Bedroom R
701	bip_r_fingerbase	bip_r_fingerbase
702	lowerlipmidpull	LowerLipMidPull
703	bobcut.rear_center_1_jiggle	Bobcut.Rear_Center_1_jiggle
704	asshole_6	Asshole_6
705	tente_b_5_r	tente_b_5_R
706	valvebiped.bip01_r_vulva	ValveBiped.Bip01_R_Vulva
707	qwn-rig-tiara	Qwn-Rig-Tiara
708	fringe 1	fringe 1
709	ad96r	AD96R
710	backhair c03 joint	backhair c03 joint
711	l-titty-pull	L-Titty-Pull
712	belly bulge large	Belly Bulge Large
713	third_arms_l_ring3	Third_Arms_L_Ring3
714	finger_index_right_2	finger_index_right_2
715	wep_shell8	WEP_Shell8
716	wep_trigger	WEP_Trigger
717	shhh	shhh
718	island_collar_04_wind_helper	island_collar_04_wind_helper
719	assplump	AssPlump
720	back 3	Back 3
721	apron.002	Apron.002
722	bip_chest_3_l	bip_Chest_3_l
723	unused r jacketbelt spo	unused r jacketbelt spo
724	body-full-hard-nipples	Body-Full-Hard-Nipples
725	head cheeck left 5	head cheeck left 5
726	liplower_left2	lipLower_Left2
727	upper lid lowerer	Upper lid lowerer
728	fin-rig-eye-lu	Fin-Rig-Eye-LU
729	creasebl	CreaseBL
730	wrinkle_medium_3	wrinkle_medium_3
731	r sideburn g phy	r sideburn g phy
732	bip01_spine1_018	Bip01_Spine1_018
733	ulid_l_2	ULid_L_2
734	bas.side_right_2	BAS.Side_Right_2
735	tentaclebottompright3	TentacleBottompRight3
736	valvebiped.bip01_r_pinkie	ValveBiped.Bip01_R_Pinkie
737	dec_gen_wagon_caravan_b_mesh	DEC_GEN_Wagon_Caravan_B_Mesh
738	wrinkles-5	wrinkles-5
739	hand finger right 1b	hand finger right 1b
740	i4	I4
741	forearm.l.001	forearm.L.001
742	genitals_outer_front_left	Genitals_Outer_Front_Left
743	bone028	Bone028
744	midbrows_down_l	midbrows_down_l
745	bip_tail_a_05	bip_tail_a_05
746	scrotumroot	scrotumROOT
747	bone024	Bone024
748	dec_dungeon_shartemple_carpet_rectangle_b_mesh	DEC_Dungeon_SharTemple_Carpet_Rectangle_B_Mesh
749	bone.005	Bone.005
750	maid.bow_right_lower_1	Maid.Bow_Right_Lower_1
751	bow left b 2	bow left b 2
752	eye left focused	eye Left Focused
753	rope_6	Rope_6
754	r_upper_leg_twist_a_helper	r_upper_leg_twist_a_helper
755	valvebiped.hip_l_ulna	ValveBiped.Hip_L_Ulna
756	eyes-look-left	eyes-look-left
757	butt armor right	butt armor right
758	facial_bone_uprlip	Facial_Bone_UprLip
759	bone_lefthipbuffer	bone_LeftHipbuffer
760	bip01_l_toe4	Bip01_L_Toe4
761	wep_gl_sight	WEP_GL_Sight
762	beltcontrol.009	BeltControl.009
763	bip01_l_upperarm002	Bip01_L_UpperArm002
764	key.black_37	Key.Black_37
765	bip01_l_clavicle013	Bip01_L_Clavicle013
766	r zygoma	R Zygoma
767	head eyefold left 2	head eyefold left 2
768	gun_1_l	gun_1_L
769	c_arr_a00	C_ARR_A00
770	bip_pussyroot_l	bip_PussyRoot_L
771	leg left boot tassle 2a	leg left boot tassle 2a
772	wep_fx_laser2	WEP_FX_Laser2
773	narroww	narroww
774	tenta_10_l	tenta_10_L
775	rbrow0	rBrow0
776	lacebustler2	LaceBustler2
777	lipscornersout	LipsCornersOut
778	l ulip b	L Ulip B
779	right thumb 0 spread 1	Right thumb 0 spread 1
780	pbg-rig-eye-ru	PBG-Rig-Eye-RU
781	bip_tonge	bip_Tonge
782	less	less
783	dec_hospital_stand_a_mesh	DEC_Hospital_Stand_A_Mesh
784	taurenmale_hd_bone_128	taurenmale_hd_bone_128
785	kargathbladefist_bone101	kargathbladefist_Bone101
786	vaginatop	VaginaTop
787	bone140	Bone140
788	lipstopcurlout	lipstopcurlout
789	l_elbow_outer_lower_helper	l_elbow_outer_lower_helper
790	muscletightensubtle	MuscleTightenSUBTLE
791	zr68c	zr68c
792	flipoutlefttop	FlipOutLeftTop
793	unusedbone062	unusedbone062
794	key.white_47	Key.White_47
795	bip_l_thumb_03	bip_l_thumb_03
796	left index finger 1 expansion 1	Left index finger 1 expansion 1
797	drowsyl	DrowsyL
798	bip hipfront r	bip hipfront r
799	valvebiped.bip01_l_index04	ValveBiped.Bip01_L_Index04
800	dummy_dec_gen_wagon_caravan_b	Dummy_DEC_GEN_Wagon_Caravan_B
801	unused b_l_legohelper	unused b_l_legohelper
802	foreskinbumpbottom	foreskinbumpbottom
803	vase.002	Vase.002
804	helpthighsider	HelpThighSideR
805	eye_left_squint	eye_Left_Squint
806	bip_l_middle_02	bip_l_middle_02
807	unusedmot13-rightleg	unusedmot13-rightleg
808	cape2_left3	CAPE2_LEFT3
809	neckleftin	NeckLeftIn
810	doof_amp	doof_amp
811	urethrabulgefixdown	UrethraBulgeFixDown
812	upperarmbase_r	UpperArmBase_R
813	16	16
814	head_s_t	Head_S_T
815	third_arms_l_ring4	Third_Arms_L_Ring4
816	flatten/outline1	Flatten/outline1
817	browsoutterupleft	BrowsOutterUpLeft
818	lowerleg_right	lowerleg_right
819	key.black_4	Key.Black_4
820	hook_right	HOOK_RIGHT
821	unused opt_as_l_elbow	unused OPT_AS_L_Elbow
822	bow left 2e	bow left 2e
823	taurenmale_hd_bone_76	taurenmale_hd_bone_76
824	bowtie.bow_left_2	Bowtie.Bow_Left_2
825	bip_tail_d_01	bip_tail_d_01
826	tailleft3_3	TailLeft3_3
827	cloth middle 4 jb	cloth middle 4 JB
828	(flex) arms + top	(FLEX) Arms + Top
829	lowerjawpull	LowerJawPull
830	bh11.l	Bh11.L
831	l collar 01	l collar 01
832	ball_small	ball_small
833	sign10	sign10
834	drawer_bottom_l	Drawer_Bottom_L
835	nippokedouble08	NipPokeDouble08
836	flm-armb-float-a2	Flm-ArmB-Float-A2
837	d_forearmmucle02_r	D_ForearmMucle02_R
838	bip01-l-foretwist002	Bip01-L-ForeTwist002
839	genital upper	genital upper
840	head eye root right	head eye root right
841	r ulipin b	R Ulipin B
842	arm right elbow twist2	arm right elbow twist2
843	leftarmbicep_helper	LeftArmBicep_helper
844	valvebiped.bip01_r_pinkie04	ValveBiped.Bip01_R_Pinkie04
845	l_shoulder_twist_a_helper	l_shoulder_twist_a_helper
846	wrinkles-2	wrinkles-2
847	lid_4	lid_4
848	left_lidsopen	Left_lidsopen
849	bottom_04	Bottom_04
850	hose_09	Hose_09
851	facial_helper_eye_l	Facial_Helper_Eye_L
852	mot04_leftforearm	MOT04_LeftForeArm
853	maid.necktie_right_inner_2	Maid.Necktie_Right_Inner_2
854	right_browoutv	Right_BrowOutV
855	c_lur_a01	C_LUR_A01
856	rassspread	RAssSpread
857	unused _metacarpal04	unused _Metacarpal04
858	socket_head	Socket_head
859	valvebiped.bip02_r_index	ValveBiped.Bip02_R_Index
860	flm-armb-float-a4	Flm-ArmB-Float-A4
861	08	08
862	flm-arma-necklf	Flm-ArmA-NeckLF
863	generichuman_r_lolidjnt	GenericHuman_r_loLidJnt
864	unused b_b_neckhelper	unused b_b_neckhelper
865	middle finger	Middle finger
866	left_lidupraise	Left_LidUpRaise
867	wep_belt_bullet3	WEP_Belt_Bullet3
868	bullet earring 1	bullet earring 1
869	bone126	Bone126
870	polysurface71	polySurface71
871	valvebiped.bip01_vag_r_2	ValveBiped.Bip01_Vag_R_2
872	cape11	cape11
873	thick hips	thick hips
874	bone_pillow_low	bone_pillow_low
875	finger3a	finger3a
876	flex_small	Flex_SMALL
877	lthumbnc	LThumbNc
878	bipfin	BipFin
879	bone.014	Bone.014
880	chin3.l	chin3.L
881	hokage hat right 1a_jiggle	hokage hat right 1a_jiggle
882	shell.wall_7	Shell.Wall_7
883	canine_lbacklegpalm	Canine_LBackLegPalm
884	head neck ctr	head neck ctr
885	cloth left 7	cloth left 7
886	bip_cloth_b_01	bip_cloth_b_01
887	cape1_right4	CAPE1_RIGHT4
888	unusedleft pupil fbu	unusedleft pupil fbu
889	tophair3	TopHair3
890	f04	f04
891	head eye inner upper left	Head Eye Inner Upper Left
892	right thumb 2	Right thumb 2
893	polysurface67	polySurface67
894	bone.001.r	Bone.001.R
895	canine_lfrontlegshoulderblade	Canine_LFrontLegShoulderblade
896	unusedtransform5 cmn sl alison	unusedtransform5 cmn sl alison
897	polysurface53	polySurface53
898	jiggle01a	Jiggle01a
899	bip01_l_thigh010	Bip01_L_Thigh010
900	unused duplicate duplicate unused.011	unused duplicate duplicate unused.011
901	unused_head_neck_upper.001	unused_head_neck_upper.001
902	belly bulge medium	Belly Bulge Medium
903	bone131	Bone131
904	bobcut.back_1	Bobcut.Back_1
905	bip01_head017	Bip01_Head017
906	page2_c	Page2_C
907	boon_root_right	boon_root_right
908	tbase	TBase
909	lower_leg03	lower_leg03
910	bone007	Bone007
911	llid_lower_raise	Llid_lower_raise
912	poke04	Poke04
913	bone026	Bone026
914	cape2_middle2	CAPE2_MIDDLE2
915	unused r jacketa spo	unused r jacketa spo
916	bone118	Bone118
917	magazinecatch	MagazineCatch
918	hat front left	hat front left
919	object031_006	Object031_006
920	belt_24	belt_24
921	middleright2	MiddleRight2
922	bottomlipright	BottomLipRight
923	arm left shoulder 1 ctr2	arm left shoulder 1 ctr2
924	bip01_r_clavicle016	Bip01_R_Clavicle016
925	marie head neck upper	Marie head neck upper
926	wwexpansionanuswidth	WWExpansionAnusWidth
927	hat_bone_l_02	hat_bone_l_02
928	fin-rig-eye-r	Fin-Rig-Eye-R
929	r05	R05
930	lipscornersforward	LipsCornersForward
931	torso2.001	torso2.001
932	casterb_0	CasterB_0
933	bip_l_thumb_02	bip_l_thumb_02
934	box_face_03_m	Box_Face_03_M
935	out_cam	Out_Cam
936	arm left finger 2 a	arm left finger 2 a
937	third_arms_r_thumb3	Third_Arms_R_Thumb3
938	v_weapon.root36	v_weapon.Root36
939	bag_bone_sr_02	bag_bone_sr_02
940	eyesemicircleopposite	EyeSemiCircleOpposite
941	collar.ring	Collar.Ring
942	polysurface137	polySurface137
943	right little finger 2	Right little finger 2
944	ropen aaa	ROpen AAA
945	genital left 1	genital left 1
946	bone 1075	bone 1075
947	midbrowdown	MidBrowDown
948	wep_fireselector_navy	WEP_FireSelector_Navy
949	pussyspread2	PussySpread2
950	ringright3	RingRight3
951	bone_legrr3	Bone_LegRR3
952	tool_hospital_surgery_kit_a_mesh	TOOL_Hospital_Surgery_Kit_A_Mesh
953	tailright2_4	TailRight2_4
954	bip01_r_hand010	Bip01_R_Hand010
955	r whiskers a phy	r whiskers a phy
956	canin_pen_5	canin_pen_5
957	fronthaircontrol.jigglecontrol	FrontHairControl.JiggleControl
958	wep_rail_peq	WEP_Rail_PEQ
959	shirt_chest_all_forward	shirt_chest_all_forward
960	bone 1020	bone 1020
961	level5_south	Level5_South
962	longear_bone_r_02	longear_bone_r_02
963	bip fpinky00 r	bip fpinky00 r
964	brows-r-foward	Brows-R-Foward
965	skinback	SkinBack+skinback
966	bip_belt_r_1	bip_belt_R_1
967	jiggle_belt2	jiggle_belt2
968	c_bck_b01	C_BCK_B01
969	rotating	rotating
970	anusright	AnusRight
971	ballsrsqueshbottom	ballsRsqueshbottom
972	_left_z_down	_left_z_down
973	emptycartridge	EmptyCartridge
974	bip_tail_d_04	bip_tail_d_04
975	oboro_f	Oboro_F
976	bonelow03	BoneLow03
977	squintupleft	SquintUpLeft
978	top_1	Top_1
979	ph08	PH08
980	shaftsmallerinflate	ShaftSmallerInflate
981	bip_ass2	bip_Ass2
982	bone 1097	bone 1097
983	upperarmtwist2right	UpperArmTwist2Right
984	cloth front left 3	cloth front left 3
985	sidehair_l_1	sidehair_L_1
986	cylinderreleaselatch	CylinderReleaseLatch
987	bip_hs1_r	bip_hs1_R
988	key 9	Key 9
989	eye-r-furrow-inward	Eye-R-Furrow-Inward
990	earring_r_d	Earring_R_D
991	polysurface209	polySurface209
992	pupils-sad-l	Pupils-Sad-L
993	back_lift1	back_lift1
994	foreskinbigger	ForeskinBigger
995	bottomlid_l2	bottomlid_L2
996	chest_b	chest_b
997	top lift r	Top Lift R
998	bone.017.r	Bone.017.r
999	bone 74	bone 74
1000	buttplug	buttPlug
1001	bld_gen_circus_tent_big_a_top_a_mesh	BLD_GEN_Circus_Tent_Big_A_Top_A_Mesh
1002	helena head eyeball right	Helena head eyeball right
1003	bone_bed_09	bone_bed_09
1004	bone 1108	bone 1108
1005	oris04_l	oris04_L
1006	leg right knee adjust b	leg right knee adjust b
1007	alarm	alarm
1008	helper_forearm_r	helper_forearm_R
1009	bipqwn lcalftwist	BipQwn LCalfTwist
1010	nyotengu head nostril left 1	Nyotengu head nostril left 1
1011	legtoetip1_r	LegToeTip1_R
1012	belt_r1	Belt_R1
1013	l sideburn a phy	l sideburn a phy
1014	leg left finger 2	leg left finger 2
1015	scale-up	scale-up
1016	pad2_1	pad2_1
1017	bip01_r_hand016	Bip01_R_Hand016
1018	vwatch	Vwatch
1019	strap a 1	strap a 1
1020	left_u_vag_1	left_u_vag_1
1021	box_kg_empty1	box_KG_empty1
1022	uppersnout_r	upperSnout_R
1023	cape_11_l	cape_11_L
1024	outhouse_door001_reference	outhouse_door001_reference
1025	bip01_l_thigh019	Bip01_L_Thigh019
1026	lipstopcurlin	lipstopcurlin
1027	taz_l	Taz_L
1028	l_knee_calf_helper	l_knee_calf_helper
1029	r belta a phy	R BeltA a Phy
1030	d14	D14
1031	parasol	Parasol
1032	right thumb 0 grip 2	Right thumb 0 grip 2
1033	l_pucker	L_pucker
1034	bip001-r-upperarm	Bip001-R-UpperArm
1035	thigh_twist_l_01	thigh_twist_l_01
1036	tailwing_00	tailwing_00
1037	bas.side_right_4_jiggle	BAS.Side_Right_4_jiggle
1038	shirt_back_lift	shirt_back_lift
1039	kickmidoutter	KickMidOutter
1040	bip_r_root_horn	bip_r_root_horn
1041	egg.wall_22	Egg.Wall_22
1042	saberon_bone38_lthumb	saberon_Bone38_LThumb
1043	speed1	speed1
1044	box_face_15_m	Box_Face_15_M
1045	left middle distal	Left Middle Distal
1046	itsnouse	ITSNOUSE
1047	loot_gen_backpack_c_posed_a_mesh	LOOT_GEN_Backpack_C_Posed_A_Mesh
1048	cord10	Cord10
1049	flm-rig-hole-a	Flm-Rig-Hole-A
1050	right_shoulder_c	right_shoulder_C
1051	l_elbow_twist_a_helper	l_elbow_twist_a_helper
1052	key.e	Key.E
1053	pantsthin	Pantsthin
1054	bip_hip_r_1	bip_hip_r_1
1055	eyeballs-left	Eyeballs-Left
1056	neutral2	neutral2
1057	prf_rinko_costume_1_aos	prf_rinko_costume_1_aos
1058	rachel bun_1	Rachel bun_1
1059	eyelashes-angry	Eyelashes-Angry
1060	pupils-blankemote-l	Pupils-BlankEmote-L
1061	tailstopb2	TailsTopB2
1062	valvebiped.polysurface12	ValveBiped.polySurface12
1063	leg left boot tassle 3b	leg left boot tassle 3b
1064	cc_backtoe1.r	cc_backtoe1.r
1065	bone 1000	bone 1000
1066	ass1	Ass1
1067	hip base right	Hip base right
1068	unusedbone_3a item_ffx_x-2_rikku_by_xxkammyxx	unusedbone_3A item_FFX_X-2_Rikku_By_xXKammyXx
1069	robe_right	ROBE_RIGHT
1070	canine_tail1	Canine_Tail1
1071	r_head_9	r_head_9
1072	bikini boobs small	Bikini Boobs Small
1073	front-push-side	front-push-side
1074	box_face_13_m	Box_Face_13_M
1075	hat-widen	hat-widen
1076	flm-armb-float-b6	Flm-ArmB-Float-B6
1077	rpinkie0	rPinkie0+rpinkie0
1078	cape 3a	Cape 3a
1079	ascot.bottom_13	Ascot.Bottom_13
1080	eye right focused	eye Right Focused
1081	g9	G9
1082	front-push-center	front-push-center
1083	belt_front_r	belt_front_R
1084	rachel head forehead left	Rachel head forehead left
1085	headband back lower	headband back lower
1086	spine2_00002	spine2_00002
1087	right hand screw	Right hand screw
1088	leftnutscale	LeftNutScale
1089	lipssmilesmall	lipssmilesmall
1090	se_bones24	se_bones24
1091	shell.wall_36	Shell.Wall_36
1092	flm-arma-swordb-z	Flm-ArmA-SwordB-Z
1093	tentaclebottompleft3	TentacleBottompLeft3
1094	leftnipple2	LeftNipple2
1095	forehead_l	Forehead_L+forehead_L
1096	thighright	ThighRight
1097	bottom_s_r	Bottom_S_R
1098	opt_hand_right_middle3	OPT_Hand_Right_Middle3
1099	cock-chubby	cock-chubby
1100	c_dred_l1_03	C_Dred_L1_03
1101	bottom_6	bottom_6
1102	bone.	Bone.
1103	asshole_5	Asshole_5
1104	right little finger 3	Right little finger 3
1105	third_arms_r_middle3	Third_Arms_R_Middle3
1106	cons_potion_healing_a_superior_contents	CONS_Potion_Healing_A_Superior_Contents
1107	ballslsqueshside	ballsLsqueshside
1108	bip01_pelvis017	Bip01_Pelvis017
1109	bipqwn l foretwist1	BipQwn L ForeTwist1
1110	bobcut.left_3_jiggle	Bobcut.Left_3_jiggle
1111	chiraiser	chiraiser
1112	book1_bottom	Book1_Bottom
1113	org-palm.01.l	ORG-palm.01.L
1114	earring.ring_right_2	Earring.Ring_Right_2
1115	lfootj	LFootJ
1116	depth_5	depth_5
1117	c_tier_c03	C_TieR_C03
1118	_right_x_up	_right_x_up
1119	tenta_2_r	tenta_2_R
1120	rocks	Rocks
1121	cock.shaft_6_skin	Cock.Shaft_6_Skin
1122	fin-rig-eye-lb	Fin-Rig-Eye-LB
1123	spine_bone_correct_l_01	spine_bone_correct_l_01
1124	gatling_console	gatling_console
1125	cockh	CockH
1126	tail 5 jb	tail 5 JB
1127	r_upper_raiser	R_upper_raiser
1128	bip facetempleloin r	bip facetempleloin r
1129	penus 4	penus 4
1130	saberon_bone41_rfingerpinky	saberon_Bone41_RFingerPinky
1131	pjcmabdomen2fwd40	pJCMAbdomen2Fwd40
1132	r knee spo	R Knee Spo
1133	right little proximal	Right Little Proximal
1134	maid.bow_right_upper_3	Maid.Bow_Right_Upper_3
1135	bip_r_thumb_sub	bip_r_thumb_sub
1136	bas.side_right_1	BAS.Side_Right_1
1137	sash 1a	Sash 1a
1138	left_lipstretch	Left_lipstretch
1139	org-palm.03.r	ORG-palm.03.R
1140	pcube7	pCube7
1141	robe_left	ROBE_LEFT
1142	qwn-rig-eye-r	Qwn-Rig-Eye-R
1143	i16	I16
1144	bip_l_finger_c_02	bip_l_finger_c_02
1145	eyes-full-furrow-inward	Eyes-Full-Furrow-Inward
1146	leg left hip	leg left hip
1147	shiri_l__slerp_momo_l__i50_x0__offset	shiri_l__slerp_momo_l__i50_x0__offset
1148	key.a	Key.A
1149	sidehair_r_1	sidehair_R_1
1150	flex_thin_top	Flex_THIN_TOP+Flex_Thin_Top
1151	shoulder_orb_left	SHOULDER_ORB_LEFT
1152	crow_2.tail_r	Crow_2.Tail_R
1153	h12	H12
1154	maskeyehide	MaskEyeHide
1155	left_liploout	Left_LipLoOut
1156	hat.root	Hat.Root
1157	bip01_spine3_010	Bip01_Spine3_010
1158	bow right a root	bow right a root
1159	bone033	Bone033
1160	strings 4 jb	strings 4 JB
1161	thinner/beam	Thinner/beam
1162	canteen1	Canteen1
1163	cloth front left 2	cloth front left 2
1164	flap3.r	Flap3.R
1165	box17	Box17
1166	body-r-ass-up	Body-R-Ass-Up
1167	bone25	Bone25
1168	bip_clockcollar_l	bip_ClockCollar_L
1169	valvebiped_fx_shelleject	ValveBiped_FX_ShellEject
1170	bip_ass1_l	bip_Ass1_l+bip_ass1_L
1171	waist cancel left	Waist cancel left
1172	unused r jacketb spo	unused r jacketb spo
1173	ascot.top_5	Ascot.Top_5
1174	pad1_5	pad1_5
1175	bipqwn r foretwist	BipQwn R ForeTwist
1176	bone194	Bone194
1177	grit_both	Grit_Both
1178	box_kg1	box_KG1
1179	leg right thigh ctrl 2	leg right thigh ctrl 2
1180	i12	I12
1181	tripod.height	tripod.height
1182	r_finger_1a	r_finger_1a
1183	ahoge 2	Ahoge 2
1184	v_weapon.right_middle01	v_weapon.Right_Middle01
1185	door	Door+door
1186	bip01_l_hand008	Bip01_L_Hand008
1187	bip_panty_left.001	bip_panty_left.001
1188	foreskinrbump1	foreskinRbump1
1189	bags belt root	Bags Belt Root
1190	leftclothpulltogether	LeftClothPullTogether
1191	cloth_back_b_4_r	cloth_back_B_4_R
1192	l string5 tip sec	l string5 tip sec
1193	cum-flat-bottom	cum-flat-bottom
1194	right middle finger 1 expansion 1	Right middle finger 1 expansion 1
1195	bioshagdvd	bioshagdvd
1196	shin.l.001	shin.L.001
1197	glass_front_d	glass_front_d
1198	muscleup	muscleup
1199	turret_root	turret_root
1200	tenta_b_3_l	tenta_b_3_L
1201	bas.left_2	BAS.Left_2
1202	bone middle 07	bone middle 07
1203	upperlipslift	UpperLipsLift
1204	bip001-r-forearm	Bip001-R-Forearm
1205	13	13
1206	v-open	V-Open
1207	bone134_l_hoho4_joint	bone134_L_Hoho4_Joint
1208	l3rdnb	L3rdNb
1209	buttspread.r	ButtSpread.R
1210	arm left shoulder ctr 2	arm left shoulder ctr 2
1211	koshiplus_d__offset	koshiplus_d__offset
1212	spinec_helper	spinec_helper
1213	cons_potion_healing_a_supreme_glass_mesh	CONS_Potion_Healing_A_Supreme_Glass_Mesh
1214	blade.l	Blade.L
1215	wep_bullet6_shell	WEP_Bullet6_Shell
1216	left_3	left_3
1217	fh15.l	Fh15.L
1218	levator03_r	levator03_R
1219	l_front_holster_0u_13v	l_front_holster_0u_13v
1220	window	Window
1221	rough_small_1	rough_small_1
1222	leftlowerforearm_helper	LeftLowerForeArm_helper
1223	m06	M06
1224	unusedhairroot1	unusedhairroot1
1225	bip01_r_thigh009	Bip01_R_Thigh009
1226	rib cage size	Rib cage Size
1227	shirt_exposed_tie_left_4	Shirt_Exposed_Tie_Left_4
1228	upper arm plate	Upper Arm Plate
1229	tentacletopright1	TentacleTopRight1
1230	bone 1053	bone 1053
1231	hand_b_r	Hand_B_R
1232	rachel bun_3_jiggle	Rachel bun_3_jiggle
1233	hat-lengthen	hat-lengthen
1234	dec_hospital_skeleton_a_mesh	DEC_Hospital_Skeleton_A_Mesh
1235	corner down	Corner down
1236	crow_3.body	Crow_3.Body
1237	+right_footd	+right_footD
1238	nostril right	Nostril Right
1239	grip.006	grip.006
1240	pupils-glaresizesmall-r	Pupils-GlareSizeSmall-R
1241	cube4	cube4
1242	weapon.frontright	Weapon.FrontRight
1243	mainlidanger	MainLidAnger
1244	left upperleg	Left UpperLeg
1245	bip01-neck001	Bip01-Neck001
1246	bip01-head001	Bip01-Head001
1247	head left earring root	head left earring root
1248	box20	Box20
1249	l_front_holster_0u_12v	l_front_holster_0u_12v
1250	student.right_3_jiggle	Student.Right_3_jiggle
1251	arm right cloth 1a	arm right cloth 1a
1252	lipscornersdown	LipsCornersDown
1253	cape_8_r	cape_8_R
1254	island_collar_05_wind_helper	island_collar_05_wind_helper
1255	leg right boot tassle 2b	leg right boot tassle 2b
1256	bip_scraft_r	bip_Scraft_R
1257	jnt_112	jnt_112
1258	hitomi unusedmot01-head001	Hitomi unusedmot01-head001
1259	first_loose_page4_m	First_Loose_Page4_M
1260	object010	Object010
1261	toy_bone_07	toy_bone_07
1262	bikini_15	Bikini_15
1263	lowerblinkr	lowerBlinkR
1264	muscular arms	Muscular Arms
1265	lidopen	LIDOPEN
1266	limp_3	limp_3
1267	valvebiped.chainsaw	ValveBiped.chainsaw
1268	left_lipcnrtwst	Left_LipCnrTwst
1269	key.white_12	Key.White_12
1270	lthe	Lthe
1271	dazer	DazeR
1272	eyes-full-furrow	Eyes-Full-Furrow
1273	opt_hand_left_thumb2	OPT_Hand_Left_Thumb2
1274	cockthick	CockThick
1275	beadhangfrontsmall a1	BeadHangFrontSmall A1
1276	f12	F12
1277	cloth_back_a_2	cloth_back_A_2
1278	l_foot_00003	l_foot_00003
1279	key.i	Key.I
1280	page4_d	Page4_D
1281	taurenmale_hd_bone_83	taurenmale_hd_bone_83
1282	unused jnt-074	unused jnt-074
1283	gag_l_08	Gag_L_08
1284	toplid_r4	toplid_R4
1285	leftfinger04	LeftFinger04
1286	thumbright2	ThumbRight2
1287	lid lower - up	Lid Lower - Up
1288	key.black_24	Key.Black_24
1289	glovesnoclaws	GlovesNoClaws
1290	r_fin_mid_c	r_fin_mid_c
1291	slate	Slate
1292	book coverpage turn05	Book CoverPage Turn05
1293	unused head.039	unused head.039
1294	shocked r	Shocked R
1295	panties down 2	Panties down 2
1296	eyes shocked	Eyes Shocked+Eyes shocked
1297	v_weapon.root99	v_weapon.Root99
1298	book turnpage1	Book TurnPage1
1299	leg left butt 2	leg left butt 2
1300	eye close mid l	Eye Close Mid L
1301	left_13	left_13
1302	wep_boxmagazine_bullet1	WEP_BoxMagazine_Bullet1
1303	bottom_8	bottom_8
1304	bip01_l_thigh012	Bip01_L_Thigh012
1305	eyes crossing	Eyes crossing
1306	flm-armb-belt-b1	Flm-ArmB-Belt-B1
1307	cape_7_r	cape_7_R
1308	bellyinfliate	BellyInfliate
1309	head nostril middle upper	head nostril middle upper
1310	r_neck_30	r_neck_30
1311	right_15	right_15
1312	brows_inner_adjust	brows_inner_adjust
1313	fh19.r	Fh19.R
1314	bobcut.rear_center_3_jiggle	Bobcut.Rear_Center_3_jiggle
1315	valvebiped.bip01_r_pauldron	ValveBiped.Bip01_R_Pauldron
1316	earpiece_left	earpiece_left
1317	tophair2	TopHair2
1318	flag7	flag7
1319	bip_tailc11	bip_tailC11
1320	knee smooth	Knee Smooth
1321	muscleforearm	MuscleForeArm
1322	def-brows_l	DEF-brows_L
1323	facial_bone_uprlip_r02_m	Facial_Bone_UprLip_R02_m
1324	valvebiped.bip01_l_thumb01	ValveBiped.Bip01_L_Thumb01
1325	lwing06	LWing06
1326	fa_up_lid_left_inner	fa_up_lid_left_inner
1327	gag_r_05	Gag_R_05
1328	collar right 3	collar right 3
1329	topadjust	TopAdjust
1330	qwn-rig-eye-rb	Qwn-Rig-Eye-RB
1331	l_deltoid_helper	l_deltoid_helper
1332	elbowroll r	ELBOWROLL R
1333	v_weapon.left_middle02	v_weapon.Left_Middle02
1334	fa_low_lid_left_mid	fa_low_lid_left_mid
1335	key.black_22	Key.Black_22
1336	longear_bone_r_03	longear_bone_r_03
1337	knotsmall2	KnotSmall2
1338	upperlipspush	UpperLipsPush
1339	eybrows up	Eybrows up
1340	unused140	unused140
1341	kublaribiped_penis_r3	KubLariBiped_Penis_R3
1342	unused head neck lower	unused head neck lower
1343	shell.wall_10	Shell.Wall_10
1344	second_arms_l_middle1	Second_Arms_L_Middle1
1345	bow left c 3	bow left c 3
1346	chin_right_2	chin_right_2
1347	bip01 forearmtwist.l	Bip01 ForearmTwist.L
1348	bip_balls1_r	bip_Balls1_r
1349	wheel_2.rotate	Wheel_2.Rotate
1350	spike_01_m	Spike_01_M
1351	oris06_l	oris06_L
1352	valvebiped.bip01_l_ear01	ValveBiped.Bip01_L_Ear01
1353	head face	head face
1354	x_shift_11	x_shift_11
1355	key.black_36	Key.Black_36
1356	classictopfit	ClassicTopFIT
1357	hat-heighten	hat-heighten
1358	body-feet-shrink	Body-Feet-Shrink
1359	def-ribcage.b.r	DEF-ribcage.B.R
1360	weil 01	weil 01
1361	car06	car06
1362	c_dred_c2_01	C_Dred_C2_01
1363	right_hip_cancel_end	right_hip_cancel_end
1364	head eyecorner out right	head eyecorner out right
1365	mch-eye.l	MCH-eye.L
1366	bip legtwistbottom l	bip legtwistbottom l
1367	bip_r_horn	bip_r_horn
1368	bobcut.rear_left_1	Bobcut.Rear_Left_1
1369	rightnasolabialbulge	RightNasolabialBulge
1370	liptopfoward	LipTopFoward
1371	bone 90	bone 90
1372	pussparent.007	PussParent.007
1373	pplane2	pPlane2
1374	bone 1068	bone 1068
1375	ballsack	Ballsack
1376	unused b_r_shoulderhelper	unused b_r_shoulderhelper
1377	rightstrap	RightStrap
1378	mlid_r_2	MLid_R_2
1379	jacketbelly	JacketBelly
1380	unused eft_metacarpal04	unused eft_Metacarpal04
1381	malepos	MalePos
1382	l_front_holster_0u_14v	l_front_holster_0u_14v
1383	pb_r_cmy01_bhair_4	pb_R_CMY01_BHair_4
1384	browmiddle_left_up	browMiddle_Left_Up
1385	rear b_3	Rear B_3
1386	tenta_b_7_l	tenta_b_7_L
1387	bone040	Bone040
1388	palmrukaz	PalmRUkaz
1389	arm right shoulder 2 ctr3	arm right shoulder 2 ctr3
1390	foot_index_0_r	foot_index_0_R
1391	belt back left b	belt back left b
1392	cloth left 6 jb	cloth left 6 JB
1393	side_left_3	side_left_3
1394	revealshirt	RevealShirt
1395	bip_l_thumb_sub	bip_l_thumb_sub
1396	left middle finger 2 grip 1	Left middle finger 2 grip 1
1397	mar-rig-eye-ru	Mar-Rig-Eye-RU
1398	taurenmale_hd_bone_80	taurenmale_hd_bone_80
1399	saucer	saucer
1400	poke09	Poke09
1401	third_arms_l_wrist	Third_Arms_L_Wrist
1402	maid.bow_right_lower_3	Maid.Bow_Right_Lower_3
1403	unused head neck upper	unused head neck upper
1404	c_tier_c06	C_TieR_C06
1405	bone.021	Bone.021
1406	fh12.r	Fh12.R
1407	taurenmale_hd_bone_127	taurenmale_hd_bone_127
1408	cape2_left51	CAPE2_LEFT51
1409	stool control	stool control
1410	sidehair_l_2	sidehair_L_2
1411	bip01_r_clavicle002	Bip01_R_Clavicle002
1412	assfatshorts	AssFatShorts
1413	r_front_holster_0u_5v	r_front_holster_0u_5v
1414	torso pipe b l 2c	torso pipe B L 2c
1415	belly side back left 1	belly side back left 1
1416	head cheeck right 2	head cheeck right 2
1417	plant 2	Plant 2
1418	hurtl	HurtL
1419	taurenmale_hd_bone_122	taurenmale_hd_bone_122
1420	canin_pen_3	canin_pen_3
1421	bellyin-bottomnude	BellyIn-bottomnude
1422	leg_bone_correct_l_01	leg_bone_correct_l_01
1423	bip_r_wing	bip_r_wing
1424	rightfinger02	RightFinger02
1425	bip_bowtieroot	bip_BowtieRoot
1426	llegj	LLegJ
1427	cloth front right 2	cloth front right 2
1428	masktop1.r	MaskTop1.R
1429	bot_right	BOT_RIGHT
1430	bunnytail	BunnyTail
1431	shape-athletic-nude	shape-athletic-nude
1432	eyeshrink	EyeShrink
1433	lipstopforward	lipstopforward
1434	full_open_left	full_open_left
1435	bip_r_claw_a	bip_r_claw_a
1436	foot_pinky_2_l	foot_pinky_2_L
1437	front 3_3	Front 3_3
1438	r_fin_mid_a	r_fin_mid_a
1439	leg left boot tassle 4a	leg left boot tassle 4a
1440	l-ass-smack	L-Ass-Smack
1441	l_eye1a	l_eye1a
1442	bipbrk r foretwist	BipBrk R ForeTwist
1443	backhair c02 joint	backhair c02 joint
1444	pupils-neutralalt-l	Pupils-NeutralAlt-L
1445	hip growth	hip growth
1446	valvebiped.bip03_r_index	ValveBiped.Bip03_R_Index
1447	flm-armb-leg-rm	Flm-ArmB-Leg-RM
1448	bone 1016	bone 1016
1449	row_chair009	row_chair009
1450	flm-arma-sworda-lr	Flm-ArmA-SwordA-LR
1451	beltcontrol.006	BeltControl.006
1452	armpit_l	Armpit_L
1453	bip_ears6_l	bip_Ears6_L
1454	right_4	Right_4+right_4
1455	bone_eye_r002	Bone_eye_R002
1456	v_weapon.root24	v_weapon.Root24
1457	bip001 prop2	Bip001 Prop2
1458	bracelet	bracelet
1459	pupils-neutral-l	Pupils-Neutral-L
1460	c2	C2
1461	def-spine.006_l.015	DEF-spine.006_L.015
1462	skeleton_grp	skeleton_grp
1463	book turnpage3	Book TurnPage3
1464	key 3 - poneyhair	Key 3 - PoneyHair
1465	bulgemids	BulgeMidS
1466	unusedbone132	unusedbone132
1467	arm right shoulder ctr 2	arm right shoulder ctr 2
1468	flex_noise_03	Flex_Noise_03
1469	marie head eyeball right	Marie head eyeball right
1470	tightthigh_lowerjigglecontrol	TightThigh_LowerJiggleControl
1471	upshort	UpShort
1472	hand finger left 1b	hand finger left 1b
1473	fur_gen_bed_rich_gothic_orin_a_matress_mesh	FUR_GEN_Bed_Rich_Gothic_Orin_A_Matress_Mesh
1474	bip_head_lenses	bip_head_lenses
1475	third_arms_r_thumb4	Third_Arms_R_Thumb4
1476	rootground	RootGround+rootGround
1477	key.white_23	Key.White_23
1478	wep_magazine	WEP_Magazine
1479	v_weapon.root34	v_weapon.Root34
1480	accessories bell jb	accessories bell JB
1481	bipbrk rcalftwist1	BipBrk RCalfTwist1
1482	genitals 06	genitals 06
1483	bip_r_cloth_b_05	bip_r_cloth_b_05
1484	dyng x 01	dyng x 01
1485	unused genitalslag02	unused genitalslag02
1486	flm-arma-foot-l2	Flm-ArmA-Foot-L2
1487	c_stm_a01	C_STM_A01
1488	58	58
1489	eye-r-down	Eye-R-Down
1490	bas.rear_right_4_jiggle	BAS.Rear_Right_4_jiggle
1491	lc2	LC2
1492	unused head neck lower attached_ssx h #2 root ground	unused head neck lower attached_ssx h #2 root ground
1493	f6	F6
1494	bone-r-calf-twist	Bone-R-Calf-Twist
1495	upper_01	Upper_01
1496	unusedbone225	unusedbone225
1497	eye close mid r	Eye Close Mid R
1498	eye shine move side	Eye shine move side
1499	frily_51.l	Frily_51.L
1500	flm-arma-foot-r4	Flm-ArmA-Foot-R4
1501	wep_paddle1	WEP_Paddle1
1502	lower_02	Lower_02
1503	rootrifle	ROOTRifle
1504	collar back	collar back
1505	expansionanuswidth	ExpansionAnusWidth
1506	bip_tailc18	bip_tailC18
1507	box_face_14_m	Box_Face_14_M
1508	madbrownleft1	MadBrownLeft1
1509	taurenmale_hd_bone_130	taurenmale_hd_bone_130
1510	bone 1087	bone 1087
1511	squinch_both	Squinch_Both
1512	bip_chest_1_r	bip_Chest_1_r
1513	page4_a	Page4_A
1514	jiggle03b	Jiggle03b
1515	throat-upper-widen	throat-upper-widen
1516	openzippervagopen	OpenZipperVagOpen
1517	additions	additions
1518	taurenmale_hd_bone_88	taurenmale_hd_bone_88
1519	chain_18	chain_18
1520	left little finger 2 grip 2	Left little finger 2 grip 2
1521	bone 1021	bone 1021
1522	bone004	Bone004
1523	third_arms_r_ring3	Third_Arms_R_Ring3
1524	object43	Object43
1525	wrist	Wrist
1526	bip01_tail	bip01_tail
1527	crow_1.body	Crow_1.Body
1528	bipfio lcalftwist1	BipFio LCalfTwist1
1529	lipul	lipul
1530	mawopenbad	MawOpenbad
1531	bip_front_jacket_r	bip_front_jacket_R
1532	teeth_bot_l	teeth_bot_l
1533	valvebiped.leftright	ValveBiped.LeftRight
1534	armcloth_left_3	ArmCloth_Left_3
1535	valvebiped.polysurface1	ValveBiped.polySurface1
1536	topleftbone	TopLeftBone
1537	l_calf_00002	l_calf_00002
1538	bottle5	bottle5
1539	valvebiped.bip01_l_foot01	ValveBiped.Bip01_L_Foot01
1540	thyroid	thyroid
1541	bip_penis-ball-1.r	bip_penis-ball-1.R
1542	bip_lowerlipmiddle_r	bip_LowerLipMiddle_R
1543	arm left finger knuckle index	arm left finger knuckle index
1544	brows-full-neutral	Brows-Full-Neutral
1545	right_arm_twist1_end	right_arm_twist1_end
1546	bottle4_cap	bottle4_cap
1547	leg_bone_correct_l_02	leg_bone_correct_l_02
1548	cup.attach_left	Cup.Attach_Left
1549	shoulder_left	Shoulder_Left
1550	kargathbladefist_bone37	kargathbladefist_Bone37
1551	outfit_boob_fix	OUTFIT_BOOB_FIX
1552	wing_left_4_1	Wing_Left_4_1
1553	bottomhair3	BottomHair3
1554	leg right thigh ctr3	leg right thigh ctr3
1555	qwn-rig-face	Qwn-Rig-Face
1556	eyes close normal	Eyes Close Normal
1557	key.white_24	Key.White_24
1558	blc	BLC
1559	bone108	Bone108
1560	half_closed	half_closed
1561	strap_a.02	Strap_A.02
1562	piercing.anus_ring	Piercing.Anus_Ring
1563	finger3b	finger3b
1564	plane07	Plane07
1565	music_gen_guitar_lute_a_mesh	MUSIC_GEN_Guitar_Lute_A_Mesh
1566	throb-rear	throb-rear
1567	pjcmforearmfwd75r	pJCMForeArmFwd75R
1568	bip_findex01_r	Bip_FIndex01_R
1569	depth_6	depth_6
1570	flm-rig-eye-ru	Flm-Rig-Eye-RU
1571	polysurface217	polySurface217
1572	headgear_l.005	Headgear_L.005
1573	finger_middle_left_0	finger_middle_left_0
1574	ballsl01	ballsL01
1575	torso brace f l	Torso brace F L
1576	leftinhandring	LeftInHandRing
1577	bipfio rcalftwist	BipFio RCalfTwist
1578	bip01_spine1_004	Bip01_Spine1_004
1579	l bust04 tip sec	l bust04 tip sec
1580	left_19	left_19
1581	v_weapon.left_pinky03	v_weapon.Left_Pinky03
1582	pot1	pot1
1583	l1stnc	L1stNc
1584	bobcut.left_1	Bobcut.Left_1
1585	eyes_tight	eyes_tight
1586	polysurface140	polySurface140
1587	spine03	Spine03
1588	canine_rear02	Canine_REar02
1589	earring_base	Earring_Base
1590	leg left thigh adj. 3	leg left thigh adj. 3
1591	bone-l-forearm-twist	Bone-L-ForeArm-Twist
1592	arm right cloth 2a	arm right cloth 2a
1593	shell.wall_9	Shell.Wall_9
1594	gatling2	gatling2
1595	lipscornerslower	LipsCornersLower
1596	earring left b	earring left b
1597	left_puckerliplo	Left_PuckerLipLo
1598	key.black_17	Key.Black_17
1599	bip_r_index_01	bip_r_index_01
1600	tail 7 jb	tail 7 JB
1601	unusedbone137	unusedbone137
1602	funnell	FunnelL+funnell
1603	lipssmilebig	lipssmilebig
1604	bip01_l_thigh011	Bip01_L_Thigh011
1605	brows-upper	brows-upper
1606	head eyeball target	head eyeball target
1607	bra2	Bra2
1608	bipbrk r foretwist1	BipBrk R ForeTwist1
1609	labiamajoramiddlepull	LabiaMajoraMiddlePull
1610	waist shape	Waist Shape
1611	mot00_hips	MOT00_Hips
1612	unusedopt-hand-*-metacarpal04.1.l	unusedopt-hand-*-metacarpal04.1.l
1613	left_frown	Left_Frown+Left_frown
1614	right_pussy_widen2	Right_pussy_widen2
1615	eye-l-half-closed	Eye-L-Half-Closed
1616	kargathbladefist_bone36	kargathbladefist_Bone36
1617	topclothfix all	TopClothFix All
1618	feathercharm.r	FeatherCharm.R
1619	toplip2.r.	TopLip2.R.
1620	key 2 - shirt	Key 2 - Shirt
1621	leg right ankle adj 1	leg right ankle adj 1
1622	id3	ID3
1623	tailleft2_2	TailLeft2_2
1624	shirt_front_lift	shirt_front_lift
1625	collar left 3	collar left 3
1626	foot_pinky_0_r	foot_pinky_0_R
1627	leftbrowangry	LeftbrowAngry
1628	adjust_knuckle_c_l	adjust_knuckle_C_L
1629	head eyeball right target	head eyeball right target
1630	h8	H8+h8
1631	string_hang	String_Hang
1632	strecherl	StrecherL
1633	key.white_7	Key.White_7
1634	bip_suitear2_r	bip_suitear2_R
1635	flex_sh3_arrange_02	Flex_SH3_ARRANGE_02
1636	bow left 3g	bow left 3g
1637	belt.r	Belt.R
1638	taurenmale_hd_bone_68	taurenmale_hd_bone_68
1639	belthat_bone_l_03	beltHat_bone_l_03
1640	left_outerbrowraise	Left_outerbrowraise
1641	dyng a 03	dyng a 03
1642	wep_gl_sight_adjust	WEP_GL_Sight_Adjust
1643	kargathbladefist_bone85_rfingerring	kargathbladefist_Bone85_RFingerRing
1644	pussy right in 1	pussy right in 1
1645	bip_strap_r	bip_strap_r
1646	nippoke04	NipPoke04
1647	bip_waist_b	bip_waist_b
1648	au17d	AU17D
1649	cloth right 3 jb	cloth right 3 JB
1650	gapeass	GapeAss
1651	opt_hand_left_ring2	OPT_Hand_Left_Ring2
1652	brk-rig-eye-l	Brk-Rig-Eye-L
1653	r_head_5	r_head_5
1654	r_front_holster_0u_10v	r_front_holster_0u_10v
1655	flipoutrightleft	FlipoutRightLeft
1656	minitorch2	MiniTorch2
1657	bip_l_arm_01_roll	bip_l_arm_01_roll
1658	helmetfit	HelmetFIT
1659	bip forearmtwistmiddle r	bip forearmtwistmiddle r
1660	carmup.r	CArmUp.R
1661	bone050	Bone050
1662	cloth_side_a_2_r	cloth_side_A_2_R
1663	eyesquinch	EyeSquinch
1664	v_weapon.left_thumb01	v_weapon.Left_Thumb01
1665	l_mousejaw_loc	L_MouseJaw_Loc
1666	x_shift_9	x_shift_9
1667	sidehair_l_root	sideHair_L_root
1668	enlarge_x	enlarge_x
1669	l middle 01	l middle 01
1670	_left_y_up	_left_y_up
1671	weapon.frontleft	Weapon.FrontLeft
1672	ehh l	Ehh L
1673	saberon_bone37_lfingerpinky	saberon_Bone37_LFingerPinky
1674	bip01_r_upperarm019	Bip01_R_UpperArm019
1675	dyng d 03	dyng d 03
1676	cape2_right2	CAPE2_RIGHT2
1677	bite1l+bite1r	bite1L+bite1R
1678	leftfemor	LeftFemor
1679	valvebiped.bip01_l_pinkie04	ValveBiped.Bip01_L_Pinkie04
1680	raiseoutleft	RaiseOutLeft
1681	bow right 2c	bow right 2c
1682	bip01_l_thigh002	Bip01_L_Thigh002
1683	dick detail 3	Dick Detail 3
1684	bone133	Bone133
1685	curtainl	CurtainL
1686	bone034	Bone034
1687	bone196	Bone196
1688	playful	Playful
1689	bas.rear_right_1_jiggle	BAS.Rear_Right_1_jiggle
1690	unused bip01_rcalftwist1_jiggle	unused Bip01_RCalfTwist1_Jiggle
1691	kublaribiped_balls	KubLariBiped_Balls
1692	sign04	sign04
1693	hooka	HookA
1694	r elbow spo	R Elbow Spo
1695	shorthair_bone_09	shortHair_bone_09
1696	eyesgrow	EyesGrow
1697	bulgepants	BulgePants
1698	valvebiped.bip01_l_forearmtwist2	ValveBiped.Bip01_L_ForearmTwist2
1699	c_lll_b00	C_LLL_B00
1700	lambert	Lambert
1701	cockveinspulsate	CockVeinsPulsate
1702	arm right finger 4	arm right finger 4
1703	pullasidepantyleft	PullAsidePantyLeft
1704	bip kneein l	bip kneein l
1705	fit dick	Fit Dick
1706	cumflate+	Cumflate+
1707	bipfio	BipFio
1708	bone thumb 04	bone thumb 04
1709	djshortsfit	DJShortsFIT
1710	microphone_5	Microphone_5
1711	buttspread.l2	ButtSpread.L2
1712	row_chair011	row_chair011
1713	browshappy	BrowsHappy
1714	rightthighupperjigglecontrol	RightThighUpperJiggleControl
1715	belt.l3	Belt.L3
1716	r_fin_front_a	r_fin_front_a
1717	bone45	Bone45
1718	apron a1	Apron a1
1719	head earring left a 1_jiggle	head earring left a 1_jiggle
1720	glass_d4_d	glass_d4_d
1721	shaftbiggerinflate	ShaftBiggerInflate
1722	bas.rear_left_3_jiggle	BAS.Rear_Left_3_jiggle
1723	bip_lowerlipmiddle_l	bip_LowerLipMiddle_L
1724	cigarette_base	Cigarette_Base
1725	ckarmbendr	CKArmBendR
1726	vag_back_jnt.001	Vag_Back_Jnt.001
1727	nostrilsleft	NostrilsLeft
1728	clothes_front	Clothes_Front
1729	relax eyes	relax eyes
1730	arm right shoulder 2 ctr1	arm right shoulder 2 ctr1
1731	l deltoida spo	L DeltoidA Spo
1732	tailmiddle_7	TailMiddle_7
1733	sakura_costume_13_f	sakura_costume_13_F
1734	tie_01	Tie_01
1735	bone 1047	bone 1047
1736	bas.rear_right_2	BAS.Rear_Right_2
1737	bip_theethu	Bip_theethU
1738	cosmetichead	cosmeticHead
1739	jiggle leg right knee	jiggle leg right knee
1740	crotch-compress	crotch-compress
1741	lsmirk	LSmirk
1742	floor light 2	Floor light 2
1743	left_lipupv	Left_LipUpV
1744	finger_middle_right_1	finger_middle_right_1
1745	fit top	fit top
1746	torso pipe b l 1b	torso pipe B L 1b
1747	saberon_bone39_rfingerindex	saberon_Bone39_RFingerIndex
1748	bip01_pelvis009	Bip01_Pelvis009
1749	nostrils_disgust_r	nostrils_disgust_r
1750	eyes-l-squinch	Eyes-L-Squinch
1751	pupils-glareremove-l	Pupils-GlareRemove-L
1752	wrinkle-2	wrinkle-2
1753	bip_l_eyelash_01	bip_l_eyelash_01
1754	one culture character right	One Culture Character Right
1755	drip_main_1	Drip_Main_1
1756	collarupr	CollarUpR
1757	mid_right	MID_RIGHT
1758	grapple2	grapple2
1759	index finger.001	Index finger.001
1760	key.white_19	Key.White_19
1761	corner_pull	corner_pull
1762	dyng l necklace 01	dyng l necklace 01
1763	holo plant	Holo Plant
1764	upperlips	UpperLips
1765	valvebiped.left_hand_trigger	ValveBiped.left_hand_trigger
1766	canteen3	Canteen3
1767	bip_r_eyelash_02	bip_r_eyelash_02
1768	strap_a.04	Strap_A.04
1769	l_upper_raiser	L_upper_raiser
1770	jiggle.tassle_front_03	Jiggle.Tassle_Front_03
1771	chin_left_3	chin_left_3
1772	bip_ears5_l	bip_Ears5_L
1773	bip_tentacle.004	Bip_Tentacle.004
1774	lowerlips_down_l	lowerlips_down_l
1775	wep_slide_safety	WEP_Slide_Safety
1776	r.mad	r.mad
1777	eyes-closed	eyes-closed
1778	foottip.l	FootTip.L
1779	philodendron	Philodendron
1780	bipmar l foretwist	BipMar L ForeTwist
1781	ltoeindex03	lToeIndex03
1782	side_right_5	side_right_5
1783	dyng e 01	dyng e 01
1784	unused.057	unused.057
1785	torso upperbrace b r	Torso upperbrace B R
1786	l wrist spo	L Wrist Spo
1787	leg left upper	leg left upper
1788	fringe 3	fringe 3
1789	thigh_twist.r	thigh_twist.r
1790	l ujacketc a phy	L uJacketC a Phy
1791	thumb_right_1	thumb_right_1
1792	r collarb tip sec	r collarb tip sec
1793	headband tail left a_jiggle	headband tail left a_jiggle
1794	lowerlipmiddle	Lowerlipmiddle
1795	comaneci_l__slerp_momo_l__i70_x0__offset	comaneci_l__slerp_momo_l__i70_x0__offset
1796	dyng head rope2 03	dyng head rope2 03
1797	key.white_28	Key.White_28
1798	def-shin.02.l	DEF-shin.02.L
1799	g7	G7
1800	c6	C6
1801	bow right d 4	bow right d 4
1802	v_weapon.m3_chamber	v_weapon.M3_CHAMBER
1803	analopenlarge	AnalOpenLarge
1804	jiggle1	Jiggle1
1805	row_chair002	row_chair002
1806	belt_21	belt_21
1807	unused bip01_r_foretwist2	unused Bip01_R_ForeTwist2
1808	unused b_r_leg3helper	unused b_r_leg3helper
1809	longear_bone_r_05	longear_bone_r_05
1810	bip_bobby_r_finger_globe_1_01	Bip_BOBBY_R_Finger_Globe_1_01
1811	jacket_border_4_l	jacket_border_4_L
1812	bow left c 2	bow left c 2
1813	suprised eyes right	Suprised Eyes Right
1814	boon_hinge_left	boon_hinge_left
1815	fan.top_3	Fan.Top_3
1816	wing_right_5_1	Wing_Right_5_1
1817	upper_arm.r.001	upper_arm.R.001
1818	bip wristtwisthelper r	bip wristtwisthelper r
1819	object37	Object37
1820	bow left a 4	bow left a 4
1821	bone_necklace_02	Bone_Necklace_02
1822	ropebelt_tassel_back_1	RopeBelt_Tassel_Back_1
1823	bip_tailc05	bip_tailC05
1824	clawhandright	ClawHandRight
1825	vagopenbe	VagOpenBE
1826	bobcut.side_left_1_2_jiggle	Bobcut.Side_Left_1_2_jiggle
1827	earring right 1	earring right 1
1828	bobcut.side_left_2_3_jiggle	Bobcut.Side_Left_2_3_jiggle
1829	blink happy eye l	Blink Happy Eye L
1830	wrinkles-11	wrinkles-11
1831	pcube3	pCube3
1832	third_arms_l_2	Third_Arms_L_2
1833	desks_root	desks_root
1834	musclewaist	MuscleWaist
1835	l dcorin	L Dcorin
1836	ltoe06n	LToe06N
1837	door_5	door_5
1838	key 27	Key 27
1839	hookb	HookB
1840	cannon_root	cannon_root
1841	59	59
1842	fronthair awake c joint	fronthair awake c joint
1843	bot_left	BOT_LEFT
1844	unused head neck lower attached_ssx h #2 head neck upper	unused head neck lower attached_ssx h #2 head neck upper
1845	bone 65	bone 65
1846	sidehair_r_root	sideHair_R_root
1847	r03	R03
1848	holster_r	holster_R
1849	arm left wrist b	arm left wrist b
1850	leftupperlid	LeftUpperLid
1851	glovethin	Glovethin
1852	head snout	head snout
1853	bone ring 4	bone ring 4
1854	bone 73	bone 73
1855	key 2	Key 2
1856	flm-arma-sworda-al	Flm-ArmA-SwordA-AL
1857	thigh03	thigh03
1858	baffle.l	baffle.L
1859	armband fit	armband fit
1860	key.white_2	Key.White_2
1861	puck	puck
1862	valvebiped.bip01_pelvis.020	ValveBiped.Bip01_Pelvis.020
1863	angery left	angery left
1864	valvebiped.bip01_l_clavivle	ValveBiped.Bip01_L_Clavivle
1865	head nostril lower	head nostril lower
1866	bobby_bone_necklace_08	BOBBY_Bone_NeckLace_08
1867	momo_rt_r__prot_x0__offset	momo_rt_r__prot_x0__offset
1868	bip_r_finger_b_02	bip_r_finger_b_02
1869	flm-arma-necklb	Flm-ArmA-NeckLB
1870	bone_face_eye_r_shape_u_out	Bone_Face_Eye_R_Shape_U_Out
1871	brk-rig-eye-r	Brk-Rig-Eye-R
1872	l beltd spo	L BeltD Spo
1873	bip01_r_forearm017	Bip01_R_Forearm017
1874	loot_gen_backpack_a_posed_a_mesh	LOOT_GEN_Backpack_A_Posed_A_Mesh
1875	bip_upperarm_l_1	bip_upperarm_l_1
1876	canin_pen_6	canin_pen_6
1877	leg left thigh adj. 2	leg left thigh adj. 2
1878	bip_cockrings	bip_cockrings
1879	bikini_b	Bikini_b
1880	bowtie.bow_right_2	Bowtie.Bow_Right_2
1881	l_rear_holster_0u_6v	l_rear_holster_0u_6v
1882	hlp_lowerarm_1_l	hlp_lowerArm_1_L
1883	strap_r_2	Strap_R_2
1884	head-short	head-short
1885	bip_arm_rotate_r	bip_Arm_Rotate_R
1886	belly-nudetop	Belly-nudetop
1887	cape2_right51	CAPE2_RIGHT51
1888	earring.pendant_right_2_jiggle	Earring.Pendant_Right_2_jiggle
1889	mitt	mitt
1890	eyes suspicious	eyes Suspicious
1891	arm.cover	Arm.Cover
1892	valvebiped.bip01_r_rocket	ValveBiped.Bip01_R_Rocket
1893	jiggle_thigh_r	jiggle_thigh_R
1894	lowerface	LowerFace
1895	left ring finger 1	Left ring finger 1
1896	ii	II
1897	key.4	Key.4
1898	genitalsdown	GenitalsDown
1899	lforearmex	LForeArmEX
1900	upperarmtwist1left	UpperArmTwist1Left
1901	jiggle02b	Jiggle02b
1902	taurenmale_hd_bone_123	taurenmale_hd_bone_123
1903	whistle	whistle
1904	chair control	chair control
1905	cockring-tighten	cockring-tighten
1906	third_arms_r_middle4	Third_Arms_R_Middle4
1907	pb_l_cmy01_bhair_7	pb_L_CMY01_BHair_7
1908	bip01-pelvis001	Bip01-Pelvis001
1909	shotguncartridge_fk_0	ShotgunCartridge_FK_0
1910	unused.055	unused.055
1911	r_pbone_knee	r_pbone_knee
1912	leg right sta	leg right StA
1913	head earring left a 1	head earring left a 1
1914	wep_foregrip_child3	WEP_Foregrip_Child3
1915	bone.016.r	Bone.016.r
1916	bip01_spine2_009	Bip01_Spine2_009
1917	r_rear_holster_0u_1v	r_rear_holster_0u_1v
1918	veil_l_4	VEIL_L_4
1919	bip_penis	bip_Penis
1920	right upperleg	Right UpperLeg
1921	bip_leg.002	Bip_leg.002
1922	object51	Object51
1923	eyes happy left	eyes happy left
1924	unusedhairroot9	unusedhairroot9
1925	bip001-monioopp	Bip001-MonioOpp
1926	wep_bolt_handle	WEP_Bolt_Handle
1927	eyelashoutlinehide	EyelashOutlineHide
1928	bone157	Bone157
1929	unusedbone100	unusedbone100
1930	bipflm l foretwist	BipFlm L ForeTwist
1931	earpiece	Earpiece
1932	asshole_1	Asshole_1
1933	r_inner_lowerer	R_inner_lowerer
1934	up.r	up.r
1935	r dcor	R Dcor
1936	shoulder_bone_correct_l_01	shoulder_bone_correct_l_01
1937	jacket_border_4_r	jacket_border_4_R
1938	thumb_right_2	thumb_right_2
1939	foreskinrbump3	foreskinRbump3
1940	gib_2	gib_2
1941	key.black_2	Key.Black_2
1942	eyeballs-bigpupils-r	Eyeballs-BigPupils-R
1943	vagopen03	VagOpen03
1944	helpthighfwdl	HelpThighFwdL
1945	beard control	beard control
1946	canin_ball_r2	canin_ball_r2
1947	sk_l_b_leg_2	SK_L_B_leg_2
1948	canine	Canine
1949	fringe 7	fringe 7
1950	_02	_02
1951	frily_10.r	Frily_10.R
1952	watersuperlow	WaterSuperLow
1953	lbigtoe 2	lbigtoe 2
1954	headfurtop.l	HeadFurTop.L
1955	bip_r_lipmid0	bip_r_lipmid0
1956	gentle_5	gentle_5
1957	door hallway	Door Hallway
1958	005	005
1959	tehheh lick	TehHeh Lick
1960	bipfin r foretwist	BipFin R ForeTwist
1961	iamnotweak	IAMNOTWEAK
1962	bip_tail_a_03	bip_tail_a_03
1963	bone069	Bone069
1964	page4_l	Page4_L
1965	bone189	Bone189
1966	unusedneck3	unusedNeck3
1967	lbrow_inner_raise	lbrow_inner_raise
1968	piercing.pussy_ring_jiggle	Piercing.Pussy_Ring_jiggle
1969	shorthair_bone_r_01	shortHair_bone_r_01
1970	page5_l	Page5_L
1971	bip thightwisttop r	bip thightwisttop r
1972	l_head_5	l_head_5
1973	belt a	belt a
1974	opt_hand_left_metacarpal04	OPT_Hand_Left_Metacarpal04
1975	opt_hand_right_middle2	OPT_Hand_Right_Middle2
1976	(flex) foot	(FLEX) Foot
1977	unusedtransform12 cmn sl alison	unusedtransform12 cmn sl alison
1978	dick_bigger	dick_bigger
1979	pantswaist1	Pantswaist1
1980	you_can't_runaway	You_can't_runaway
1981	foreskinrimpullback	ForeskinRimPullBack
1982	legpeopledifferencefinger1_r	LegPeopleDifferenceFinger1_R
1983	flex_splat_04	Flex_SPLAT_04
1984	cloth_bone_up_r_03	cloth_bone_up_r_03
1985	bone 1088	bone 1088
1986	tail 9 jb	tail 9 JB
1987	bip_r_cloth_d_01	bip_r_cloth_d_01
1988	clasp02	clasp02
1989	earring.ring_2	Earring.Ring_2
1990	unused headjnt	unused headjnt
1991	cornerpullerl+cornerpullerr	CornerPullerL+CornerPullerR
1992	fio-rig-strip-r3	Fio-Rig-Strip-R3
1993	cape_13_l	cape_13_L
1994	sign03	sign03
1995	valvebiped.bip01_r_calftwist2	ValveBiped.Bip01_R_CalfTwist2
1996	topnoundershirt	TopNoUnderShirt
1997	rsidehair	RSidehair
1998	33	33
1999	f16	F16
2000	lipscompress	LipsCompress
2001	chainfront_r	ChainFront_R
2002	left hand screw 1	Left hand screw 1
2003	frily_41.r	Frily_41.R
2004	r calfb spo	R CalfB Spo
2005	tlc	TLC
2006	head_s_l	Head_S_L
2007	bone010	Bone010
2008	right_25	right_25
2009	camera_hand_mid	camera_hand_mid
2010	l lowerlip 02	l lowerlip 02
2011	vint2	Vint2
2012	body-suit-fit-nolimbs	Body-Suit-Fit-NoLimbs
2013	quest_mysterious_puzzlebox_a_retracted_spikes_a_mesh	QUEST_Mysterious_Puzzlebox_A_Retracted_Spikes_A_Mesh
2014	apron  d2	Apron  d2
2015	leftnipple4	LeftNipple4
2016	3rd_recr	3rd_recr
2017	hatroot	HatRoot
2018	arm right finger 5	arm right finger 5
2019	loincloth_front_5	Loincloth_front_5
2020	bippbg r finger4	BipPBG R Finger4
2021	thightwist1right	ThighTwist1Right
2022	shirt_pull_right_up	shirt_pull_right_up
2023	pussy_left	Pussy_left
2024	bip_r_finger_c_01	bip_r_finger_c_01
2025	prop_body	prop_body
2026	pantsshape	PantsShape
2027	crow_3.ulna_l	Crow_3.Ulna_L
2028	genesis8female	Genesis8Female
2029	bip_l_pinky_01	bip_l_pinky_01
2030	chain_11	chain_11
2031	poke07	Poke07
2032	unusedbone_14	unusedbone_14
2033	jiggle_belt3	jiggle_belt3
2034	arm right shoulder 1 ctr2	arm right shoulder 1 ctr2
2035	hand finger right 4a	hand finger right 4a
2036	cape2_left1	CAPE2_LEFT1
2037	armjacketfix	ArmJacketFIX
2038	_9mm_mesh2	_9mm_mesh2
2039	page1_r	Page1_R
2040	phone.001	Phone.001
2041	bip collarhelper r	bip collarhelper r
2042	shaft_base	shaft_base
2043	cape2_middle4	CAPE2_MIDDLE4
2044	crow_3.phalanges1_r	Crow_3.Phalanges1_R
2045	mot07_leftleg	MOT07_LeftLeg
2046	strings 8 jb	strings 8 JB
2047	vag edit	Vag edit
2048	box22	Box22
2049	bip01_l_upperarm019	Bip01_L_UpperArm019
2050	bone_bed_05	bone_bed_05
2051	band.bend_left_1	Band.Bend_Left_1
2052	bip facelipridge1in r	bip facelipridge1in r
2053	kargathbladefist_bone15	kargathbladefist_Bone15
2054	bip_frangehair	bip_frangehair
2055	lid.001	lid.001
2056	belt front right c	belt front right c
2057	bip01_r_toe	Bip01_R_Toe
2058	bone_face_eye_top	Bone_Face_Eye_Top
2059	rbrow_middle_raise	rbrow_middle_raise
2060	bip_pigtail_r_1	bip_pigtail_R_1
2061	book turnpage5	Book TurnPage5
2062	third_arms_l_1	Third_Arms_L_1
2063	risorius03_r	risorius03_R
2064	head eyelash right 01	head eyelash right 01
2065	upperraise eyes left	UpperRaise Eyes Left
2066	eyes-r-open-eye	Eyes-R-Open-Eye
2067	crush-21	crush-21
2068	tounge 2	Tounge 2
2069	upperarm_roll_right_0	upperarm_roll_right_0
2070	left_browinv	Left_BrowInV
2071	left middle finger 3 grip 2	Left middle finger 3 grip 2
2072	bone183	Bone183
2073	legringfinger3_r	LegRingFinger3_R
2074	headfin	headfin
2075	left ring finger 3 grip 2	Left ring finger 3 grip 2
2076	wep_zipper1	WEP_zipper1
2077	jiggle_stomach_upper	jiggle_stomach_upper
2078	rtoethumb01	rToeThumb01
2079	l string4 tip sec	l string4 tip sec
2080	ruby_rt_ringcup_jnt	Ruby_rt_ringCup_jnt
2081	frily_31.r	Frily_31.R
2082	wep_stock_2	WEP_Stock_2
2083	bip facetempleup l	bip facetempleup l
2084	polysurface7	polySurface7
2085	furcollaropen1	FurCollarOpen1
2086	door_3	door_3
2087	bobcut.right_1_jiggle	Bobcut.Right_1_jiggle
2088	bip_fthumb02_l	Bip_FThumb02_L
2089	rmiddle2	RMiddle2
2090	bip01_spine1_013	Bip01_Spine1_013
2091	bow right 2g	bow right 2g
2092	bipfio r foretwist	BipFio R ForeTwist
2093	smerk	Smerk
2094	tailleft4_3	TailLeft4_3
2095	box_face_11_m	Box_Face_11_M
2096	ball_bn1	ball_bn1
2097	jiggle leg left thigh 1	jiggle leg left thigh 1
2098	cloth middle 5	cloth middle 5
2099	sign02	sign02
2100	c_tiel_c03	C_TieL_C03
2101	bone_bed_11	bone_bed_11
2102	r thumb 01	r thumb 01
2103	bone_eye_l001	Bone_eye_L001
2104	bone 702	bone 702
2105	bobcut.right_2_jiggle	Bobcut.Right_2_jiggle
2106	back_support_l	Back_Support_L
2107	leftcalfmuscle	LeftCalfMuscle
2108	bottom_s_l	Bottom_S_L
2109	bip01_l_clavicle018	Bip01_L_Clavicle018
2110	outbrow_left_out	outBrow_left_OUT
2111	c_dred_c2_00	C_Dred_C2_00
2112	eyeslookup	EyesLookUp
2113	valvebiped.bip01_tail02	ValveBiped.Bip01_Tail02
2114	valvebiped.polysurface2	ValveBiped.polySurface2
2115	tooth_2	tooth_2
2116	forehead_middle	forehead_middle
2117	l brooch a phy	l brooch a phy
2118	bone.002	Bone.002
2119	crow_2.ulna_r	Crow_2.Ulna_R
2120	hand finger right 2c	hand finger right 2c
2121	l beltb spo	L BeltB Spo
2122	rightnutscale02	RightNutScale02
2123	sweat drop br	Sweat drop bR
2124	r eyebag a	R Eyebag A
2125	pupils-neutralalt-r	Pupils-NeutralAlt-R
2126	wep_bullet1_shell	WEP_Bullet1_Shell
2127	third_arms_l_ring2	Third_Arms_L_Ring2
2128	l_fin_mid_b	l_fin_mid_b
2129	car01_controller	Car01_controller
2130	key.black_23	Key.Black_23
2131	polysurface139	polySurface139
2132	tenta_9_l	tenta_9_L
2133	bulge small	Bulge small
2134	back.bow_left_2	Back.Bow_Left_2
2135	r_outer_raise	r_outer_raise
2136	head eyecorner rightb	head eyecorner rightb
2137	r_holster_hook2	r_holster_hook2
2138	legmiddlefinger2_l	LegMiddleFinger2_L
2139	apron b2	Apron b2
2140	pelvis lower	pelvis lower
2141	kargathbladefist_bone34	kargathbladefist_Bone34
2142	bone085	Bone085
2143	box_face_10_m	Box_Face_10_M
2144	hand finger left 2c	hand finger left 2c
2145	car03_controller01	Car03_controller01
2146	index finger	Index finger
2147	band.stretch_left	Band.Stretch_Left
2148	lower lid	lower lid
2149	eyes-blink-happy	eyes-blink-happy
2150	def-thigh.02.l	DEF-thigh.02.L
2151	wolffit	WolfFit
2152	r_butt_butt	R_Butt_Butt
2153	shell.wall_22	Shell.Wall_22
2154	wep_fx_light1_m16	WEP_FX_Light1_M16
2155	bone_ra2	bone_RA2
2156	neck_0	neck_0
2157	crow_2.phalanges2_l	Crow_2.Phalanges2_L
2158	hip_bone_correct_r_01	hip_bone_correct_r_01
2159	frily_30.l	Frily_30.L
2160	bone14	Bone14
2161	groove	Groove+groove
2162	cape 1d	Cape 1d
2163	scale_x_down	scale_x_down
2164	suck-duckface-lipsstretchl+suck-duckface-lipsstretchr	Suck-DuckFace-LipsStretchL+Suck-DuckFace-LipsStretchR
2165	pussyup	PussyUp
2166	wep_shell6	WEP_Shell6
2167	canine_rear01	Canine_REar01
2168	rupperlid	rUpperLid
2169	pjcmabdomenupperfwdnavel	pJCMAbdomenUpperFwdNavel
2170	rtoemid01	rToeMid01
2171	bone171	Bone171
2172	bipflm l finger4	BipFlm L Finger4
2173	shell.wall_30	Shell.Wall_30
2174	bikini top side	Bikini Top Side
2175	right_puckerlipup	Right_PuckerLipUp
2176	flm-arma-sworda-bl	Flm-ArmA-SwordA-BL
2177	bone055	Bone055
2178	taurenleftfoot	taurenLeftFoot
2179	balls_01	Balls_01
2180	arm right fist	arm right fist
2181	chin_2	chin_2
2182	strap b 1	strap b 1
2183	valvebiped.bip01_vag_l_1	ValveBiped.Bip01_Vag_L_1
2184	v_weapon.root18	v_weapon.Root18
2185	bone 1090	bone 1090
2186	cock.shaft_2	Cock.Shaft_2
2187	lock_clasp1	Lock_Clasp1
2188	eye right disappointed	eye Right Disappointed
2189	left_u_vag_2	left_u_vag_2
2190	bikini_05	Bikini_05
2191	l2	L2+l2
2192	tenta_8_r	tenta_8_R
2193	chain_8	chain_8
2194	cj_micro1	cj_micro1
2195	village	village
2196	erovaginal	EroVaginaL
2197	bip01 hand.l	Bip01 Hand.L
2198	bags_leg	Bags_Leg
2199	grit left	grit left
2200	nostrils_disgust_l	nostrils_disgust_l
2201	bobby_bone_necklace_07	BOBBY_Bone_NeckLace_07
2202	wing right c	wing right c
2203	mar-rig-eggwhite1	Mar-Rig-Eggwhite1
2204	bippbg l foretwist	BipPBG L ForeTwist
2205	head masseter lower right	Head Masseter Lower Right
2206	bip_jacket_rightup	bip_jacket_rightup
2207	arm right arm twist a	arm right arm twist a
2208	cloth_front_b_1	cloth_front_B_1
2209	front bar 7_1	Front bar 7_1
2210	bip_r_index_02	bip_r_index_02
2211	blink3l	Blink3L
2212	finger_1a	finger_1a
2213	def-foot.l.002	DEF-foot.L.002
2214	adjust_waist_l	adjust_waist_L
2215	bottom_1	bottom_1
2216	bench4	Bench4
2217	bone 1031	bone 1031
2218	earring.ring_right_3	Earring.Ring_Right_3
2219	nutskinpushin	NutSkinPushIn
2220	smdimport	SMDImport+smdimport
2221	shirt_full_tie_right_4	Shirt_Full_Tie_Right_4
2222	top_7	Top_7
2223	dummy	dummy
2224	bip01_l_hand002	Bip01_L_Hand002
2225	bippbg rcalftwist1	BipPBG RCalfTwist1
2226	zipper.boot_right	Zipper.Boot_Right
2227	r upper lid	R upper lid
2228	flm-armb-arm-lf	Flm-ArmB-Arm-LF
2229	malva	Malva
2230	remote	Remote+remote
2231	angry eyes right	Angry Eyes Right
2232	_01	_01
2233	genital left 2	genital left 2
2234	blade.r	Blade.R
2235	left_small_labia3	Left_Small_Labia3
2236	bip001-neck	Bip001-Neck
2237	upperlips_anger_r	upperlips_anger_r
2238	eye-l-open	Eye-L-Open
2239	arm left shoulder 2 adj. 3	arm left shoulder 2 adj. 3
2240	robe2	ROBE2
2241	heelfoot	heelfoot
2242	_90	_90
2243	fh02	Fh02
2244	box10	Box10
2245	byakugan	Byakugan
2246	fit shirt	fit shirt
2247	unused head neck lower attached_ssx h #2 head neck lower attach	unused head neck lower attached_ssx h #2 head neck lower attach
2248	belt.kunai	Belt.Kunai
2249	l dlipin b	L Dlipin B
2250	wep_slider2	WEP_slider2
2251	oya3_l__prot_x50	oya3_l__prot_x50
2252	crow_2.body	Crow_2.Body
2253	cock-head-fat	cock-head-fat
2254	unusedarm left finger pinky	unusedarm left finger pinky
2255	tight bikini top	Tight Bikini Top
2256	fullanger	FullAnger
2257	cape 4a	Cape 4a
2258	opt_hand_right_root	OPT_Hand_Right_Root
2259	unused.046	unused.046
2260	earring.ring_3	Earring.Ring_3
2261	gag_l_05	Gag_L_05
2262	arm right cloth 2c	arm right cloth 2c
2263	flm-arma-tummy2	Flm-ArmA-Tummy2
2264	i8	I8
2265	sash 2c	Sash 2c
2266	bld_gen_army_tent_medium_a_top_a_mesh	BLD_GEN_Army_Tent_Medium_A_Top_A_Mesh
2267	penis1_1	penis1_1
2268	bip chinup01 r	bip chinup01 r
2269	bip_ear6_l	bip_Ear6_L
2270	bip_r_ear1	bip_r_ear1
2271	foreskin-pull	foreskin-pull
2272	unused.052	unused.052
2273	upperarmbase_l	UpperArmBase_L
2274	head cheeck left 3	head cheeck left 3
2275	bipflm	BipFlm
2276	h3jiggle05	H3Jiggle05
2277	wep_knob	WEP_Knob
2278	bone168	Bone168
2279	lipupperouter_r	LipUpperOuter_R
2280	bippbg l finger2	BipPBG L Finger2
2281	longear_bone_l_01	longear_bone_l_01
2282	loot_gen_backpack_b_posed_a_mesh	LOOT_GEN_Backpack_B_Posed_A_Mesh
2283	bone147	Bone147
2284	longear_bone_l_06	longear_bone_l_06
2285	bip_l_cloth_b_02	bip_l_cloth_b_02
2286	collarfixarmsup80	CollarFixArmsUp80
2287	bone_torso	bone_TORSO
2288	unusedbone211	unusedbone211
2289	r3rdnb	R3rdNb
2290	torso brace b r	Torso brace B R
2291	defineass	DefineASS
2292	leg_2.middle	leg_2.middle
2293	sk_neck01	SK_neck01
2294	bip01_pelvis007	Bip01_Pelvis007
2295	bip_fpinky03_r	Bip_FPinky03_R
2296	saberon_bone49	saberon_Bone49
2297	fio-rig-strip-r2	Fio-Rig-Strip-R2
2298	kargathbladefist_bone43	kargathbladefist_Bone43
2299	key.white_17	Key.White_17
2300	51	51
2301	base/outline/shrink	Base/outline/shrink
2302	sideleftstrappointinward	SideLeftStrapPointInward
2303	lid.002	lid.002
2304	seat	Seat+seat
2305	r_rear_holster_0u_6v	r_rear_holster_0u_6v
2306	r4	R4
2307	bone_legfl3	Bone_LegFL3
2308	strings 3 jb	strings 3 JB
2309	tri_open	tri_open
2310	l06	L06
2311	attach_bip_pelvis_to_me	Attach_bip_pelvis_To_Me
2312	row_chair013	row_chair013
2313	eye-angry-left	eye-angry-left
2314	valvebiped.bip01_r_index03	ValveBiped.Bip01_R_Index03
2315	page3_a	Page3_A
2316	teeth-lower	teeth-lower
2317	legfix90sw l	LegFix90SW L
2318	arm_twist.l	arm_twist.l
2319	ltoe01n	LToe01N
2320	pad1_2	pad1_2
2321	rope.02.l	rope.02.L
2322	bip_l_foot_thumb_01	bip_l_foot_thumb_01
2323	l_butt_bottem	L_Butt_bottem
2324	headgear_r.002	Headgear_R.002
2325	wep_bullet3_round	WEP_Bullet3_Round
2326	sidebutton2	SideButton2
2327	unusedbone_5b item_ffx_x-2_rikku_by_xxkammyxx	unusedbone_5B item_FFX_X-2_Rikku_By_xXKammyXx
2328	bas.back_2	BAS.Back_2
2329	polysurface235	polySurface235
2330	upper.r	upper.r
2331	wep_fx_peq_light	WEP_FX_PEQ_Light
2332	unused_bone1_2	unused_bone1_2
2333	polysurface43_6498	polySurface43_6498
2334	bone098	Bone098
2335	eyeshut2	EyeShut2
2336	feet width	Feet Width
2337	jiggle leg left knee	jiggle leg left knee
2338	spine upper_r.001	spine upper_R.001
2339	tailstope2	TailsTopE2
2340	wrap 2	wrap 2
2341	l_front_holster_0u_1v	l_front_holster_0u_1v
2342	second_arms_l_thumb3	Second_Arms_L_Thumb3
2343	eyeball left	Eyeball Left+eyeball left
2344	bip_tail_a_06	bip_tail_a_06
2345	bobcut.right_3	Bobcut.Right_3
2346	legboxyshape	Legboxyshape
2347	c_arl_b01	C_ARL_B01
2348	arm left twist	arm left twist
2349	ckarmraise90l	CKArmRaise90L
2350	l_part	L_part
2351	ebouterupperl	EBOuterUpperL
2352	bip_head-chip	bip_head-Chip
2353	l_fin_front_c	l_fin_front_c
2354	r_front_holster_0u_11v	r_front_holster_0u_11v
2355	left index proximal	Left Index Proximal
2356	flm-arma-tail3	Flm-ArmA-Tail3
2357	ulid_r_1	ULid_R_1
2358	c facebase a	C FaceBase a
2359	 side1rf	 SIDE1RF
2360	collarupl	CollarUpL
2361	cloth right 6	cloth right 6
2362	bone 1102	bone 1102
2363	arm left shoulder adjust a	arm left shoulder adjust a
2364	ceeks suck	Ceeks Suck
2365	arm right wrist adjuster	Arm Right Wrist Adjuster
2366	midbrows_down_r	midbrows_down_r
2367	bootsmuscles	BootsMuscles
2368	bip facetemplemiin l	bip facetemplemiin l
2369	bellyinflateleotard	BellyInflateLeotard
2370	head left eyeball	head left eyeball
2371	bip01-r-foot001	Bip01-R-Foot001
2372	bip01_r_forearm016	Bip01_R_Forearm016
2373	right_5	Right_5+right_5
2374	backlooppullout	BackLoopPullOut
2375	pad3_1	pad3_1
2376	torntop	tornTop
2377	underchin	UnderChin
2378	leg2	leg2
2379	fringe 2	fringe 2
2380	valvebiped_bullet14	ValveBiped_Bullet14
2381	tenta_b_10_l	tenta_b_10_L
2382	cape5.r	Cape5.R
2383	opt_hand_right_thumb1	OPT_Hand_Right_Thumb1
2384	bobcut.rear_right_2	Bobcut.Rear_Right_2
2385	bas.rear_left_3	BAS.Rear_Left_3
2386	r_neck_19	r_neck_19
2387	bip_bellcollar_1_l	bip_BellCollar_1_L
2388	r_upper_leg_rear_helper	r_upper_leg_rear_helper
2389	boobs-big2	boobs-big2
2390	bone index 06	bone index 06
2391	butt_tip1_r__janggle	Butt_Tip1_R__Janggle
2392	third_arms_l_index1	Third_Arms_L_Index1
2393	left_10	left_10
2394	front bar 5_1	Front bar 5_1
2395	cockring.scrotum	CockRing.Scrotum
2396	valvebiped.god	ValveBiped.God
2397	gear.baton	Gear.Baton
2398	tail_dn_a	tail_dn_a
2399	belt_back	belt_back
2400	nippledown	NippleDown
2401	second_arms_l_index3	Second_Arms_L_Index3
2402	valvebiped.bip01_l_upperarmtwist2	ValveBiped.Bip01_L_UpperArmTwist2
2403	_left_y_down	_left_y_down
2404	48	48
2405	bip01 op2.l	Bip01 Op2.L
2406	supressor	Supressor+supressor
2407	l_rear_holster_0u_7v	l_rear_holster_0u_7v
2408	magazine.002	Magazine.002
2409	bip_fring03_l	Bip_FRing03_L
2410	wep_sight_flipup2_kac	WEP_Sight_FlipUp2_KAC
2411	machinegun	MachineGun
2412	bone 1015	bone 1015
2413	skull_04	skull_04
2414	right_lidsopen	Right_lidsopen
2415	arm left arm twist b	arm left arm twist b
2416	key.white_57	Key.White_57
2417	sakotsu_rt_l_d__offset	sakotsu_rt_l_d__offset
2418	left ring finger 1 grip 2	Left ring finger 1 grip 2
2419	waterlow	WaterLow
2420	strokedown	StrokeDown
2421	arm right finger 5 b	arm right finger 5 b
2422	fh18.l	Fh18.L
2423	bipbrk l foretwist1	BipBrk L ForeTwist1
2424	eye-l-blink	Eye-L-Blink
2425	unused.035	unused.035
2426	pult_main	Pult_main
2427	body-big-torso	Body-Big-Torso
2428	generichuman_r_lolipjnt	GenericHuman_r_loLipJnt
2429	lid.003	lid.003
2430	spine upper ctr	spine upper ctr
2431	b9	B9
2432	labiummajora2_r	LabiumMajora2_R
2433	hatf_l	hatF_L
2434	bone079	Bone079
2435	wep_foregrip_improvised	WEP_Foregrip_Improvised
2436	fake_wheel_rr	fake_wheel_rr
2437	bip01_l_upperarm018	Bip01_L_UpperArm018
2438	c_tiel_c12	C_TieL_C12
2439	head neck choker	head neck choker
2440	rpinkie1	rPinkie1+rpinkie1
2441	rightdooropen	RightDoorOpen
2442	leg front toes right	leg front toes right
2443	bip01_l_forearm018	Bip01_L_Forearm018
2444	squish2	Squish2
2445	tentacletopright3	TentacleTopRight3
2446	idle	idle
2447	bip_tailc10	bip_tailC10
2448	wep_fx_flashlight_barrel	WEP_FX_Flashlight_Barrel
2449	armcircleshrink	ArmCircleShrink
2450	crow_1.phalanges2_l	Crow_1.Phalanges2_L
2451	wing_left_4_2	Wing_Left_4_2
2452	toplipdown	TopLipDown
2453	rkakato02n	RKakato02N
2454	unused r_eyepos_fbu	unused R_EyePos_FbU
2455	bone095	Bone095
2456	mad.l	Mad.L
2457	wep_trigger_navy	WEP_Trigger_Navy
2458	valvebiped_magazine	ValveBiped_Magazine
2459	headband tail right d	headband tail right d
2460	bip_r_ring_02	bip_r_ring_02
2461	taurenmale_hd_bone_120	taurenmale_hd_bone_120
2462	right arm screw 3	Right arm screw 3
2463	page2_r	Page2_R
2464	dlip_1	DLip_1
2465	canine_rfrontlegpalm	Canine_RFrontLegPalm
2466	valvebiped.bip01_r_ear01	ValveBiped.Bip01_R_Ear01
2467	jiggle.ball_r	jiggle.ball_r
2468	gentle_2	gentle_2
2469	upper_middle_raise	upper_middle_raise
2470	bobcut.rear_left_2_jiggle	Bobcut.Rear_Left_2_jiggle
2471	ph07	PH07
2472	left index finger 3 grip 2	Left index finger 3 grip 2
2473	rose	Rose
2474	enthusiasm	enthusiasm
2475	sk_right_ear02	SK_Right_Ear02
2476	bone_wrl	Bone_WRL
2477	bip01_r_thigh012	Bip01_R_Thigh012
2478	top.knot_right_2	Top.Knot_Right_2
2479	r ujacketb spo	R uJacketB Spo
2480	+leg_l	+leg_l
2481	foot_a_r	Foot_A_R
2482	bip_r_arm_roll	bip_r_arm_roll
2483	tie_7	Tie_7
2484	cape2_middle5	CAPE2_MIDDLE5
2485	arm left forearm adj	arm left forearm adj
2486	fa_up_lid_right_center	fa_up_lid_right_center
2487	unusedright eye fbu	unusedright eye fbu
2488	door bathroom	Door Bathroom
2489	bip_leg.007	Bip_leg.007
2490	biceps_l	biceps_L
2491	flowerchokerfront	FlowerChokerFront
2492	bulgepanty	BulgePanty
2493	key.7	Key.7
2494	cape_5_r	cape_5_R
2495	chin0	chin0
2496	cockbigballsb	CockBigBallsB
2497	body-openpuss	Body-OpenPuss
2498	leatherjacketbelly	LeatherJacketBelly
2499	urethralorificeforward	UrethralOrificeForward
2500	streaks open	Streaks open
2501	b12	B12
2502	bip_faringleg_r	bip_faringLeg_r
2503	bip_belt_l_0	bip_belt_L_0
2504	bip_r_arm_01_roll	bip_r_arm_01_roll
2505	bip_tailc07	bip_tailC07
2506	r ucorin	R Ucorin
2507	arm left elbow ctr 1	arm left elbow ctr 1
2508	pencil01	pencil01
2509	jacket right c	jacket right c
2510	sk_right_ear01	SK_Right_Ear01
2511	flex_noise_04	Flex_Noise_04
2512	cloth_collar_1_r	cloth_collar_1_R
2513	right_26	right_26
2514	bobby_bone_necklace_13	BOBBY_Bone_NeckLace_13
2515	bodybuilder upper details	Bodybuilder Upper Details
2516	ltoethumb03	lToeThumb03
2517	bip001-l-foot	Bip001-L-Foot
2518	unusedopt-hand-*-metacarpal04.1.r	unusedopt-hand-*-metacarpal04.1.r
2519	cloth back left 1	cloth back left 1
2520	wink 2 left	wink 2 left
2521	opt_hand_right_index1	OPT_Hand_Right_Index1
2522	bip facelipridge1in l	bip facelipridge1in l
2523	bonelow02	BoneLow02
2524	rarmtwist2	rArmTwist2
2525	main_bone	Main_Bone
2526	right middle finger 2 grip 1	Right middle finger 2 grip 1
2527	41	41
2528	asked	Asked
2529	pantiesthickerfit	pantiesthickerFIT
2530	r_finger2a_00004	r_finger2a_00004
2531	cape 4c	Cape 4c
2532	anus - pull	Anus - Pull
2533	bone070	Bone070
2534	head right earring 1	head right earring 1
2535	leg left stb	leg left StB
2536	leg right ankle adj 2	leg right ankle adj 2
2537	whisker_r_2	Whisker_R_2
2538	pussparent.002_l.016	PussParent.002_L.016
2539	spine upper_l.001	spine upper_L.001
2540	arm size	Arm Size
2541	sidehair_l3	sideHair_L3
2542	c_tier_c04	C_TieR_C04
2543	leftelbowpoint_helper	LeftElbowPoint_helper
2544	unused spine middle	unused spine middle
2545	orcmale_hd_fixed_bone51	orcmale_hd_fixed_Bone51
2546	leg back thigh left	leg back thigh left
2547	backright	BackRight
2548	arm right cloth 3a	arm right cloth 3a
2549	belt back right c	belt back right c
2550	head earring right a 1_jiggle	head earring right a 1_jiggle
2551	vagclosetop	VagCloseTop
2552	arm right finger 1 a	arm right finger 1 a
2553	bench2	Bench2
2554	bikini_d_jiggle	Bikini_d_jiggle
2555	bip_fring00_r	Bip_FRing00_R
2556	bone164	Bone164
2557	shades_l	shades_L
2558	zipper.bottom	Zipper.Bottom
2559	tie_3	Tie_3
2560	object04	Object04
2561	boobs-small	boobs-small
2562	object004	Object004
2563	jacket_border_2_r	jacket_border_2_R
2564	shell.wall_28	Shell.Wall_28
2565	jiggle spine 1	jiggle spine 1
2566	body-bulge-pushout	Body-Bulge-pushout
2567	right little finger 1 grip 2	Right little finger 1 grip 2
2568	bone_necklace_03	Bone_Necklace_03
2569	l upperlip 01	l upperlip 01
2570	(flex) bottom	(FLEX) Bottom
2571	poke06	Poke06
2572	bip chinfront01 l	bip chinfront01 l
2573	valvebiped.bip01_vag_l_0	ValveBiped.Bip01_Vag_L_0
2574	key.white_50	Key.White_50
2575	bench1	Bench1
2576	bone139	Bone139
2577	jiggle03	Jiggle03
2578	doof_speakersingle	doof_speakersingle
2579	legssit	LegsSit
2580	bip_r_foot_thumb_01	bip_r_foot_thumb_01
2581	bipfin lthightwist	BipFin LThighTwist
2582	bip01-xtra003	Bip01-Xtra003
2583	tail06n	Tail06N
2584	maid.bow_left_upper_3	Maid.Bow_Left_Upper_3
2585	wep_barrel	WEP_Barrel
2586	eyecringe.r	EyeCringe.R
2587	shirtlift	ShirtLift
2588	bip_pupilglare_r	bip_PupilGlare_R
2589	hat_base	Hat_Base
2590	sidehair_r2	sideHair_R2
2591	belt front left c	belt front left c
2592	toplip3.r	TopLip3.R
2593	eballlowerr	EBAllLowerR
2594	fin_top_c_a	fin_top_c_a
2595	bip01_l_hand012	Bip01_L_Hand012
2596	thoatbulge02	ThoatBulge02
2597	cord2	Cord2
2598	wheel_back_joint	wheel_back_joint
2599	au4	AU4
2600	mar-rig-face	Mar-Rig-Face
2601	page3_r	Page3_R
2602	l_rear_holster_0u_10v	l_rear_holster_0u_10v
2603	cliprelease	ClipRelease
2604	head nostril lower left 1	head nostril lower left 1
2605	flm-armb-leg-rbd	Flm-ArmB-Leg-RBD
2606	r_wrist_upper_b_helper	r_wrist_upper_b_helper
2607	generichuman_l_browajnt	GenericHuman_l_browAJnt
2608	moss plane	Moss Plane
2609	orcmale_hd_fixed_bone45	orcmale_hd_fixed_Bone45
2610	fa_squint_left_mid	fa_squint_left_mid
2611	eyeball l shadow	EYEBALL L SHADOW
2612	bow left 3c	bow left 3c
2613	right middle finger 1 grip 1	Right middle finger 1 grip 1
2614	thigh_bolt_l	Thigh_Bolt_L
2615	mask a	Mask a
2616	rightcalfmuscle	RightCalfMuscle
2617	jaket belt r 2	Jaket belt R 2
2618	leg left ankle adj 1	leg left ankle adj 1
2619	flm-armb-leg-rba	Flm-ArmB-Leg-RBA
2620	asked right	Asked Right
2621	taurenmale_hd_bone_70	taurenmale_hd_bone_70
2622	bipbrk r finger3	BipBrk R Finger3
2623	earring_r_u	Earring_R_U
2624	liplower_l2	lipLower_L2
2625	tailstopb1	TailsTopB1
2626	anusdown	AnusDown
2627	randomkicks4	RandomKicks4
2628	innerlips bottom middle	innerlips bottom middle
2629	kunai_tassel_4	Kunai_Tassel_4
2630	rwing02	RWing02
2631	c_dred_l2_08	C_Dred_L2_08
2632	upperarm_twist_l_02	upperarm_twist_l_02
2633	brk-rig-bacon-fl	Brk-Rig-Bacon-FL
2634	v_weapon.right_ring01	v_weapon.Right_Ring01
2635	bip01_tail1	bip01_tail1
2636	head_b	head_b
2637	bip_front_jacket_l	bip_front_jacket_L
2638	jacket left b	jacket left b
2639	key.leftshift	Key.LeftShift
2640	c_lll_b01	C_LLL_B01
2641	nigiri	Nigiri
2642	tenta_7_r	tenta_7_R
2643	ceiling_fan_02_fans	Ceiling_fan_02_fans
2644	spine_bone_correct_r_01	spine_bone_correct_r_01
2645	tilttodrop	tilttoDrop
2646	hokage hat left 1a	hokage hat left 1a
2647	condom 3	condom 3
2648	finger_pinky_right_0	finger_pinky_right_0
2649	cross_01	cross_01
2650	no teeth bottom	No teeth bottom
2651	wing_right_4_2	Wing_Right_4_2
2652	mune2side_d__offset	mune2side_d__offset
2653	unused.044	unused.044
2654	righthandball	RightHandBall
2655	handright	HandRight
2656	eye_r 	Eye_R 
2657	mar-rig-eggwhite3	Mar-Rig-Eggwhite3
2658	r_scapula_helper	r_scapula_helper
2659	c_dred_l1_08	C_Dred_L1_08
2660	bas.side_left_2	BAS.Side_Left_2
2661	jacketopen - boobscaler	jacketopen - boobscaler
2662	crow_1.humerus_l	Crow_1.Humerus_L
2663	string	String
2664	unused.017	unused.017
2665	wep_bullet4_round	WEP_Bullet4_Round
2666	bipmar rthightwist	BipMar RThighTwist
2667	polysurface64	polySurface64
2668	flm-arma-swordb-k	Flm-ArmA-SwordB-K
2669	bip_tail_c_01	bip_tail_c_01
2670	level3_north	Level3_North
2671	l dlid a	L Dlid A
2672	unused duplicate duplicate unused.001	unused duplicate duplicate unused.001
2673	cape1_left5	CAPE1_LEFT5
2674	baffle.back	baffle.Back
2675	valvebiped.charger	ValveBiped.Charger
2676	third_arms_r_wrist	Third_Arms_R_Wrist
2677	whl_5	whL_5
2678	face-ii	Face-Ii
2679	l string5 sec root	l string5 sec root
2680	arm left elbow adjust a	arm left elbow adjust a
2681	arm right elbow ctr 2	arm right elbow ctr 2
2682	cop.batonholder	Cop.BatonHolder
2683	fit vest	fit vest
2684	nipleftalt	NipLeftAlt
2685	def-spine.006_r.017	DEF-spine.006_R.017
2686	face-blink-full	Face-Blink-Full
2687	bip01_l_clavicle007	Bip01_L_Clavicle007
2688	background	background
2689	snake_reference	snake_reference
2690	bip01_spine1_019	Bip01_Spine1_019
2691	arm right forearm adj a	arm right forearm adj a
2692	knob_load	Knob_Load
2693	abdbreath	AbdBreath
2694	mainlidblink	MainLidBlink
2695	m41_supressed	m41_supressed
2696	cloth right a	cloth right a
2697	raiseinright	RaiseInRight
2698	head eyesack lower left	Head EyeSack Lower Left
2699	thinarms	ThinArms
2700	toy_bone_01	toy_bone_01
2701	lower_leg01	lower_leg01
2702	uppelipraiserl	UppeLipRaiserL
2703	wing_right_2_2	Wing_Right_2_2
2704	middle finger.001	Middle finger.001
2705	balls-squish	balls-squish
2706	b3	B3
2707	v_res_tre_remote_high	v_res_tre_remote_high
2708	opt_hand_left_middle3	OPT_Hand_Left_Middle3
2709	boobcoverage	Boobcoverage
2710	lassimpactmoveup2	LAssImpactMoveUp2
2711	17	17
2712	knot_small	knot_small
2713	crow_1.phalanges3_l	Crow_1.Phalanges3_L
2714	unusedbone_6e	unusedbone_6E
2715	v_weapon.left_index02	v_weapon.Left_Index02
2716	vwidthvo3vout	vwidthvo3vout
2717	l knee spo	L Knee Spo
2718	lm05	LM05
2719	cape1_right5	CAPE1_RIGHT5
2720	valvebiped.bip01_r_thumb01	ValveBiped.Bip01_R_Thumb01
2721	nostril rise left	Nostril Rise Left
2722	fio-rig-strip-l2	Fio-Rig-Strip-L2
2723	l_outer_raise	l_outer_raise
2724	wing_left_2_2	Wing_Left_2_2
2725	l.worry	l.worry
2726	z_shift_6	z_shift_6
2727	zipper.top	Zipper.Top
2728	bip01 clavicle.r	Bip01 Clavicle.R
2729	flex_thin_middle	Flex_Thin_Middle
2730	polysurface82	polySurface82
2731	reyeball	REyeball
2732	cellphone_control	Cellphone_control
2733	plane06	Plane06
2734	11	11
2735	key 1 - eyeright	Key 1 - EyeRight
2736	key.r	Key.R
2737	key.black_41	Key.Black_41
2738	object49	Object49
2739	left_18	left_18
2740	throat-widen	throat-widen
2741	key 3 - shirt	Key 3 - Shirt
2742	thumb_left_0	thumb_left_0
2743	blanket messy	Blanket messy
2744	brccurve	BRCCurve
2745	right_liplov	Right_LipLoV
2746	leg right roll 1	leg right roll 1
2747	bag_bone_sr_01	bag_bone_sr_01
2748	bip001 lcalftwist	Bip001 LCalfTwist
2749	bas.side_left_4_jiggle	BAS.Side_Left_4_jiggle
2750	foreskintippullback	ForeskinTipPullBack
2751	l collarb sec root	l collarb sec root
2752	page5_r	Page5_R
2753	urethrabulgefixup	UrethraBulgeFixUp
2754	bip_neck_07	bip_neck_07
2755	anus_open_small	anus_open_small
2756	bone174	Bone174
2757	valvebiped.rightbutt	ValveBiped.rightButt
2758	bip_bicep_twist_r	bip_bicep_twist_R
2759	bip_bellcollar_front	bip_BellCollar_Front
2760	arm left cloth 2b	arm left cloth 2b
2761	eyesadl	EyeSadL
2762	ang	Ang
2763	censored	Censored
2764	genital lower	genital lower
2765	marie head forehead left	Marie head forehead left
2766	kublaribiped_penis_r2	KubLariBiped_Penis_R2
2767	tenta_2_l	tenta_2_L
2768	unused pt_hand_left_root	unused PT_Hand_Left_Root
2769	bone182	Bone182
2770	flm-visor-r2	Flm-Visor-R2
2771	unused opt_as_r_elbow	unused OPT_AS_R_Elbow
2772	bipfin l finger4	BipFin L Finger4
2773	kargathbladefist_bone102	kargathbladefist_Bone102
2774	sword2 guard	Sword2 Guard
2775	vag - push	Vag - Push
2776	lassimpactextrude2	LAssImpactExtrude2
2777	ringleft1	RingLeft1
2778	bippbg r foretwist1	BipPBG R ForeTwist1
2779	wut	Wut
2780	second_arms_l_middle2	Second_Arms_L_Middle2
2781	unusedbone009	unusedbone009
2782	valvebiped.bip01_r_thightwist1	ValveBiped.Bip01_R_ThighTwist1
2783	necktwist	NeckTwist
2784	earring.ring_left_3_jiggle	Earring.Ring_Left_3_jiggle
2785	unusedbone230	unusedbone230
2786	headband tail right c	headband tail right c
2787	spine lower_l	spine lower_L
2788	ph05	PH05
2789	five_bullet03	Five_Bullet03
2790	c tongtip	C Tongtip
2791	strap b 3	strap b 3
2792	lock_r	Lock_R
2793	legbuffy	Legbuffy
2794	wep_fx_muzzle8	WEP_FX_Muzzle8
2795	l ulid d	L Ulid D
2796	r ulid d	R Ulid D
2797	pad3_2	pad3_2
2798	beadhangback2	BeadHangBack2
2799	reciever	reciever
2800	key.w	Key.W
2801	tailright	TailRight
2802	generichuman_l_upplipjnt	GenericHuman_l_uppLipJnt
2803	escalator_sign	escalator_sign
2804	bip hiptwistbase l	bip hiptwistbase l
2805	mag e off	Mag E OFF
2806	flex_sh3_noise_1	Flex_SH3_NOISE_1
2807	wep_pumpgrip	WEP_PumpGrip
2808	crow_2.femur_l	Crow_2.Femur_L
2809	wep_extension	WEP_Extension
2810	tails2	Tails2
2811	polysurface17	polySurface17
2812	unused genitalslag03	unused genitalslag03
2813	opt_as_r_upleg_a	OPT_AS_R_UpLeg_A
2814	bone 704	bone 704
2815	bip001-xtra01	Bip001-Xtra01
2816	object13	Object13
2817	saberon_bone28	saberon_Bone28
2818	bone11	Bone11
2819	c_dred_c1_01	C_Dred_C1_01
2820	anal_2	Anal_2
2821	bip_cape_0_r	bip_Cape_0_R
2822	key.period	Key.Period
2823	leftfinge51	LeftFinge51
2824	eyeballs-down	Eyeballs-Down
2825	tanktopstrapless2	TankTopStrapless2
2826	wep_bullet3_shell	WEP_Bullet3_Shell
2827	cock_05	Cock_05
2828	r_front_holster_0u_1v	r_front_holster_0u_1v
2829	hootersarmupfixr	HOOTERSArmUPFIXR
2830	rfootj	RFootJ
2831	soda-can	soda-can
2832	tv	TV
2833	vip_gibhead01	VIP_gibHead01
2834	eyeslook right	EyesLook Right
2835	key.white_37	Key.White_37
2836	beltclip	BeltClip
2837	angry_brows_right	angry_brows_right
2838	dagger_1	dagger_1
2839	valvebiped.bip01_pelvis.032	ValveBiped.Bip01_Pelvis.032
2840	f05__gnull	f05__gnull
2841	hand finger right 2a	hand finger right 2a
2842	bip_bobby_l_calftwist1	Bip_BOBBY_L_CalfTwist1
2843	straprightbendlow	StrapRightBendLow
2844	brutalis	Brutalis
2845	bag_bone_l_02	bag_bone_l_02
2846	unusedbone109	unusedbone109
2847	r_brown	R_Brown
2848	tenta_5_l	tenta_5_L
2849	body-pussy-aroused	Body-Pussy-Aroused
2850	boobs-big1	boobs-big1
2851	bone 1101	bone 1101
2852	tits - pull	Tits - Pull
2853	bip chin00 l	bip chin00 l
2854	polysurface15	polySurface15
2855	tvscreen	TVScreen
2856	anus-extreme-forward-out	anus-extreme-forward-out
2857	10	10
2858	bothlowerlowerup	BothLowerLowerup
2859	object11	Object11
2860	blowl+blowr	BlowL+BlowR
2861	leftfinge22	LeftFinge22
2862	eye sad l	Eye Sad L
2863	bone_face_eye_r_shape_in	Bone_Face_Eye_R_Shape_In
2864	leg right back thigh adj 1	leg right back thigh adj 1
2865	l_thumb1a_00001	l_thumb1a_00001
2866	loot_gen_backpack_e_posed_a_mesh	LOOT_GEN_Backpack_E_Posed_A_Mesh
2867	generichuman_rfacehair01	GenericHuman_RFaceHair01
2868	bip_findex00_l	Bip_FIndex00_L
2869	^2	^2
2870	pedal.left	Pedal.Left
2871	hand_l_scale__group	hand_l_scale__group
2872	bootsthin	Bootsthin
2873	wep_bipod_rightleg2	WEP_Bipod_RightLeg2
2874	bandana_front.l	Bandana_Front.L
2875	bow right a 4	bow right a 4
2876	right_throat_buldge	Right_throat_buldge
2877	teeth none lower	Teeth None Lower
2878	l ring 02	l ring 02
2879	kickmidmid	KickMidMid
2880	unused genitalsscrotumlag	unused genitalsscrotumlag
2881	asshool_8	Asshool_8
2882	slidecatch	SlideCatch
2883	head neck ctr ctr4	head neck ctr ctr4
2884	spiral1	spiral1
2885	foreskinshorter	ForeskinShorter+foreskinshorter
2886	valvebiped_bullet15	ValveBiped_Bullet15
2887	left thumb proximal	Left Thumb Proximal
2888	collar left 01	collar left 01
2889	loincloth front 1d	loincloth front 1d
2890	canine_tail3	Canine_Tail3
2891	levator02_r	levator02_R
2892	lthightwist2	lThighTwist2
2893	r_knee_calf_helper	r_knee_calf_helper
2894	straptug	StrapTug
2895	pult_end	Pult_end
2896	head eyelash left 1	head eyelash left 1
2897	bone 1022	bone 1022
2898	page1_f	Page1_F
2899	wep_magazine_dual_bullet2	WEP_Magazine_Dual_Bullet2
2900	earring.ring_right_1	Earring.Ring_Right_1
2901	lid_handle	lid_handle
2902	l ring 03	l ring 03
2903	necklinebacklower	NeckLineBackLower
2904	side_ring_left	side_ring_left
2905	facial_bone_eye_down_l	Facial_Bone_Eye_Down_L
2906	brows-l-furrow	Brows-L-Furrow
2907	rough	Rough
2908	lipslowerl+lipslowerr	LipsLowerL+LipsLowerR
2909	c10	C10
2910	pages_left	pages_left
2911	pussy.ring_right_middle	Pussy.Ring_Right_Middle
2912	tailstope1	TailsTopE1
2913	bip01_spine2_019	Bip01_Spine2_019
2914	headgear_r.006	Headgear_R.006
2915	fa_low_lid_right_mid	fa_low_lid_right_mid
2916	l beltc spo	L BeltC Spo
2917	arm left finger 4	arm left finger 4
2918	headreference	HeadReference
2919	bulge_small	bulge_small
2920	smack ass right	smack ass right
2921	bip_eardown2_r	bip_earDown2_r
2922	bone 1100	bone 1100
2923	jacket.neck_left	Jacket.Neck_Left
2924	genitals 04	genitals 04
2925	x_shift_7	x_shift_7
2926	licking	Licking
2927	bip_l_fingerbase	bip_l_fingerbase
2928	bip_r_pinky_01	bip_r_pinky_01
2929	fur_gen_pillow_sitting_c_mesh	FUR_GEN_Pillow_Sitting_C_mesh
2930	upperarm_roll_left_0	upperarm_roll_left_0
2931	hat_left_1	Hat_Left_1
2932	canine_lbackleg2	Canine_LBackLeg2
2933	unused spine upper item_ssx head #2 item_ssx h #2	unused spine upper item_SSX Head #2 item_SSX H #2
2934	bhl42	BhL42
2935	skull_13	skull_13
2936	cockballs	CockBalls
2937	unused.033	unused.033
2938	thongpenispullanus	ThongPenisPullAnus
2939	head wing right	head wing right
2940	def-brows2_l	DEF-brows2_L
2941	frily_51.r	Frily_51.R
2942	disgustleft	DisgustLeft
2943	spike_02_m	Spike_02_M
2944	boomerfit	BoomerFIT
2945	unused head face root	unused head face root
2946	fin-rig-cape2	Fin-Rig-Cape2
2947	bip_r_ear0	bip_r_ear0
2948	polysurface208	polySurface208
2949	bottomlipleft	BottomLipLeft
2950	third_arms_l_middle1	Third_Arms_L_Middle1
2951	gag_r_01	Gag_R_01
2952	bogen	Bogen
2953	cock_09	Cock_09
2954	tenta_b_1_r	tenta_b_1_R
2955	longear_bone_l_03	longear_bone_l_03
2956	bip_middlebrow	bip_middlebrow
2957	school_bowtie	School_Bowtie
2958	eye angry r	Eye Angry R
2959	spine upper_r	spine upper_R
2960	rough_small_2	rough_small_2
2961	page1_e	Page1_E
2962	r ulip a	R Ulip A
2963	wep_fx_light1	WEP_FX_Light1
2964	baffle_bottom.front	baffle_bottom.Front
2965	bone36	Bone36
2966	leg4	leg4
2967	flm-arma-swordb-cl2	Flm-ArmA-SwordB-CL2
2968	eye_down_l	Eye_down_L
2969	shell.wall_43	Shell.Wall_43
2970	facesmall	FaceSmall
2971	bulgeanimsmall1	BulgeAnimSmall1
2972	nosie6	Nosie6
2973	pad3_4	pad3_4
2974	bone_skin_096	Bone_skin_096
2975	v_weapon.lighter_flame3	v_weapon.lighter_flame3
2976	key 8	Key 8
2977	crow_2.clavical_l	Crow_2.Clavical_L
2978	bone100	Bone100
2979	cup.pivot_right	Cup.Pivot_Right
2980	head skull right	Head Skull Right
2981	valvebiped.bip01_r_calftwist1	ValveBiped.Bip01_R_CalfTwist1
2982	mila unusedopt-head-dummy	Mila unusedopt-head-dummy
2983	bone_legrl2	Bone_LegRL2
2984	right index proximal	Right Index Proximal
2985	key.minus	Key.MINUS
2986	bone forearm	bone forearm
2987	balls-tighten	balls-tighten
2988	generichuman_l_nostriljnt	GenericHuman_l_nostrilJnt
2989	bip01-r-foretwist003	Bip01-R-ForeTwist003
2990	l ujacketa c phy	L uJacketA c Phy
2991	page2_a	Page2_A
2992	canine_rbackleg2	Canine_RBackLeg2
2993	arm.left_length	Arm.Left_Length
2994	bone144	Bone144
2995	bellyinflateleotard1	BellyInflateLeotard1
2996	prf_sakura_costume_1	prf_sakura_costume_1
2997	valvebiped.w_adrenaline	ValveBiped.w_adrenaline
2998	opt_hand_left_pinky2	OPT_Hand_Left_Pinky2
2999	headroot	HeadRoot
3000	blanket clean	Blanket clean
3001	bone_pillow_top	bone_pillow_top
3002	bip_clockcollarfront_l	bip_ClockCollarFront_L
3003	tail04n	Tail04N
3004	wep_stock_rfi	WEP_Stock_RFI
3005	flipoutleftdown	FlipOutLeftDown
3006	d_tricepsmucle_r	D_tricepsMucle_R
3007	flm-visor-l3	Flm-Visor-L3
3008	earring.left_4	Earring.Left_4
3009	plane05	Plane05
3010	pussy.ring_left_middle	Pussy.Ring_Left_Middle
3011	wrinkles-9	wrinkles-9
3012	leg left knee adj. 2	leg left knee adj. 2
3013	bip_r_finger_a_02	bip_r_finger_a_02
3014	rlid_lower_raise	Rlid_lower_raise
3015	leyeball	LEyeball
3016	bip_tailc14	bip_tailC14
3017	f_l_eyeblack	f_L_EyeBlack
3018	facial_bone_lowrlip_r01	Facial_Bone_LowrLip_R01
3019	bulb_small	bulb_small
3020	valvebiped.bip01_pack1	ValveBiped.Bip01_Pack1
3021	brownmoveleft	BrownMoveLeft
3022	wep_charger	WEP_Charger
3023	bip_penis-ball-0.r	bip_penis-ball-0.R
3024	bip01-l-foot001	Bip01-L-Foot001
3025	eyewinkle	EyeWinkle
3026	g12	G12
3027	topn	TopN
3028	ruby_lf_ringcup_jnt	Ruby_lf_ringCup_jnt
3029	lowerinleft	LowerInLeft
3030	loweroutright	LowerOutRight
3031	hat_left_2	Hat_Left_2
3032	lipswidden	LipsWidden
3033	right foot d	Right foot D
3034	face-worry	Face-Worry
3035	bip_ear3_r	bip_Ear3_R
3036	cboobflat.l	CBoobFlat.L
3037	leg right thigh adj. 1	leg right thigh adj. 1
3038	v_weapon.mp5_clip	v_weapon.MP5_Clip
3039	gib2	gib2
3040	wing_right_spine_2	Wing_Right_Spine_2
3041	bone index 1	bone index 1
3042	lefteyewide	LeftEyeWide
3043	lipdl	lipdl
3044	indexright2	IndexRight2
3045	taurenmale_hd_bone_73	taurenmale_hd_bone_73
3046	valvebiped.chain_aligned2	ValveBiped.chain_aligned2
3047	labiaminoralowerclosepull	LabiaMinoraLowerClosePull
3048	sweat drop fl	Sweat drop fL
3049	wheel_1.rotate	Wheel_1.Rotate
3050	au27	AU27
3051	jacket left back a	jacket left back a
3052	flm-armb-leg-rbb	Flm-ArmB-Leg-RBB
3053	hat back right	hat back right
3054	1	1
3055	leg left back knee adj 1	leg left back knee adj 1
3056	valvebiped.bip01_r_testicle0	ValveBiped.Bip01_R_Testicle0
3057	belt_r3	Belt_R3
3058	bow left a 2	bow left a 2
3059	polysurface119	polySurface119
3060	bip_r_foot_index	bip_r_foot_index
3061	pussparent.002_r.009	PussParent.002_R.009
3062	cop.glasses	Cop.Glasses
3063	apron b1	Apron b1
3064	unused.053	unused.053
3065	bone18	Bone18
3066	flm-armb-leg-lub	Flm-ArmB-Leg-LUB
3067	003	003
3068	lefteartop	LeftEarTop
3069	cape_2_r	cape_2_R
3070	bip01_spine1_010	Bip01_Spine1_010
3071	opt_hand_left_index2	OPT_Hand_Left_Index2
3072	chin tuft	Chin Tuft
3073	fio-rig-eye-rb	Fio-Rig-Eye-RB
3074	arm right wrist twist	arm right wrist twist
3075	shell.wall_59	Shell.Wall_59
3076	ringsmall	RingSmall
3077	crow_1.phalanges1_r	Crow_1.Phalanges1_R
3078	butt left_jiggle	Butt Left_jiggle
3079	leftfinge23	LeftFinge23
3080	eye-iris-small	Eye-Iris-Small
3081	bip_l_index	bip_l_index
3082	flm-armb-arm-ri	Flm-ArmB-Arm-RI
3083	g3	G3
3084	wheel_fl	Wheel_FL
3085	frotnright	FrotnRIght
3086	flm-arma-neckrb	Flm-ArmA-NeckRB
3087	indexright1	IndexRight1
3088	bip01_r_toe1	Bip01_R_Toe1
3089	rachel bun_2_jiggle	Rachel bun_2_jiggle
3090	bone21	Bone21
3091	bip01_spine2_012	Bip01_Spine2_012
3092	l laughline b	L Laughline B
3093	earingr	EaringR
3094	wep_fx_muzzle3	WEP_FX_Muzzle3
3095	wep_sight_carry_sight	WEP_Sight_Carry_Sight
3096	bip01_r_hand003	Bip01_R_Hand003
3097	x right	X right
3098	l3rdna	L3rdNa
3099	canine_rfrontlegshoulderblade	Canine_RFrontLegShoulderblade
3100	eye-l-suprise	Eye-L-Suprise
3101	shaftrootfold	ShaftRootFold
3102	nostrils_widen_r	nostrils_widen_r
3103	bone_legfl1	Bone_LegFL1
3104	pcylinder13	pCylinder13
3105	adjust_elbowcap_l	adjust_elbowcap_L
3106	knotsmall3	KnotSmall3
3107	palmrukaz1	PalmRUkaz1
3108	loincloth front 1e	loincloth front 1e
3109	torso.001	torso.001
3110	shell.wall_8	Shell.Wall_8
3111	腕捩1.r	腕捩1.R
3112	stare 2	Stare 2
3113	bip_hatback	bip_HatBack
3114	rope_5	Rope_5
3115	wep_base	WEP_Base
3116	loincloth back 1d	loincloth back 1d
3117	bip_cape_3_l	bip_Cape_3_L
3118	bip01_r_hand004	Bip01_R_Hand004
3119	thighforward	ThighForward
3120	lower_body_d	lower_body_d
3121	heavy lower details	Heavy Lower Details
3122	momo_md_r__prot_x50__offset	momo_md_r__prot_x50__offset
3123	bone28	Bone28
3124	leg left ste	leg left StE
3125	bipmar rcalftwist	BipMar RCalfTwist
3126	unused duplicate duplicate unused.008	unused duplicate duplicate unused.008
3127	pupils-glaresizesmall-l	Pupils-GlareSizeSmall-L
3128	unused bip01_l_foretwist2	unused Bip01_L_ForeTwist2
3129	bip001-l-foretwist	Bip001-L-ForeTwist
3130	back.bow_left_1	Back.Bow_Left_1
3131	bip chinfront	bip chinfront
3132	loincloth_back_3	Loincloth_back_3
3133	facerig	FaceRig
3134	rotator	Rotator+rotator
3135	vagopen06	VagOpen06
3136	r_trap_helper	r_trap_helper
3137	elevator	Elevator
3138	row_chair016	row_chair016
3139	eye ehh r	Eye Ehh R
3140	pcylinder6	pCylinder6
3141	polysurface85	polySurface85
3142	eyeslookdown	EyesLookDown
3143	bas.rear_center_4_jiggle	BAS.Rear_Center_4_jiggle
3144	unused dogmeat_com	unused dogmeat_com
3145	bip01_l_clavicle010	Bip01_L_Clavicle010
3146	stomp-8	stomp-8
3147	mot16_waist	MOT16_Waist
3148	shirt_r	shirt_R
3149	box1	Box1
3150	bip fmiddle00 l	bip fmiddle00 l
3151	left_27	left_27
3152	bip_fring01_l	Bip_FRing01_L
3153	polysurface218	polySurface218
3154	island_collar_01_wind_helper	island_collar_01_wind_helper
3155	shaft-wide	shaft-wide
3156	page_curl_2	page_curl_2
3157	bip_tail_d_03	bip_tail_d_03
3158	_left_x_down	_left_x_down
3159	flex_noise_3	Flex_NOISE_3
3160	shell.wall_15	Shell.Wall_15
3161	c_stm_b00	C_STM_B00
3162	pantiesside	PantiesSide
3163	scrotumfoldl	ScrotumFoldL
3164	valvebiped_bullet16	ValveBiped_Bullet16
3165	raisemiddle	RaiseMiddle
3166	fullblink	FullBlink
3167	adjust_digi_l	adjust_digi_L
3168	unused duplicate duplicate unused.013	unused duplicate duplicate unused.013
3169	donger04_chain	donger04_chain
3170	taurenmale_hd_bone_136	taurenmale_hd_bone_136
3171	head48	head48
3172	opt_as_l_armtwist_a	OPT_AS_L_ArmTwist_A
3173	bone058	Bone058
3174	anus_open_right	anus_open_right
3175	collar left 02	collar left 02
3176	ude_l_d__offset	ude_l_d__offset
3177	unusedarm right finger pinky	unusedarm right finger pinky
3178	band.bend_left_2	Band.Bend_Left_2
3179	right_21	right_21
3180	bip facelipbumploin l	bip facelipbumploin l
3181	key.leftoption	Key.LeftOption
3182	cock-wide	cock-wide
3183	leglittlefinger3_l	LegLittleFinger3_L
3184	dyng r necklace 01	dyng r necklace 01
3185	rope.01.r	rope.01.R
3186	key.white_10	Key.White_10
3187	belt right 05	belt right 05
3188	valvebiped.bip01_vag_front	ValveBiped.Bip01_Vag_Front
3189	left_browlower	Left_browlower
3190	tailright1_7	TailRight1_7
3191	submesh_00_lod_1.1319	submesh_00_LOD_1.1319
3192	sk_r_f_leg_4	SK_R_F_leg_4
3193	nostril lower left	Nostril Lower Left
3194	bip01_pelvis019	Bip01_Pelvis019
3195	l dlid b	L Dlid B
3196	pillow 3	Pillow 3
3197	eballlowerl	EBAllLowerL
3198	aa13_sight	AA13_sight
3199	arm left shoulder 1 ctr5	arm left shoulder 1 ctr5
3200	def-foot.r.002	DEF-foot.R.002
3201	wep_stock_minimi_hinge	WEP_Stock_Minimi_Hinge
3202	barbel3_r	Barbel3_R
3203	eyes close right	eyes close right
3204	crow_1.phalanges2_r	Crow_1.Phalanges2_R
3205	polysurface84	polySurface84
3206	bip_suitear2_l	bip_suitear2_L
3207	f4	F4
3208	upper_04	Upper_04
3209	l collarb a phy	L CollarB a Phy
3210	pussyopenwedgieexposed	PussyOpenWedgieExposed
3211	eye_up_r	Eye_up_R
3212	openfront	OpenFront
3213	helper_wrist_r	helper_wrist_R
3214	key.pipe	Key.Pipe
3215	lipscronersraise	LipsCronersRaise
3216	bone.001_l.041	Bone.001_L.041
3217	belt root	BELT ROOT
3218	strapsnarrowermore	StrapsNarrowerMore
3219	page4_b	Page4_B
3220	upperarm_twist_r_01	upperarm_twist_r_01
3221	shell.wall_16	Shell.Wall_16
3222	lower_leg	lower_leg
3223	midddlelowerfull	MidddleLowerFull
3224	silencer01	silencer01
3225	bootsvoluptuous	Bootsvoluptuous
3226	cloth front middle 1	cloth front middle 1
3227	wep_stock_base	WEP_Stock_Base
3228	arm left bracelet 03	arm left bracelet 03
3229	arm right finger knuckle pinky	arm right finger knuckle pinky
3230	muzzle in	Muzzle In
3231	sadness_l	sadness_l
3232	sash a 2	Sash A 2
3233	dyng m necklace 02	dyng m necklace 02
3234	psphere1	pSphere1
3235	valvebiped.bip01_tail01	ValveBiped.Bip01_Tail01
3236	fitnipples	FitNipples
3237	narrowy	NarrowY
3238	polysurface9	polySurface9
3239	leg right ankle roll	leg right ankle roll
3240	_03	_03
3241	unusedbone104	unusedbone104
3242	calf_twist_r_01	calf_twist_r_01
3243	unused 2	unused 2
3244	bikini_string.l	Bikini_String.L
3245	bathroom light	Bathroom light
3246	head left earring 2	head left earring 2
3247	hose_03	Hose_03
3248	penis balls root	penis balls root
3249	cloth_side_a_1_r	cloth_side_A_1_R
3250	upperarm_twist_l_01	upperarm_twist_l_01
3251	backlight_2	backlight_2
3252	ebinnerupperr	EBInnerUpperR
3253	narrowbutt	NarrowButt
3254	cloth1	Cloth1
3255	taurenmale_hd_bone_137	taurenmale_hd_bone_137
3256	anus in	Anus In
3257	spine upper.003	spine upper.003
3258	bip_clockcollar_r	bip_ClockCollar_R
3259	sidehair_r3	sideHair_R3
3260	tail right root	tail right root
3261	jacket - boobscaler	jacket - boobscaler
3262	bone ring 05	bone ring 05
3263	r lower lid	R lower lid
3264	ropebelt_tassel_back_4	RopeBelt_Tassel_Back_4
3265	nailslength	NailsLength
3266	flm-armb-back-u1	Flm-ArmB-Back-U1
3267	flap1.r	Flap1.R
3268	right little finger 3 grip 1	Right little finger 3 grip 1
3269	unusedface	unusedface
3270	jiggle.tassle_front_10	Jiggle.Tassle_Front_10
3271	l sideburn d phy	l sideburn d phy
3272	l collarb tip sec	l collarb tip sec
3273	bipflm rthightwist1	BipFlm RThighTwist1
3274	bip_l_foot_index	bip_l_foot_index
3275	arm right elbow adj. 2	arm right elbow adj. 2
3276	shaft-fat	shaft-fat
3277	dingosuccgun	DingoSuccGun
3278	byounger	Byounger
3279	cloth_bone_up_r_04	cloth_bone_up_r_04
3280	c_dred_c2_03	C_Dred_C2_03
3281	fa_low_lid_right_inner	fa_low_lid_right_inner
3282	moss	Moss
3283	bip_tail1_r.001	bip_tail1_R.001
3284	second_arms_r_ring3	Second_Arms_R_Ring3
3285	pussy_open_right	pussy_open_right
3286	browsinnerdownleft	BrowsInnerDownLeft
3287	apron b3	Apron b3
3288	valvebiped.bip01_l_pinkie03	ValveBiped.Bip01_L_Pinkie03
3289	blinkmid2	BlinkMid2
3290	bodythin	BodyThin
3291	brows-r-shock	Brows-R-Shock
3292	l_fin_back_a	l_fin_back_a
3293	def-spine.006_l.012	DEF-spine.006_L.012
3294	back-push-center	back-push-center
3295	qwn-rig-eye-lb	Qwn-Rig-Eye-LB
3296	bip_waist_c	bip_waist_c
3297	pjcmforearmfwd75l	pJCMForeArmFwd75L
3298	book turnpage7	Book TurnPage7
3299	leg left ankle cloth	Leg Left Ankle Cloth
3300	hip_joint02	hip_joint02
3301	egg.wall_3	Egg.Wall_3
3302	ball l	Ball L
3303	mask b	Mask b
3304	foreskinout	ForeskinOut
3305	c_dred_l1_01	C_Dred_L1_01
3306	barbel2_r	Barbel2_R
3307	bip01_pelvis003	Bip01_Pelvis003
3308	gag_l_06	Gag_L_06
3309	moustache_l_13	Moustache_L_13
3310	small2	small2
3311	face weird 1	Face Weird 1
3312	exclamation1	exclamation1
3313	stare 2 r	Stare 2 R
3314	fit underwear	Fit Underwear
3315	right hand screw 2	Right hand screw 2
3316	lulu necklace.cleavage	Lulu Necklace.Cleavage
3317	upperlipright	UpperLipRight
3318	fluid	FLUID
3319	ah3	ah3
3320	special01	special01
3321	buttsizealt	ButtsizeAlt
3322	cord8	Cord8
3323	helper_ltc	Helper_LTC
3324	planter	Planter
3325	legsforwardcorrect	LegsForwardCorrect
3326	arm left carpal	Arm Left Carpal
3327	tailleft2_3	TailLeft2_3
3328	flm-armb-belt-lc	Flm-ArmB-Belt-LC
3329	midlips_lower_curl	midlips_lower_curl
3330	def-ribcage.t.l	DEF-ribcage.T.L
3331	x_long	x_long
3332	tears 1 back	Tears 1 Back
3333	right_hand_twist_end	right_hand_twist_end
3334	strapfrontrightin	StrapFrontRightIn
3335	arm left finger 3xx	arm left finger 3xx
3336	l earringa a phy	l earringa a phy
3337	bone001	Bone001
3338	ude_r_d__offset	ude_r_d__offset
3339	bottle1_cap	bottle1_cap
3340	browsisodown	BrowsIsodown
3341	bottomlip2.l	BottomLip2.L
3342	key.black_1	Key.Black_1
3343	strokeup	StrokeUp
3344	rider	Rider
3345	l_shoulder_twist_b_helper	l_shoulder_twist_b_helper
3346	eyeshut	EyeShut
3347	wep_boxmagazine	WEP_BoxMagazine
3348	foot_middle_0_r	foot_middle_0_R
3349	arm right finger 4 b	arm right finger 4 b
3350	tailright4_4	TailRight4_4
3351	body-l-ass-smack	Body-L-ass-Smack
3352	sign	sign
3353	wing_left_spine_4	Wing_Left_Spine_4
3354	nostril left	Nostril Left
3355	bone017	Bone017
3356	c_arr_b00	C_ARR_B00
3357	def-shin.l	DEF-shin.L
3358	arm left shoulder twist2	arm left shoulder twist2
3359	flm-arma-sworda-d	Flm-ArmA-SwordA-D
3360	bone 36	bone 36
3361	hatcloth_bone_04	hatCloth_bone_04
3362	rlotwist0	rLoTwist0
3363	eyeslook up	EyesLook Up
3364	toplipopen	TopLipOpen
3365	palmrbolsh	PalmRBolsh
3366	r_elbow_twist_a_helper	r_elbow_twist_a_helper
3367	flm-armb-float-a6	Flm-ArmB-Float-A6
3368	lengthen	lengthen
3369	suit-bottom-big	Suit-Bottom-Big
3370	third_arms_r_index4	Third_Arms_R_Index4
3371	moustache left control	moustache left control
3372	bikini bulge	Bikini Bulge
3373	l_fin_mid_c	l_fin_mid_c
3374	key.white_43	Key.White_43
3375	wep_belt_bullet6	WEP_Belt_Bullet6
3376	strings 1 jb	strings 1 JB
3377	earring.ring_right_1_jiggle	Earring.Ring_Right_1_jiggle
3378	vag inner2 3	vag inner2 3
3379	submesh_00_lod_1.1645	submesh_00_LOD_1.1645
3380	leftthighupperjigglecontrol	LeftThighUpperJiggleControl
3381	bip_tie_2_r	bip_Tie_2_R
3382	| tits size | + (shirt)	| Tits Size | + (SHIRT)
3383	erovaginar	EroVaginaR
3384	upperarmright	UpperArmRight
3385	terrarium	Terrarium
3386	teeth lower	Teeth Lower+teeth lower
3387	tailleft2_5	TailLeft2_5
3388	unused.041	unused.041
3389	longear_bone_r_06	longear_bone_r_06
3390	r_neck_18	r_neck_18
3391	lpinkie1	lPinkie1+lpinkie1
3392	leg right stg	leg right StG
3393	def-spine.006_r.012	DEF-spine.006_R.012
3394	dyng a 02	dyng a 02
3395	nosie5	Nosie5
3396	leftfinge21	LeftFinge21
3397	clipping neck	Clipping neck
3398	eyelipdownright	EyeLipDownRight
3399	c_tier_c02	C_TieR_C02
3400	left_hand_twist1_end	left_hand_twist1_end
3401	r_front_holster_0u_0v	r_front_holster_0u_0v
3402	flex_fat_middle	Flex_Fat_Middle
3403	object002	Object002
3404	v_weapon.right_pinky02	v_weapon.Right_Pinky02
3405	bip01_l_toe	Bip01_L_Toe
3406	type2fit	Type2FIT
3407	blink-right	Blink-Right
3408	cervixup	CervixUp
3409	bip_stone _l_finger_globe_2_	Bip_STONE _L_Finger_Globe_2_
3410	browsinnerdownright	BrowsInnerDownRight
3411	legdead	LegDead
3412	head nostril lower right 1	head nostril lower right 1
3413	strap_right	strap_right
3414	key.3	Key.3
3415	fringe 17 jb	fringe 17 JB
3416	forehead_r	Forehead_R+forehead_R
3417	right arm screw 1	Right arm screw 1
3418	unused b_r_ankle2helper	unused b_r_ankle2helper
3419	flex_raise_soft	Flex_RAISE_SOFT
3420	v_weapon.right_thumb02	v_weapon.Right_Thumb02
3421	bip01 calf.l	Bip01 Calf.L
3422	bip_stone _l_finger_globe_1_	Bip_STONE _L_Finger_Globe_1_
3423	kata_md_l__prot_x50__offset	kata_md_l__prot_x50__offset
3424	bottle2	bottle2
3425	big	Big+big
3426	front 2	Front 2
3427	collar right a	collar right a
3428	leftleggib	LeftLegGib+leftLegGib
3429	leg right boot tassle 1b	leg right boot tassle 1b
3430	canine_head	Canine_Head
3431	rope_4	Rope_4
3432	pupils-sad-r	Pupils-Sad-R
3433	mila head nostril right 2	Mila head nostril right 2
3434	fin_top_d_d	fin_top_d_d
3435	c_arl_c00	C_ARL_C00
3436	bip_claw_b	bip_claw_b
3437	strap b 2	strap b 2
3438	exposedfront1	ExposedFront1
3439	vag_front_jnt.001	Vag_Front_Jnt.001
3440	forehead left	forehead left
3441	l_front_holster_0u_2v	l_front_holster_0u_2v
3442	fur_hospital_bed_a_middle	FUR_Hospital_Bed_A_Middle
3443	bone067	Bone067
3444	vagopen01	VagOpen01
3445	wakazashi.tassel_rear_2	Wakazashi.Tassel_Rear_2
3446	lowerlidraiserr	LowerLidRaiserR
3447	second_arms_r_thumb2	Second_Arms_R_Thumb2
3448	head right earring 2	head right earring 2
3449	l sideburn f phy	l sideburn f phy
3450	+leg_r	+leg_r
3451	unused.061	unused.061
3452	key.white_13	Key.White_13
3453	valvebiped.bip01_l_vulvaf	ValveBiped.Bip01_L_VulvaF
3454	valvebiped.bip01_r_ring04	ValveBiped.Bip01_R_Ring04
3455	lm03	LM03
3456	rag4	rag4
3457	robin_head teeth upper	Robin_Head Teeth Upper
3458	pussy chitsu left	pussy chitsu left
3459	wakazashi.tassel_rear_5	Wakazashi.Tassel_Rear_5
3460	thongcentershiftleft	ThongCenterShiftLeft
3461	randomkicks5	RandomKicks5
3462	page4_f	Page4_F
3463	leglittlefinger1_r	LegLittleFinger1_R
3464	cloth_front_b_2	cloth_front_B_2
3465	beltcontrol_main2	BeltControl_main2
3466	wep_button5	WEP_Button5
3467	cloth front right 3	cloth front right 3
3468	bip_neck_r	bip_neck_R
3469	foreskinlonger	ForeskinLonger+foreskinlonger
3470	polysurface66	polySurface66
3471	d1	D1
3472	egg.wall_6	Egg.Wall_6
3473	beadhangfrontduo b1	BeadHangFrontDuo B1
3474	bip_frangehair_r	bip_frangehair_R
3475	book coverpage turn06	Book CoverPage Turn06
3476	leg right knee ctr 2	leg right knee ctr 2
3477	crush-3	crush-3
3478	wep_beltmagazine	WEP_BeltMagazine
3479	vwidthvo3	VwidthVO3
3480	f_r_ear1	f_R_Ear1
3481	bobby_bone_necklace_05	BOBBY_Bone_NeckLace_05
3482	lowerlip_curlin	LowerLip_CurlIN
3483	lpectoraljiggle	lPectoraljiggle
3484	r ujacketa b phy	R uJacketA b Phy
3485	parent	Parent
3486	lhandex	LHandEX
3487	brows-r-anger	Brows-R-Anger
3488	sperm.head	Sperm.Head
3489	pjcmthighfwd115r	pJCMThighFwd115R
3490	stock02	Stock02
3491	car15	car15
3492	hokage hat left 1c	hokage hat left 1c
3493	nostrils_widen_l	nostrils_widen_l
3494	bip_front_jacket	bip_front_jacket
3495	bip findex00 r	bip findex00 r
3496	tenta_11_l	tenta_11_L
3497	key.capslock	Key.CapsLock
3498	squinch right	squinch right
3499	bip_eardown1_r	bip_earDown1_r
3500	sign08	sign08
3501	rforward	RForward
3502	r1	R1+r1
3503	key 7	Key 7
3504	pole	Pole
3505	hair right ear 2	hair right ear 2
3506	cloth back middle 3	cloth back middle 3
3507	shorthair_bone_11	shortHair_bone_11
3508	bone pinky 05	bone pinky 05
3509	bottomlid_r3	bottomlid_R3
3510	robin_head tounge end	Robin_Head Tounge End
3511	nosie4	Nosie4
3512	bip upperarmtwisttop r	bip upperarmtwisttop r
3513	bottle6_cap	bottle6_cap
3514	bip_bellcollar_root	bip_BellCollar_Root
3515	bld_gen_army_tent_big_a_top_a_mesh	BLD_GEN_Army_Tent_Big_A_Top_A_Mesh
3516	back_sword	Back_Sword
3517	head eyelash right 1	head eyelash right 1
3518	g1	G1
3519	camera_hand_tip	camera_hand_tip
3520	hat_right_3_jiggle	Hat_Right_3_jiggle
3521	unused134	unused134
3522	right_arm_twist2_end	right_arm_twist2_end
3523	toplipsout	Toplipsout
3524	au2au4	AU2AU4
3525	bip forearmtwisttop r	bip forearmtwisttop r
3526	bip_hs2_l	bip_hs2_L
3527	botleftbone	BotLeftBone
3528	taurenmale_hd_bone_118	taurenmale_hd_bone_118
3529	bone016	Bone016
3530	l dlipout a	L Dlipout A
3531	box11	Box11
3532	unused.059	unused.059
3533	chain00_00	chain00_00
3534	bone12	Bone12
3535	ebrow_bone_correct_l_02	ebrow_bone_correct_l_02
3536	brows-r-up	Brows-R-Up
3537	r_front_holster_0u_13v	r_front_holster_0u_13v
3538	shirt boobs upward l	Shirt Boobs Upward L
3539	flex_thin_bottom	Flex_THIN_BOTTOM+Flex_Thin_Bottom
3540	bip_r_foot_ring_02	bip_r_foot_ring_02
3541	leg_1.lower	leg_1.lower
3542	fh15.r	Fh15.R
3543	head cheeck right 5	head cheeck right 5
3544	bow left a 1	bow left a 1
3545	qwn-rig-hole-v2	Qwn-Rig-Hole-V2
3546	head upperjaw	head upperjaw
3547	bikini_14	Bikini_14
3548	key.g	Key.G
3549	window_urban_sash_48_88_full_gib06	window_urban_sash_48_88_full_gib06
3550	shoulderright	ShoulderRight
3551	face-blink-half	Face-Blink-Half
3552	shirt_full_tie_left_3	Shirt_Full_Tie_Left_3
3553	thigh	thigh
3554	right hand screw 3	Right hand screw 3
3555	bone082	Bone082
3556	mask-hide	Mask-Hide
3557	key.white_1	Key.White_1
3558	eye_down_r	Eye_down_R
3559	bone 1018	bone 1018
3560	b collar	b collar
3561	arm left lower	arm left lower
3562	opt_as_r_armtwist_b	OPT_AS_R_ArmTwist_B
3563	bipfin r foretwist1	BipFin R ForeTwist1
3564	eyes-r-squint	Eyes-R-Squint
3565	tailleft4_1	TailLeft4_1
3566	tounge tip right	Tounge tip right
3567	pussy clitoris	pussy clitoris
3568	hat_left_4_jiggle	Hat_Left_4_jiggle
3569	bip001-r-clavicle	Bip001-R-Clavicle
3570	bip01_spine2_018	Bip01_Spine2_018
3571	rightnutscale	RightNutScale
3572	rightarmgib	RightArmGib+rightArmGib
3573	hitomi head forehead left	Hitomi head forehead left
3574	ballssmall	Ballssmall
3575	all parents	All parents
3576	hootersarmupfixl	HOOTERSArmUPFIXL
3577	bip01_l_forearm017	Bip01_L_Forearm017
3578	leg back thigh right	leg back thigh right
3579	fa_dimpler_right	fa_dimpler_right
3580	bikini_09	Bikini_09
3581	bone_bed_04	bone_bed_04
3582	box16	Box16
3583	bone 77	bone 77
3584	bip_neck_04	bip_neck_04
3585	sidelockright1	SideLockRight1
3586	wep_bipod_rightleg1	WEP_Bipod_RightLeg1
3587	obj0001	OBJ0001
3588	tears right width	Tears right width
3589	pcylinder3	pCylinder3
3590	fa_eyebag_left_mid	fa_eyebag_left_mid
3591	opt_hand_left_ring3	OPT_Hand_Left_Ring3
3592	front bar 7_3	Front bar 7_3
3593	fit underwear down - side	Fit Underwear Down - Side
3594	botshirtexpand	BotShirtEXPAND
3595	csad	CSad
3596	thin upper details	Thin Upper Details
3597	shirtfront_r	shirtfront_R
3598	fit tshirt	fit Tshirt
3599	locket	Locket
3600	flm-arma-swordb-cl1	Flm-ArmA-SwordB-CL1
3601	floor light 3	Floor light 3
3602	belt_17	belt_17
3603	buttbiggerpants	ButtBIggerPants
3604	c_arr_a01	C_ARR_A01
3605	unused skeleton.nif	unused skeleton.nif
3606	bip_root_neck	bip_root_neck
3607	bow right 3a	bow right 3a
3608	m02	M02
3609	bip_strands3_r	bip_Strands3_R
3610	crush-16	crush-16
3611	valvebiped.bip01_l_middle	ValveBiped.Bip01_L_Middle
3612	cape_8_l	cape_8_L
3613	browsinvertright	BrowsInvertRight
3614	bip01_pelvis010	Bip01_Pelvis010
3615	front_lift2	front_lift2
3616	unused.006	unused.006
3617	bone_ra1	bone_RA1
3618	valvebiped.explosive_box001	ValveBiped.explosive_box001
3619	t8	T8
3620	bip_back_neck	bip_back_neck
3621	bone002	Bone002
3622	left thumb 2	Left thumb 2
3623	l1stnb	L1stNb
3624	leg left finger 3	leg left finger 3
3625	pantsacurate	PantsAcurate
3626	bottomlip1	BottomLip1
3627	wep_shellholder_shell2	WEP_ShellHolder_Shell2
3628	pussy-extreme-backward-out	pussy-extreme-backward-out
3629	pb_r_cmy01_bhair_6	pb_R_CMY01_BHair_6
3630	lowerlips_down_r	lowerlips_down_r
3631	crow_2.phalanges1_r	Crow_2.Phalanges1_R
3632	l.worrylid	l.worrylid
3633	body-suit-fit-nolower	Body-Suit-Fit-NoLower
3634	nipplechain.left	NippleChain.Left
3635	bip_index_2_l_end	bip_index_2_L_end
3636	disgusting	Disgusting
3637	flm-rig-eye-rb	Flm-Rig-Eye-RB
3638	flm-armb-foot-lb	Flm-ArmB-Foot-LB
3639	a14	A14
3640	valvebiped.bip01_r_ring02	ValveBiped.Bip01_R_Ring02
3641	band.bend_left_3	Band.Bend_Left_3
3642	valvebiped.bip01_l_shouder	ValveBiped.Bip01_L_Shouder
3643	bip_pupilglare_l	bip_PupilGlare_L
3644	object025_003	Object025_003
3645	shell.wall_51	Shell.Wall_51
3646	l upper lid	L upper lid
3647	strap_4_l	strap_4_L
3648	prf_asagi_costume_1	prf_asagi_costume_1
3649	valvebiped.polysurface347	ValveBiped.polySurface347
3650	tailleft2_6	TailLeft2_6
3651	boon_root_left	boon_root_left
3652	mot19_rightshoulder	MOT19_RightShoulder
3653	bone133_l_hoho3_joint	bone133_L_Hoho3_Joint
3654	d_tricepsmucle_l	D_tricepsMucle_L
3655	wep_rail_flashlight	WEP_Rail_Flashlight
3656	腕捩3.l	腕捩3.L
3657	maid.bow_left_lower_3	Maid.Bow_Left_Lower_3
3658	bip_bipodleg_l	Bip_bipodleg_L
3659	key.colon	Key.Colon
3660	cockthickend	CockThickEnd
3661	valvebiped_bullet3	ValveBiped_Bullet3
3662	armature.001	Armature.001
3663	penissheated	PenisSheated
3664	right little distal	Right Little Distal
3665	moustache_r	Moustache_R
3666	tarsalleft	TarsalLeft
3667	toplip1.l	TopLip1.L
3668	bipbrk r finger1	BipBrk R Finger1
3669	bone142	Bone142
3670	kargathbladefist_bone16	kargathbladefist_Bone16
3671	magrel	magrel
3672	bip eye r	bip eye r
3673	brk-rig-eye-rb	Brk-Rig-Eye-RB
3674	bip faceforehead03 r	bip faceforehead03 r
3675	bip_root_cloth	bip_root_cloth
3676	eye-surprised-right	eye-surprised-right
3677	fringe 1 jb	fringe 1 JB
3678	bip_belt_l_3	bip_belt_L_3
3679	c_dred_l2_02	C_Dred_L2_02
3680	bip_l_index_02	bip_l_index_02
3681	(ripped) pants (pants) 	(RIPPED) Pants (PANTS) 
3682	03	03
3683	bone129	Bone129
3684	lower_leg02	lower_leg02
3685	chin_up	chin_up
3686	ankle_left	ankle_left
3687	torso pipe b l 1a	torso pipe B L 1a
3688	finger_ring_right_2	finger_ring_right_2
3689	bikini_13	Bikini_13
3690	sperm.tail_5	Sperm.Tail_5
3691	ckarmraise90r	CKArmRaise90R
3692	pb_l_cmy01_bhair_3	pb_L_CMY01_BHair_3
3693	wheel_1.base	Wheel_1.Base
3694	hat side right	hat side right
3695	bulgexl1	BulgeXL1
3696	keychain.chain_2	Keychain.Chain_2
3697	tounge tip left	Tounge tip left
3698	arm left shoulder 2 adj. 4	arm left shoulder 2 adj. 4
3699	l calfb spo	L CalfB Spo
3700	belt right 04	belt right 04
3701	sk_r_f_leg_3	SK_R_F_leg_3
3702	tenta_b_2_r	tenta_b_2_R
3703	valvebiped.bip01_r_fingerbase2	ValveBiped.Bip01_R_FingerBase2
3704	bip01_head011	Bip01_Head011
3705	armoir	Armoir
3706	key 4	Key 4
3707	kata_rt_r__prot_x0__offset	kata_rt_r__prot_x0__offset
3708	right ring finger 1 grip 1	Right ring finger 1 grip 1
3709	26	26
3710	liplowerouter_r	LipLowerOuter_R
3711	balls detail 1	Balls Detail 1
3712	skimpy	Skimpy
3713	right knee d	Right knee D
3714	row_chair018	row_chair018
3715	x_short	x_short
3716	bone 1052	bone 1052
3717	r_fin_back_b	r_fin_back_b
3718	jnt_left	jnt_left
3719	 side1lf	 SIDE1LF
3720	unused jnt-066	unused jnt-066
3721	bip_stone_l_foretwist1	Bip_STONE_L_ForeTwist1
3722	object010_002	Object010_002
3723	jiggle.tassle_back_4	Jiggle.Tassle_Back_4
3724	r_rear_holster_0u_2v	r_rear_holster_0u_2v
3725	bow right d 2	bow right d 2
3726	pussparent.002_l.010	PussParent.002_L.010
3727	bip_tentacle.009	Bip_Tentacle.009
3728	bip_r_middle	bip_r_middle
3729	unused duplicate duplicate unused.004	unused duplicate duplicate unused.004
3730	lid upper - down	Lid Upper - Down
3731	c_prop_standa	C_Prop_StandA
3732	fitshorts	FitShorts
3733	fa_nostril_left_inner	fa_nostril_left_inner
3734	baffle_bottom.back	baffle_bottom.Back
3735	sash 2b	Sash 2b
3736	wheel_fr	Wheel_FR
3737	rassimpactextrude1	RAssImpactExtrude1
3738	bipfio rcalftwist1	BipFio RCalfTwist1
3739	tailright1_1	TailRight1_1
3740	mirror_l	mirror_l
3741	+right_elbow_aux_end	+right_elbow_aux_end
3742	wakazashi.tassel_front_4	Wakazashi.Tassel_Front_4
3743	eye shines move	Eye shines move
3744	eyeballs-up	Eyeballs-Up
3745	teeth-l/h-toggle	Teeth-L/H-Toggle
3746	jacket belt l2	Jacket belt L2
3747	bip_leg.001	Bip_leg.001
3748	flapright	flapright
3749	pantiessideleotard	PantiesSideLeotard
3750	lkakato02n	LKakato02N
3751	r dcorin	R Dcorin
3752	l_rear_holster_0u_0v	l_rear_holster_0u_0v
3753	cheeckfilll+cheeckfillr	CheeckFillL+CheeckFillR
3754	shell.wall_53	Shell.Wall_53
3755	key.o	Key.O
3756	poke08	Poke08
3757	undereye_right_in	underEye_Right_IN
3758	head eye brili right	head eye brili right
3759	s1	S1
3760	plane.002	Plane.002
3761	bedroomeyes	bedroomeyes
3762	def-neck.001	DEF-neck.001
3763	c_tiel_c07	C_TieL_C07
3764	unused.020	unused.020
3765	car05_controller05	Car05_controller05
3766	defined	defined
3767	rightclothlift	RightClothLift
3768	pussy_open_left	pussy_open_left
3769	bld_gen_army_tent_small_a_bottom_a_mesh	BLD_GEN_Army_Tent_Small_A_Bottom_A_Mesh
3770	hood upper	hood upper
3771	wep_bullet2	WEP_Bullet2
3772	browmiddle_left_down	browMiddle_Left_Down
3773	keychain.chain_4	Keychain.Chain_4
3774	sash b 2	Sash B 2
3775	cord1	Cord1
3776	r upperlip 02	r upperlip 02
3777	polysurface3	polySurface3
3778	flm-armb-float-b3	Flm-ArmB-Float-B3
3779	drowsy	Drowsy
3780	bip chin01 r	bip chin01 r
3781	smile_both	Smile_Both
3782	brk-rig-bacon-fr	Brk-Rig-Bacon-FR
3783	crow_2.femur_r	Crow_2.Femur_R
3784	head earring left c	head earring left c
3785	jig_bot	Jig_BOT
3786	key.6	Key.6
3787	genital right 1	genital right 1
3788	c neck1w spo	C Neck1W Spo
3789	finger_index_left_1	finger_index_left_1
3790	sounding rod	Sounding Rod
3791	bip01 upperarm.r	Bip01 UpperArm.R
3792	foot_ring_1_r	foot_ring_1_R
3793	bone_legfl2	Bone_LegFL2
3794	m03	M03
3795	bip_strands1	bip_Strands1
3796	polysurface116	polySurface116
3797	foot_fingerbase_r	foot_fingerbase_R
3798	bulgeshort	BulgeShort
3799	shell.wall_18	Shell.Wall_18
3800	right_13	right_13
3801	bip01_l_upperarm016	Bip01_L_UpperArm016
3802	palmlsred1	PalmLSred1
3803	tenta_6_r	tenta_6_R
3804	generichuman_c_upplipjnt	GenericHuman_c_uppLipJnt
3805	body-r-ass-down	Body-R-Ass-Down
3806	cock-defined	cock-defined
3807	moustache_r_2	Moustache_R_2
3808	opt_as_l_upleg_a	OPT_AS_L_UpLeg_A
3809	roottrans	rootTrans
3810	top_mid	TOP_MID
3811	key.p	Key.P
3812	r_shoulder_twist_a_helper	r_shoulder_twist_a_helper
3813	h_r_middle1	h_R_Middle1
3814	thicken/beam	Thicken/beam
3815	student.left_3	Student.Left_3
3816	rightinhandpinky	RightInHandPinky
3817	l_neck_30	l_neck_30
3818	left index finger 2	Left index finger 2
3819	strap_l_2	Strap_L_2
3820	clit.barbell_rear	Clit.Barbell_Rear
3821	earring.ring_4	Earring.Ring_4
3822	tailwing_02	tailwing_02
3823	bas.side_left_1	BAS.Side_Left_1
3824	needlearm	needlearm
3825	sperm.tail_7	Sperm.Tail_7
3826	taurenback	taurenBack
3827	bulge big	Bulge Big+Bulge big
3828	l beltc a phy	L BeltC a Phy
3829	rightmasseter	RightMasseter
3830	level2_east	Level2_East
3831	leftlwrmasseter	LeftLwrMasseter
3832	lower_scale__group	lower_scale__group
3833	bip_stone _l_finger_globe_2_02	Bip_STONE _L_Finger_Globe_2_02
3834	that_it?	That_it?
3835	wep_slingloop	WEP_SlingLoop
3836	pbg-rig-hole-a	PBG-Rig-Hole-A
3837	leg right thigh twist b	leg right thigh twist b
3838	unused137	unused137
3839	strapon_3	strapon_3
3840	fronttop	FrontTop
3841	hat_left_3	Hat_Left_3
3842	bas.left_3_jiggle	BAS.Left_3_jiggle
3843	hat_right_tassel_3	Hat_Right_Tassel_3
3844	teeth_bot_r	teeth_bot_r
3845	bip01_head016	Bip01_Head016
3846	insidecase	InsideCase
3847	camera_case	camera_case
3848	fringe 17	fringe 17
3849	fringe_1	Fringe_1
3850	flat face	Flat Face
3851	eyes angry left	eyes angry left
3852	wep_flashlight_and_peq2	WEP_Flashlight_And_PEQ2
3853	bip legtwisttop l	bip legtwisttop l
3854	toplid_corner_r	toplid_corner_R
3855	shape-busty-nude	shape-busty-nude
3856	oris07_r	oris07_R
3857	polysurface11	polySurface11
3858	necklace right	necklace right
3859	fio-rig-eye-lu	Fio-Rig-Eye-LU
3860	radio	Radio
3861	jacket_closed	jacket_closed
3862	bip_pussyside_2_l	bip_PussySide_2_L
3863	face-ee	Face-Ee
3864	rthumb0	rThumb0
3865	bip_strands2_l	bip_Strands2_L
3866	bip_ear6_r	bip_Ear6_R
3867	bip_head11_l	bip_head11_l
3868	pantstexspose	PantstExspose
3869	top_3	Top_3
3870	l bearda a phy	l bearda a phy
3871	quad/shell	quad/shell
3872	aufsatz	aufsatz
3873	bipmar l finger3	BipMar L Finger3
3874	jig_right	Jig_RIGHT
3875	f collar	f collar
3876	strapleftout	StrapLeftOut
3877	d10	D10
3878	highlight 2	Highlight 2
3879	beadhangfrontsmall b1	BeadHangFrontSmall B1
3880	lowerlidlowerl	LowerLidLowerL
3881	flipoutrightdown	FlipoutRightDown
3882	valvebiped.bip01_belly	ValveBiped.Bip01_Belly
3883	tophair1	TopHair1
3884	top_01	Top_01
3885	left ring finger 2	Left ring finger 2
3886	saberon_bone34	saberon_Bone34
3887	wrinkle-3	wrinkle-3
3888	innerbrowsup	InnerBrowsUp
3889	level3_root	Level3_Root
3890	leg fix front 90 r	Leg Fix Front 90 R
3891	shorten_3	shorten_3
3892	glovevoluptuous	Glovevoluptuous
3893	bone134	Bone134
3894	asshool_6	Asshool_6
3895	head eyeblack left	head eyeblack left
3896	bip_pads_r	bip_pads_r
3897	spine chest	spine chest
3898	tounge 	Tounge 
3899	smack ass left	smack ass left
3900	object011	Object011
3901	wep_magazine_bullet3	WEP_Magazine_Bullet3
3902	hat_right_base	Hat_Right_Base
3903	r collar 01	r collar 01
3904	blend_root	blend_root
3905	vagexpose	VagExpose
3906	bip_chest_3_r	bip_Chest_3_r
3907	pupils-shapesnake-r	Pupils-ShapeSnake-R
3908	c_dred_r2_01	C_Dred_R2_01
3909	pussy clitoris 1	pussy clitoris 1
3910	book1_r	Book1_R
3911	bip_spine_0.004	bip_spine_0.004
3912	eyes surprise	Eyes Surprise
3913	keychain.key_1	Keychain.Key_1
3914	quad/shell03	quad/shell03
3915	bip01 upperarmtwist.r	Bip01 UpperArmTwist.R
3916	valvebiped.bip01_r_index02	ValveBiped.Bip01_R_Index02
3917	special_flex_1	Special_flex_1
3918	bone_lfl1	bone_LFL1
3919	thigh fix deformation 90 r	Thigh Fix Deformation 90 R
3920	headband tail left d_jiggle	headband tail left d_jiggle
3921	right middle intermediate	Right Middle Intermediate
3922	3rd	3rd
3923	l_chest_helper	l_chest_helper
3924	bip_l_middle_03	bip_l_middle_03
3925	top_left	TOP_LEFT
3926	blank	Blank+blank
3927	jacket_border_3_r	jacket_border_3_R
3928	ebouterupperl+ebouterupperr	EBOuterUpperL+EBOuterUpperR
3929	left_browraise	Left_browraise
3930	bip01_r_forearm003	Bip01_R_Forearm003
3931	kargathbladefist_bone84_rfingerindex	kargathbladefist_Bone84_RFingerIndex
3932	leg left thigh ctr 2	leg left thigh ctr 2
3933	グルーブ	グルーブ
3934	key 11	Key 11
3935	thongcentershiftright2	ThongCenterShiftRight2
3936	leg right knee adj. 2	leg right knee adj. 2
3937	wrap	Wrap
3938	bip_jacket_leftdown	bip_jacket_leftdown
3939	001	001
3940	bone.011	Bone.011
3941	v_weapon.root17	v_weapon.Root17
3942	valvebiped.bip01	ValveBiped.Bip01
3943	bone_eye_l002	Bone_eye_L002
3944	r_mousejaw_loc	R_MouseJaw_Loc
3945	door_r	Door_R
3946	bag_bone_l_01	bag_bone_l_01
3947	bip01_spine2_004	Bip01_Spine2_004
3948	knotmedium0	KnotMedium0
3949	bipfio r finger1	BipFio R Finger1
3950	upper_02	Upper_02
3951	bip01-l-calf001	Bip01-L-Calf001
3952	head nostril 1	head nostril 1
3953	eyes-stare	eyes-stare
3954	earring left 1	earring left 1
3955	jiggle2	Jiggle2
3956	hat_right_1_jiggle	Hat_Right_1_jiggle
3957	eroanal	EroAnal
3958	wep_hammer	WEP_Hammer
3959	book god	Book God
3960	cboobflat.r	CBoobFlat.R
3961	flex_splat_01	Flex_SPLAT_01
3962	helper_forearm_l	helper_forearm_L
3963	forearm	Forearm
3964	v_weapon.pull_ring	v_weapon.pull_ring
3965	slim-can	slim-can
3966	shell.wall_21	Shell.Wall_21
3967	lidsupleft	LidsUpLeft
3968	dickdetail1	DickDetail1
3969	bikini boobs upward l	Bikini Boobs Upward L
3970	cape2_middle3	CAPE2_MIDDLE3
3971	boobsie25	boobsie25
3972	earring left 4	earring left 4
3973	schoolshirtfit	SCHOOLShirtFIT
3974	orgsuitfit	ORGSuitFIT
3975	pantsmuscles	PantsMuscles
3976	upperleg_right	upperleg_right
3977	eyes-full-down	Eyes-Full-Down
3978	headup	HeadUp
3979	back b_1	Back B_1
3980	pantsclothfixtoptorso	PantsClothFixTopTorso
3981	bottomlip3.r	BottomLip3.R
3982	ah01	AH01
3983	sightrear	sightRear
3984	bip facelipbumploout l	bip facelipbumploout l
3985	c collara a phy	C CollarA a Phy
3986	tailleft2_1	TailLeft2_1
3987	strap_3_r	strap_3_R
3988	apron  d1	Apron  d1
3989	key 22	Key 22
3990	lowertentacle1	LowerTentacle1
3991	ulip_1	ULip_1
3992	drillbitattach	DrillBitAttach
3993	nipplesgrow	NipplesGrow
3994	shell.wall_27	Shell.Wall_27
3995	taurenmale_hd_bone_71	taurenmale_hd_bone_71
3996	bone124	Bone124
3997	taurenmale_hd_bone_74	taurenmale_hd_bone_74
3998	wep_button4	WEP_Button4
3999	prop	prop
4000	strap_r_1	Strap_R_1
4001	bip_hand_rotate1_r	bip_Hand_Rotate1_R
4002	bipmar lcalftwist1	BipMar LCalfTwist1
4003	head eye corner leftb	head eye corner leftb
4004	cape1_middle3	CAPE1_MIDDLE3
4005	bip_fthumb03_l	Bip_FThumb03_L
4006	tape_r_02	Tape_R_02
4007	vag open wide2	vag open wide2
4008	front 2_2	Front 2_2
4009	liplower_l3	lipLower_L3
4010	c_arl_a01	C_ARL_A01
4011	flm-arma-swordb-bl	Flm-ArmA-SwordB-BL
4012	bip_tailc13	bip_tailC13
4013	mar-rig-eye-l	Mar-Rig-Eye-L
4014	hip_foot_r	hip_foot_R
4015	bottle_bone_fr_01	bottle_bone_fr_01
4016	unused.003	unused.003
4017	saberon_bone45	saberon_Bone45
4018	rtoepinky02	rToePinky02
4019	brows-lower	brows-lower
4020	moustache_l_25	Moustache_L_25
4021	toy_bone_03	toy_bone_03
4022	bip_fmiddle00_l	Bip_FMiddle00_L
4023	bikini_08	Bikini_08
4024	bip01_r_hand007	Bip01_R_Hand007
4025	25	25
4026	pouch_0	pouch_0
4027	c ujacketa spo	C uJacketA Spo
4028	thick thigs	Thick Thigs
4029	cloth_back_b_2_r	cloth_back_B_2_R
4030	bipfin r finger1	BipFin R Finger1
4031	key.white_60	Key.White_60
4032	upper_arm.l.001	upper_arm.L.001
4033	generichuman_l_lolipjnt	GenericHuman_l_loLipJnt
4034	suprised eyes left	Suprised Eyes Left
4035	bip001-l-hand	Bip001-L-Hand
4036	jacket right b	jacket right b
4037	shrink_01	Shrink_01
4038	l_trap_helper	l_trap_helper
4039	bip facemandible02 r	bip facemandible02 r
4040	shirt_full_tie_right_2	Shirt_Full_Tie_Right_2
4041	polysurface21	polySurface21
4042	object033_006	Object033_006
4043	l bust spo	L Bust Spo
4044	eyes closed angry	Eyes Closed Angry
4045	hatplume_2	HatPlume_2
4046	bip01_r_clavicle010	Bip01_R_Clavicle010
4047	leg back knee right	leg back knee right
4048	bip_tailc15	bip_tailC15
4049	object08	Object08
4050	vag_open2	vag_open2
4051	unused jnt-031	unused jnt-031
4052	unusedbone69	unusedbone69
4053	bip_headset	bip_headset
4054	bip001-spine1	Bip001-Spine1
4055	box_kg	box_KG
4056	nippokethin01	NipPokeThin01
4057	l2ndnb	L2ndNb
4058	jiggle07	Jiggle07
4059	bip_teethbellow	bip_TeethBellow
4060	jnt_129	jnt_129
4061	bone011	Bone011
4062	toothless	Toothless
4063	throne	Throne
4064	piercing.nipple_ring_right	Piercing.Nipple_Ring_Right
4065	nipplesize	nipplesize
4066	key.rightoption	Key.RightOption
4067	bra back strap l	Bra back strap L
4068	pussparent.002_r.014	PussParent.002_R.014
4069	taurenmale_hd_bone_62	taurenmale_hd_bone_62
4070	l index 02	l index 02
4071	cloth left 6	cloth left 6
4072	closelidslow	CloseLidsLow
4073	object31	Object31
4074	maginbullet	MagInBullet
4075	pupils-happyblink-r	Pupils-HappyBlink-R
4076	ltoe03n	LToe03N
4077	backhair c01 joint	backhair c01 joint
4078	pcube27	pCube27
4079	upperlipup-left	UpperLipUp-Left
4080	rightdeltoid_helper	RightDeltoid_helper
4081	unused npclarge-pelvis	unused npclarge-pelvis
4082	bikini nipple movement l	Bikini Nipple Movement L
4083	cuff.left	cuff.left
4084	lipscornersraise	LipsCornersRaise
4085	i11	I11
4086	valvebiped.polysurface17	ValveBiped.polySurface17
4087	bow right bcd root	bow right bcd root
4088	arm left shoulder adjuster	Arm Left Shoulder Adjuster
4089	tailmiddle_2	TailMiddle_2
4090	frily_40.l	Frily_40.L
4091	unusedbone117	unusedbone117
4092	lowersnout_r	lowerSnout_R
4093	unused duplicate duplicate unused.007	unused duplicate duplicate unused.007
4094	middleright1	MiddleRight1
4095	earring.ring_left_1	Earring.Ring_Left_1
4096	crush-13	crush-13
4097	object22	Object22
4098	fin_top_c_b	fin_top_c_b
4099	cklegbendforwardl120	CKLegBendForwardL120
4100	bikini bottom side	Bikini Bottom Side
4101	cord9	Cord9
4102	cock.shaft_6	Cock.Shaft_6
4103	piercing.nipple_ring_left_jiggle	Piercing.Nipple_Ring_Left_jiggle
4104	hnad	Hnad
4105	wep_cylinder_latch	WEP_Cylinder_Latch
4106	chain_12	chain_12
4107	levator06_r	levator06_R
4108	eronipples	EroNipples
4109	arm left cloth 2c	arm left cloth 2c
4110	door3	Door3
4111	arm right finger 1a ctr	arm right finger 1a ctr
4112	chin4.r	chin4.R
4113	arm right finger 5 a	arm right finger 5 a
4114	labiummajora1_l	LabiumMajora1_L
4115	(thicc) legs	(THICC) Legs
4116	crow_1.clavical_l	Crow_1.Clavical_L
4117	valvebiped.bip01_vag_l_3	ValveBiped.Bip01_Vag_L_3
4118	headband tail right b	headband tail right b
4119	ivy.earring_left	Ivy.Earring_Left
4120	grip.003	grip.003
4121	valvebiped.joint13	ValveBiped.joint13
4122	r_shoulder_twist_c_helper	r_shoulder_twist_c_helper
4123	bip_eyecontroller_r	Bip_EYECONTROLLER_R
4124	bip_fmiddle02_l	Bip_FMiddle02_L
4125	question1	Question1+question1
4126	kicklowmid	KickLowMid
4127	eyes_lower_squint	eyes_lower_squint
4128	l dcor	L Dcor
4129	backneedle.r	backneedle.R
4130	hand_r_scale__group	hand_r_scale__group
4131	bip_teeth_top_l	bip_teeth_top_l
4132	bip01-r-toe001	Bip01-R-Toe001
4133	clavicleroll l	CLAVICLEROLL L
4134	bas.rear_center_3_jiggle	BAS.Rear_Center_3_jiggle
4135	prf_sakura_costume_1_aos	prf_sakura_costume_1_aos
4136	sk_l_f_leg_1	SK_L_F_leg_1
4137	valvebiped.pcube46	ValveBiped.pCube46
4138	ltoeindex02	lToeIndex02
4139	bipmar l finger2	BipMar L Finger2
4140	f00	F00+f00
4141	mar-rig-eggwhite4	Mar-Rig-Eggwhite4
4142	fringe 9 jb	fringe 9 JB
4143	cape_12_r	cape_12_R
4144	hat back left	hat back left
4145	fio-rig-strip-l3	Fio-Rig-Strip-L3
4146	rbrow_raise	RBrow_raise
4147	backtilt	BackTilt
4148	left thumb 0	Left thumb 0
4149	bodyshape-bodybuilder-details	bodyshape-bodybuilder-details
4150	boobsbig2	boobsbig2
4151	bip_l_middle_01	bip_l_middle_01
4152	bip_r_arm_01_sub	bip_r_arm_01_sub
4153	fbx_weapon_rinko_3_r	fbx_weapon_rinko_3_R
4154	object38	Object38
4155	head eyecorner in left	head eyecorner in left
4156	shorthair_bone_r_02	shortHair_bone_r_02
4157	bip01_pelvis008	Bip01_Pelvis008
4158	cloth_back_a_3	cloth_back_A_3
4159	rfrown4	RFrown4
4160	bone 1003	bone 1003
4161	unusedhandl	unusedhandl
4162	crow_2.clavical_r	Crow_2.Clavical_R
4163	raven_lowerface	raven_lowerface
4164	hatcloth_bone_05	hatCloth_bone_05
4165	rtoe06n	RToe06N
4166	head eyefold right 1	head eyefold right 1
4167	strap_b.04	Strap_B.04
4168	bip_cloth_b_02	bip_cloth_b_02
4169	leftfinge41	LeftFinge41
4170	sidehair_r_0	sidehair_R_0
4171	valvebiped.bip01_l_helper	valvebiped.bip01_l_HELPER
4172	muzzle out	Muzzle out
4173	lowerlidraiserl	LowerLidRaiserL
4174	thumbleft1	ThumbLeft1
4175	flm-arma-sworda-jr	Flm-ArmA-SwordA-JR
4176	book turnpage2	Book TurnPage2
4177	leg left stf	leg left StF
4178	bip_fthumb01_r	Bip_FThumb01_R
4179	c_tier_c09	C_TieR_C09
4180	theswordholder	TheSwordHolder
4181	r__butt_top	R__Butt_Top
4182	bip_genitalsmaincontrollerbone	bip_GenitalsMainControllerBone
4183	right_8	Right_8+right_8
4184	front 1_2	Front 1_2
4185	body-pussy-grip	Body-Pussy-Grip
4186	muzzlebone	muzzlebone
4187	egg.wall_4	Egg.Wall_4
4188	n left chest 2	N left chest 2
4189	bone_rfl1	bone_RFL1
4190	bip_mustacheroot	bip_MustacheRoot
4191	blink1l+blink1r	Blink1L+Blink1R
4192	r_bicep_helper	r_bicep_helper
4193	crow_3.clavical_l	Crow_3.Clavical_L
4194	upperlidraiserr	UpperLidRaiserR
4195	strap_a.05	Strap_A.05
4196	bip_tie_1_r	bip_Tie_1_R
4197	righttibea	RightTibea
4198	tilt45	tilt45
4199	spiral	spiral
4200	rightnipple6	RightNipple6
4201	clipping shirt	Clipping Shirt
4202	bone136	Bone136
4203	root waist r	root waist r
4204	testis_f_r	testis_f_R
4205	unused b_r_ankle4helper	unused b_r_ankle4helper
4206	student.left_3_jiggle	Student.Left_3_jiggle
4207	lowlid_left1	lowLid_Left1
4208	second_arms_r_ring1	Second_Arms_R_Ring1
4209	ventilation grid 2	Ventilation Grid 2
4210	ス横先.r	ス横先.R
4211	collar bone detail	Collar bone Detail
4212	music_gen_guitar_lute_a_mesh.001	MUSIC_GEN_Guitar_Lute_A_Mesh.001
4213	mo2l+mo2r	MO2L+MO2R
4214	earleft2	EarLeft2
4215	pc_lp	pc_lp
4216	apron e3	Apron e3
4217	thinbullet	ThinBullet
4218	wep_sight_flipup	WEP_Sight_FlipUp
4219	arm right forearm adj	arm right forearm adj
4220	earring.left_2	Earring.Left_2
4221	bootstretch	BootStretch
4222	body-penis-off	Body-Penis-OFF
4223	nipples_large	Nipples_large+nipples_large
4224	urethrasidepushleft	UrethraSidePushLeft
4225	unused head neck lower attached_ssx h #2 head neck lower a.002	unused head neck lower attached_ssx h #2 head neck lower a.002
4226	rightbone	RightBone
4227	tl	TL
4228	v_weapon.left_hand	v_weapon.Left_Hand
4229	cloth4	Cloth4
4230	shrink_03	Shrink_03
4231	valvebiped.polysurface15	ValveBiped.polySurface15
4232	bowtie.bow_left_1	Bowtie.Bow_Left_1
4233	bipbrk rthightwist1	BipBrk RThighTwist1
4234	bld_gen_circus_tent_medium_a_top_a_mesh	BLD_GEN_Circus_Tent_Medium_A_Top_A_Mesh
4235	pussparent.002_r.012	PussParent.002_R.012
4236	hatcloth_bone_06	hatCloth_bone_06
4237	obigger	OBigger
4238	ul+ur	UL+UR
4239	rarmtwist1	rArmTwist1
4240	earring left 2	earring left 2
4241	crush-32	crush-32
4242	innerbrows_raise_l	innerbrows_raise_l
4243	level1_west	Level1_West
4244	bikini_07	Bikini_07
4245	leg left thigh twist a	leg left thigh twist a
4246	r_upper_leg_thigh_helper	r_upper_leg_thigh_helper
4247	bottle	BOTTLE+Bottle+bottle
4248	r lowerlip 02	r lowerlip 02
4249	h3jiggleroot	H3JiggleRoot
4250	interior	interior
4251	bonehigh05	BoneHigh05
4252	open	OPen+Open
4253	bodyshape-fitness-size	bodyshape-fitness-size
4254	bip_zipper_0	bip_zipper_0
4255	roothair	RootHair
4256	shaftshortenfix	ShaftShortenFix
4257	watch_base_helper	watch_base_helper
4258	glutes upper depth	Glutes Upper Depth
4259	bip_fring01_r	Bip_FRing01_R
4260	thickness	Thickness
4261	valvebiped.box	ValveBiped.box
4262	exclamation	exclamation
4263	shirt_exposed_tie_left_1	Shirt_Exposed_Tie_Left_1
4264	bip_r_wing_04	bip_r_wing_04
4265	rope_small	rope_small
4266	battleship	battleship
4267	bipbrk rthightwist	BipBrk RThighTwist
4268	ol+or	OL+OR
4269	skinfoward	skinfoward
4270	canine_lear_wolf	Canine_LEar_Wolf
4271	cloth right 5 jb	cloth right 5 JB
4272	levator04_l	levator04_L
4273	midass	MidAss
4274	bip eye l.001	bip eye l.001
4275	cons_potion_healing_a_greater_mesh	CONS_Potion_Healing_A_Greater_Mesh
4276	bip_fring03_r	Bip_FRing03_R
4277	v_weapon.lighter_hinge	v_weapon.lighter_hinge
4278	f_l_eyehigh	f_L_EyeHigh
4279	bip_stone _l_finger_globe_1_02	Bip_STONE _L_Finger_Globe_1_02
4280	head nostril right 01	head nostril right 01
4281	headgear_l.003	Headgear_L.003
4282	cloth_bone_up_l_01	cloth_bone_up_l_01
4283	earring.pendant_left_1	Earring.Pendant_Left_1
4284	hokage hat left 2c	hokage hat left 2c
4285	bip01_l_upperarm008	Bip01_L_UpperArm008
4286	beadhangfrontduo a2	BeadHangFrontDuo A2
4287	shell.wall_57	Shell.Wall_57
4288	e7	E7
4289	bip wristtwistw r	bip wristtwistw r
4290	polysurface206	polySurface206
4291	bip01_r_thigh003	Bip01_R_Thigh003
4292	aex	AEX
4293	unused138	unused138
4294	upperblinkl+upperblinkr	UpperBlinkL+UpperBlinkR
4295	beadhangback1	BeadHangBack1
4296	colonyship	colonyship
4297	baffle_bottom.l	baffle_bottom.L
4298	bip01_r_clavicle009	Bip01_R_Clavicle009
4299	def-forearm.r	DEF-forearm.R
4300	torso pipe b r 2c	torso pipe B R 2c
4301	unused jnt-067	unused jnt-067
4302	vag spread wide	vag spread wide
4303	pants_front_down	pants_front_down
4304	arm right finger knuckle thumb	arm right finger knuckle thumb
4305	r collarc spo	R CollarC Spo
4306	valvebiped.bip01_l_thumb02	ValveBiped.Bip01_L_Thumb02
4307	aa13	AA13
4308	toe_right_0	toe_right_0
4309	arm left roll 2	arm left roll 2
4310	object28	Object28
4311	giraffe_reference	giraffe_reference
4312	hou 5_1	Hou 5_1
4313	bone 1059	bone 1059
4314	bip_neck_05	bip_neck_05
4315	rm04	RM04
4316	one culture character left	One Culture Character Left
4317	mch-eye.r.003	MCH-eye.R.003
4318	bipfio l foretwist	BipFio L ForeTwist
4319	lassspread	LAssSpread
4320	headband tail right d_jiggle	headband tail right d_jiggle
4321	bone138	Bone138
4322	bip_arm_rotate_l	bip_Arm_Rotate_L
4323	bip wristtwistbase l	bip wristtwistbase l
4324	flex_sh3_arrange_01	Flex_SH3_ARRANGE_01
4325	front_open	front_open
4326	whisker_r_1	Whisker_R_1
4327	c_dred_r2_06	C_Dred_R2_06
4328	flm-armb-leg-ruc	Flm-ArmB-Leg-RUC
4329	bipfin rthightwist	BipFin RThighTwist
4330	54	54
4331	arm left finger 3 d	arm left finger 3 d
4332	bottom_lift	bottom_lift
4333	unusedbone028	unusedbone028
4334	cloth_front_a_4	cloth_front_A_4
4335	bip_penis-2	bip_penis-2
4336	flm-arma-swordb-e	Flm-ArmA-SwordB-E
4337	l_front_holster_0u_6v	l_front_holster_0u_6v
4338	fa_up_lid_left_mid	fa_up_lid_left_mid
4339	stomachbulgelarge	StomachBulgeLarge
4340	bip_cloth_a_01	bip_cloth_a_01
4341	bip fmiddle00 r	bip fmiddle00 r
4342	foreskinlbump1	foreskinLbump1
4343	balls forward	Balls Forward
4344	bip_pussyupper_1_r	bip_PussyUpper_1_R
4345	def-ribcage.b.l	DEF-ribcage.B.L
4346	bip_center_wing	bip_center_wing
4347	60	60
4348	fingernails2	FingerNails2
4349	chain_4	Chain_4+chain_4
4350	troubled	Troubled
4351	hokage hat right 2a_jiggle	hokage hat right 2a_jiggle
4352	bip01-r-clavicle001	Bip01-R-Clavicle001
4353	bip_tail_d_06	bip_tail_d_06
4354	bip_bellcollar_0_r	bip_BellCollar_0_R
4355	bone025	Bone025
4356	null2	null2
4357	key.white_34	Key.White_34
4358	rbrow middle	rbrow middle
4359	right index finger 3 grip 2	Right index finger 3 grip 2
4360	fur_gen_pillow_sitting_b_mesh.002	FUR_GEN_Pillow_Sitting_B_mesh.002
4361	rightnasolabialfurrow	RightNasolabialFurrow
4362	squish-y	squish-y
4363	flag1	flag1
4364	tale3	Tale3
4365	imaginary frankie	Imaginary Frankie
4366	3	3
4367	anusgone	AnusGone
4368	cons_potion_healing_a_greater_glass_mesh	CONS_Potion_Healing_A_Greater_Glass_Mesh
4369	bone073	Bone073
4370	circle eye vertical collapse	circle Eye Vertical Collapse
4371	belthat_bone_r_03	beltHat_bone_r_03
4372	au13	AU13
4373	flm-arma-sworda-ir	Flm-ArmA-SwordA-IR
4374	leg right knee adjust a	leg right knee adjust a
4375	urethralorificeopen	UrethralOrificeOpen
4376	leg fix front 90 l	Leg Fix Front 90 L
4377	valvebiped.polysurface374	ValveBiped.polySurface374
4378	liplowernarrow	LipLowerNarrow
4379	bip01_r_thigh019	Bip01_R_Thigh019
4380	anusup	AnusUp
4381	腕捩3.r	腕捩3.R
4382	body-bulge-low	Body-Bulge-low
4383	mad.r	Mad.R
4384	prf_weapon_sakura_3_l	prf_weapon_sakura_3_L
4385	leftouterbrow	LeftOuterBrow
4386	bobby_bone_necklace_10	BOBBY_Bone_NeckLace_10
4387	foreskinrimbigger	ForeskinRimBigger
4388	crush-15	crush-15
4389	bip_fpinky02_l	Bip_FPinky02_L
4390	bip01_r_toe2	Bip01_R_Toe2
4391	bone 1076	bone 1076
4392	unused.032	unused.032
4393	wep_rail_laser	WEP_Rail_Laser
4394	third_arms_r_middle2	Third_Arms_R_Middle2
4395	mx_base	mx_base
4396	rfaceparts	RFaceParts
4397	key.k	Key.K
4398	rightfemor	RightFemor
4399	thigh_twist_r_02	thigh_twist_r_02
4400	bone049	Bone049
4401	left side	Left side
4402	polysurface54	polySurface54
4403	unusedbone220	unusedbone220
4404	valvebiped.bip01_l_upperarmtwist1	ValveBiped.Bip01_L_UpperArmTwist1
4405	wakazashi.tassel_front_3	Wakazashi.Tassel_Front_3
4406	c3	C3
4407	switch_mode	Switch_Mode
4408	separator	Separator
4409	key.2	Key.2
4410	upperliplower	UpperLipLower
4411	au22z	AU22Z
4412	left little finger 2	Left little finger 2
4413	bone074	Bone074
4414	right_vag_d_1	right_vag_d_1
4415	bone_legfr1	Bone_LegFR1
4416	r_inner_raiser	R_inner_raiser
4417	right middle finger 2 grip 2	Right middle finger 2 grip 2
4418	balls-engorge	balls-engorge
4419	belt back left c	belt back left c
4420	foot_middle_2_r	foot_middle_2_R
4421	key.white_54	Key.White_54
4422	bld_gen_circus_tent_medium_a_bottom_a_mesh	BLD_GEN_Circus_Tent_Medium_A_Bottom_A_Mesh
4423	cape2_left2	CAPE2_LEFT2
4424	sakotsu_rt_lside_d__offset	sakotsu_rt_lside_d__offset
4425	bone middle 4	bone middle 4
4426	righthandweaponattach	RightHandWeaponAttach
4427	collar front left	collar front left
4428	bone_face_eye_r_shape_u_in	Bone_Face_Eye_R_Shape_U_In
4429	flm-arma-sworda-jl	Flm-ArmA-SwordA-JL
4430	box01	Box01
4431	kargathbladefist_bone86_rfingerpinky	kargathbladefist_Bone86_RFingerPinky
4432	book2_l	Book2_L
4433	leftclav	LeftClav
4434	bip_l_foot_index_02	bip_l_foot_index_02
4435	arm left finger 5 d	arm left finger 5 d
4436	face-c:	Face-c:
4437	unused.024	unused.024
4438	anime angry  bottom	Anime angry  bottom
4439	hips-thick	Hips-Thick
4440	bas.side_left_3	BAS.Side_Left_3
4441	right ring finger 2 grip 1	Right ring finger 2 grip 1
4442	numplate_civ_002	numplate_civ_002
4443	tasself	TasselF
4444	backside	Backside
4445	areola_diameter	areola_diameter
4446	finger_pinky_right_2	finger_pinky_right_2
4447	opt_as_l_knee	OPT_AS_L_Knee
4448	f5	F5
4449	bone06head	Bone06Head
4450	cop.gun	Cop.Gun
4451	tailstopd1	TailsTopD1
4452	valvebiped.bip01_r_finger2_twist_1	ValveBiped.Bip01_R_Finger2_Twist_1
4453	polysurface1	polySurface1
4454	l_prop_backwepup_a	L_Prop_BackWepUp_A
4455	c8	C8
4456	bip_bobby_l_thightwist	Bip_BOBBY_L_ThighTwist
4457	key.white_58	Key.White_58
4458	closegenitals	CloseGenitals
4459	vagopenlayer2	vagopenlayer2
4460	bas.side_left_3_jiggle	BAS.Side_Left_3_jiggle
4461	bas.rear_left_1_jiggle	BAS.Rear_Left_1_jiggle
4462	fullupset	FullUpset
4463	l ujacketa a phy	L uJacketA a Phy
4464	tail03n	Tail03N
4465	bone 1078	bone 1078
4466	labiaminoramiddleclosepull	LabiaMinoraMiddleClosePull
4467	ascot.bottom_5	Ascot.Bottom_5
4468	unusedarm left finger knuckle middle	unusedarm left finger knuckle middle
4469	wep_charginghandle	WEP_ChargingHandle
4470	bip01_l_clavicle017	Bip01_L_Clavicle017
4471	c_dred_r1_07	C_Dred_R1_07
4472	au1	AU1
4473	toplid_l1	toplid_L1
4474	mune_l__const_kata_l__rot_sakotsu_l__x0__offset	mune_l__const_kata_l__rot_sakotsu_l__x0__offset
4475	cnipple.r	CNipple.R
4476	beret	Beret
4477	pivot	Pivot
4478	loincloth back 1c	loincloth back 1c
4479	palmlbolsh1	PalmLBolsh1
4480	bip_l_foot_ring	bip_l_foot_ring
4481	unused.058	unused.058
4482	prop_05	prop_05
4483	sword 2 base	Sword 2 base
4484	browsinward	BrowsInward
4485	wep_magrelease	WEP_MagRelease
4486	pelerinecentr_r	PelerineCentr_R
4487	c collara spo	C CollarA Spo
4488	cheeckspuff	CheecksPuff
4489	bone153	Bone153
4490	tenta_b_3_r	tenta_b_3_R
4491	l3	L3
4492	bip_l_lipbottom0	bip_l_lipbottom0
4493	washroot	WashRoot
4494	necklace 1a	necklace 1a
4495	bh01.r	Bh01.R
4496	shell.wall_2	Shell.Wall_2
4497	c_tiel_c04	C_TieL_C04
4498	unusedunusedbone_43	unusedunusedbone_43
4499	nippleshirtup	NippleShirtUp
4500	belt_fronttail_2	Belt_FrontTail_2
4501	valvebiped.bip01_l_index02	ValveBiped.Bip01_L_Index02
4502	sash 1b	Sash 1b
4503	hose_11	Hose_11
4504	bone 1062	bone 1062
4505	wep_barrel_sight	WEP_Barrel_Sight
4506	cloth back left 3	cloth back left 3
4507	belly side back right 1	belly side back right 1
4508	mot08_leftarm	MOT08_LeftArm
4509	head neck necklace	head neck necklace
4510	eyes-full-squinch	Eyes-Full-Squinch
4511	fur_hospital_surgical_table_a_mesh	FUR_Hospital_Surgical_Table_A_Mesh
4512	x_shift_2	x_shift_2
4513	dummy11	Dummy11
4514	bip hiptwistbase r	bip hiptwistbase r
4515	cloth fix 2	Cloth fix 2
4516	eyes-full-surprise	Eyes-Full-Surprise
4517	valvebiped.bip01_r_fingerbase4	ValveBiped.Bip01_R_FingerBase4
4518	canine_ribcage	Canine_Ribcage
4519	c_arl_a00	C_ARL_A00
4520	def-ribcage.t.r	DEF-ribcage.T.R
4521	lowerlips_unknownflex	lowerlips_unknownflex
4522	lwing04	LWing04
4523	bip_belt_l_1	bip_belt_L_1
4524	c_stm_a00	C_STM_A00
4525	tailright2_1	TailRight2_1
4526	def-ribcage.b.l.001	DEF-ribcage.B.L.001
4527	dummy09	Dummy09
4528	au26z	AU26Z
4529	submesh_01_lod_1.1126	submesh_01_LOD_1.1126
4530	arm left elbow ctr1	arm left elbow ctr1
4531	org-palm.02.r	ORG-palm.02.R
4532	levator02_l	levator02_L
4533	valvebiped.glasses	ValveBiped.Glasses
4534	slutthinthinnerplunge.001	SlutThinThinnerPlunge.001
4535	flareoutleft	FlareOutLeft
4536	v_weapon.left_ring02	v_weapon.Left_Ring02
4537	eyesadr	EyeSadR
4538	arm left elbow_roll2	arm left elbow_roll2
4539	valvebiped.bip01_vag_r_1	ValveBiped.Bip01_Vag_R_1
4540	cumshot	CumShot
4541	def-ribcage.b.r.001	DEF-ribcage.B.R.001
4542	rightclothpulltogether	RightClothPullTogether
4543	brk-rig-hole-a	Brk-Rig-Hole-A
4544	bip01-l-clavicle001	Bip01-L-Clavicle001
4545	bone.001_l.040	Bone.001_L.040
4546	right thumb 0 grip 1	Right thumb 0 grip 1
4547	r1stnc	R1stNc
4548	door_1	door_1
4549	f_c_faceroot	f_C_FaceRoot
4550	flap3.l	Flap3.L
4551	pouckerer	pouckerer
4552	labiaminoraupperclosepull	LabiaMinoraUpperClosePull
4553	flap2.r	Flap2.R
4554	rwing04	RWing04
4555	belt l	BELT L
4556	wep_bullet2_shell	WEP_Bullet2_Shell
4557	ebinnerlowererl+ebinnerlowererr	EBInnerLowererL+EBInnerLowererR
4558	boxa	BoxA
4559	bip_r_eyelash_01	bip_r_eyelash_01
4560	eyehappyl	EyeHappyL
4561	kitty_open	kitty_open
4562	head brows inner	head brows inner
4563	r thumb roll	r thumb roll
4564	r_rear_holster_0u_7v	r_rear_holster_0u_7v
4565	pussparent.002_l.012	PussParent.002_L.012
4566	r bust01 sec root	r bust01 sec root
4567	belt_l3	Belt_L3
4568	topopen	TopOpen
4569	unusedbone144	unusedbone144
4570	arm left roll 1	arm left roll 1
4571	l01	L01
4572	raven_upperface	raven_upperface
4573	body-pussy-open	Body-Pussy-Open
4574	bone008	Bone008
4575	veil_r_3	VEIL_R_3
4576	option 00	OPTION 00
4577	upper.l	upper.l
4578	box18	Box18
4579	fan.front_2	Fan.Front_2
4580	bip_neck_09	bip_neck_09
4581	tentacletop1	TentacleTop1
4582	rightlwrmasseter	RightLwrMasseter
4583	globe_top	Globe_Top
4584	r gonion	R Gonion+r gonion
4585	bip elbowbacktop l	bip elbowbacktop l
4586	canine_rear_wolf	Canine_REar_Wolf
4587	gasmask1	gasmask1
4588	front-pull-side	front-pull-side
4589	arm left finger 4 5	arm left finger 4 5
4590	bh47	Bh47
4591	loadarmleft	LoadArmLeft
4592	box_face_02_m	Box_Face_02_M
4593	bip01_spine2_013	Bip01_Spine2_013
4594	valvebiped.hat	ValveBiped.Hat
4595	booblsqueeze	BoobLSqueeze
4596	cloth right 5	cloth right 5
4597	squint_both	Squint_Both
4598	r_front_holster_0u_4v	r_front_holster_0u_4v
4599	stool	Stool
4600	side_right_6	side_right_6
4601	bow right c 2	bow right c 2
4602	bone pinky 08	bone pinky 08
4603	bone 1019	bone 1019
4604	opt_acs_osage_l15	OPT_acs_osage_l15
4605	upperleg_left	upperleg_left
4606	gentle_8	gentle_8
4607	leg left boot tassle 6a	leg left boot tassle 6a
4608	cape_10_r	cape_10_R
4609	key.white_45	Key.White_45
4610	nozzle	Nozzle
4611	big_earring.l	Big_Earring.L
4612	c_prop_standc	C_Prop_StandC
4613	cape_14_l	cape_14_L
4614	prf_asagi_costume_1_aos	prf_asagi_costume_1_aos
4615	balls_drain	balls_drain
4616	door_4	door_4
4617	ebouterlowererl	EBOuterLowererL
4618	bikini_06	Bikini_06
4619	bone.007	Bone.007
4620	bobby_bone_necklace_12	BOBBY_Bone_NeckLace_12
4621	c_dred_c1_02	C_Dred_C1_02
4622	second_arms_l_ring3	Second_Arms_L_Ring3
4623	tenta_8_l	tenta_8_L
4624	equipment 02	EQUIPMENT 02
4625	middlewirebulgeupfull	MiddleWireBulgeUpFull
4626	root_pinky_0_l	root_pinky_0_L
4627	fin-rig-shorts-l	Fin-Rig-Shorts-L
4628	liduppereye.r	liduppereye.r
4629	valvebiped.bip02_r_middle	ValveBiped.Bip02_R_Middle
4630	cc_butt.r.002	cc_Butt.r.002
4631	leg right finger 1	leg right finger 1
4632	shirt-lift-2	Shirt-Lift-2
4633	oris02	oris02
4634	bip_hip_l_1	bip_hip_l_1
4635	botraiseup	BotRaiseUP
4636	leg right boot tassle 1a	leg right boot tassle 1a
4637	fringe 20	fringe 20
4638	d_forearmmucle01_r	D_ForearmMucle01_R
4639	pc_harddrive	pc_harddrive
4640	pb_r_cmy01_fhair_05	pb_R_CMY01_FHair_05
4641	deep face	Deep Face
4642	absdefine	AbsDefine
4643	r string1 tip sec	r string1 tip sec
4644	bone 76	bone 76
4645	l index 01	l index 01
4646	bulgepanty2	BulgePanty2
4647	bone.008	Bone.008
4648	shorthair_bone_01	shortHair_bone_01
4649	door_right	Door_Right
4650	ring_basic	Ring_Basic
4651	key.l	Key.L
4652	nipepokedouble07	NipePokeDouble07
4653	arm right shoulder ctr 1	arm right shoulder ctr 1
4654	flm-visor-l2	Flm-Visor-L2
4655	gatling_root	gatling_root
4656	unusedtransform13 cmn sl alison	unusedtransform13 cmn sl alison
4657	front_inwards	front_inwards
4658	knife root	Knife Root
4659	mot02_chest	MOT02_Chest
4660	carpet	Carpet
4661	eyeslblinklow	EyesLBlinkLow
4662	page4_e	Page4_E
4663	hand finger right 3a	hand finger right 3a
4664	e14	E14
4665	z_shift_4	z_shift_4
4666	lelbow	LElbow+lElbow+lelbow
4667	jacket_border_1_r	jacket_border_1_R
4668	belt_frontpouch	Belt_FrontPouch
4669	door_left	Door_Left
4670	ulid_l_1	ULid_L_1
4671	c_dred_c1_00	C_Dred_C1_00
4672	wep_shell7	WEP_Shell7
4673	r_knee_front_lower_helper	r_knee_front_lower_helper
4674	knotlarge3	KnotLarge3
4675	unusedhairroot11	unusedhairroot11
4676	bow left 2d	bow left 2d
4677	b1	B1
4678	earring left 3	earring left 3
4679	rachel head neck upper	Rachel head neck upper
4680	handleft	HandLeft
4681	bip01_l_clavicle016	Bip01_L_Clavicle016
4682	top.knot_left_3	Top.Knot_Left_3
4683	bobcut.back_3	Bobcut.Back_3
4684	front 0	Front 0
4685	leg right boot tassle 2a	leg right boot tassle 2a
4686	eye-r-furrow	Eye-R-Furrow
4687	unusedopt_acs_osage_l_root	unusedOPT_acs_osage_l_root
4688	leg right ankle ctr2	leg right ankle ctr2
4689	body_1	body_1
4690	def-thigh.02.r	DEF-thigh.02.R
4691	larmex	LArmEX
4692	earring.pendant_right_2	Earring.Pendant_Right_2
4693	cloth_front_b_4	cloth_front_B_4
4694	strap_gagcorners	Strap_GagCorners
4695	leftupperarm	LeftUpperArm
4696	object25	Object25
4697	jacket.neck_front	Jacket.Neck_Front
4698	bip_back_cloth_a_01	bip_back_cloth_a_01
4699	gib_1	gib_1
4700	glasses_l	glasses_L
4701	l_inner_raiser	L_inner_raiser
4702	second_arms_r_ring4	Second_Arms_R_Ring4
4703	ulip_4	ULip_4
4704	cape2_left4	CAPE2_LEFT4
4705	fan.top_2	Fan.Top_2
4706	page3_c	Page3_C
4707	awidth	AWidth
4708	wep_bipod_legl	WEP_Bipod_LegL
4709	bip hiptwistfront l	bip hiptwistfront l
4710	rfoot0	rFoot0
4711	bip shoulderblade r	bip shoulderblade r
4712	level2_north	Level2_North
4713	left_chain	Left_chain
4714	tie_03	Tie_03
4715	taurenmale_hd_bone_121	taurenmale_hd_bone_121
4716	cn	CN
4717	bulgeanimsmall2	BulgeAnimSmall2
4718	arm right adjuster	Arm Right Adjuster
4719	eyeballs-smallpupils-l	Eyeballs-SmallPupils-L
4720	pjcmthighfwd115l	pJCMThighFwd115L
4721	raiser	raiser
4722	shocked l	Shocked L
4723	shirtback_l	shirtback_L
4724	left_23	left_23
4725	unused.042	unused.042
4726	rtoepinky01	rToePinky01
4727	hand_b_l	Hand_B_L
4728	cont_gen_chest_common_a_covered_a_mesh	CONT_GEN_Chest_Common_A_Covered_A_Mesh
4729	unused jnt-032	unused jnt-032
4730	leftnutscale02	LeftNutScale02
4731	bip_l_foot_thumb_02	bip_l_foot_thumb_02
4732	arm left cloth 1c	arm left cloth 1c
4733	bone114	Bone114
4734	left_wrinkler	Left_wrinkler
4735	l_rear_holster_0u_5v	l_rear_holster_0u_5v
4736	bone166	Bone166
4737	pants string １.r	Pants string １.R
4738	neckr	neckR
4739	bip_fmiddle03_l	Bip_FMiddle03_L
4740	middlewirebulgeout	MiddleWireBulgeOut
4741	right_wrinkler	Right_wrinkler
4742	hose_14	Hose_14
4743	penus 5	penus 5
4744	pussy.ring_right_rear	Pussy.Ring_Right_Rear
4745	bulge-1	Bulge-1
4746	opt_hand_right_index3	OPT_Hand_Right_Index3
4747	unused146	unused146
4748	outfit-socks	Outfit-Socks
4749	lowerblinkl	lowerBlinkL
4750	valvebiped.l_calf	Valvebiped.L_calf
4751	pad3_6	pad3_6
4752	cock.ball.right	Cock.Ball.Right
4753	bip01_l_forearm011	Bip01_L_Forearm011
4754	earring.ring_left_1_jiggle	Earring.Ring_Left_1_jiggle
4755	opt_acs_earringr5	OPT_acs_earringr5
4756	pb_r_cmy01_fhair_03	pb_R_CMY01_FHair_03
4757	cloth left 3 jb	cloth left 3 JB
4758	ltoepinky01	lToePinky01
4759	bone 37	bone 37
4760	bip01_r_forearm019	Bip01_R_Forearm019
4761	taurenmale_hd_bone_126	taurenmale_hd_bone_126
4762	bobcut.side_right_2_2	Bobcut.Side_Right_2_2
4763	topwaist1	Topwaist1
4764	headfin2	headfin2
4765	flex	Flex
4766	move_forward	move_forward
4767	charmroot	CharmRoot
4768	mainlidconcern	MainLidConcern
4769	lthickbutt	LThickButt
4770	right_browlower	Right_browlower
4771	arm right finger 5 d	arm right finger 5 d
4772	atlas	Atlas
4773	bip01_l_hand013	Bip01_L_Hand013
4774	null.017	Null.017
4775	43	43
4776	dummy flex	DUMMY FLEX
4777	pb_r_cmy01_fhair_04	pb_R_CMY01_FHair_04
4778	v_e	v_e
4779	upperlidlowerr	UpperLidLowerR
4780	box_face_19_m	Box_Face_19_M
4781	canine_rbacklegtoe	Canine_RBackLegToe
4782	mar-rig-hole-a	Mar-Rig-Hole-A
4783	csmile	CSmile
4784	bip01_l_hand016	Bip01_L_Hand016
4785	openb	openb
4786	leftfinge13	LeftFinge13
4787	valvebiped.bip01_l_index	ValveBiped.Bip01_L_Index
4788	fingernails	FingerNails
4789	foreskinlbump2	foreskinLbump2
4790	bip01-r-thigh001	Bip01-R-Thigh001
4791	head eyecorner out left	head eyecorner out left
4792	wing_right_3_1	Wing_Right_3_1
4793	momo_rt_l__prot_x0__offset	momo_rt_l__prot_x0__offset
4794	bone_pant_reference	bone_pant_reference
4795	eye happy l	Eye Happy L
4796	bone_bed_10	bone_bed_10
4797	corner_right_raise	corner_right_raise
4798	joint_root	joint_root
4799	fin_top_c_d	fin_top_c_d
4800	arm right finger 1 c	arm right finger 1 c
4801	wep_belt_bullet4	WEP_Belt_Bullet4
4802	calfright	CalfRight
4803	beard_l_1	Beard_L_1
4804	l string2 sec root	l string2 sec root
4805	saberon_bone42_rthumb	saberon_Bone42_RThumb
4806	legchubby	Legchubby
4807	bip01 hand.r	Bip01 Hand.R
4808	valvebiped.gunbeltholster	ValveBiped.gunbeltholster
4809	runibrow	runibrow
4810	valvebiped.bip02_l_index	ValveBiped.Bip02_L_Index
4811	back-push-side	back-push-side
4812	bip001-l-upperarm	Bip001-L-UpperArm
4813	bulb_medium	bulb_medium
4814	unused head.020	unused head.020
4815	bip_stone_r_thightwist	Bip_STONE_R_ThighTwist
4816	wep_fx_laser_micro	WEP_FX_Laser_Micro
4817	bip01_l_hand019	Bip01_L_Hand019
4818	asshool_7	Asshool_7
4819	ballsrsqueshside	ballsRsqueshside
4820	rightdoor	RightDoor
4821	shaft_1	shaft_1
4822	sidelockleft3 jiggle	SideLockLeft3 jiggle
4823	shell.wall_34	Shell.Wall_34
4824	flm-rig-eye-l	Flm-Rig-Eye-L
4825	adjust_digi_r	adjust_digi_R
4826	lidsdownright	LidsDownRight
4827	lsuprise	LSuprise
4828	cloth left 1	cloth left 1
4829	whr_6	whR_6
4830	bone187	Bone187
4831	valvebiped.bip01_pack2	ValveBiped.Bip01_Pack2
4832	vag push anus corr	Vag Push Anus Corr
4833	bip_l_cloth_b_03	bip_l_cloth_b_03
4834	bip01_l_clavicle004	Bip01_L_Clavicle004
4835	spineb_helper	spineb_helper
4836	cylinder24	Cylinder24
4837	r_thigh_001	r_thigh_001
4838	e13	E13
4839	sidehair_l2	sideHair_L2
4840	head eyelash right lower	head eyelash right lower
4841	bone 1002	bone 1002
4842	toplipswide	Toplipswide
4843	bone40	Bone40
4844	cont_gen_chest_common_a_covered_a_cloth_mesh	CONT_GEN_Chest_Common_A_Covered_A_Cloth_Mesh
4845	polysurface148	polySurface148
4846	pantspenisbulge	PantsPenisBulge
4847	arm left wrist adjust	arm left wrist adjust
4848	brows-l-back	Brows-L-Back
4849	bobcut.side_right_2_3_jiggle	Bobcut.Side_Right_2_3_jiggle
4850	4	4
4851	l collara a phy	L CollarA a Phy
4852	unused003	unused003
4853	polysurface12	polySurface12
4854	poke01	Poke01
4855	right_liploin	Right_LipLoIn
4856	label	LABEL
4857	left_footd	left_footD
4858	lbeard0	lbeard0
4859	unusedbone102	unusedbone102
4860	bip_bobby_r_foretwist	Bip_BOBBY_R_ForeTwist
4861	backrightloopclose	BackRightLoopClose
4862	cloth_side_a_3_r	cloth_side_A_3_R
4863	floor light 1	Floor light 1
4864	chain_19	chain_19
4865	wheels	wheels
4866	hat_left_tassel_4	Hat_Left_Tassel_4
4867	bip01_l_upperarm011	Bip01_L_UpperArm011
4868	strap_a.03	Strap_A.03
4869	tailright2_6	TailRight2_6
4870	face ahegaostyle	Face AhegaoStyle
4871	bip_bobby_l_uparmtwist1	Bip_BOBBY_L_UpArmTwist1
4872	cockthrob	cockthrob
4873	car07	car07
4874	strapleftbendlow	StrapLeftBendLow
4875	l upperlip 02	l upperlip 02
4876	bone.010	Bone.010
4877	broke_blade	Broke_blade
4878	btn.alarm	Btn.Alarm
4879	llowerlid	lLowerLid
4880	bip01_head003	Bip01_Head003
4881	bipfio l finger2	BipFio L Finger2
4882	box04	Box04
4883	mocking	Mocking
4884	bip_r_pinky_03	bip_r_pinky_03
4885	drip_main_0	Drip_Main_0
4886	bip goiter	bip goiter
4887	sarah_room_fan_rigged	sarah_room_fan_rigged
4888	head cheeck right 3	head cheeck right 3
4889	flm-arma-swordb-ir	Flm-ArmA-SwordB-IR
4890	c_tiel_c02	C_TieL_C02
4891	cape_7_l	cape_7_L
4892	pack	Pack
4893	remove-dic	Remove-Dic
4894	kargathbladefist_bone45	kargathbladefist_Bone45
4895	tach2	tach2
4896	blowsmaller	BlowSmaller
4897	maid.necktie_right_inner_3	Maid.Necktie_Right_Inner_3
4898	valvebiped_bullet9	ValveBiped_Bullet9
4899	generichuman_l_browcjnt	GenericHuman_l_browCJnt
4900	rindex0	rIndex0+rindex0
4901	crush-12	crush-12
4902	roar	ROAR
4903	fit underwear down - front/back	Fit Underwear Down - Front/Back
4904	c ujacketb c phy	C uJacketB c Phy
4905	left little proximal	Left Little Proximal
4906	bone075	Bone075
4907	ltoemid01	lToeMid01
4908	lmiddle1	lMiddle1+lmiddle1
4909	rankle	RAnkle
4910	gem_l	Gem_L
4911	bip_bobby_l_finger_globe_2_01	Bip_BOBBY_L_Finger_Globe_2_01
4912	maid.bow_left_lower_2	Maid.Bow_Left_Lower_2
4913	dummy_fur_gen_bed_single_rich_b	Dummy_FUR_GEN_Bed_Single_Rich_B
4914	butt right_jiggle_root	Butt Right_jiggle_root
4915	bip_r_cloth_b_03	bip_r_cloth_b_03
4916	fur_gen_pillow_sitting_d_mesh	FUR_GEN_Pillow_Sitting_D_mesh
4917	bip_tailc17	bip_tailC17
4918	valvebiped.pcube43	ValveBiped.pCube43
4919	browrightdown	BrowRightDown
4920	mila head neck upper	Mila head neck upper
4921	bone151	Bone151
4922	bip_woolpelvis_2_r	bip_WoolPelvis_2_R
4923	straps_l	straps_L
4924	flapleft	flapleft
4925	crow_3.ulna_r	Crow_3.Ulna_R
4926	helper bone 1	helper bone 1
4927	unused131	unused131
4928	wep_wick1	WEP_Wick1
4929	nolipo	NoLipo+nolipo
4930	right_browinv	Right_BrowInV
4931	valvebiped.l_foarm	Valvebiped.L_foarm
4932	sofa.cushon.one	sofa.cushon.one
4933	tentaclebottom2	TentacleBottom2
4934	stalk	Stalk
4935	right_22	right_22
4936	cuff.right	cuff.right
4937	strings 2 jb	strings 2 JB
4938	poke02	Poke02
4939	ball.left	Ball.Left
4940	comaneci_r__slerp_momo_r__i70_x0__offset	comaneci_r__slerp_momo_r__i70_x0__offset
4941	genitals 01	genitals 01
4942	bip_ears5_r	bip_Ears5_R
4943	r ulid e	R Ulid E
4944	teeth-upper	teeth-upper
4945	bow left 1e	bow left 1e
4946	cons_potion_healing_a_superior_mesh	CONS_Potion_Healing_A_Superior_Mesh
4947	bobcut.front_left_3_jiggle	Bobcut.Front_Left_3_jiggle
4948	bip01_neck016	Bip01_Neck016
4949	jiggle.tassle_front_02	Jiggle.Tassle_Front_02
4950	left upperarm	Left UpperArm
4951	lmiddle0	lMiddle0+lmiddle0
4952	cloth middle 4	cloth middle 4
4953	adjust_kneecap_r	adjust_kneecap_R
4954	head3	Head3
4955	emaciated lower details	Emaciated Lower Details
4956	ringtoe2_r	ringToe2_r
4957	bip_r_foot_thumb_03	bip_r_foot_thumb_03
4958	brows-l-upset	Brows-L-Upset
4959	bip_stone_l_calftwist	Bip_STONE_L_CalfTwist
4960	bipflm r finger4	BipFlm R Finger4
4961	rpectoral root	rpectoral root
4962	crush-19	crush-19
4963	body-suit-fit	Body-Suit-Fit
4964	clothesfitshirt	ClothesFitShirt
4965	c_dred_r1_06	C_Dred_R1_06
4966	pcube6	pCube6
4967	bootswidehips	Bootswidehips
4968	level2_west	Level2_West
4969	leg left boot tassle 2b	leg left boot tassle 2b
4970	butts	Butts
4971	rightelbowpoint_helper	RightElbowPoint_helper
4972	ltoeindex01	lToeIndex01
4973	canine_spine1	Canine_Spine1
4974	car03	car03
4975	arm left wrist ctrl 2	arm left wrist ctrl 2
4976	screen_height	screen_height
4977	body-l-ass-up	Body-L-ass-Up
4978	fang left1	fang left1
4979	lefteyehalfopen	LeftEyeHalfOpen
4980	frily_root_0.l	Frily_Root_0.L
4981	nippoke01	NipPoke01
4982	toy_bone_04	toy_bone_04
4983	hiza_l_d__offset	hiza_l_d__offset
4984	tailright2_7	TailRight2_7
4985	flm-armb-neckb	Flm-ArmB-NeckB
4986	hurt	Hurt
4987	vagina_base	vagina_base
4988	vag inner open	vag inner open
4989	bothlid-l	BothLid-l
4990	right_lipcnrtwst	Right_LipCnrTwst
4991	rag1	rag1
4992	eye-blink-happy-right	eye-blink-happy-right
4993	flm-armb-arm-lb	Flm-ArmB-Arm-LB
4994	right middle finger 1 grip 2	Right middle finger 1 grip 2
4995	head eyefold left 3	head eyefold left 3
4996	canine_com	Canine_COM
4997	bone.017	Bone.017
4998	bippbg lthightwist1	BipPBG LThighTwist1
4999	arm right shoulder 2 adj. 3	arm right shoulder 2 adj. 3
5000	levator06_l	levator06_L
5001	unused153	unused153
5002	boneroot	boneRoot
5003	cord3	Cord3
5004	lsidehair	LSidehair
5005	foot_ring_2_r	foot_ring_2_R
5006	jacket_border_6_l	jacket_border_6_L
5007	r_knee_front_upper_helper	r_knee_front_upper_helper
5008	bip_l_finger_a_01	bip_l_finger_a_01
5009	flm-arma-sworda-cl1	Flm-ArmA-SwordA-CL1
5010	fan.rear_1	Fan.Rear_1
5011	hokage hat right 2b	hokage hat right 2b
5012	egg.wall_15	Egg.Wall_15
5013	taz_r	Taz_R
5014	bone 82	bone 82
5015	flm-armb-back-b1	Flm-ArmB-Back-B1
5016	third_arms_l_index4	Third_Arms_L_Index4
5017	bonehigh04	BoneHigh04
5018	second_arms_l_index2	Second_Arms_L_Index2
5019	sidepanel	Sidepanel
5020	head eyeball pupil left	head eyeball pupil left
5021	leg front thigh left	leg front thigh left
5022	sidehair_l1	sideHair_L1
5023	l_upper_leg_twist_b_helper	l_upper_leg_twist_b_helper
5024	v_kk	v_kk
5025	eyes-surprised	eyes-surprised
5026	lowerlipdown-right	LowerLipDown-Right
5027	bigtoe2_r	bigToe2_r
5028	bippbg r finger3	BipPBG R Finger3
5029	blink_both	Blink_Both
5030	56	56
5031	brk-rig-hole-v2	Brk-Rig-Hole-V2
5032	legmiddlefinger1_l	LegMiddleFinger1_L
5033	fit buttom	fit buttom
5034	toy_bone_08	toy_bone_08
5035	opt_hand_right_metacarpal04	OPT_Hand_Right_Metacarpal04
5036	chainback_l	ChainBack_L
5037	gripsafety	Gripsafety
5038	bipfin lthightwist1	BipFin LThighTwist1
5039	cc_backtoe.r	cc_backtoe.r
5040	pad1_6	pad1_6
5041	l zygoma	L Zygoma
5042	be3	BE3
5043	bip_suitear1_l	bip_suitear1_L
5044	eballraiserl+eballraiserr	EBAllRaiserL+EBAllRaiserR
5045	fitness upper details	Fitness Upper Details
5046	bip_stoolclothfront_0_r	bip_StoolClothFront_0_R
5047	cons_potion_healing_a_glass_mesh	CONS_Potion_Healing_A_Glass_Mesh
5048	arm left wrist_roll	arm left wrist_roll
5049	knob_plate	Knob_Plate
5050	bip_b_nic_spine_2	bip_B_Nic_Spine_2
5051	r01	R01
5052	barbel1_l	Barbel1_L
5053	lpinky3valvebiped.bip01_l_finger42	lPinky3ValveBiped.Bip01_L_Finger42
5054	sidelockleft4	SideLockLeft4
5055	option 02	OPTION 02
5056	bip elbowfront r	bip elbowfront r
5057	foot_ring_0_l	foot_ring_0_L
5058	eye-closed-right	eye-closed-right
5059	kissublink	KissuBlink
5060	fit arms	Fit Arms+fit arms
5061	shirt_exposed_tie_right_3	Shirt_Exposed_Tie_Right_3
5062	car04	car04
5063	pantiescameltoe	PantiesCameltoe
5064	unused.009	unused.009
5065	clasp	Clasp
5066	fringe 6	fringe 6
5067	hokage hat control	hokage hat control
5068	lipupper_l1	lipUpper_L1
5069	bip01_neck007	Bip01_Neck007
5070	bow right 3b	bow right 3b
5071	r string4 tip sec	r string4 tip sec
5072	facial_bone_browcenter	Facial_Bone_BrowCenter
5073	buttbiggerpanty	ButtBIggerPanty
5074	object27	Object27
5075	fulleyesopen2	FullEyesOpen2
5076	boobs-shapeb	boobs-shapeB
5077	arm right elbow_adj	arm right elbow_adj
5078	thighs size 	Thighs Size 
5079	bip01-l-hand001	Bip01-L-Hand001
5080	bip wristtwistw l	bip wristtwistw l
5081	bip_chin1	bip_chin1
5082	box14	Box14
5083	levator04_r	levator04_R
5084	rthighex	RThighEX
5085	innerlips bottom left	innerlips bottom left
5086	flex_thin_y	Flex_Thin_Y
5087	bip_ring_2_l_end	bip_ring_2_L_end
5088	bone197	Bone197
5089	palmlukaz1	PalmLUkaz1
5090	bone090	Bone090
5091	mot10_rightforearm	MOT10_RightForeArm
5092	robin_head tounge base	Robin_Head Tounge Base
5093	foxearboneleft_2	FoxEarBoneLeft_2
5094	cloth3	Cloth3
5095	leg left lower	leg left lower
5096	bodyshape-body-size	bodyshape-body-size
5097	r_side_holster_0u_0v	r_side_holster_0u_0v
5098	strapon_4	strapon_4
5099	(thicc) legs (metal)	(THICC) Legs (METAL)
5100	student.left_1_jiggle	Student.Left_1_jiggle
5101	shirt_l	shirt_L
5102	side table 1	Side table 1
5103	frontbottom	FrontBottom
5104	arm left bicep	arm left bicep
5105	music_gen_flute_a_ref_mesh	MUSIC_GEN_FLute_A_REF_Mesh
5106	leg right thigh ctr1	leg right thigh ctr1
5107	cape1_right1	CAPE1_RIGHT1
5108	left_arm_twist2_end	left_arm_twist2_end
5109	bone.016	Bone.016
5110	bipfin rcalftwist	BipFin RCalfTwist
5111	door4	Door4
5112	chainside_l	ChainSide_L
5113	canine_rfrontleg1	Canine_RFrontLeg1
5114	page1_d	Page1_D
5115	pantyscaledownalt	PantyScaleDownAlt
5116	c_dred_r1_05	C_Dred_R1_05
5117	browleftdown	BrowLeftDown
5118	offrubblechunka01:0	OffRubbleChunkA01:0
5119	unusedtransform9 cmn sl alison	unusedtransform9 cmn sl alison
5120	bip01_head019	Bip01_Head019
5121	chin_right_4	chin_right_4
5122	bip_spine_panty_leftalt	bip_spine_panty_leftalt
5123	f_r_eyehigh	f_R_EyeHigh
5124	r_rear_holster_0u_4v	r_rear_holster_0u_4v
5125	foot_ring_0_r	foot_ring_0_R
5126	wep_laser	WEP_Laser
5127	himo 2	himo 2
5128	unused152	unused152
5129	thumb_right_0	thumb_right_0
5130	ballrounded	BallRounded
5131	collar left 2	collar left 2
5132	egg.wall_20	Egg.Wall_20
5133	right_27	right_27
5134	arm right bicep	arm right bicep
5135	cornerpullerl	CornerPullerL
5136	anusopenbe	AnusOpenBE
5137	cube2	Cube2+cube2
5138	leftnipple1	LeftNipple1
5139	bone16	Bone16
5140	leftfinge11	LeftFinge11
5141	head eyeball right pupil	head eyeball right pupil
5142	cheecksraise	CheecksRaise
5143	pussparent.002_l.014	PussParent.002_L.014
5144	lipsoutl+lipsoutr	lipsoutL+lipsoutR
5145	rope_1	Rope_1
5146	valvebiped.bip01_uterous	ValveBiped.Bip01_Uterous
5147	chair.height_2	Chair.Height_2
5148	r dlip a	R Dlip A
5149	headgear_r	Headgear_R
5150	head face root a	head face root a
5151	sash b 4	Sash B 4
5152	bip_shoulderarmor_r	bip_SHOULDERARMOR_R
5153	fio-rig-strip-r1	Fio-Rig-Strip-R1
5154	hatcloth_bone_07	hatCloth_bone_07
5155	bone.001_r.038	Bone.001_R.038
5156	legs	legs
5157	book coverpage turn04	Book CoverPage Turn04
5158	bip_bipodleg_r	Bip_bipodleg_R
5159	submesh_00_lod_1.121	submesh_00_LOD_1.121
5160	mune1_d__offset	mune1_d__offset
5161	tears 2 back	Tears 2 Back
5162	bip faceforehead02 r	bip faceforehead02 r
5163	student.back_2	Student.Back_2
5164	hip left	hip left
5165	eyeslookright	EyesLookRight
5166	leg right knee adj.	leg right knee adj.
5167	thighs thicc	Thighs Thicc
5168	fullfrown	FullFrown
5169	ellie_14_nude_body.qc_skeleton	ellie_14_nude_body.qc_skeleton
5170	wall narrow b	WALL NARROW B
5171	jiggle01	Jiggle01
5172	forehead_2	forehead_2
5173	hand finger right 3c	hand finger right 3c
5174	narrow eyes	Narrow eyes
5175	bh13.r	Bh13.R
5176	left middle intermediate	Left Middle Intermediate
5177	rtoepinky03	rToePinky03
5178	polysurface52	polySurface52
5179	leg right knee twist	leg right knee twist
5180	blinkrmid1	BlinkRMid1
5181	headband tail left c	headband tail left c
5182	student.front_1	Student.Front_1
5183	hokage hat right 1a	hokage hat right 1a
5184	bip shoulderfrontin r	bip shoulderfrontin r
5185	bip01_r_upperarm012	Bip01_R_UpperArm012
5186	curtainr	CurtainR
5187	wep_stock_folding2	WEP_Stock_Folding2
5188	bulgexlmod	BulgeXLMod
5189	lipstoplower	lipstoplower
5190	bandana back	Bandana Back
5191	knee_twist_r	knee_twist_r
5192	bip facemandible02 l	bip facemandible02 l
5193	front 3_2	Front 3_2
5194	lever.pivot	Lever.Pivot
5195	bippbg lcalftwist1	BipPBG LCalfTwist1
5196	heart1	Heart1+heart1
5197	pjcmcollarup55r	pJCMCollarUp55R
5198	dyng w 01	dyng w 01
5199	rbrow_inner_raise	rbrow_inner_raise
5200	wep_magazine2_bullet3	WEP_Magazine2_Bullet3
5201	valvebiped.l_collar	Valvebiped.L_collar
5202	helper_lbc	Helper_LBC
5203	_04	_04
5204	longear_bone_l_04	longear_bone_l_04
5205	toplid_l4	toplid_L4
5206	bip_claw_d	bip_claw_d
5207	h13	H13
5208	bas.right_2_jiggle	BAS.Right_2_jiggle
5209	iliac line	Iliac Line
5210	pinkyleft1	PinkyLeft1
5211	pb_r_cmy01_fhair_06	pb_R_CMY01_FHair_06
5212	opt_acs_osage_l16	OPT_acs_osage_l16
5213	charge	Charge+charge
5214	valvebiped.pcylinder27	ValveBiped.pCylinder27
5215	bobcut.side_right_1_1_jiggle	Bobcut.Side_Right_1_1_jiggle
5216	bip_front_cloth_a_02	bip_front_cloth_a_02
5217	sk_l_f_leg_3	SK_L_F_leg_3
5218	outerlipsup	OuterLipsUp
5219	base_00002	Base_00002
5220	flm-arma-neckrf	Flm-ArmA-NeckRF
5221	pad3_3	pad3_3
5222	hip base left	Hip base left
5223	l gonion	L Gonion+l gonion
5224	rbeard0	rbeard0
5225	eyes-look-up	eyes-look-up
5226	taurenmale_hd_bone_67	taurenmale_hd_bone_67
5227	leg left roll 1	leg left roll 1
5228	spike_10_m	Spike_10_M
5229	bone154	Bone154
5230	dyng c 03	dyng c 03
5231	rwing06	RWing06
5232	facial_bone_lowrlip_r02_m	Facial_Bone_LowrLip_R02_m
5233	toy_bone_13	toy_bone_13
5234	flm-arma-foot-l1	Flm-ArmA-Foot-L1
5235	arm right twist	arm right twist
5236	rachel head nostril left 2	Rachel head nostril left 2
5237	taurenmale_hd_bone_129	taurenmale_hd_bone_129
5238	unused duplicate duplicate unused.014	unused duplicate duplicate unused.014
5239	r ring 02	r ring 02
5240	midshortexpandalt01	MidShortExpandAlt01
5241	bip_upperarm_r_roll	bip_upperArm_R_roll
5242	wep_bullet4_shell	WEP_Bullet4_Shell
5243	r shouldersub spo	R ShoulderSub Spo
5244	rightpectoral_helper	RightPectoral_helper
5245	a15	A15
5246	book2_r	Book2_R
5247	wing_right_1_1	Wing_Right_1_1
5248	cape5.l	Cape5.L
5249	bld_gen_army_tent_small_a_top_a_mesh	BLD_GEN_Army_Tent_Small_A_Top_A_Mesh
5250	arm left elbow adj.	arm left elbow adj.
5251	ltoethumb01	lToeThumb01
5252	sidehair_r1	sideHair_R1
5253	penis_05rim_t	Penis_05Rim_T
5254	arm right elbow adj. 3	arm right elbow adj. 3
5255	eye-r-open	Eye-R-Open
5256	helper_elbow_r	helper_elbow_R
5257	special06_r	special06_R
5258	cloth right 8	cloth right 8
5259	l_rear_holster_0u_1v	l_rear_holster_0u_1v
5260	v_weapon.root23	v_weapon.Root23
5261	bip01_r_hand009	Bip01_R_Hand009
5262	frontlow	FrontLow
5263	wep_magadapter_door	WEP_MagAdapter_Door
5264	bip01_r_hand013	Bip01_R_Hand013
5265	valvebiped.bip01_r_thumb	ValveBiped.Bip01_R_Thumb
5266	level1_root	Level1_Root
5267	bag_bone_s_03	bag_bone_s_03
5268	c_bck_b00	C_BCK_B00
5269	unusedhairroot3	unusedhairroot3
5270	forearm.r.001	forearm.R.001
5271	key.white_26	Key.White_26
5272	disc_rotation	disc_rotation
5273	tissue_botttom	tissue_botttom
5274	spine04	Spine04
5275	jacket left c	jacket left c
5276	wep_sight_carry_m203sight_2	WEP_Sight_Carry_M203Sight_2
5277	master	Master+master
5278	kickhighoutter	KickHighOutter
5279	l_ring_metacarpal	l_ring_metacarpal
5280	lipsinl+lipsinr	lipsinL+lipsinR
5281	rangry	RAngry
5282	nostril lower right	Nostril Lower Right
5283	v_weapon.m3_loader	v_weapon.M3_LOADER
5284	page_curl_6	page_curl_6
5285	balls detail 4	Balls Detail 4
5286	trigger01	trigger01
5287	pbg-rig-eye-rb	PBG-Rig-Eye-RB
5288	openr	openR
5289	bip_fronthairfrange	bip_fronthairfrange
5290	bip01-r-calf001	Bip01-R-Calf001
5291	shirt pregnant	Shirt Pregnant
5292	lidubberopenl+lidubberopenr	LidUbberOpenL+LidUbberOpenR
5293	bip_hatroot	bip_HatRoot
5294	onethird	OneThird
5295	leg right knee ctr 1	leg right knee ctr 1
5296	leftdoor	LeftDoor
5297	steerwheel1	steerwheel1
5298	hidden room	Hidden room
5299	bone 1041	bone 1041
5300	legs-clothes-fit	Legs-Clothes-Fit
5301	ha	HA
5302	bottomlip1.r	BottomLip1.R
5303	book front2	Book Front2
5304	tounge tip up	Tounge tip up
5305	braexposure	braExposure+braexposure
5306	valvebiped.bip01_upperhead	ValveBiped.Bip01_UpperHead
5307	bipfin r finger3	BipFin R Finger3
5308	marie head eyeball left	Marie head eyeball left
5309	bra neck strap r	Bra neck strap R
5310	valvebiped.bip01_l_calftwist2	ValveBiped.Bip01_L_CalfTwist2
5311	bip01_neck002	Bip01_Neck002
5312	snout angry	Snout Angry
5313	headgear_r.005	Headgear_R.005
5314	bone_necklace_01	Bone_Necklace_01
5315	t5	T5
5316	foxearboneright_2	FoxEarBoneRight_2
5317	bip01_r_upperarm008	Bip01_R_UpperArm008
5318	r_fin_back_a	r_fin_back_a
5319	v_weapon.mp5_trigger	v_weapon.MP5_Trigger
5320	upper_scale__group	upper_scale__group
5321	bip01_r_hand011	Bip01_R_Hand011
5322	teeth-disable	teeth-disable
5323	f_r_ear2	f_R_Ear2
5324	unused head neck upper attached_head head neck upper	unused head neck upper attached_head head neck upper
5325	generichuman_rsquint	GenericHuman_RSquint
5326	valvebiped.weapon_valve	ValveBiped.weapon_valve
5327	canine_rupperlip	Canine_RUpperLip
5328	l_elbow_inner_helper	l_elbow_inner_helper
5329	foot_ring_1_l	foot_ring_1_L
5330	arm left cloth 1b	arm left cloth 1b
5331	hokage hat left 1a_jiggle	hokage hat left 1a_jiggle
5332	unused.037	unused.037
5333	whl_6	whL_6
5334	beltfemfix	BeltFemFIX
5335	bip_tailc08	bip_tailC08
5336	key.black_38	Key.Black_38
5337	blink_happy_left	blink_happy_left
5338	cape right 2	cape right 2
5339	small3	small3
5340	bone101	Bone101
5341	body_2	body_2
5342	bone_bed_03	bone_bed_03
5343	b. peel off r	B. peel off R
5344	facial_bone_eye_up_l	Facial_Bone_Eye_UP_L
5345	buttonpress	ButtonPRESS
5346	wep_bipod_leftleg1	WEP_Bipod_LeftLeg1
5347	bh48	Bh48
5348	devices	Devices
5349	dyng l necklace 03	dyng l necklace 03
5350	bite1r	bite1R
5351	fa_squint_left_inn	fa_squint_left_inn
5352	unusedbone245	unusedbone245
5353	sheath fur	Sheath Fur
5354	def-spine.021	DEF-spine.021
5355	unused151	unused151
5356	palmlukaz	PalmLUkaz
5357	right_lid_raiser	Right_lid_raiser
5358	second_arms_l_middle4	Second_Arms_L_Middle4
5359	pb_l_cmy01_bhair_10	pb_L_CMY01_BHair_10
5360	jacket_border_7_r	jacket_border_7_R
5361	headgear_l.004	Headgear_L.004
5362	forearmplate	ForearmPlate
5363	bip_woolpelvis_1_l	bip_WoolPelvis_1_L
5364	wep_slingloop_rear	WEP_SlingLoop_Rear
5365	ltoepinky03	lToePinky03
5366	bipqwn lthightwist1	BipQwn LThighTwist1
5367	bip_tentacle.007	Bip_Tentacle.007
5368	slide01	slide01
5369	jiggle02a	Jiggle02a
5370	spur.left	Spur.Left
5371	thumbleft2	ThumbLeft2
5372	third_arms_l_thumb1	Third_Arms_L_Thumb1
5373	_right_z_down	_right_z_down
5374	el+er	EL+ER
5375	muclesdefine	MuclesDefine
5376	wep_rail_foregrip	WEP_Rail_Foregrip
5377	eye-blink-right	eye-blink-right
5378	jiggle.ball_l	jiggle.ball_l
5379	tail_mid_b	tail_mid_b
5380	blccurve	BLCCurve
5381	cartraffic01	cartraffic01
5382	x_shift_3	x_shift_3
5383	pussyline	PussyLine
5384	vag inner1 2	vag inner1 2
5385	leg right lower	leg right lower
5386	cape_11_r	cape_11_R
5387	a11	A11
5388	bone.001_r.001	Bone.001_R.001
5389	frownright	FrownRight
5390	flm-armb-leg-lbc	Flm-ArmB-Leg-LBC
5391	left_26	left_26
5392	leg front knee left	leg front knee left
5393	cloth right 6 jb	cloth right 6 JB
5394	leg right thigh ctrl 1	leg right thigh ctrl 1
5395	arm right wrist ctrl	arm right wrist ctrl
5396	cloth front right 1	cloth front right 1
5397	headb	headb
5398	leg_bone_correct_r_02	leg_bone_correct_r_02
5399	teeth_upper_1	Teeth_Upper_1
5400	wrist joint a	Wrist Joint A
5401	object02	Object02
5402	bip01 thigh.l	Bip01 Thigh.L
5403	leg right ankle adjust	leg right ankle adjust
5404	bottom_lift2	bottom_lift2
5405	bip01_l_thigh009	Bip01_L_Thigh009
5406	raiseeyes	RaiseEyes
5407	pjcmabdomenlowerfwdnavel	pJCMAbdomenLowerFwdNavel
5408	flm-arma-swordb-cr2	Flm-ArmA-SwordB-CR2
5409	collar right 1	collar right 1
5410	djsocksfit	DJSocksFIT
5411	slutthinthinner02	SlutThinThinner02
5412	foreskinbumptop	foreskinbumptop
5413	crow_1.clavical_r	Crow_1.Clavical_R
5414	rc2	RC2
5415	left_5	left_5
5416	bow right a 3	bow right a 3
5417	r_toes_00004	r_toes_00004
5418	music_gen_lyre_a_ref_mesh	MUSIC_GEN_Lyre_A_REF_Mesh
5419	foot_middle_1_r	foot_middle_1_R
5420	tails3	Tails3
5421	earring right 4	earring right 4
5422	sink	Sink
5423	ulid_l_3	ULid_L_3
5424	adrenaline_needle	adrenaline_needle
5425	maskbottom.r	MaskBottom.R
5426	magazine.001	Magazine.001
5427	bipbrk lcalftwist	BipBrk LCalfTwist
5428	wep_fronsight_flipup2_kac	WEP_FronSight_FlipUp2_KAC
5429	fin_top_a_d	fin_top_a_d
5430	ulid_r_3	ULid_R_3
5431	wep_fx_muzzle	WEP_FX_Muzzle
5432	page_curl_1	page_curl_1
5433	wing right d	wing right d
5434	sack_bottom	Sack_Bottom
5435	wep_foregrip_nojiggle	WEP_Foregrip_NoJiggle
5436	| butt size | + (metal)	| Butt Size | + (METAL)
5437	canine_lear01	Canine_LEar01
5438	vase.001	Vase.001
5439	eye-l-down	Eye-L-Down
5440	belt.mask	Belt.Mask
5441	bas.rear_center_4	BAS.Rear_Center_4
5442	h15	H15
5443	boobsie1	boobsie1
5444	genitals_outer_back_left	Genitals_Outer_Back_Left
5445	bas.side_left_4	BAS.Side_Left_4
5446	unusedhead7	unusedHead7
5447	gen_2	Gen_2
5448	arm right wrist ctrl 2	arm right wrist ctrl 2
5449	lsmalltoe3 2	lsmalltoe3 2
5450	bone15	Bone15
5451	vibrator	Vibrator
5452	sakotsu_rt_l__const_kata_l__rot_sakotsu_l__x0	sakotsu_rt_l__const_kata_l__rot_sakotsu_l__x0
5453	cloth_front_a_1	cloth_front_A_1
5454	20	20
5455	key.j	Key.J
5456	bip001	Bip001
5457	bip_l_ring_03	bip_l_ring_03
5458	bone_lrl2	bone_LRL2
5459	bone165	Bone165
5460	long_bulge_middle	long_bulge_middle
5461	rarmtwist0	rArmTwist0
5462	l ulid b	L Ulid B
5463	bone061	Bone061
5464	lm02	LM02
5465	nani!	Nani!
5466	object17	Object17
5467	page4_c	Page4_C
5468	object031_003	Object031_003
5469	backpackattach	BackpackAttach
5470	frontsight	FrontSight
5471	unused.051	unused.051
5472	outfit cameltoe	Outfit CamelToe
5473	head appleface right	head appleface right
5474	c_dred_l2_07	C_Dred_L2_07
5475	strap_1_l	strap_1_L
5476	arm cape right shoulder 1	arm cape right shoulder 1
5477	beltcontrol.007	BeltControl.007
5478	leotoardalt3-slideaside	LeotoardAlt3-SlideAside
5479	pupils-glareneutral-l	Pupils-GlareNeutral-L
5480	outfit pussyopen	Outfit PussyOpen
5481	valvebiped.bip01_pelvis.033	ValveBiped.Bip01_Pelvis.033
5482	pussy right in 2	pussy right in 2
5483	bone193	Bone193
5484	r ujacketa a phy	R uJacketA a Phy
5485	cock.shaft_2_skin	Cock.Shaft_2_Skin
5486	unusedjnt_059 item_ssx head #2 item_ssx h #2	unusedjnt_059 item_SSX Head #2 item_SSX H #2
5487	l_butt_left	L_Butt_left
5488	chest_r	Chest_R+chest_R
5489	arm	arm
5490	unused head neck upper attached_head spine upper	unused head neck upper attached_head spine upper
5491	canine_	Canine_
5492	v_oh	v_oh
5493	canine_frontlip	Canine_FrontLip
5494	heavy upper details	Heavy Upper Details
5495	knotsmall1	KnotSmall1
5496	tailmiddle_5	TailMiddle_5
5497	s4	s4
5498	charge01	Charge01+charge01
5499	fullsmile	FullSmile
5500	smile_simple	smile_simple
5501	belt_14	belt_14
5502	bone 1038	bone 1038
5503	bone022	Bone022
5504	key.black_8	Key.Black_8
5505	bhr45	BhR45
5506	head_skinny	head_skinny
5507	bh001.r	Bh001.R
5508	bip_tie_4_l	bip_Tie_4_L
5509	bip_tentacle.001	Bip_Tentacle.001
5510	sakura_costume_1_f	sakura_costume_1_F
5511	arm left lower 1	arm left lower 1
5512	upperlip_middle	upperLip_middle
5513	object48	Object48
5514	right_smile2	Right_smile2
5515	dyng r single earing 01	dyng r single earing 01
5516	wing_right_1_2	Wing_Right_1_2
5517	legfit	Legfit
5518	rearsight	RearSight
5519	leg right thigh helper	leg right thigh helper
5520	penus base	penus base
5521	nostrill	nostrill
5522	object58	Object58
5523	eyes-r-squinch	Eyes-R-Squinch
5524	pinkyright1	PinkyRight1
5525	arm left finger 3 a	arm left finger 3 a
5526	bip01_r_forearm002	Bip01_R_Forearm002
5527	v_weapon.lighter	v_weapon.lighter
5528	bone 701	bone 701
5529	bip chinlo l	bip chinlo l
5530	lipsbottomcurlin	lipsbottomcurlin
5531	beadhangfrontduo a1	BeadHangFrontDuo A1
5532	flm-armb-leg-luc	Flm-ArmB-Leg-LUC
5533	depth_7	depth_7
5534	jittes	JitteS
5535	lowerlipraise	LowerLipRaise
5536	bip_middle_2_l_end	bip_middle_2_L_end
5537	leg right butt 2	leg right butt 2
5538	bottom_7	bottom_7
5539	key.black_29	Key.Black_29
5540	balls detail 2	Balls Detail 2
5541	bone.016.l	Bone.016.l
5542	dong_root	Dong_Root
5543	c_tiel_c08	C_TieL_C08
5544	castera_0	CasterA_0
5545	bone-r-upperarm-twist	Bone-R-UpperArm-Twist
5546	chain_6	chain_6
5547	rightfinger04	RightFinger04
5548	spinea_helper	spinea_helper
5549	anusleft	AnusLeft
5550	ltoethumb02	lToeThumb02
5551	l1stna	L1stNa
5552	dyng r necklace 02	dyng r necklace 02
5553	nostrildown	NostrilDown
5554	h4	H4+h4
5555	valvebiped.bip01_r_clavivle	ValveBiped.Bip01_R_Clavivle
5556	bip01_r_upperarm009	Bip01_R_UpperArm009
5557	openner	openner
5558	jiggle spine 2	jiggle spine 2
5559	open_blank	open_blank
5560	sidelockrightroot	SideLockRightRoot
5561	wep_shell1	WEP_Shell1
5562	unused b_l_ankle4helper	unused b_l_ankle4helper
5563	hatf	HatF
5564	cop.zipperring	Cop.ZipperRing
5565	muscleabs	MuscleAbs
5566	taurenmale_hd_bone_65	taurenmale_hd_bone_65
5567	door low left	Door low left
5568	rtoes	RToes+rToes+rtoes
5569	sk_spine_1	SK_spine_1
5570	eyehappyr	EyeHappyR
5571	page2_l	Page2_L
5572	bobcut.side_left_1_3	Bobcut.Side_Left_1_3
5573	brownmoveright	BrownMoveRight
5574	bip01_l_forearm013	Bip01_L_Forearm013
5575	waist-wide	waist-wide
5576	browsinvertleft	BrowsInvertLeft
5577	vent_cover	vent_cover
5578	bone080	Bone080
5579	key.black_28	Key.Black_28
5580	bip_pussyupper_0_r	bip_PussyUpper_0_R
5581	legmiddlefinger2_r	LegMiddleFinger2_R
5582	pussy left 3	pussy left 3
5583	bip_strap_l	bip_strap_l
5584	streaks open l	Streaks open L
5585	bip_l_cloth_b_01	bip_l_cloth_b_01
5586	belt_16	belt_16
5587	trigger_pos_00	Trigger_Pos_00
5588	| butt size | +	| Butt Size | +
5589	prop_02	prop_02
5590	handle_lock	handle_lock
5591	rfrown3	RFrown3
5592	hitomi head eyeball left	Hitomi head eyeball left
5593	funnelr	FunnelR+funnelr
5594	opt_hand_right_index2	OPT_Hand_Right_Index2
5595	shape-busty-cleavage	shape-busty-cleavage
5596	widez	WideZ
5597	+ boobs	+ Boobs
5598	not thicc	Not thicc
5599	key.white_32	Key.White_32
5600	unused.039	unused.039
5601	unused bip01_rcalftwist_jiggle	unused Bip01_RCalfTwist_Jiggle
5602	arm right cloth 3c	arm right cloth 3c
5603	hinge.top	Hinge.Top
5604	unusedbone164	unusedbone164
5605	spike_12_m	Spike_12_M
5606	row_chair003	row_chair003
5607	hose_06	Hose_06
5608	ス前先.l	ス前先.L
5609	valvebiped.bip01_r_foot01	ValveBiped.Bip01_R_Foot01
5610	bow right a 1	bow right a 1
5611	bip_spikes_l	bip_spikes_l
5612	vr_headset_adj	vr_headset_adj
5613	outerlipsdown	OuterLipsDown
5614	head nostril left 01	head nostril left 01
5615	bone-l-thigh-twist	Bone-L-Thigh-Twist
5616	bipmar r finger2	BipMar R Finger2
5617	brows-full-anger	Brows-Full-Anger
5618	fa_squint_right_inn	fa_squint_right_inn
5619	flm-arma-sworda-cr2	Flm-ArmA-SwordA-CR2
5620	bip_pussylower_1_l	bip_PussyLower_1_L
5621	magazine02	Magazine02
5622	cord4	Cord4
5623	pestle	pestle
5624	enlargecirclet	EnlargeCirclet
5625	pjcmchestside24r	pJCMChestSide24R
5626	eyerightclose	EyeRightClose
5627	bone192	Bone192
5628	bip_bellcollar_1_r	bip_BellCollar_1_R
5629	opt_hand_right_ring1	OPT_Hand_Right_Ring1
5630	torso pipe b r 1b	torso pipe B R 1b
5631	right_blink	Right_Blink
5632	bone middle 3	bone middle 3
5633	lknee	LKnee+lKnee+lknee
5634	valvebiped.updown	ValveBiped.UpDown
5635	top_b	Top_B
5636	leg left boot tassle 1b	leg left boot tassle 1b
5637	bone_eye_r001	Bone_eye_R001
5638	hotdogroot	hotdogROOT
5639	nipplechain.center	NippleChain.Center
5640	right middle finger 2	Right middle finger 2
5641	mila head nostril left 1	Mila head nostril left 1
5642	moustache_l_1	Moustache_L_1
5643	head nasolabial bulge right	Head Nasolabial Bulge Right
5644	bip_anusside_0_r	bip_AnusSide_0_R
5645	knotlarge1	KnotLarge1
5646	arm left shoulder 2 adj. 1	arm left shoulder 2 adj. 1
5647	vheightvwidth	VheightVwidth
5648	hootersarmdownfixl	HOOTERSArmDownFIXL
5649	pz252	PZ252
5650	throb_back	throb_back
5651	flm-arma-sworda-z	Flm-ArmA-SwordA-Z
5652	head_root_loc	Head_Root_Loc
5653	creasebottom	CreaseBottom
5654	unused.031	unused.031
5655	tailright4_3	TailRight4_3
5656	bip_suitear3_l	bip_suitear3_L
5657	thumb	Thumb
5658	wing left c	wing left c
5659	brows-r-furrow	Brows-R-Furrow
5660	bip01_l_upperarm003	Bip01_L_UpperArm003
5661	fbx_sakura_zero_face	fbx_sakura_zero_face
5662	flag6	flag6
5663	shell.wall_49	Shell.Wall_49
5664	bip_l_arm_roll	bip_l_arm_roll
5665	dyng c 02	dyng c 02
5666	arm right finger 4 d	arm right finger 4 d
5667	r ujacketb b phy	R uJacketB b Phy
5668	pbg-rig-eye-lu	PBG-Rig-Eye-LU
5669	r.worrylid	r.worrylid
5670	key.rightbracket	Key.RightBracket
5671	second_arms_r_thumb3	Second_Arms_R_Thumb3
5672	dyng r single earing 02	dyng r single earing 02
5673	bow right 3f	bow right 3f
5674	sash b 1	Sash B 1
5675	flm-arma-swordb-al	Flm-ArmA-SwordB-AL
5676	handshide	HandsHide
5677	middle_forehead	Middle_Forehead
5678	small_tail	Small_Tail
5679	valvebiped.bip04_l_middle	ValveBiped.Bip04_L_Middle
5680	valvebiped.bip01_swordstrap	ValveBiped.Bip01_SwordStrap
5681	sk_tail02	SK_tail02
5682	brows-r-back	Brows-R-Back
5683	bone_skin_098	Bone_skin_098
5684	ca	CA
5685	bas.left_3	BAS.Left_3
5686	unusedbone108	unusedbone108
5687	arm left upper	arm left upper
5688	valvebiped.bip02_l_middle	ValveBiped.Bip02_L_Middle
5689	bip01_spine1_016	Bip01_Spine1_016
5690	hose_10	Hose_10
5691	tagonly	TagOnly
5692	wheel_front_joint	wheel_front_joint
5693	biped_foot_l	Biped_Foot_L
5694	chestplate_base	chestplate_base
5695	third_arms_l_index2	Third_Arms_L_Index2
5696	toy_bone_17	toy_bone_17
5697	strap_3_l	strap_3_L
5698	cc_butt.l.002	cc_Butt.l.002
5699	neck02	Neck02
5700	kargathbladefist_bone10	kargathbladefist_Bone10
5701	bone 1048	bone 1048
5702	neck01n	Neck01N
5703	c_tier_c00	C_TieR_C00
5704	row_chair007	row_chair007
5705	thin lower details	Thin Lower Details
5706	clothesfitsuit	ClothesFitSuit
5707	lthumb	LThumb
5708	19	19
5709	rthightwist2	rThighTwist2
5710	r_neck_32	r_neck_32
5711	bone178	Bone178
5712	downshort	DownShort
5713	spring	Spring
5714	option 10	OPTION 10
5715	rm06	RM06
5716	arm.left_base	Arm.Left_Base
5717	head hat wardpaper 1	head hat wardpaper 1
5718	bone.015	Bone.015
5719	arm left finger 5 b	arm left finger 5 b
5720	unused.012	unused.012
5721	hand_rotate_r	Hand_Rotate_R
5722	ringright2	RingRight2
5723	prop_end_02	prop_end_02
5724	bip_head_upper	bip_head_upper
5725	left little finger 1	Left little finger 1
5726	tag_2	Tag_2
5727	bikini slide 2	Bikini Slide 2
5728	bip facetemplemiout r	bip facetemplemiout r
5729	level3_east	Level3_East
5730	ltoe02n	LToe02N
5731	fin_top_b_c	fin_top_b_c
5732	balloon cum	BALLOON CUM
5733	neckrightin	NeckRightIn
5734	right middle proximal	Right Middle Proximal
5735	bone thumb 06	bone thumb 06
5736	palmrmizin	PalmRMizin
5737	frag	frag
5738	valvebiped.bip01_beltlower	ValveBiped.Bip01_BeltLower
5739	leftnipple3	LeftNipple3
5740	wep_magazine1_bullet	WEP_Magazine1_Bullet
5741	pb_r_cmy01_fhair_01	pb_R_CMY01_FHair_01
5742	unused124	unused124
5743	maid.necktie_right_inner_4	Maid.Necktie_Right_Inner_4
5744	ascot.top_3	Ascot.Top_3
5745	valvebiped.bip01_l_fingerbase3	ValveBiped.Bip01_L_FingerBase3
5746	arm left elbow adj. 1	arm left elbow adj. 1
5747	head appleface left	head appleface left
5748	valvebiped.bip01_l_shoulder_ctr	ValveBiped.Bip01_L_Shoulder_CTR
5749	wep_clipazine_release_button	WEP_Clipazine_Release_Button
5750	bip_r_eyelash_04	bip_r_eyelash_04
5751	vestzipper	VestZipper
5752	kata_r_d__offset	kata_r_d__offset
5753	testicles r	TESTICLES R
5754	nippokedouble03	NipPokeDouble03
5755	toothdown	TOOTHDOWN
5756	bone128	Bone128
5757	bipbrk l finger4	BipBrk L Finger4
5758	bld_gen_circus_tent_big_a_bottom_a_mesh	BLD_GEN_Circus_Tent_Big_A_Bottom_A_Mesh
5759	l.mad	l.mad
5760	ascot.bottom_9	Ascot.Bottom_9
5761	less thiccness	Less thiccness
5762	bip_r_foot_ring	bip_r_foot_ring
5763	wep_m203_nade_base	WEP_M203_Nade_Base
5764	limb_left	LIMB_LEFT
5765	second_arms_l_ring2	Second_Arms_L_Ring2
5766	legringfinger1_r	LegRingFinger1_R
5767	canine_lear02	Canine_LEar02
5768	armshandsuitraiseright	ArmsHandSuitRaiseRight
5769	anus_open_left	anus_open_left
5770	bone.001_r.039	Bone.001_R.039
5771	ceda_easel	ceda_easel
5772	donger05_chain	donger05_chain
5773	unusedbone081	unusedbone081
5774	eyes_slant1	eyes_slant1
5775	belly-topclothed	Belly-topclothed
5776	wep_m203_base	WEP_M203_Base
5777	bip01_tail3	bip01_tail3
5778	07	07
5779	bone 1017	bone 1017
5780	raisefrontlips	RaiseFrontLips
5781	downlong	DownLong
5782	rug	rug
5783	chin raiser	Chin raiser
5784	pussparent.002_l.017	PussParent.002_L.017
5785	head eye sack upper left	Head Eye Sack Upper Left
5786	bip_stoolclothfront_1_l	bip_StoolClothFront_1_L
5787	bip armpit l	bip armpit l
5788	hipswider	HipsWider
5789	sash a 4	Sash A 4
5790	crush-2	crush-2
5791	clawfootleft	ClawFootLeft
5792	lwing03	LWing03
5793	headtwist	HeadTwist
5794	arm left wrist twist 1	arm left wrist twist 1
5795	body-bulge-bottom	Body-Bulge-bottom
5796	tone-soft	tone-soft
5797	stressl	stressl
5798	flm-arma-sworda	Flm-ArmA-SwordA
5799	cockflat	CockFlat
5800	taurenmale_hd_bone_75	taurenmale_hd_bone_75
5801	shoulder left	shoulder left
5802	r2ndnc	R2ndNc
5803	valvebiped.hinge2	ValveBiped.hinge2
5804	bip01_r_upperarm010	Bip01_R_UpperArm010
5805	bip_r_foot_middle_01	bip_r_foot_middle_01
5806	hat_left_base	Hat_Left_Base
5807	penisbuldgeleotard2	PenisBuldgeLeotard2
5808	pussy-extreme-backward-down	pussy-extreme-backward-down
5809	cape2_left41	CAPE2_LEFT41
5810	glass_back_d	glass_back_d
5811	anus_open_big	anus_open_big
5812	crotch.middle	Crotch.Middle
5813	c chin	C Chin
5814	arm left wrist adjuster	Arm Left Wrist Adjuster
5815	level4_north	Level4_North
5816	bip01_spine2_011	Bip01_Spine2_011
5817	tenta_b_1_l	tenta_b_1_L
5818	book turnpage8	Book TurnPage8
5819	spikes_smaller	spikes_smaller
5820	key.tab	Key.TAB
5821	bone188	Bone188
5822	bip01_r_clavicle018	Bip01_R_Clavicle018
5823	bipqwn l finger4	BipQwn L Finger4
5824	bip forearmtwistmiddle l	bip forearmtwistmiddle l
5825	pussparent.002_r.016	PussParent.002_R.016
5826	key.white_16	Key.White_16
5827	wep_safetytape	WEP_SafetyTape
5828	wakazashi.tassel_rear_6	Wakazashi.Tassel_Rear_6
5829	cape1_right2	CAPE1_RIGHT2
5830	glass 2	Glass 2
5831	right_lidupclose	Right_LidUpClose
5832	jacket back middle c	jacket back middle c
5833	submesh_00_lod_1.3018	submesh_00_LOD_1.3018
5834	book2_top	Book2_Top
5835	cockpointy	CockPointy
5836	taurenmale_hd_bone_117	taurenmale_hd_bone_117
5837	fin_top_a_c	fin_top_a_c
5838	pb_l_cmy01_bhair_9	pb_L_CMY01_BHair_9
5839	chest clip adjust 	Chest clip adjust 
5840	arm_twist_l	arm_twist_l
5841	fang right 2	fang right 2
5842	car05_controller02	Car05_controller02
5843	dagger_2	dagger_2
5844	eject	Eject
5845	leg left knee ctr2	leg left knee ctr2
5846	taurenmale_hd_bone_93	taurenmale_hd_bone_93
5847	unused b_b_headhelper	unused b_b_headhelper
5848	drt_cutscene_stage_3-5_aos	drt_cutscene_stage_3-5_aos
5849	you	you
5850	unusedbone224	unusedbone224
5851	keyboard	Keyboard
5852	toplip1	TopLip1
5853	pussydown	PussyDown
5854	crow_3.tail_r	Crow_3.Tail_R
5855	left_blink	Left_Blink
5856	bone.001_l	Bone.001_L
5857	tailright4_6	TailRight4_6
5858	bip_fthumb03_r	Bip_FThumb03_R
5859	arm right upper	arm right upper
5860	bow left 2c	bow left 2c
5861	49	49
5862	half wall	Half wall
5863	bas.rear_right_2_jiggle	BAS.Rear_Right_2_jiggle
5864	valvebiped_fx_muzzle	ValveBiped_FX_Muzzle
5865	ruby_head_eye_l	ruby_head_eye_l
5866	palmrbolsh1	PalmRBolsh1
5867	wep_foregrip_child4	WEP_Foregrip_Child4
5868	flm-armb-float-b5	Flm-ArmB-Float-B5
5869	cape 4d	Cape 4d
5870	neck02n	Neck02N
5871	back_lift2	back_lift2
5872	hand finger left 1a	hand finger left 1a
5873	r_ring_metacarpal	r_ring_metacarpal
5874	lowerarm_twist_l_01	lowerarm_twist_l_01
5875	cape_1_r	cape_1_R
5876	upperarm_right	upperarm_right
5877	jacket left a	jacket left a
5878	vagopen05	VagOpen05
5879	side_left_5	side_left_5
5880	arm right roll 2	arm right roll 2
5881	glad	Glad
5882	bip01_tail2	bip01_tail2
5883	unused l_eyepos_fbu	unused L_EyePos_FbU
5884	bip01_neck003	Bip01_Neck003
5885	bip_bobby_l_finger_globe_1_02	Bip_BOBBY_L_Finger_Globe_1_02
5886	bh002.l	Bh002.L
5887	fingerbase_r	fingerbase_R
5888	unusedbone096	unusedbone096
5889	unused mot01_head	unused MOT01_Head
5890	es2	ES2
5891	lower_body_p	lower_body_p
5892	bone 1037	bone 1037
5893	strap_left	strap_left
5894	unused.047	unused.047
5895	sperm.tail_6	Sperm.Tail_6
5896	popsiclelowerbite02	popsiclelowerbite02
5897	balls-drain	balls-drain
5898	wing_left_spine_5	Wing_Left_Spine_5
5899	ringright1	RingRight1
5900	bipflm l finger3	BipFlm L Finger3
5901	wep_fireselect	WEP_FireSelect
5902	left_butt	Left_Butt+left_butt
5903	rkakato03n	RKakato03N
5904	row_chair012	row_chair012
5905	second_arms_r_1	Second_Arms_R_1
5906	key.n	Key.N
5907	c_dred_c2_07	C_Dred_C2_07
5908	rsmalltoe4 2	rsmalltoe4 2
5909	tails4	Tails4
5910	flm-armb-belt-lb	Flm-ArmB-Belt-LB
5911	helena head neck upper	Helena head neck upper
5912	l_wrist_upper_b_helper	l_wrist_upper_b_helper
5913	polysurface43_8147	polySurface43_8147
5914	wep_cylinder_drum	WEP_Cylinder_Drum
5915	bip_tie_2_l	bip_Tie_2_L
5916	flm-rig-face	Flm-Rig-Face
5917	18	18
5918	unusedtransform10 cmn sl alison	unusedtransform10 cmn sl alison
5919	eyes-full-open	Eyes-Full-Open
5920	c_dred_r2_02	C_Dred_R2_02
5921	valvebiped.chord_joint_jiggle	ValveBiped.chord_joint_jiggle
5922	wep_stock_underfolding_2	WEP_StocK_Underfolding_2
5923	pantstoraxwide	Pantstoraxwide
5924	dick_skinny	dick_skinny
5925	c ulip	C Ulip
5926	blinkcorrection	BlinkCorrection
5927	bow left 2b	bow left 2b
5928	gentle_6	gentle_6
5929	bip_bobby_r_finger_globe_2_02	Bip_BOBBY_R_Finger_Globe_2_02
5930	plane08	Plane08
5931	bip ankle l	bip ankle l
5932	def-spine.025	DEF-spine.025
5933	cord11	Cord11
5934	straprightlower	StrapRightLower
5935	bone index 4	bone index 4
5936	r06	R06
5937	cloth_bone_up_l_05	cloth_bone_up_l_05
5938	pb_r_cmy01_bhair_9	pb_R_CMY01_BHair_9
5939	bip01_spine3_016	Bip01_Spine3_016
5940	es1	ES1
5941	unused_2	Unused_2
5942	smilealt	SmileAlt
5943	leg right thigh_adj	leg right thigh_adj
5944	bippbg rcalftwist	BipPBG RCalfTwist
5945	upperlips_anger_l	upperlips_anger_l
5946	frontcurloutalt	FrontCurlOutAlt
5947	valvebiped.bip01_beltupper	ValveBiped.Bip01_BeltUpper
5948	upperlidsdownl	UpperlidsDownL
5949	flexor radialis	Flexor Radialis
5950	fit jacket	fit Jacket+fit jacket
5951	soap	Soap
5952	hood 1	hood 1
5953	jacket_jig	jacket_jig
5954	bip01_spine1_011	Bip01_Spine1_011
5955	pussparent.002_r.010	PussParent.002_R.010
5956	areolaplump	AreolaPlump
5957	nip1	Nip1
5958	arm right shoulder 2 ctr 2	arm right shoulder 2 ctr 2
5959	thiccer	Thiccer+thiccer
5960	popsiclelowerbite	popsiclelowerbite
5961	wep_button3	WEP_Button3
5962	bip001-r-foretwist	Bip001-R-ForeTwist
5963	r_elbow_twist_b_base_helper	r_elbow_twist_b_base_helper
5964	maid.necktie_right_outer_1	Maid.Necktie_Right_Outer_1
5965	r_index_metacarpal	r_index_metacarpal
5966	left knee d	Left knee D
5967	energy_gun	Energy_gun
5968	knob_band	Knob_Band
5969	kargathbladefist_bone87_rthumb	kargathbladefist_Bone87_RThumb
5970	foot_index_1_r	foot_index_1_R
5971	asshool_4	Asshool_4
5972	butt armor left	butt armor left
5973	l belta spo	L BeltA Spo
5974	r_rear_holster_0u_3v	r_rear_holster_0u_3v
5975	bone29	Bone29
5976	book coverpage turn2	Book CoverPage Turn2
5977	bip01_pelvis013	Bip01_Pelvis013
5978	cloth_side_b_r	cloth_side_B_R
5979	skull_09	skull_09
5980	wall door b	WALL DOOR B
5981	upperarmtwist2left	UpperArmTwist2Left
5982	r_horselink	r_horselink
5983	maid.bow_left_upper_2	Maid.Bow_Left_Upper_2
5984	bip_bucketroot	bip_BucketRoot
5985	thongcentershiftright	ThongCenterShiftRight
5986	i7	I7
5987	pantsvaginalopen2	PantsVaginalOpen2
5988	42	42
5989	lipdr	lipdr
5990	b. peel off l	B. peel off L
5991	cape_5_l	cape_5_L
5992	linea alba depth	Linea Alba Depth
5993	knee02	knee02
5994	valvebiped.bip01_r_toe03	ValveBiped.Bip01_R_Toe03
5995	maid.necktie_right_outer_2	Maid.Necktie_Right_Outer_2
5996	arm right shoulder 2 ctr 1	arm right shoulder 2 ctr 1
5997	arm cape right shoulder 2	arm cape right shoulder 2
5998	au26	AU26
5999	valvebiped.bip01_r_shoulder_ctr	ValveBiped.Bip01_R_Shoulder_CTR
6000	shirtfront_l	shirtfront_L
6001	cloth_collar_2_r	cloth_collar_2_R
6002	f15	F15
6003	bip_center_cloth	bip_center_cloth
6004	head masseter right	Head Masseter Right
6005	frontthigh.l	FrontThigh.L
6006	v_weapon.left_middle01	v_weapon.Left_Middle01
6007	rightfrontpad	RightFrontPad
6008	bone44	Bone44
6009	urethrashape2	UrethraShape2
6010	valvebiped.bip01_r_finger1_twist_1	ValveBiped.Bip01_R_Finger1_Twist_1
6011	bone143	Bone143
6012	key.black_7	Key.Black_7
6013	strings root	strings root
6014	unused.043	unused.043
6015	canine_spine3	Canine_Spine3
6016	arm left cloth 1a	arm left cloth 1a
6017	lock_clasp2	Lock_Clasp2
6018	strings 4	strings 4
6019	r bust02 sec	r bust02 sec
6020	c_dred_r1_03	C_Dred_R1_03
6021	sword2 tip	Sword2 Tip
6022	door_l	Door_L
6023	flm-arma-foot-l5	Flm-ArmA-Foot-L5
6024	brk-rig-eye-lb	Brk-Rig-Eye-LB
6025	bip kneetwisttopout r	bip kneetwisttopout r
6026	eyes wide left	eyes wide left
6027	unused head neck lower attached_ssx h #2 head neck lower a.001	unused head neck lower attached_ssx h #2 head neck lower a.001
6028	hip right	hip right
6029	toplip2.l	TopLip2.L
6030	unused neck lower	unused neck lower
6031	face-elfears	Face-ElfEars
6032	belt.root	Belt.Root
6033	unusedbone177	unusedbone177
6034	unused duplicate duplicate unused.002	unused duplicate duplicate unused.002
6035	helper_elbow_l	helper_elbow_L
6036	toy_bone_10	toy_bone_10
6037	shirt butt big	Shirt Butt Big
6038	bone148	Bone148
6039	indextoe1_l	indexToe1_l
6040	shiri_r__slerp_momo_r__i50_x0__offset	shiri_r__slerp_momo_r__i50_x0__offset
6041	upperworried.r	upperworried.r
6042	kunai_tassel_3	Kunai_Tassel_3
6043	one culture character	One Culture Character
6044	body-flat-legs	Body-Flat-Legs
6045	right_lidupraise	Right_LidUpRaise
6046	paulinggib002	paulinggib002
6047	eyelashes-neutral	Eyelashes-Neutral
6048	grrrr	GRRRR
6049	close happy eyes right	Close Happy Eyes Right
6050	tears 1 upper	Tears 1 Upper
6051	arm left bracelet 02	arm left bracelet 02
6052	boobsie5	boobsie5
6053	top lift	Top Lift
6054	pcylinder8	pCylinder8
6055	lace right	lace right
6056	valvebiped.bip01_l_finger4_twist_1	ValveBiped.Bip01_L_Finger4_Twist_1
6057	bipmar l finger4	BipMar L Finger4
6058	bone 1072	bone 1072
6059	strap_l_1	Strap_L_1
6060	loincloth_back_2	Loincloth_back_2
6061	car01_controller01	Car01_controller01
6062	top-4	top-4
6063	lowlid_right_in	lowLid_Right_IN
6064	facial_bone_eye_down_r	Facial_Bone_Eye_Down_R
6065	flm-armb-foot-rb	Flm-ArmB-Foot-RB
6066	egg.wall_24	Egg.Wall_24
6067	opt_hand_left_thumb3	OPT_Hand_Left_Thumb3
6068	bone_softchair_top	bone_softchair_top
6069	lwing09	LWing09
6070	bhr46	BhR46
6071	first_loose_page2_m	First_Loose_Page2_M
6072	head eye inner lower left	Head Eye Inner Lower Left
6073	cloth front middle 3	cloth front middle 3
6074	rightbrowlower	RightbrowLower
6075	pbmlegslength	PBMLegsLength
6076	bodyskinny	BodySkinny
6077	head chin side left	Head Chin Side Left
6078	legslim	LegSlim+Legslim
6079	object59	Object59
6080	arm right finger 4 c	arm right finger 4 c
6081	eyeblink_left_rotin	eyeBlink_Left_RotIN
6082	right index finger 3 grip 1	Right index finger 3 grip 1
6083	beadhangfrontduo b3	BeadHangFrontDuo B3
6084	body-bulge-mid	Body-Bulge-mid
6085	thigh01	thigh01
6086	body-l-hard-nipple	Body-L-Hard-Nipple
6087	bone 1058	bone 1058
6088	bone 1042	bone 1042
6089	tailleft3_5	TailLeft3_5
6090	launcher_right	launcher_right
6091	egg.wall_9	Egg.Wall_9
6092	bip_l_pinky_02	bip_l_pinky_02
6093	shell.wall_13	Shell.Wall_13
6094	r deltoidb spo	R DeltoidB Spo
6095	cuff.root	cuff.root
6096	equipment 00	EQUIPMENT 00
6097	cockroot	CockRoot
6098	bipbrk l finger1	BipBrk L Finger1
6099	maid.necktie_left_outer_1	Maid.Necktie_Left_Outer_1
6100	fronthair awake b joint	fronthair awake b joint
6101	tental_3_r	Tental_3_R
6102	r string2 sec root	r string2 sec root
6103	head earring right a 1	head earring right a 1
6104	masque.root	Masque.Root
6105	stockbody	StockBody
6106	right_butt	Right_Butt+right_butt
6107	unused b_l_armroll3helper	unused b_l_armroll3helper
6108	bow right 3h	bow right 3h
6109	flm-armb-float-a3	Flm-ArmB-Float-A3
6110	bip_b_nic_neck	bip_B_Nic_Neck
6111	rachel bun_3	Rachel bun_3
6112	bone 1106	bone 1106
6113	bh49	Bh49
6114	belt_tassle1	Belt_Tassle1
6115	gen_3	Gen_3
6116	valvebiped.polysurface19	ValveBiped.polySurface19
6117	shocked 2	Shocked 2+shocked 2
6118	bas.side_right_4	BAS.Side_Right_4
6119	shorten_5	shorten_5
6120	shell.wall_45	Shell.Wall_45
6121	wep_bullet5_shell	WEP_Bullet5_Shell
6122	bone_face_eye_r_shape_u_mid	Bone_Face_Eye_R_Shape_U_Mid
6123	level3_west	Level3_West
6124	belt_back_l	belt_back_L
6125	torso upperbrace f r	Torso upperbrace F R
6126	ruby_head_eye_r	ruby_head_eye_r
6127	teeth_upper_2	Teeth_Upper_2
6128	browinnerraisel+browinnerraiser	BrowInnerRaiseL+BrowInnerRaiseR
6129	qwn-rig-hole-a	Qwn-Rig-Hole-A
6130	c_lur_b01	C_LUR_B01
6131	left middle finger 3	Left middle finger 3
6132	unused129	unused129
6133	leg right buttock	leg right buttock
6134	tv screen off	TV screen off
6135	sword2 blade	Sword2 Blade
6136	head eye root left	head eye root left
6137	outerbrows_raise_l	outerbrows_raise_l
6138	valvebiped.bip01_r_upperarmtwist2	ValveBiped.Bip01_R_UpperarmTwist2
6139	maid.necktie_right_outer_3	Maid.Necktie_Right_Outer_3
6140	bip_findex01_l	Bip_FIndex01_L
6141	valvebiped.bip01_l_ring	ValveBiped.Bip01_L_Ring
6142	rsmalltoe3 2	rsmalltoe3 2
6143	level5_west	Level5_West
6144	flatchested	flatchested
6145	level1_east	Level1_East
6146	arm right finger	arm right finger
6147	back 1_1	Back 1_1
6148	unused.034	unused.034
6149	bow right 1h	bow right 1h
6150	crush-28	crush-28
6151	innerbrowslower	InnerBrowsLower
6152	d4	D4
6153	bip hiphelper r	bip hiphelper r
6154	key.right	Key.RIGHT
6155	bone.015.r	Bone.015.r
6156	unusedbone050	unusedbone050
6157	bipfio r finger3	BipFio R Finger3
6158	au15	AU15
6159	outfit_feet_fix	OUTFIT_FEET_FIX
6160	pointy	Pointy
6161	l_head_13	l_head_13
6162	arm.right_base	Arm.Right_Base
6163	right_lipupin	Right_LipUpIn
6164	skull_14	skull_14
6165	apron c2	Apron c2
6166	right_u_vag_1	right_u_vag_1
6167	z_shift_1	z_shift_1
6168	eyeballs-smallpupils-r	Eyeballs-SmallPupils-R
6169	back-pull-side	back-pull-side
6170	h3jiggle01	H3Jiggle01
6171	unusedbone181	unusedbone181
6172	bip01_r_hand008	Bip01_R_Hand008
6173	flm-armb-neckr	Flm-ArmB-NeckR
6174	wakazashi.tassel_rear_4	Wakazashi.Tassel_Rear_4
6175	ropebelt_tassel_back_2	RopeBelt_Tassel_Back_2
6176	puss_open	Puss_open
6177	page_curl_5	page_curl_5
6178	valvebiped.xsi_5	ValveBiped.XSI_5
6179	bone.024	Bone.024
6180	eyeslook down	EyesLook Down
6181	hat_left_4	Hat_Left_4
6182	bip_tailc03	bip_tailC03
6183	bip_tentacle.005	Bip_Tentacle.005
6184	flowerchoker2.r	FlowerChoker2.R
6185	c_dred_l1_06	C_Dred_L1_06
6186	pc_ram_2	pc_ram_2
6187	front 3	Front 3
6188	unused right testicle jiggle item_penis	unused right testicle jiggle item_penis
6189	calf_twist_r_02	calf_twist_r_02
6190	bip001-xtra0102	Bip001-Xtra0102
6191	angry_brows_left	angry_brows_left
6192	barbel3_l	Barbel3_L
6193	wakazashi.tassel_front_1	Wakazashi.Tassel_Front_1
6194	leg right thigh adj.	leg right thigh adj.
6195	jacket_border_6_r	jacket_border_6_R
6196	upper__gnull	upper__gnull
6197	eyes-fullfurrow	Eyes-FullFurrow
6198	bh46	Bh46
6199	bip_head12_r	bip_head12_r
6200	63	63
6201	shorten_7	shorten_7
6202	bip_l_horn	bip_l_horn
6203	stalk_2	Stalk_2
6204	fringe 13 jb	fringe 13 JB
6205	grapple1	grapple1
6206	front bar 7_2	Front bar 7_2
6207	bhl444	BhL444
6208	l bust03 sec	l bust03 sec
6209	face-facialblockchin	Face-FacialBlockChin
6210	centerbone	CenterBone
6211	bip_ear3_l	bip_Ear3_L
6212	l_wrist_upper_a_helper	l_wrist_upper_a_helper
6213	r3	R3
6214	asin	Asin
6215	left thumb 0 grip 2	Left thumb 0 grip 2
6216	cop.hat	Cop.Hat
6217	valvebiped.bip01_l_middle03	ValveBiped.Bip01_L_Middle03
6218	fio-rig-eye-r	Fio-Rig-Eye-R
6219	bag_bone_s_02	bag_bone_s_02
6220	valvebiped.chain_aligned5	ValveBiped.chain_aligned5
6221	arm left feathers	Arm Left Feathers
6222	cape_9_r	cape_9_R
6223	bone.001_l.039	Bone.001_L.039
6224	earleft1	EarLeft1
6225	body-ass-open	Body-Ass-Open
6226	wheel_1	wheel_1
6227	r_front_holster_0u_15v	r_front_holster_0u_15v
6228	pantshipplump	PantsHipPlump
6229	testis_f_l	testis_f_L
6230	unused144	unused144
6231	marie head forehead right	Marie head forehead right
6232	bip_bobby_r_thightwist	Bip_BOBBY_R_ThighTwist
6233	bow left c 1	bow left c 1
6234	middle_04	Middle_04
6235	jiggle02	Jiggle02
6236	bip_claw_f	bip_claw_f
6237	belt_l1	Belt_L1
6238	arm left shoulder 1 ctr3	arm left shoulder 1 ctr3
6239	d11	D11
6240	bone029	Bone029
6241	chain_24	chain_24
6242	bip01_spine3_003	Bip01_Spine3_003
6243	ropen a	ROpen A
6244	veil_r_2	VEIL_R_2
6245	bip_r_thumb_02	bip_r_thumb_02
6246	cape 3c	Cape 3c
6247	wep_bullet5_round	WEP_Bullet5_Round
6248	bip01_r_thigh017	Bip01_R_Thigh017
6249	arm right finger 2 a	arm right finger 2 a
6250	bag chips opened	BAG CHIPS OPENED
6251	concernt	Concernt
6252	bip01_spine2_008	Bip01_Spine2_008
6253	bone 1024	bone 1024
6254	oris07_l	oris07_L
6255	right little intermediate	Right Little Intermediate
6256	null.006	Null.006
6257	tilt_brows	tilt_brows
6258	eye-l-upset	Eye-L-Upset
6259	bag 01	Bag 01
6260	bip01_spine3_011	Bip01_Spine3_011
6261	headband tail left b	headband tail left b
6262	boobcoverageboobs1	BoobcoverageBoobs1
6263	balloon-flat-right	balloon-flat-right
6264	hole	Hole
6265	valvebiped.bip01_pelvis.024	ValveBiped.Bip01_Pelvis.024
6266	palmrbezi	PalmRBezi
6267	right_inner_raiser	Right_inner_raiser
6268	belt_20	belt_20
6269	liduppereye.l	liduppereye.l
6270	v_weapon.lighter_flame1	v_weapon.lighter_flame1
6271	taurenrightfoot	taurenRightFoot
6272	exposedfront	ExposedFront
6273	clothesfitpants	ClothesFitPants
6274	l_index_metacarpal	l_index_metacarpal
6275	crow_3.phalanges3_r	Crow_3.Phalanges3_R
6276	shell.wall_1	Shell.Wall_1
6277	bip_teeth_bot_r	bip_teeth_bot_r
6278	b10	B10
6279	bone_legml3	Bone_LegML3
6280	bobcut.side_left_1_1_jiggle	Bobcut.Side_Left_1_1_jiggle
6281	pullrightclothaside	PullRightClothAside
6282	l_elbow_twist_c_helper	l_elbow_twist_c_helper
6283	ascot.bottom_11	Ascot.Bottom_11
6284	wheel_3	wheel_3
6285	cape 2b	Cape 2b
6286	body-vagina-hide	Body-Vagina-Hide
6287	speakersbig	SpeakersBIG
6288	unused head neck upper attached_head head neck middle	unused head neck upper attached_head head neck middle
6289	bobcut.side_right_1_2_jiggle	Bobcut.Side_Right_1_2_jiggle
6290	bip01_r_clavicle017	Bip01_R_Clavicle017
6291	frontcloth	FrontCloth
6292	unusedtransform8 cmn sl alison	unusedtransform8 cmn sl alison
6293	labiummajora1_r	LabiumMajora1_R
6294	narrowf	NarrowF+narrowf
6295	bip_gumsteethupper	bip_GumsTeethUpper
6296	lowerliplowerr	LowerLipLowerR
6297	amazed	Amazed
6298	bip hipside r	bip hipside r
6299	unused l jacketb spo	unused l jacketb spo
6300	back arrow 10_1	Back arrow 10_1
6301	smirk_left	smirk_Left
6302	right little finger 1 grip 1	Right little finger 1 grip 1
6303	front 3_1	Front 3_1
6304	fa_under_chin_center	fa_under_chin_center
6305	vaginaopen3	VaginaOpen3
6306	veil_r_4	VEIL_R_4
6307	cape1_right3	CAPE1_RIGHT3
6308	wall narrow a	WALL NARROW A
6309	bent over	Bent Over
6310	31	31
6311	bottle_bone_br_01	bottle_bone_br_01
6312	size1	size1
6313	bip_l_neck_a	bip_l_neck_a
6314	topshoulderfixtop	TopShoulderFixTop
6315	balloon-flat-left	balloon-flat-left
6316	valvebiped.l_thigh	Valvebiped.L_thigh
6317	maid.bow_left_lower_1	Maid.Bow_Left_Lower_1
6318	adjust_shoulder_r	adjust_shoulder_R
6319	l_knee_front_upper_helper	l_knee_front_upper_helper
6320	cornerlip_l	cornerlip_L
6321	corner_left_drop	corner_left_drop
6322	c glabella	C Glabella
6323	fa_adams_apple	fa_adams_apple
6324	foreskinstretch	foreskinstretch
6325	smile-left	Smile-Left
6326	34	34
6327	brows-full-upset	Brows-Full-Upset
6328	pcylinder10	pCylinder10
6329	cape1_middle2	CAPE1_MIDDLE2
6330	taurenmale_hd_bone_69	taurenmale_hd_bone_69
6331	nipplechain.right	NippleChain.Right
6332	belt_18	belt_18
6333	window_urban_sash_48_88_full_gib04	window_urban_sash_48_88_full_gib04
6334	sparks	Sparks
6335	mourh corner spread	mourh corner spread
6336	bip_anusbottom	bip_AnusBottom
6337	box09	Box09
6338	tail 8 jb	tail 8 JB
6339	bone111	Bone111
6340	bip_back_jacket_r	bip_back_jacket_R
6341	bip01_spine1_017	Bip01_Spine1_017
6342	fbx_asagi_face_shy	fbx_asagi_face_shy
6343	object033_008	Object033_008
6344	leftfootball	LeftFootBall
6345	unused npc	unused npc
6346	back 1	Back 1
6347	bip01_l_upperarm009	Bip01_L_UpperArm009
6348	t7	T7
6349	bip_breat_04_l	bip_breat_04_l
6350	cloth right 7	cloth right 7
6351	cc_backtoe.l	cc_backtoe.l
6352	checkleft	CheckLeft
6353	teethdowndown	TeethDownDown
6354	wep_belt_bullet8	WEP_Belt_Bullet8
6355	torso flange 1a	torso flange 1a
6356	upper_raise	upper_raise
6357	bip_horn_02	bip_horn_02
6358	veil_l_3	VEIL_L_3
6359	bone122	Bone122
6360	moustache_r_21	Moustache_R_21
6361	left_12	left_12
6362	leg right thigh adjuster	Leg Right Thigh Adjuster
6363	head nostril left a	head nostril left a
6364	buttcorrector	ButtCorrector
6365	bip_fmiddle01_r	Bip_FMiddle01_R
6366	skull_05	skull_05
6367	siderighstrappointinward	SideRighStrapPointInward
6368	toilet	Toilet
6369	scaleup	ScaleUp
6370	leftunderchin	LeftUnderChin
6371	r ring 03	r ring 03
6372	v_weapon.hands_parent	v_weapon.Hands_parent
6373	top.knot	Top.Knot
6374	metal	metal
6375	third_arms_l_thumb2	Third_Arms_L_Thumb2
6376	bone 92	bone 92
6377	bip_tailc20	bip_tailC20
6378	donger07_chain	donger07_chain
6379	hatplume_3	HatPlume_3
6380	bench.001	Bench.001
6381	g13	G13
6382	leg_3.root	leg_3.root
6383	bipmar lthightwist	BipMar LThighTwist
6384	rightupperforearm_helper	RightUpperForeArm_helper
6385	rightp	RightP
6386	little_happy2	little_happy2
6387	bip_r_horn_b	bip_r_horn_b
6388	bone145	Bone145
6389	arm left shoulder 2 ctr 1	arm left shoulder 2 ctr 1
6390	body-l-ass-squish	Body-L-ass-Squish
6391	22	22
6392	orcmale_hd_fixed_bone41	orcmale_hd_fixed_Bone41
6393	bip_l_cloth_c	bip_l_cloth_c
6394	browsoutterupright	BrowsOutterUpRight
6395	unused duplicate duplicate unused.015	unused duplicate duplicate unused.015
6396	helena head eyeball left	Helena head eyeball left
6397	bip01_r_forearm011	Bip01_R_Forearm011
6398	topjaw.ud	TopJaw.UD
6399	canine_leye	Canine_LEye
6400	barrellock	Barrellock
6401	v_weapon.root28	v_weapon.Root28
6402	loincloth_back_1	Loincloth_back_1
6403	bip_chains	bip_chains
6404	headband tail left f	headband tail left f
6405	dyng b 01	dyng b 01
6406	strap_b.01	Strap_B.01
6407	left index finger 2 grip 1	Left index finger 2 grip 1
6408	compressmiddle	CompressMiddle
6409	wep_top_peq2	WEP_Top_PEQ2
6410	ejector	Ejector
6411	casterc_0	CasterC_0
6412	pupil 1 off	Pupil 1 off
6413	stomachbulgemedium	StomachBulgeMedium
6414	tail_up_b	tail_up_b
6415	polysurface237	polySurface237
6416	veil_r_1	VEIL_R_1
6417	+left_foot_d	+left_foot_D
6418	left middle proximal	Left Middle Proximal
6419	polysurface55	polySurface55
6420	flex_noise_02	Flex_Noise_02
6421	pupils-glareneutral-r	Pupils-GlareNeutral-R
6422	apron f3	Apron f3
6423	valvebiped.bip01_r_index01	ValveBiped.Bip01_R_Index01
6424	eyes-suspicious-r	Eyes-Suspicious-R
6425	body tone upper details	Body Tone Upper Details
6426	wep_clipazine	WEP_Clipazine
6427	valvebiped.bip01_nutguard1	ValveBiped.Bip01_NutGuard1
6428	thigh02	thigh02
6429	r_outer_raiser	R_outer_raiser
6430	liplower_r2	lipLower_R2
6431	neck_thin	neck_thin
6432	15	15
6433	moustache_r_11	Moustache_R_11
6434	bip_cape_1_r	bip_Cape_1_R
6435	rear clasp	Rear Clasp
6436	bip_tail_a_07	bip_tail_a_07
6437	crush-20	crush-20
6438	egg.wall_2	Egg.Wall_2
6439	beadhangfrontduo a3	BeadHangFrontDuo A3
6440	midshirtexpand	MidShirtExpand
6441	belt_22	belt_22
6442	key.white_53	Key.White_53
6443	jacketbellyinflate	JacketBellyInflate
6444	brows-cheerful	brows-cheerful
6445	bas.right_2	BAS.Right_2
6446	bip_back_jacket_l	bip_back_jacket_L
6447	neck0	Neck0+neck0
6448	arm right shoulder 2 ctr.001	arm right shoulder 2 ctr.001
6449	pcylinder12	pCylinder12
6450	c dlip	C Dlip
6451	tentaclebottom1	TentacleBottom1
6452	taurenmale_hd_bone_66	taurenmale_hd_bone_66
6453	leftnasolabialfurrow	LeftNasolabialFurrow
6454	ei	EI
6455	crow_2.humerus_l	Crow_2.Humerus_L
6456	beadhangbackroot	BeadHangBackRoot
6457	bone39	Bone39
6458	prop_01	prop_01
6459	ass bone_r	ass bone_R
6460	sperm.tail_4	Sperm.Tail_4
6461	bip_r_horn_a	bip_r_horn_a
6462	bone_skin_095	Bone_skin_095
6463	bulge-3	Bulge-3
6464	bone_softchair_low	bone_softchair_low
6465	wrinkle_small_2	wrinkle_small_2
6466	tailright2_5	TailRight2_5
6467	toplid_l3	toplid_L3
6468	feather 1b	feather 1b
6469	bip01_neck012	Bip01_Neck012
6470	key.leftcommand	Key.LeftCommand
6471	shell.wall_47	Shell.Wall_47
6472	l ucorin	L Ucorin
6473	rwing07	RWing07
6474	fringe 18	fringe 18
6475	pb_l_cmy01_bhair_4	pb_L_CMY01_BHair_4
6476	door up right	Door up right
6477	ebinnerupperl	EBInnerUpperL
6478	jacket_border_3_l	jacket_border_3_L
6479	taurenmale_hd_bone_61	taurenmale_hd_bone_61
6480	bonelow01	BoneLow01
6481	palmlmizin	PalmLMizin
6482	head eyeiris right	head eyeiris right
6483	hand_rotate1_r	Hand_Rotate1_R
6484	bone_legfr2	Bone_LegFR2
6485	ropebelt_tassel_front_4	RopeBelt_Tassel_Front_4
6486	bippbg	BipPBG
6487	shorthair_bone_l_04	shortHair_bone_l_04
6488	third_arms_r_middle1	Third_Arms_R_Middle1
6489	mar-rig-eye-r	Mar-Rig-Eye-R
6490	tear up r	Tear up R
6491	l shinroll	l shinRoll
6492	arm right shoulder ctrl 1	arm right shoulder ctrl 1
6493	valvebiped.hinge1	ValveBiped.hinge1
6494	wep_m203_railsight2	WEP_M203_RailSight2
6495	capeflap2.r	CapeFlap2.R
6496	shine2	shine2
6497	bas.rear_center_3	BAS.Rear_Center_3
6498	leg right std	leg right StD
6499	taurenmale_hd_bone_57	taurenmale_hd_bone_57
6500	fin-rig-eye-ru	Fin-Rig-Eye-RU
6501	unused head neck upper attached_head root hips	unused head neck upper attached_head root hips
6502	right little finger 1 expansion 1	Right little finger 1 expansion 1
6503	leg right ste	leg right StE
6504	wep_charger_latch	WEP_Charger_Latch
6505	object10	Object10
6506	stomp-3	stomp-3
6507	arm right feathers	Arm Right Feathers
6508	frily_00.l	Frily_00.L
6509	right thumb distal	Right Thumb Distal
6510	bip_stone_l_uparmtwist1	Bip_STONE_L_UpArmTwist1
6511	r brooch a phy	r brooch a phy
6512	knot_big	knot_big
6513	r ujacketc a phy	R uJacketC a Phy
6514	arm right finger 2 c	arm right finger 2 c
6515	def-shoulder.r	DEF-shoulder.R
6516	undereye_left_in	underEye_left_IN
6517	genitals 05	genitals 05
6518	bip_ring_root_0_l	bip_ring_root_0_L
6519	armcloth_right_1	ArmCloth_Right_1
6520	bone161	Bone161
6521	bikini_04	Bikini_04
6522	blink happy eye r	Blink Happy Eye R
6523	crow_3.humerus_r	Crow_3.Humerus_R
6524	prf_sakura_costume_13_aos	prf_sakura_costume_13_aos
6525	v_weapon.left_thumb_02	v_weapon.Left_Thumb_02
6526	piston.thrust	Piston.Thrust
6527	d12	D12
6528	blinkupper	BlinkUpper
6529	shower	Shower
6530	vag_r.001	Vag_R.001
6531	r_calf_00001	r_calf_00001
6532	flm-arma-tail1	Flm-ArmA-Tail1
6533	special_flex_3	Special_flex_3
6534	strap a 4	strap a 4
6535	dummy_root	Dummy_Root
6536	rbeard1	rbeard1
6537	earring.ring_right_3_jiggle	Earring.Ring_Right_3_jiggle
6538	key.white_15	Key.White_15
6539	bip_bicep_twist_l	bip_bicep_twist_L
6540	leg left knee adjust b	leg left knee adjust b
6541	fuss	Fuss
6542	bone072	Bone072
6543	backleftstrapout	BackLeftStrapOut
6544	eyes smaller	Eyes Smaller
6545	bip_beak_top	Bip_beak_top
6546	belt front 01	belt front 01
6547	bip_l_claw_c	bip_l_claw_c
6548	c_arl_c01	C_ARL_C01
6549	bone_bed_02	bone_bed_02
6550	flap4.l	Flap4.L
6551	flm-armb-arm-re	Flm-ArmB-Arm-RE
6552	carmup.l	CArmUp.L
6553	fa_dimpler_left	fa_dimpler_left
6554	nyotengu head neck upper	Nyotengu head neck upper
6555	drowsyr	DrowsyR
6556	boxc	BoxC
6557	shorthair_bone_03	shortHair_bone_03
6558	leg left thigh ctr3	leg left thigh ctr3
6559	bow right d 1	bow right d 1
6560	trc	TRC
6561	unused.016	unused.016
6562	smile 5	Smile 5
6563	f_r_eyeblack	f_R_EyeBlack
6564	head adj	head adj
6565	l_pinkya	l_pinkya
6566	nosie3	Nosie3
6567	blender_implicit	blender_implicit
6568	flm-arma-leg-r1	Flm-ArmA-Leg-R1
6569	capeflap2.l	CapeFlap2.L
6570	dyng b 02	dyng b 02
6571	wing_left_3_1	Wing_Left_3_1
6572	(thicc) legs (boots)	(THICC) Legs (BOOTS)
6573	c_arl_b00	C_ARL_B00
6574	leg right footb	leg right footb
6575	sk_root	SK_root
6576	uppelipraiserr	UppeLipRaiserR
6577	upeerlidlowerl+upeerlidlowerr	UpeerLidLowerL+UpeerLidLowerR
6578	third_arms_r_2	Third_Arms_R_2
6579	left_25	left_25
6580	wep_cap	WEP_Cap
6581	fit  lower 01	fit  Lower 01
6582	back right	Back Right
6583	basis	Basis
6584	scale_x_up	scale_x_up
6585	cock.balls_2	Cock.Balls_2
6586	bottle3_cap	bottle3_cap
6587	v_nn	v_nn
6588	shell.wall_17	Shell.Wall_17
6589	spur.right	Spur.Right
6590	bip01_l_upperarm007	Bip01_L_UpperArm007
6591	tail_dn_b	tail_dn_b
6592	squintupright	SquintUpRight
6593	straps root	Straps Root
6594	page3_l	Page3_L
6595	bow_right_aux	bow_right_aux
6596	expsurprise	ExpSurprise
6597	bipflm l foretwist1	BipFlm L ForeTwist1
6598	shirt_chest_forward	shirt_chest_forward
6599	bas.left_1	BAS.Left_1
6600	paulinggib001	paulinggib001
6601	enginelf	EngineLF
6602	bas.rear_right_3	BAS.Rear_Right_3
6603	bone175	Bone175
6604	left_pussy_widen2	Left_pussy_widen2
6605	chamber	Chamber
6606	bip001-head	Bip001-Head
6607	valvebiped.joint5	ValveBiped.joint5
6608	catch2	catch2
6609	middleleft2	MiddleLeft2
6610	cross_02	cross_02
6611	d13	D13
6612	unused b_l_ankle3helper	unused b_l_ankle3helper
6613	boobsie4	boobsie4
6614	def-brows1_r	DEF-brows1_R
6615	bip_zipper_1	bip_zipper_1
6616	valvebiped.bip01_l_vulva	ValveBiped.Bip01_L_Vulva
6617	bip_l_cloth_b_04	bip_l_cloth_b_04
6618	c11	C11
6619	unused150	unused150
6620	bone012	Bone012
6621	face-facialfat	Face-FacialFat
6622	shell.root	Shell.Root
6623	low seat 1	Low seat 1
6624	cloth_side_a_4_l	cloth_side_A_4_L
6625	bh43	Bh43
6626	r_foot_00003	r_foot_00003
6627	bip01_r_toe3	Bip01_R_Toe3
6628	stomp-4	stomp-4
6629	bld_gen_camp_tent_b_blue_a_mesh	BLD_GEN_Camp_Tent_B_Blue_A_Mesh
6630	pants_down_full_1	pants_down_full_1
6631	l__frontpaw	L__FrontPaw
6632	root face	root face
6633	big eyes	Big eyes
6634	smollchin	SmollChin
6635	highlight	Highlight
6636	leg left thigh twist upper 2	leg left thigh twist upper 2
6637	chair hot001	Chair Hot001
6638	c ujacketb a phy	C uJacketB a Phy
6639	flag4	flag4
6640	earleft6	EarLeft6
6641	object031_002	Object031_002
6642	right_cuff	Right_cuff
6643	bone_wrr	Bone_WRR
6644	canine_lfrontleg1	Canine_LFrontLeg1
6645	butt_left_root	butt_Left_root
6646	rachel head forehead right	Rachel head forehead right
6647	lindex	LIndex
6648	helena head forehead left	Helena head forehead left
6649	x_shift_8	x_shift_8
6650	beltcontrol.010	BeltControl.010
6651	loincloth_front_2	Loincloth_front_2
6652	twothirds	TwoThirds
6653	righteyehide	RightEyeHIde+RightEyeHide
6654	lowerlippullup	LowerLipPullUp
6655	mot15_neck	MOT15_Neck
6656	head facial root	head facial root
6657	lthumbnb	LThumbNb
6658	bip wristtwistbase r	bip wristtwistbase r
6659	obj002s	OBJ002s
6660	cormorant	Cormorant
6661	foot_middle_1_l	foot_middle_1_L
6662	wheel_5.rotate	Wheel_5.Rotate
6663	cloth_side_a_4_r	cloth_side_A_4_R
6664	arm right shoulder 2 adj. 1	arm right shoulder 2 adj. 1
6665	head hat wardpaper 3	head hat wardpaper 3
6666	bottle6_liquid	bottle6_liquid
6667	tach1	tach1
6668	bone051	Bone051
6669	09	09
6670	tubes_r	tubes_R
6671	bone_face_eye_l_shape_in	Bone_Face_Eye_L_Shape_In
6672	toplip1.001	TopLip1.001
6673	bip_tie_1_l	bip_Tie_1_L
6674	blink2r	Blink2R
6675	eyeswide-right	EyesWide-Right
6676	fh12.l	Fh12.L
6677	head hat root	head hat root
6678	teeth small	Teeth Small
6679	unused.023	unused.023
6680	car02_controller	Car02_controller
6681	upperlipsraise	UpperLipsRaise
6682	r sideburn b phy	r sideburn b phy
6683	lsmalltoe2 2	lsmalltoe2 2
6684	suitcase_lid	suitcase_lid
6685	smirk_right	smirk_Right
6686	browlraiserlower	BrowLRaiseRLower
6687	arm right shoulder 2 adj. 4	arm right shoulder 2 adj. 4
6688	left_9	left_9
6689	muscle - back	Muscle - Back
6690	tailstopc2	TailsTopC2
6691	r laughline b	R Laughline B
6692	evil	Evil
6693	r_head_13	r_head_13
6694	bh11.r	Bh11.R
6695	pan pan r shift	Pan Pan R shift
6696	bip_ears6_r	bip_Ears6_R
6697	valvebiped_bullet10	ValveBiped_Bullet10
6698	mune2plus_d__offset	mune2plus_d__offset
6699	hitomi head neck upper	Hitomi head neck upper
6700	i6	I6
6701	wristfix	WristFix
6702	unused_7	Unused_7
6703	wep_stock_ar_lever_moe	WEP_Stock_AR_Lever_MOE
6704	beltsfit	BeltsFIT
6705	unused head.041	unused head.041
6706	plant pot 1	Plant pot 1
6707	legtoetip2_r	LegToeTip2_R
6708	left_17	left_17
6709	g2	G2
6710	whr_5	whR_5
6711	bip_fpinky03_l	Bip_FPinky03_L
6712	midtoe1_l	midToe1_l
6713	l_stretcher	L_stretcher
6714	bootybigger	BootyBigger
6715	polysurface69	polySurface69
6716	arm right wrist a	arm right wrist a
6717	shorthair_bone_04	shortHair_bone_04
6718	kissu	Kissu
6719	unused spine upper	unused spine upper
6720	object008	Object008
6721	eyes-full-shocked	Eyes-Full-Shocked
6722	bippbg l finger4	BipPBG L Finger4
6723	tentaclebottom3	TentacleBottom3
6724	body_a	body_a
6725	pupils-blankemote-r	Pupils-BlankEmote-R
6726	fingerbase_l	fingerbase_L
6727	l_butt_right	L_Butt_right
6728	jiggle_stomach_lower	jiggle_stomach_lower
6729	small pupil	Small pupil
6730	hatcloth_bone_01	hatCloth_bone_01
6731	grip.009	grip.009
6732	flex_noise_01	Flex_Noise_01
6733	arm left cloth 3c	arm left cloth 3c
6734	balloon-flat-bottom	balloon-flat-bottom
6735	loincloth_front_3	Loincloth_front_3
6736	eyes lusty	Eyes Lusty
6737	tenta_7_l	tenta_7_L
6738	bas.rear_center_1_jiggle	BAS.Rear_Center_1_jiggle
6739	left little distal	Left Little Distal
6740	pussparent.002_r.008	PussParent.002_R.008
6741	def-foot.001.02.l	DEF-foot.001.02.L
6742	pot belly	Pot Belly
6743	innerbrows_down_l	innerbrows_down_l
6744	wep_boltcatch	WEP_BoltCatch
6745	front 2_1	Front 2_1
6746	bobcut.front_left_1	Bobcut.Front_Left_1
6747	biceps_r	biceps_R
6748	asdown	Asdown
6749	collar_l1	Collar_L1
6750	bip01-r-hand001	Bip01-R-Hand001
6751	bone043	Bone043
6752	box_face_01_m	Box_Face_01_M
6753	unusedtransform2 cmn sl alison	unusedtransform2 cmn sl alison
6754	maid.necktie_left_outer_3	Maid.Necktie_Left_Outer_3
6755	wep_stock_para	WEP_Stock_Para
6756	bip facelipridge1out r	bip facelipridge1out r
6757	bip_stone _r_finger_globe_2_	Bip_STONE _R_Finger_Globe_2_
6758	bone20	Bone20
6759	wrinkle_small_1	wrinkle_small_1
6760	gun_2_l	gun_2_L
6761	jiggleboob	jiggleboob
6762	bone26	Bone26
6763	sweat drop fr	Sweat drop fR
6764	leg right finger 3	leg right finger 3
6765	valvebiped.bip01_l_thumb	ValveBiped.Bip01_L_Thumb
6766	tits - push	Tits - Push
6767	donghide	donghide
6768	island_collar_02_wind_helper	island_collar_02_wind_helper
6769	belt_bone_fr_03	belt_bone_fr_03
6770	bone41	Bone41
6771	tailleft1_1	TailLeft1_1
6772	areolaadjust	AreolaAdjust
6773	wep_m203_trigger	WEP_M203_Trigger
6774	strings 6 jb	strings 6 JB
6775	box_face_17_m	Box_Face_17_M
6776	sightfront	sightFront
6777	right ring finger 3	Right ring finger 3
6778	flm-arma-sworda-n	Flm-ArmA-SwordA-N
6779	leftmetatarsus	LeftMetatarsus
6780	bone.015.l	Bone.015.l
6781	bip_stoolclothlower_0_l	bip_StoolClothLower_0_L
6782	innerlipsdown	InnerLipsDown
6783	nippokejoke	NipPokeJoke
6784	bip_r_teeth	bip_r_teeth
6785	v_weapon.root19	v_weapon.Root19
6786	bip01_neck008	Bip01_Neck008
6787	cape_9_l	cape_9_L
6788	rightnipple3	RightNipple3
6789	bone_legfr3	Bone_LegFR3
6790	r string1 sec root	r string1 sec root
6791	foot_left	foot_left
6792	plant 1	Plant 1
6793	bip_arm_rotate1_r	bip_Arm_Rotate1_R
6794	pantsvaginalopen	Pantsvaginalopen
6795	waist height	Waist Height
6796	chamferbox01	ChamferBox01
6797	earleft3	EarLeft3
6798	valvebiped.bip01_r_butthelper	ValveBiped.Bip01_R_ButtHelper
6799	cloth front middle 2	cloth front middle 2
6800	body tone lower details	Body Tone Lower Details
6801	browouterraisel+browouterraiser	BrowOuterRaiseL+BrowOuterRaiseR
6802	unusedbone030	unusedbone030
6803	arm_twist.r	arm_twist.r
6804	browrraisellower	BrowRRaiseLLower
6805	glasses_r	glasses_R
6806	left_lipupin	Left_LipUpIn
6807	facial_bone_lowrlip_l02	Facial_Bone_LowrLip_L02
6808	pantsclothfixlow	PantsClothFixLow
6809	bunnyearboneleft_2	BunnyEarBoneLeft_2
6810	lm01	LM01
6811	(flex) arms	(FLEX) Arms
6812	pjcmthighback35r	pJCMThighBack35R
6813	object53	Object53
6814	unused_6	Unused_6
6815	bone 1043	bone 1043
6816	maid.bow_right_lower_2	Maid.Bow_Right_Lower_2
6817	pussparent.006	PussParent.006
6818	e5	E5
6819	knotsmall0	KnotSmall0
6820	torso upperbrace f l	Torso upperbrace F L
6821	bld_gen_army_tent_big_a_bottom_a_mesh.001	BLD_GEN_Army_Tent_Big_A_Bottom_A_Mesh.001
6822	pz	PZ
6823	front 1_1	Front 1_1
6824	jigglebutt_r	JiggleButt_R
6825	bip01_l_thigh013	Bip01_L_Thigh013
6826	rightfinger	RightFinger
6827	dead slider	Dead slider
6828	buttflaptopnarrower	ButtFlapTopNarrower
6829	head_a_r	Head_A_R
6830	flm-arma-sworda-cr1	Flm-ArmA-SwordA-CR1
6831	flm-arma-sworda-f	Flm-ArmA-SwordA-F
6832	brows-l-up	Brows-L-Up
6833	testicles l	TESTICLES L
6834	valvebiped_bullet4	ValveBiped_Bullet4
6835	g14	G14
6836	eyes in	Eyes in
6837	pb_l_cmy01_bhair_1	pb_L_CMY01_BHair_1
6838	pbg-rig-eye-l	PBG-Rig-Eye-L
6839	es3	ES3
6840	bone_pelvis	bone_Pelvis
6841	wep_fx_muzzle_gl	WEP_FX_Muzzle_GL
6842	anusopenex	AnusOpenEX
6843	polysurface42	polySurface42
6844	moustache_l	Moustache_L
6845	taurenmale_hd_bone_64	taurenmale_hd_bone_64
6846	togue	Togue
6847	shirthigher	ShirtHigher
6848	arm left shoulder adj 4	arm left shoulder adj 4
6849	leg right boot tassle 5a	leg right boot tassle 5a
6850	bip01_r_forearm010	Bip01_R_Forearm010
6851	opt_as_r_armtwist_a	OPT_AS_R_ArmTwist_A
6852	tailleft1_7	TailLeft1_7
6853	tornbottom	tornBottom
6854	bip_r_claw_c	bip_r_claw_c
6855	neck ring	Neck Ring
6856	unusedbone_39 item_ffx_x-2_rikku_by_xxkammyxx	unusedbone_39 item_FFX_X-2_Rikku_By_xXKammyXx
6857	fringe 15	fringe 15
6858	face-oo	Face-Oo
6859	tentacletop3	TentacleTop3
6860	bip_l_cloth_c_02	bip_l_cloth_c_02
6861	flm-arma-sworda-br	Flm-ArmA-SwordA-BR
6862	c1	C1
6863	palmrsred1	PalmRSred1
6864	left middle finger 2	Left middle finger 2
6865	whr_2	whR_2
6866	elephant_reference	elephant_reference
6867	cons_potion_healing_a_glass_mesh.001	CONS_Potion_Healing_A_Glass_Mesh.001
6868	necksnakeclan	NeckSnakeClan
6869	bip thightwisttop l	bip thightwisttop l
6870	rwing12	RWing12
6871	unused_nostril.001	unused_nostril.001
6872	pussy high	pussy high
6873	strapfrontrightout	StrapFrontRightOut
6874	key.delete	Key.DELETE
6875	larmj	LArmJ
6876	weddingring	WeddingRing
6877	genitals 02	genitals 02
6878	shell.wall_54	Shell.Wall_54
6879	taurenmale_hd_bone_92	taurenmale_hd_bone_92
6880	polysurface126	polySurface126
6881	bipbrk l finger3	BipBrk L Finger3
6882	face-annoyed	Face-Annoyed
6883	bone ring 2	bone ring 2
6884	ref	ref
6885	r_holster_loop1	r_holster_loop1
6886	brk-rig-bacon-bl	Brk-Rig-Bacon-BL
6887	beadhangbackduo b2	BeadHangBackDuo B2
6888	fan.top_4	Fan.Top_4
6889	window_urban_sash_48_88_full_gib01	window_urban_sash_48_88_full_gib01
6890	selector	Selector+selector
6891	unusedbone122	unusedbone122
6892	object007	Object007
6893	limp_1	limp_1
6894	valvebiped.debris_bone	ValveBiped.debris_bone
6895	bip_findex02_l	Bip_FIndex02_L
6896	bip_teeth_bot_l	bip_teeth_bot_l
6897	bobcut.side_right_1_3_jiggle	Bobcut.Side_Right_1_3_jiggle
6898	bip_ear4_l	bip_Ear4_L
6899	generichuman_c_forehead	GenericHuman_C_forehead
6900	finger1b	finger1b
6901	bottom_3	bottom_3
6902	bip01_r_thigh016	Bip01_R_Thigh016
6903	light 2	Light 2
6904	smallboobs	SmallBoobs
6905	ebouterlowererl+ebouterlowererr	EBOuterLowererL+EBOuterLowererR
6906	phone.slide	Phone.Slide
6907	bipbrk sunglasses	BipBrk Sunglasses
6908	wep_gasregulator	WEP_GasRegulator
6909	au6z	AU6Z
6910	unusedhair 00	unusedhair 00
6911	bh03.r	Bh03.R
6912	unused b_l_shoulderuhelper	unused b_l_shoulderuhelper
6913	kunoichiposter	kunoichiposter
6914	shell.wall_31	Shell.Wall_31
6915	upperlip_u	UpperLip_U
6916	higher right	Higher Right
6917	legringfinger2_r	LegRingFinger2_R
6918	eballraiserl	EBAllRaiserL
6919	head laughline lower right	head laughline lower right
6920	drip_jiggle_1	Drip_Jiggle_1
6921	pussy chitsu right	pussy chitsu right
6922	bone_eyes	bone_EYES
6923	leg right knee adj. 1	leg right knee adj. 1
6924	thehelmet	TheHelmet
6925	valvebiped.bip01_vag_back	ValveBiped.Bip01_Vag_Back
6926	eyes_slant2	eyes_slant2
6927	pussy1l+pussy1r	Pussy1L+Pussy1R
6928	lipbottomfoward 	LipBottomFoward 
6929	bip_l_lipbottom1	bip_l_lipbottom1
6930	l_toes_00004	l_toes_00004
6931	12	12
6932	bone172	Bone172
6933	bip_pussyupper_0_l	bip_PussyUpper_0_L
6934	shirt_exposed_tie_right_1	Shirt_Exposed_Tie_Right_1
6935	wep_bullet7_shell	WEP_Bullet7_Shell
6936	smile2_left	smile2_left
6937	face-frown	Face-frown
6938	valvebiped.group5	ValveBiped.group5
6939	cape root	cape root
6940	earring.ring_left_3	Earring.Ring_Left_3
6941	bip_hand_rotate1_l	bip_Hand_Rotate1_L
6942	small nipples	Small nipples
6943	unused genitalslag04	unused genitalslag04
6944	keychain.chain_5	Keychain.Chain_5
6945	l_upper_leg_rear_helper	l_upper_leg_rear_helper
6946	bone_skin_092	Bone_skin_092
6947	bipmar lcalftwist	BipMar LCalfTwist
6948	unused b_l_shoulderfhelper	unused b_l_shoulderfhelper
6949	right_pussy_stretch	Right_pussy_stretch
6950	helena head forehead right	Helena head forehead right
6951	spine lower_r	spine lower_R
6952	bip_stone_r_uparmtwist	Bip_STONE_R_UpArmTwist
6953	bone096	Bone096
6954	back-pull-center	back-pull-center
6955	fin_top_b_d	fin_top_b_d
6956	unusedbone_5c item_ffx_x-2_rikku_by_xxkammyxx	unusedbone_5C item_FFX_X-2_Rikku_By_xXKammyXx
6957	left_liplov	Left_LipLoV
6958	unusedbone019	unusedbone019
6959	tenta_4_l	Tenta_4_L
6960	troubled right	Troubled right
6961	bip chinup01 l	bip chinup01 l
6962	accurate	Accurate
6963	r forearmrollc spo	R ForearmrollC Spo
6964	outereye_r	outerEye_R
6965	mlip_r	MLip_R
6966	string_base	String_Base
6967	wep_foregrip	WEP_Foregrip
6968	belt.l2	Belt.L2
6969	mdldefaultface	MdlDefaultFace
6970	cord7	Cord7
6971	right_3	Right_3+right_3
6972	vint1	Vint1
6973	flaresfoward	flaresfoward
6974	crow_2.humerus_r	Crow_2.Humerus_R
6975	eye-r-blink	Eye-R-Blink
6976	wakazashi.tassel_front_6	Wakazashi.Tassel_Front_6
6977	midright	MidRight
6978	earright6	EarRight6
6979	frily_50.l	Frily_50.L
6980	rtoeindex03	rToeIndex03
6981	crow_2.phalanges3_l	Crow_2.Phalanges3_L
6982	><	><
6983	blink both	Blink Both
6984	unused.018	unused.018
6985	arm left finger knuckle pinky	arm left finger knuckle pinky
6986	head eyebrili right	head eyebrili right
6987	waist rotate	Waist Rotate
6988	try me	TRY ME
6989	head eyelash right 02	head eyelash right 02
6990	trident_3	trident_3
6991	egg.wall_17	Egg.Wall_17
6992	adjust_waist_r	adjust_waist_R
6993	rockets	rockets
6994	frily_root_0.r	Frily_Root_0.R
6995	lingerieexposed	LingerieExposed
6996	littlehead	LittleHead
6997	page2_e	Page2_E
6998	thightwist1left	ThighTwist1Left
6999	l_elbow_twist_b_helper	l_elbow_twist_b_helper
7000	left_lid_raiser	Left_lid_raiser
7001	bulgeshort2	BulgeShort2
7002	bip01_neck004	Bip01_Neck004
7003	flex_thin_mid	Flex_THIN_MID
7004	bip_neck_l	bip_neck_L
7005	sk_l_b_leg_4	SK_L_B_leg_4
7006	r_forearm_00001	r_forearm_00001
7007	| tits size | +	| Tits Size | +
7008	corner_right_drop	corner_right_drop
7009	leglittlefinger3_r	LegLittleFinger3_R
7010	stockmain	StockMain
7011	wep_sight_matech	WEP_Sight_Matech
7012	right thumb 1 grip 2	Right thumb 1 grip 2
7013	head_neck_lower	head_neck_lower
7014	stoumch bulge	Stoumch bulge
7015	pantsclothfix all	PantsClothFix All
7016	panties-fumble	Panties-Fumble
7017	slutthinthinner	SlutThinThinner
7018	shell.wall_19	Shell.Wall_19
7019	skull_ring	skull_ring
7020	jiggle leg right thigh 1	jiggle leg right thigh 1
7021	special05_r	special05_R
7022	bip_pigtail_l_0	bip_pigtail_L_0
7023	valvebiped.bip01_r_finger4_twist_1	ValveBiped.Bip01_R_Finger4_Twist_1
7024	leg right boot tassle 4a	leg right boot tassle 4a
7025	mawopensmile	MawOpenSmile
7026	key.black_31	Key.Black_31
7027	bip01_l_clavicle002	Bip01_L_Clavicle002
7028	leftfinge32	LeftFinge32
7029	pplane4	pPlane4
7030	bipflm r finger2	BipFlm R Finger2
7031	left middle finger 3 grip 1	Left middle finger 3 grip 1
7032	hitomi head eyeball right	Hitomi head eyeball right
7033	bone149	Bone149
7034	clit.barbell_front	Clit.Barbell_Front
7035	l forearmrollc spo	L ForearmrollC Spo
7036	head eyecorner in right	head eyecorner in right
7037	bip_pussyside_1_r	bip_PussySide_1_R
7038	left_pussy_stretch	Left_pussy_stretch
7039	nipleft	NipLeft
7040	ass2	Ass2
7041	thighforwardback	ThighForwardBack
7042	dyng z 01	dyng z 01
7043	shockeyeright	ShockEyeRight
7044	cloth root	cloth root
7045	cc_butt.l.001	cc_Butt.l.001
7046	l deltoidc spo	L DeltoidC Spo
7047	wep_wick5	WEP_Wick5
7048	r_elbow_twist_a_base_helper	r_elbow_twist_a_base_helper
7049	arm left finger 3 c	arm left finger 3 c
7050	fit upper 03	fit Upper 03
7051	unusedbone063	unusedbone063
7052	flm-visor-l1	Flm-Visor-L1
7053	r.worry	r.worry
7054	loosen	loosen
7055	head nostril left 4	head nostril left 4
7056	mot15_neck2	MOT15_Neck2
7057	raiseinleft	RaiseInLeft
7058	cop.pouch	Cop.Pouch
7059	wep_belt_bullet16	WEP_Belt_Bullet16
7060	page3_e	Page3_E
7061	third_arms_r_ring2	Third_Arms_R_Ring2
7062	bip_pad_l	bip_pad_l
7063	wep_bullet2_round	WEP_Bullet2_Round
7064	bottomright	BottomRight
7065	ball_bn2	ball_bn2
7066	40	40
7067	bip_balls1_l	bip_Balls1_l
7068	bobby_bone_necklace_01	BOBBY_Bone_NeckLace_01
7069	polysurface273	polySurface273
7070	shirt_pull_left_up	shirt_pull_left_up
7071	fbx_murasaki_face_shy	fbx_murasaki_face_shy
7072	ceeks puff	Ceeks Puff
7073	paulinggib003	paulinggib003
7074	37	37
7075	orcmale_hd_fixed_bone44	orcmale_hd_fixed_Bone44
7076	unused2	unused2
7077	bip001-spine	Bip001-Spine
7078	brk-rig-face	Brk-Rig-Face
7079	second_arms_r_index2	Second_Arms_R_Index2
7080	ballsdetail1	BallsDetail1
7081	gear.pouch	Gear.Pouch
7082	i15	I15
7083	l pinky knuckleroll	l pinky knuckleRoll
7084	frily_30.r	Frily_30.R
7085	bip01_l_toe1	Bip01_L_Toe1
7086	bipqwn r foretwist1	BipQwn R ForeTwist1
7087	arm left cloth 2a	arm left cloth 2a
7088	arm left cloth 3a	arm left cloth 3a
7089	valvebiped.neck	Valvebiped.neck
7090	pantspulldown	PantsPullDown
7091	grip.001	grip.001
7092	eye_up_l	Eye_up_L
7093	bobcut.front_left_4_jiggle	Bobcut.Front_Left_4_jiggle
7094	object033_001	Object033_001
7095	butt back ctr	butt back ctr
7096	holo	Holo
7097	i13	I13
7098	arm left wrist a	arm left wrist a
7099	lipuppernarrow	LipUpperNarrow
7100	bone 1045	bone 1045
7101	level4_east	Level4_East
7102	armhandsuitraisecenteronly	ArmHandSuitRaiseCenterOnly
7103	r_pucker	R_pucker
7104	liplower_r3	lipLower_R3
7105	pincer right root	Pincer Right Root
7106	m01	M01
7107	bulge-2	Bulge-2
7108	riboon	riboon
7109	leg fix side 90 r	Leg Fix Side 90 R
7110	widex	WideX
7111	sk_l_f_leg_2	SK_L_F_leg_2
7112	doodad.bell_root_right	Doodad.Bell_Root_Right
7113	bip01_spine3_017	Bip01_Spine3_017
7114	arm right shoulder 1 ctr4	arm right shoulder 1 ctr4
7115	rightnipple2	RightNipple2
7116	right_shoulderc	right_shoulderC
7117	ltoemid03	lToeMid03
7118	elbowright	ElbowRight
7119	palmlsred	PalmLSred
7120	canine_rfrontleg2	Canine_RFrontLeg2
7121	bikini_16	Bikini_16
7122	unused duplicate duplicate unused.012	unused duplicate duplicate unused.012
7123	c7	C7
7124	frily_40.r	Frily_40.R
7125	dp	DP
7126	arm left fist	arm left fist
7127	bone107	Bone107
7128	waist straightness	Waist Straightness
7129	sides upper	sides upper
7130	boxc01	BoxC01
7131	testicles root	TESTICLES ROOT
7132	jacket belt r 1	Jacket belt R 1
7133	lback	LBack
7134	flm-arma-sworda-ar	Flm-ArmA-SwordA-AR
7135	toptoraxwide	Toptoraxwide
7136	side_left_8	side_left_8
7137	left_20	left_20
7138	bone_legrr2	Bone_LegRR2
7139	ascot.top_9	Ascot.Top_9
7140	bip_r_ring	bip_r_ring
7141	left_throat_buldge	Left_throat_buldge
7142	generichuman_lsquint	GenericHuman_LSquint
7143	hat_left_tassel_3	Hat_Left_Tassel_3
7144	leg left knee_ctr	leg left knee_ctr
7145	wa2	wa2
7146	xrotn	XRotN
7147	himo 1	himo 1
7148	mar-rig-eggwhite2	Mar-Rig-Eggwhite2
7149	cloth middle 1	cloth middle 1
7150	cape_6_l	cape_6_L
7151	earring.ring_left_2_jiggle	Earring.Ring_Left_2_jiggle
7152	topass	TopAss
7153	bone_skin_093	Bone_skin_093
7154	rtoe05n	RToe05N
7155	l femorisa spo	L FemorisA Spo
7156	lowerlips	LowerLips
7157	unused130	unused130
7158	dlid_r_3	DLid_R_3
7159	tailright1_6	TailRight1_6
7160	bip01_r_forearm004	Bip01_R_Forearm004
7161	ballslsqueshback	ballsLsqueshback
7162	bow right c 1	bow right c 1
7163	palmlbezi1	PalmLBezi1
7164	bip_r_claw_b	bip_r_claw_b
7165	rthumbna	RThumbNa
7166	left arm screw 1	Left arm screw 1
7167	browsupdown	BrowsUpDown
7168	skull_10	skull_10
7169	c_dred_r2_05	C_Dred_R2_05
7170	unused b_r_shoulderarm1helper	unused b_r_shoulderarm1helper
7171	bip001-r-calf	Bip001-R-Calf
7172	nosie2	Nosie2
7173	bip_l_cloth_a_02	bip_l_cloth_a_02
7174	polysurface32	polySurface32
7175	arm right elbow adj.	arm right elbow adj.
7176	bip chinup00 r	bip chinup00 r
7177	bone 79	bone 79
7178	flm-armb-foot-ra	Flm-ArmB-Foot-RA
7179	eye surprised l	Eye Surprised L
7180	cloth left 3	cloth left 3
7181	bone_legml1	Bone_LegML1
7182	bip_penis-1	bip_penis-1
7183	bip01	Bip01
7184	def-thigh.l.004	DEF-thigh.L.004
7185	ranger	RAnger
7186	bip_toe_e	bip_toe_E
7187	bip_bobby_r_uparmtwist1	Bip_BOBBY_R_UpArmTwist1
7188	base/beam/shrink	Base/beam/shrink
7189	bow left bcd root	bow left bcd root
7190	bipfio l finger3	BipFio L Finger3
7191	headgear_r.003	Headgear_R.003
7192	sidelockright1 jiggle	SideLockRight1 jiggle
7193	bone37	Bone37
7194	wep_fx_laser_barrel	WEP_FX_Laser_Barrel
7195	flm-arma-swordb	Flm-ArmA-SwordB
7196	rhandex	RHandEX
7197	bip_caperoot	bip_caperoot
7198	balloon-flat-top	balloon-flat-top
7199	lever.height	Lever.Height
7200	headfur.r	HeadFur.R
7201	bobcut.side_right_1_2	Bobcut.Side_Right_1_2
7202	necklace 2b	necklace 2b
7203	bjalt	BJAlt
7204	office_bedframe_dishevelled	Office_BedFrame_Dishevelled
7205	cloth_front_a_2	cloth_front_A_2
7206	sidebutton	SideButton
7207	pjcmcollarup55l	pJCMCollarUp55L
7208	hat_left_1_jiggle	Hat_Left_1_jiggle
7209	vag_open_2	VAG_OPEN_2
7210	bip_clockcollarfront_r	bip_ClockCollarFront_R
7211	egg.root	Egg.Root
7212	creaseass	CreaseASS
7213	overpass_swingset_seat_model	overpass_swingset_seat_model
7214	lsmalltoe1 2	lsmalltoe1 2
7215	pussparent.002_r.011	PussParent.002_R.011
7216	bone._r.001	Bone._R.001
7217	nippokedouble05	NipPokeDouble05
7218	mot14_rightarm	MOT14_RightArm
7219	bone-l-calf-twist	Bone-L-Calf-Twist
7220	bas.back_2_jiggle	BAS.Back_2_jiggle
7221	object36	Object36
7222	l_rear_holster_0u_4v	l_rear_holster_0u_4v
7223	ス横先.l	ス横先.L
7224	key.white_44	Key.White_44
7225	browmidneutral	BrowMidNeutral
7226	rachel head nostril left 1	Rachel head nostril left 1
7227	bobcut.right_3_jiggle	Bobcut.Right_3_jiggle
7228	leftearbottom	LeftEarBottom
7229	upperlip_curlin	UpperLip_CurlIN
7230	bip01_l_forearm010	Bip01_L_Forearm010
7231	teeth none lower2	Teeth None Lower2
7232	bip chin01 l	bip chin01 l
7233	bh01.l	Bh01.L
7234	middleman dummy	middleman dummy
7235	bone020	Bone020
7236	sharp nipple	Sharp Nipple
7237	hose_15	Hose_15
7238	eyeclashfix	EyeClashFix
7239	unused.021	unused.021
7240	left middle finger 1 grip 2	Left middle finger 1 grip 2
7241	clav_left	clav_left
7242	l forearmrollb spo	L ForearmrollB Spo
7243	flm-rig-hole-v2	Flm-Rig-Hole-V2
7244	unused head neck upper attached_head head neck lower	unused head neck upper attached_head head neck lower
7245	l deltoidb spo	L DeltoidB Spo
7246	hokage hat right 3b	hokage hat right 3b
7247	headfur.l	HeadFur.L
7248	squeeze	Squeeze
7249	waist size	Waist Size
7250	cum-flat-left	cum-flat-left
7251	body size	Body Size
7252	muscule	Muscule
7253	unused073	unused073
7254	lipsraisel+lipsraiser	LipsRaiseL+LipsRaiseR
7255	bip_front_cloth_a_01	bip_front_cloth_a_01
7256	head n rolls right a	head n rolls right a
7257	window_urban_sash_48_88_full_gib07	window_urban_sash_48_88_full_gib07
7258	nostrilsright	NostrilsRight
7259	blink happy eye	Blink Happy Eye
7260	legpeopledifferencefinger3_r	LegPeopleDifferenceFinger3_R
7261	bip01_r_upperarm007	Bip01_R_UpperArm007
7262	vheightvwidthfront	VheightVwidthFront
7263	botshirtupalt	BotShirtUpAlt
7264	r middle 02	r middle 02
7265	unused6	unused6
7266	accessories bell root	accessories bell root
7267	shirt-lift-1	Shirt-Lift-1
7268	bone180	Bone180
7269	jacket_collar_r	jacket_collar_R
7270	second_arms_r_ring2	Second_Arms_R_Ring2
7271	flm-arma-leg-l1	Flm-ArmA-Leg-L1
7272	c_tier_c01	C_TieR_C01
7273	l ujacketc b phy	L uJacketC b Phy
7274	bip_fpinky01_l	Bip_FPinky01_L
7275	hand finger left 4b	hand finger left 4b
7276	valvebiped.joint3	ValveBiped.joint3
7277	necklace 1b	necklace 1b
7278	bone_legmr2	Bone_LegMR2
7279	bobcut.side_right_2_1_jiggle	Bobcut.Side_Right_2_1_jiggle
7280	kubi_d__offset	kubi_d__offset
7281	tank - boobscaler	Tank - boobscaler
7282	indexleft1	IndexLeft1
7283	cervixdown	CervixDown
7284	r ulipin a	R Ulipin A
7285	spine upper.002	spine upper.002
7286	wep_rear_sight	WEP_Rear_Sight
7287	gen_1	Gen_1
7288	rag3	rag3
7289	bip_l_middle	bip_l_middle
7290	pcylinder11	pCylinder11
7291	top_04	Top_04
7292	orcmale_hd_fixed_bone54	orcmale_hd_fixed_Bone54
7293	au27z	AU27Z
7294	bone013	Bone013
7295	valvebiped.bip01_r_forearmtwist2	ValveBiped.Bip01_R_ForearmTwist2
7296	frontleft	FrontLeft
7297	foot_right	foot_right
7298	bip01_head007	Bip01_Head007
7299	leg left thigh ctr1	leg left thigh ctr1
7300	bip_cloth_02	bip_cloth_02
7301	r3rdnc	R3rdNc
7302	camera.mount_z	camera.mount_z
7303	open_holes	Open_Holes
7304	jiggle spine 3	jiggle spine 3
7305	under_lid	Under_Lid
7306	legthumb3_r	LegThumb3_R
7307	sk_r_b_leg_2	SK_R_B_leg_2
7308	cock.shaft_5_skin	Cock.Shaft_5_Skin
7309	arm right wrist twist 2	arm right wrist twist 2
7310	wrinkles-4	wrinkles-4
7311	wep_stock_ar_lever	WEP_Stock_AR_Lever
7312	body-big-ass	Body-Big-Ass
7313	dyng c 01	dyng c 01
7314	narrowbc	NarrowBC
7315	l middle 03	l middle 03
7316	polysurface8	polySurface8
7317	anusopensuitexposed	AnusOpenSuitExposed
7318	bip chinfront01 r	bip chinfront01 r
7319	submesh_00_lod_1.3479	submesh_00_LOD_1.3479
7320	arm right bracelet 01	arm right bracelet 01
7321	bip_tailc04	bip_tailC04
7322	hand_rotate_l	Hand_Rotate_L
7323	lipbitel	LipBiteL
7324	tears left width	Tears left width
7325	bip upperarmtwist2 l	bip upperarmtwist2 l
7326	flex_fat_bottom	Flex_Fat_Bottom
7327	bone pinky 06	bone pinky 06
7328	bip_stripes1_l	bip_stripes1_L
7329	bip_b_nic_pelvis	bip_B_Nic_Pelvis
7330	leg right boot tassle 3a	leg right boot tassle 3a
7331	gun_2_r	gun_2_R
7332	sight_glass	sight_glass
7333	(ripped) shirt (shirt)	(RIPPED) Shirt (SHIRT)
7334	fin_top_a_b	fin_top_a_b
7335	bip_pelvis_jiggle	bip_pelvis_jiggle
7336	ashikubi_l__rot_ashi_l__x100__offset	ashikubi_l__rot_ashi_l__x100__offset
7337	fringe 5 jb	fringe 5 JB
7338	rtoeindex02	rToeIndex02
7339	prf_murasaki_costume_1_aos	prf_murasaki_costume_1_aos
7340	bone045	Bone045
7341	bip_leg.008	Bip_leg.008
7342	leg left thigh ctrl 1	leg left thigh ctrl 1
7343	fa_up_lid_left_outer	fa_up_lid_left_outer
7344	bip shoulderbackin r	bip shoulderbackin r
7345	bone pinky 07	bone pinky 07
7346	helper_rt	Helper_RT
7347	bip_l_horn_b	bip_l_horn_b
7348	widey	WideY
7349	pb_r_cmy01_bhair_3	pb_R_CMY01_BHair_3
7350	bip_head12_l	bip_head12_l
7351	r index 01	r index 01
7352	book coverpage turn1	Book CoverPage Turn1
7353	doorhandleboneleft	DoorHandleBoneLeft
7354	l ujacketa spo	L uJacketA Spo
7355	wep_m203_nade_shell	WEP_M203_Nade_Shell
7356	head nasolabial furrow right	Head Nasolabial Furrow Right
7357	bodyshape-lithe	bodyshape-lithe
7358	pussy right 1	pussy right 1
7359	bottle5_liquid	bottle5_liquid
7360	lever.lock	Lever.Lock
7361	arm left shoulder ctr2	arm left shoulder ctr2
7362	armcloth_left_4	ArmCloth_Left_4
7363	leg left knee adj. 4	leg left knee adj. 4
7364	pantiesbulgem	PantiesBulgeM
7365	c_dred_l1_04	C_Dred_L1_04
7366	ruby_rt_pinkycup_jnt	Ruby_rt_pinkyCup_jnt
7367	bone_arr	Bone_ARR
7368	chin2.r	chin2.R
7369	bottomleft	BottomLeft
7370	c_dred_c1_06	C_Dred_C1_06
7371	chain_9	chain_9
7372	wep_fx_muzzle10	WEP_FX_Muzzle10
7373	poke03	Poke03
7374	bip_bobby_l_uparmtwist	Bip_BOBBY_L_UpArmTwist
7375	h_r_index1	h_R_Index1
7376	canine_lfrontleg2	Canine_LFrontLeg2
7377	wep_fronsight_flipup_kac	WEP_FronSight_FlipUp_KAC
7378	bip01 op2.r	Bip01 Op2.R
7379	wep_bipod_leftleg2	WEP_Bipod_LeftLeg2
7380	fbx_sakura_face_shy	fbx_sakura_face_shy
7381	watergone	WaterGone
7382	pussyopensuitexposed	PussyOpenSuitExposed
7383	bow left 3b	bow left 3b
7384	ph03	PH03
7385	tail 1 jb	tail 1 JB
7386	cloth_bone_up_r_06	cloth_bone_up_r_06
7387	arm left shoulder ctrl 1	arm left shoulder ctrl 1
7388	rope_7	Rope_7
7389	wep_peq2	WEP_PEQ2
7390	bip_righteye	bip_RightEye
7391	toprightbone	TopRightBone
7392	pantsvagopen	PantsVagOpen
7393	bone156	Bone156
7394	right_hand_twist3_end	right_hand_twist3_end
7395	enlarge_y	enlarge_y
7396	tasselc	TasselC
7397	reyehalfclose	REyeHalfClose
7398	bodyshape-body-size-min	bodyshape-body-size-min
7399	knee fix.l	Knee Fix.L
7400	wakazashi.handle	Wakazashi.Handle
7401	topexposed	TOPEXPOSED
7402	wep_stock_para_retract	WEP_Stock_Para_Retract
7403	arm left elbow adj. 3	arm left elbow adj. 3
7404	bone191	Bone191
7405	bip_pigtail_l_1	bip_pigtail_L_1
7406	bip facetempleloin l	bip facetempleloin l
7407	eyeswide-left	EyesWide-Left
7408	genitals_inner_middle_right	Genitals_Inner_Middle_Right
7409	lipsbottomcurlout	lipsbottomcurlout
7410	bip chin	bip chin
7411	arm left elbow twist1	arm left elbow twist1
7412	ehh r	Ehh R
7413	dyng w 03	dyng w 03
7414	crush-4	crush-4
7415	bip_teeth_top_r	bip_teeth_top_r
7416	valvebiped.bip01_l_ring02	ValveBiped.Bip01_L_Ring02
7417	flm-arma-swordb-il	Flm-ArmA-SwordB-IL
7418	neutrall	NeutralL
7419	frily_root_1.l	Frily_Root_1.L
7420	wep_clipazine_child	WEP_Clipazine_Child
7421	head_neck_upper	head_neck_upper
7422	fbx_weapon_asagi_3	fbx_weapon_asagi_3
7423	arm right elbow adjust a	arm right elbow adjust a
7424	bh13.l	Bh13.L
7425	gatling	gatling
7426	bip01_spine3_008	Bip01_Spine3_008
7427	l thumb 02	l thumb 02
7428	head laughline upper right	head laughline upper right
7429	cock_01.001	Cock_01.001
7430	earring.ring_1	Earring.Ring_1
7431	pot3	pot3
7432	tailright4_1	TailRight4_1
7433	headgear_l.006	Headgear_L.006
7434	brk-rig-hole-v1	Brk-Rig-Hole-V1
7435	brk-rig-bacon-b	Brk-Rig-Bacon-B
7436	right_2	Right_2+right_2
7437	bas.side_right_3	BAS.Side_Right_3
7438	asimpact 2	Asimpact 2
7439	back 2	Back 2
7440	veil_middle_1	VEIL_MIDDLE_1
7441	bip01_r_hand019	Bip01_R_Hand019
7442	liplowerinner_r	LipLowerInner_R
7443	tie_02	Tie_02
7444	tailleft4_5	TailLeft4_5
7445	egg.wall_5	Egg.Wall_5
7446	bandana knot	Bandana Knot
7447	unused147	unused147
7448	blinkmid1	BlinkMid1
7449	cloth_side_b_l	cloth_side_B_L
7450	arm_rotate_l	Arm_Rotate_L
7451	hands skinny	Hands Skinny
7452	bip01_r_hand018	Bip01_R_Hand018
7453	bip_pinky_2_l_end	bip_pinky_2_L_end
7454	bip forearmtwistbottom r	bip forearmtwistbottom r
7455	side_left_7	side_left_7
7456	bone078	Bone078
7457	unused stomach root	unused stomach root
7458	wep_front_sight	WEP_Front_Sight
7459	dyng r necklace 03	dyng r necklace 03
7460	lipnasolabialcrease_l	LipNasolabialCrease_L
7461	back.bow_right_2	Back.Bow_Right_2
7462	bow left 1a	bow left 1a
7463	asup	Asup
7464	lowerlidlowerl+lowerlidlowerr	LowerLidLowerL+LowerLidLowerR
7465	whr_1	whR_1
7466	bow right 1d	bow right 1d
7467	bone177	Bone177
7468	s2	s2
7469	pbg-base	PBG-Base
7470	root hips_l.002	root hips_L.002
7471	head cheeck left 2	head cheeck left 2
7472	generichuman_l_cornerlipjnt	GenericHuman_l_cornerLipJnt
7473	bone_skin	Bone_skin
7474	boobsie3	boobsie3
7475	mune_r__const_kata_r__rot_sakotsu_r__x0__offset	mune_r__const_kata_r__rot_sakotsu_r__x0__offset
7476	pencil04	pencil04
7477	bip_r_cloth_a_02	bip_r_cloth_a_02
7478	spike_06_m	Spike_06_M
7479	l dlipout b	L Dlipout B
7480	submesh_00_lod_1.1222	submesh_00_LOD_1.1222
7481	fit upper 01	fit Upper 01
7482	flm-arma-swordb-br	Flm-ArmA-SwordB-BR
7483	back 6_1	Back 6_1
7484	bone 66	bone 66
7485	wep_slide_extractor	WEP_Slide_Extractor
7486	lidsupright	LidsUpRight
7487	rpinky	RPinky
7488	v_ind_ss_deskfan2_high_0	v_ind_ss_deskfan2_high_0
7489	body-waist-pannel-shrink-remove	Body-Waist-Pannel-Shrink-Remove
7490	wep_boxmagazine_bullet4	WEP_BoxMagazine_Bullet4
7491	apron c3	Apron c3
7492	hook_left	HOOK_LEFT
7493	topright	TopRight
7494	lowerleg_left	lowerleg_left
7495	ph12	PH12
7496	cklegbendforwardr120	CKLegBendForwardR120
7497	bip_pads_l	bip_pads_l
7498	bone081	Bone081
7499	- ex	- ex
7500	flm-arma-foot-r1	Flm-ArmA-Foot-R1
7501	flm-arma-swordb-h	Flm-ArmA-SwordB-H
7502	r_fin_front_b	r_fin_front_b
7503	anus/vag open dp corr	Anus/Vag Open DP Corr
7504	lowerliplowerl	LowerLipLowerL
7505	bip_l_horn_c	bip_l_horn_c
7506	foot_s_l	Foot_S_L
7507	r dlid a	R Dlid A
7508	bone125	Bone125
7509	bip01-spine003	Bip01-Spine003
7510	larmtwist3	lArmTwist3
7511	shell.wall_46	Shell.Wall_46
7512	bas.rear_right_3_jiggle	BAS.Rear_Right_3_jiggle
7513	jacket_collar_l	jacket_collar_L
7514	gen_4	Gen_4
7515	squish-zy	squish-zy
7516	left_lidloclose	Left_LidLoClose
7517	bip001-l-thigh	Bip001-L-Thigh
7518	opt_as_r_hip	OPT_AS_R_Hip
7519	jiggle.tassle_back_3	Jiggle.Tassle_Back_3
7520	ude_md_l__rot_te_l__x50__offset	ude_md_l__rot_te_l__x50__offset
7521	third_arms_r_ring1	Third_Arms_R_Ring1
7522	valvebiped_bullet7	ValveBiped_Bullet7
7523	bip01_spine1_002	Bip01_Spine1_002
7524	flm-arma-neckb	Flm-ArmA-NeckB
7525	collar_r1	Collar_R1
7526	pussy left in 2	pussy left in 2
7527	wrinkle_small_3	wrinkle_small_3
7528	window_urban_sash_48_88_full_gib02	window_urban_sash_48_88_full_gib02
7529	bikini_12	Bikini_12
7530	wep_fireselector	WEP_FireSelector
7531	genitals_inner_front_left	Genitals_Inner_Front_Left
7532	head nostril left c	head nostril left c
7533	grinning 	Grinning 
7534	leotoardalt2-slideaside	LeotoardAlt2-SlideAside
7535	liquid	liquid
7536	bone 1010	bone 1010
7537	tail02n	Tail02N
7538	wheelfront_base	wheelfront_base
7539	wep_optic	WEP_Optic
7540	dyng y 03	dyng y 03
7541	bikini boobs big	Bikini Boobs Big
7542	keychain.chain_7	Keychain.Chain_7
7543	belt_bone_fr_01	belt_bone_fr_01
7544	bone_face_eye_l_shape_out	Bone_Face_Eye_L_Shape_Out
7545	wep_fx_flashlight	WEP_FX_Flashlight
7546	strings 9 jb	strings 9 JB
7547	bow right 2e	bow right 2e
7548	bone186	Bone186
7549	rshoulderjb	RShoulderJb
7550	bip_stoolclothlower_0_r	bip_StoolClothLower_0_R
7551	leglittlefinger1_l	LegLittleFinger1_L
7552	blades	blades
7553	wheel_rr	Wheel_RR
7554	vagopen07	VagOpen07
7555	headjaw	HeadJaw
7556	bow left b 3	bow left b 3
7557	knotmedium1	KnotMedium1
7558	rope.02.r	rope.02.R
7559	r dlid b	R Dlid B
7560	bone163	Bone163
7561	leg3	leg3
7562	bip_r_ripupper0	bip_r_ripupper0
7563	hinge.music_stand	Hinge.Music_Stand
7564	eye upset	Eye upset
7565	thigh fix deformation 90 l	Thigh Fix Deformation 90 L
7566	left_lidupclose	Left_LidUpClose
7567	r ucor	R Ucor
7568	bip01 foot.l	Bip01 Foot.L
7569	cape left 3	cape left 3
7570	buttsizenew	ButtsizeNew
7571	bip01_l_clavicle008	Bip01_L_Clavicle008
7572	pantsanusopen	PantsAnusOpen
7573	telebase	Telebase
7574	v_weapon.m3_shell	v_weapon.M3_SHELL
7575	unused.010	unused.010
7576	hm	Hm
7577	smileright	SmileRight
7578	arm right elbow twist1	arm right elbow twist1
7579	55	55
7580	bip001-r-toe0	Bip001-R-Toe0
7581	rm01	RM01
7582	headfurtip.l	HeadFurTip.L
7583	cape2_right1	CAPE2_RIGHT1
7584	wep_fx_muzzle7	WEP_FX_Muzzle7
7585	right_lipupv	Right_LipUpV
7586	adjust_wrist_l	adjust_wrist_L
7587	unusedbone127	unusedbone127
7588	polysurface63	polySurface63
7589	bone 1077	bone 1077
7590	vag insert	vag insert
7591	backhair5.002	backhair5.002
7592	ph13	PH13
7593	v_weapon.right_arm	v_weapon.Right_Arm
7594	rlowerlid	rLowerLid
7595	l whiskers a phy	l whiskers a phy
7596	frontcloth.02	FrontCloth.02
7597	bip thightwistbottom l	bip thightwistbottom l
7598	unused head neck lower attached_ssx h #2 root hips	unused head neck lower attached_ssx h #2 root hips
7599	head eye root	head eye root
7600	key.white_6	Key.White_6
7601	rgrrrr	RGRRRR
7602	tube001	Tube001
7603	left thumb 0 grip 1	Left thumb 0 grip 1
7604	def-spine.029	DEF-spine.029
7605	wep_ironsight_front	WEP_Ironsight_Front
7606	object025_001	Object025_001
7607	cangry2	CAngry2
7608	unused flex (only here to fix the legs)	Unused Flex (Only Here to Fix The Legs)
7609	bip_woolpelvis_0_l	bip_WoolPelvis_0_L
7610	bas.rear_center_1	BAS.Rear_Center_1
7611	stare 2 l	Stare 2 L
7612	outfit-shirt	Outfit-Shirt
7613	larmtwist0	lArmTwist0
7614	glass 1	Glass 1
7615	pincer right tip	Pincer Right Tip
7616	tipsize	tipsize
7617	bodyshape-stocky	bodyshape-stocky
7618	sideburn_root_r	sideburn_root_R
7619	anus_close	Anus_Close
7620	shell.wall_48	Shell.Wall_48
7621	fa_nostril_right	fa_nostril_right
7622	moustache_r_23	Moustache_R_23
7623	wep_fireselect_right	WEP_FireSelect_Right
7624	vag_out_jnt.001	Vag_Out_Jnt.001
7625	fit-underwear	Fit-Underwear
7626	rkneej	RKneeJ
7627	bone086	Bone086
7628	bip_l_cloth_b	bip_l_cloth_b
7629	r dlip b	R Dlip B
7630	tailright3_4	TailRight3_4
7631	c_dred_r2_04	C_Dred_R2_04
7632	bipfin r finger2	BipFin R Finger2
7633	anus_tighten	anus_tighten
7634	right_10	right_10
7635	leg left thigh adjuster	Leg Left Thigh Adjuster
7636	ref chipbag closed	REF CHIPBAG CLOSED
7637	unusedbone046	unusedbone046
7638	r string2 tip sec	r string2 tip sec
7639	page4_r	Page4_R
7640	bone.001_l.005	Bone.001_L.005
7641	bobcut.left_2_jiggle	Bobcut.Left_2_jiggle
7642	vaginapush	VaginaPush
7643	wep_rail_peq2	WEP_Rail_PEQ2
7644	popsicleupperbite02	popsicleupperbite02
7645	tailstopd2	TailsTopD2
7646	kata_l_d__offset	kata_l_d__offset
7647	capcontroller	CapController
7648	browsisoup	BrowsIsoUp
7649	fan.top_1	Fan.Top_1
7650	leg right sth	leg right StH
7651	v_weapon.m3_trigger	v_weapon.M3_TRIGGER
7652	eye-r-anger	Eye-R-Anger
7653	bip01_l_thigh018	Bip01_L_Thigh018
7654	wep_stock_hook	WEP_Stock_Hook
7655	mo1l+mo1r	MO1L+MO1R
7656	door_2	door_2
7657	cape_4_r	cape_4_R
7658	sk_spine_2	SK_spine_2
7659	bip_ear5_r	bip_Ear5_R
7660	ripple04	Ripple04
7661	armcloth_right_2	ArmCloth_Right_2
7662	baffle.front	baffle.Front
7663	bone.ring	bone.ring
7664	bottomlid_l1	bottomlid_L1
7665	unused127	unused127
7666	boobsie21	boobsie21
7667	r_shoulder_front_helper	r_shoulder_front_helper
7668	ear2	Ear2+ear2
7669	bip_r_cloth_b_04	bip_r_cloth_b_04
7670	kargathbladefist_bone46	kargathbladefist_Bone46
7671	valvebiped.bip01_l_thumb03	ValveBiped.Bip01_L_Thumb03
7672	bolt_catch	Bolt_catch
7673	wep_safety	WEP_Safety
7674	hat_left_3_jiggle	Hat_Left_3_jiggle
7675	left hand screw 3	Left hand screw 3
7676	seat_back	seat_back
7677	second_arms_r_wrist	Second_Arms_R_Wrist
7678	rjaw0	rjaw0
7679	srs	SRS
7680	bip_tentacle.008	Bip_Tentacle.008
7681	earring_l_d_4	Earring_L_D_4
7682	bip01_l_forearm002	Bip01_L_Forearm002
7683	shrinklegs	ShrinkLegs
7684	lbrow2	lBrow2
7685	femish	FemIsh
7686	flm-armb-arm-rg	Flm-ArmB-Arm-RG
7687	pb_r_cmy01_fhair_02	pb_R_CMY01_FHair_02
7688	+left_footd	+left_footD
7689	leg right knee adj. 3	leg right knee adj. 3
7690	generichuman_r_upplidjnt	GenericHuman_r_uppLidJnt
7691	door1left	Door1Left
7692	leftfinge52	LeftFinge52
7693	rip01 joint	rip01 joint
7694	wing_right_2_1	Wing_Right_2_1
7695	belt_dagger	Belt_Dagger
7696	collar right 4	collar right 4
7697	calf_twist_l_02	calf_twist_l_02
7698	bone 1096	bone 1096
7699	body base	Body base
7700	r02	R02
7701	head-wide	head-wide
7702	pantsvagclose	PantsVagClose
7703	bone_arl	Bone_ARL
7704	openl	openL
7705	left index finger 3 grip 1	Left index finger 3 grip 1
7706	tailrootbone	TailRootBone
7707	door1	Door1
7708	arm left finger knuckle ring	arm left finger knuckle ring
7709	bow right 3c	bow right 3c
7710	bone_skin_097	Bone_skin_097
7711	middlewirebulgedown	MiddleWireBulgeDown
7712	def-spine.006_r.010	DEF-spine.006_R.010
7713	r middle 03	r middle 03
7714	charge_handle	charge_handle
7715	tailleft3_6	TailLeft3_6
7716	leftbrowraise	LeftbrowRaise
7717	~	~
7718	oris06	oris06
7719	crow_1.humerus_r	Crow_1.Humerus_R
7720	five_bullet02	Five_Bullet02
7721	bippbg lthightwist	BipPBG LThighTwist
7722	bas.back_1	BAS.Back_1
7723	dummy01	Dummy01
7724	tentacletop2	TentacleTop2
7725	valvebiped.chain_aligned7	ValveBiped.chain_aligned7
7726	jiggle spine 4	jiggle spine 4
7727	chainfront_l	ChainFront_L
7728	moustache_r_1	Moustache_R_1
7729	left arm screw 3	Left arm screw 3
7730	donger03_chain	donger03_chain
7731	wep_pin	WEP_Pin
7732	shirt_exposed_tie_left_2	Shirt_Exposed_Tie_Left_2
7733	flex_flat	Flex_FLAT
7734	vheightvwidthback	VheightVwidthBack
7735	unused145	unused145
7736	pad1_1	pad1_1
7737	vip_gibhead02	VIP_gibHead02
7738	flaresback	flaresback
7739	whl_3	whL_3
7740	bip chinlo	bip chinlo
7741	left little finger 1 grip 1	Left little finger 1 grip 1
7742	bip_l_finger_c_01	bip_l_finger_c_01
7743	head eye inner upper right	Head Eye Inner Upper Right
7744	crotch.rear	Crotch.Rear
7745	leotardcameltoe	LeotardCameltoe
7746	valvebiped.bip01_r_vulvab	ValveBiped.Bip01_R_VulvaB
7747	wrinkles-7	wrinkles-7
7748	bip_strands1_l	bip_Strands1_L
7749	box_face_20_m	Box_Face_20_M
7750	tail 4 jb	tail 4 JB
7751	arm left elbow pad	arm left elbow pad
7752	lighthearted	LightHearted
7753	r_rear_holster_0u_8v	r_rear_holster_0u_8v
7754	left_vag_d_2	left_vag_d_2
7755	bodyvolup	BodyVolup
7756	crow_1.phalanges1_l	Crow_1.Phalanges1_L
7757	narrow2	Narrow2
7758	bip_hb1_l	bip_hb1_L
7759	backleftloopclose	BackLeftLoopClose
7760	head-skinny	head-skinny
7761	bip_r_middle_03	bip_r_middle_03
7762	bipqwn l foretwist	BipQwn L ForeTwist
7763	squinch left	squinch left
7764	bone115	Bone115
7765	tailright3_2	TailRight3_2
7766	rtoeindex01	rToeIndex01
7767	valvebiped.bip01_l_fingerbase4	ValveBiped.Bip01_L_FingerBase4
7768	helperbody1l	helperBody1L
7769	flower pattern	Flower pattern
7770	bone 1061	bone 1061
7771	bone119	Bone119
7772	browmiddle_right_up	browMiddle_Right_Up
7773	bip kneetwisttopout l	bip kneetwisttopout l
7774	v_weapon	v_weapon
7775	sperm.tail_1	Sperm.Tail_1
7776	c collar tip sec	c collar tip sec
7777	bobcut.rear_left_3	Bobcut.Rear_Left_3
7778	wep_belt_bullet10	WEP_Belt_Bullet10
7779	jnt_128	jnt_128
7780	nostril open right	Nostril Open Right
7781	tank	Tank
7782	nasolabialmiddle_l	NasolabialMiddle_L
7783	shoulder_bone_correct_r_02	shoulder_bone_correct_r_02
7784	shirt_full_tie_left_1	Shirt_Full_Tie_Left_1
7785	rwing01	RWing01
7786	necklace 3	necklace 3
7787	valvebiped.bip01_r_shoulder_twist	ValveBiped.Bip01_R_Shoulder_Twist
7788	shell.wall_11	Shell.Wall_11
7789	v_sil	v_sil
7790	holster_l	holster_L
7791	pedal.right	Pedal.Right
7792	jacket right back c	jacket right back c
7793	canine_pelvis	Canine_Pelvis
7794	throat swallow	Throat Swallow
7795	happy_open	happy_open
7796	strench	strench
7797	shirt up	shirt up
7798	bip legtwistbottom r	bip legtwistbottom r
7799	eyeslookleft	EyesLookLeft
7800	egg.wall_11	Egg.Wall_11
7801	bip_claw_e	bip_claw_e
7802	key.v	Key.V
7803	unused pelvis attached_penis root hips	unused pelvis attached_penis root hips
7804	sk_tail01	SK_tail01
7805	bikini_b_jiggle	Bikini_b_jiggle
7806	polysurface62	polySurface62
7807	bone018	Bone018
7808	right_puckerliplo	Right_PuckerLipLo
7809	r_chest_helper	r_chest_helper
7810	9	9
7811	bip_head_top	bip_head_top
7812	wep_shell4	WEP_Shell4
7813	_57_mesh4	_57_mesh4
7814	shoulder right	shoulder right
7815	cloth left 2 jb	cloth left 2 JB
7816	ballslsqueshfront	ballsLsqueshfront
7817	eyes-suspicious-l	Eyes-Suspicious-L
7818	nippokedouble04	NipPokeDouble04
7819	foot_pinky_1_r	foot_pinky_1_R
7820	tie_04	Tie_04
7821	llegex	LLegEX
7822	squint-left	Squint-Left
7823	bone065	Bone065
7824	rsmalltoe2 2	rsmalltoe2 2
7825	ball 1	ball 1
7826	object23	Object23
7827	wep_shellholder	WEP_ShellHolder
7828	right lowerarm	Right LowerArm
7829	bip01_l_forearm009	Bip01_L_Forearm009
7830	bone056	Bone056
7831	unusedmot07-leftleg	unusedmot07-leftleg
7832	genitals_inner_back_right	Genitals_Inner_Back_Right
7833	cape1_left2	CAPE1_LEFT2
7834	taurenmale_hd_bone_101	taurenmale_hd_bone_101
7835	bipqwn	BipQwn
7836	thejaw	THEJAW
7837	collar right b	collar right b
7838	valvebiped.lboob1	ValveBiped.lboob1
7839	bodychubby	BodyChubby
7840	page1_a	Page1_A
7841	r fold a	R Fold A
7842	second_arms_r_thumb1	Second_Arms_R_Thumb1
7843	23	23
7844	asshole_8	Asshole_8
7845	tail left root	tail left root
7846	foot_pinky_2_r	foot_pinky_2_R
7847	huladoll.base	Huladoll.base
7848	bippbg l finger1	BipPBG L Finger1
7849	bobcut.front_left_2	Bobcut.Front_Left_2
7850	object013	Object013
7851	r string6 tip sec	r string6 tip sec
7852	creaseleft	CreaseLeft
7853	daze	Daze
7854	e15	E15
7855	valvebiped.bip01_l_pinkie02	ValveBiped.Bip01_L_Pinkie02
7856	g11	G11
7857	dyng a 01	dyng a 01
7858	bone_legmr3	Bone_LegMR3
7859	bone160	Bone160
7860	leg right upper	leg right upper
7861	flm	Flm
7862	object010_001	Object010_001
7863	drum	Drum
7864	bip_l_eyelash	bip_l_eyelash
7865	car16	car16
7866	poney hair dress	Poney Hair Dress
7867	tenta_1_r	tenta_1_R
7868	chair.height_1	Chair.Height_1
7869	cam	cam
7870	valvebiped_bullet8	ValveBiped_Bullet8
7871	right index finger 1 grip 2	Right index finger 1 grip 2
7872	unusedarm right finger knuckle middle	unusedarm right finger knuckle middle
7873	rough_small_4	rough_small_4
7874	bip fring00 r	bip fring00 r
7875	grip.004	grip.004
7876	brk-rig-bacon-f	Brk-Rig-Bacon-F
7877	backleft	BackLeft
7878	bobcut.rear_left_2	Bobcut.Rear_Left_2
7879	collar left b	collar left b
7880	bip01_spine1_009	Bip01_Spine1_009
7881	right_19	right_19
7882	arm right finger 2 d	arm right finger 2 d
7883	pb_l_cmy01_bhair_5	pb_L_CMY01_BHair_5
7884	bipbrk flower	BipBrk Flower
7885	poke10	Poke10
7886	nostril rise right	Nostril Rise Right
7887	leg right thigh twist a	leg right thigh twist a
7888	bone13	Bone13
7889	knotlarge2	KnotLarge2
7890	bip_shoulderarmor_l	bip_SHOULDERARMOR_L
7891	phys	Phys
7892	bip_l_ring_02	bip_l_ring_02
7893	shell.wall_5	Shell.Wall_5
7894	grapple5	grapple5
7895	straps_r	straps_R
7896	dyng e 02	dyng e 02
7897	reflexsite	ReflexSite
7898	bone064	Bone064
7899	finger_index_right_0	finger_index_right_0
7900	nip tuck	Nip tuck
7901	bip_bot_bend_l	bip_bot_bend_l
7902	bip01_spine1_008	Bip01_Spine1_008
7903	glass_d2_d	glass_d2_d
7904	spike_03_m	Spike_03_M
7905	bip_stone_l_uparmtwist	Bip_STONE_L_UpArmTwist
7906	scrotumsmallerl	ScrotumSmallerL
7907	bip_bowtielower_r	bip_BowtieLower_R
7908	flm-armb-float-b2	Flm-ArmB-Float-B2
7909	bipmar lthightwist1	BipMar LThighTwist1
7910	r_tricep_helper	r_tricep_helper
7911	head_nostril_1_l	head_nostril_1_L
7912	midbrows_raise_r	midbrows_raise_r
7913	arm left shoulder adj a	arm left shoulder adj a
7914	ref iphone 13 pro	REF IPHONE 13 PRO
7915	bip fpinky00 l	bip fpinky00 l
7916	sidelockleft1 jiggle	SideLockLeft1 jiggle
7917	pcylinder4	pCylinder4
7918	flm-armb-leg-rub	Flm-ArmB-Leg-RUB
7919	sash a 1	Sash A 1
7920	bone.001_l.003	Bone.001_L.003
7921	bip_r_root_cloth	bip_r_root_cloth
7922	key.white_20	Key.White_20
7923	rm05	RM05
7924	polysurface2	polySurface2
7925	r sideburn e phy	r sideburn e phy
7926	top_s	Top_S
7927	c dteeth	C Dteeth
7928	muscular torso	Muscular Torso
7929	wep_magazine2_bullet1	WEP_Magazine2_Bullet1
7930	bip_findex03_l	Bip_FIndex03_L
7931	car05_controller01	Car05_controller01
7932	pupils-neutral-r	Pupils-Neutral-R
7933	koshi_d__offset	koshi_d__offset
7934	bip_r_finger_c_02	bip_r_finger_c_02
7935	yes-this-is-the-butt-flex	Yes-This-Is-The-Butt-Flex
7936	strings 5 jb	strings 5 JB
7937	unused.040	unused.040
7938	valvebiped.bip01_pelvis.026	ValveBiped.Bip01_Pelvis.026
7939	5	5
7940	creaseright	CreaseRight
7941	bip_stoolclothlower_1_l	bip_StoolClothLower_1_L
7942	left_liploin	Left_LipLoIn
7943	asimpact 1	Asimpact 1
7944	boobsie24	boobsie24
7945	outhouse_door001_dm02_01_reference	outhouse_door001_dm02_01_reference
7946	leave this on	LEAVE THIS ON
7947	004	004
7948	eyeblink_left_rotout	eyeBlink_Left_RotOUT
7949	top_5	Top_5
7950	left ring finger 2 grip 2	Left ring finger 2 grip 2
7951	very uncensored taki	Very Uncensored Taki
7952	dazel	DazeL
7953	anus/vag open big dp corr	Anus/Vag Open Big DP Corr
7954	wing_left_2_1	Wing_Left_2_1
7955	bip01_l_hand017	Bip01_L_Hand017
7956	car01	car01
7957	shell.wall_33	Shell.Wall_33
7958	ballsspread	BallsSpread
7959	rachel bun_2	Rachel bun_2
7960	beltcontrol_main	BeltControl_main
7961	tails6	Tails6
7962	bip_eye.l	bip_Eye.L
7963	unused head neck upper attached_jhead head neck upper attached_	unused head neck upper attached_jhead head neck upper attached_
7964	lc1	LC1
7965	object01	Object01
7966	buttspread.r2	ButtSpread.R2
7967	c_lur_a00	C_LUR_A00
7968	strapon_2	strapon_2
7969	c_dred_r1_01	C_Dred_R1_01
7970	right_liploout	Right_LipLoOut
7971	leg left calf	leg left calf
7972	l02	L02
7973	key 6	Key 6
7974	head eyefold left 1	head eyefold left 1
7975	opt_acs_osage_l14	OPT_acs_osage_l14
7976	wep_topcover_optics	WEP_TopCover_Optics
7977	slutthin	SlutThin
7978	bodyassassin	BodyAssassin
7979	v_ss	v_ss
7980	leg right thigh ctr 1	leg right thigh ctr 1
7981	wrinkle-1	wrinkle-1
7982	nippoke02	NipPoke02
7983	valvebiped.bip01_r_butt0_jiggleroot	ValveBiped.Bip01_R_Butt0_JiggleRoot
7984	browsinnerupright	BrowsInnerUpRight
7985	leotoardalt-slideaside	LeotoardAlt-SlideAside
7986	vaginalcanal	VaginalCanal
7987	front 1	Front 1
7988	cock-retract	cock-retract
7989	bobcut.left_2	Bobcut.Left_2
7990	side_left_9	side_left_9
7991	pcube5	pCube5
7992	row_chair017	row_chair017
7993	chassis	chassis
7994	dlip_4	DLip_4
7995	ankle_right	ankle_right
7996	nyotengu head eyeball left	Nyotengu head eyeball left
7997	book_m	Book_M
7998	bikini_string.r	Bikini_String.R
7999	unused_head_neck_upper	unused_head_neck_upper
8000	bip_knee_r_1	bip_knee_r_1
8001	unusedbone57	unusedbone57
8002	bone162	Bone162
8003	bone159	Bone159
8004	taurenmale_hd_bone_86	taurenmale_hd_bone_86
8005	pelvis_adj	pelvis_adj
8006	leftarmgib	LeftArmGib+leftArmGib
8007	pantswidehips	Pantswidehips
8008	student.right_3	Student.Right_3
8009	rip00 joint	rip00 joint
8010	second_arms_r_index1	Second_Arms_R_Index1
8011	state	State
8012	liplower_l1	lipLower_L1
8013	decocker	Decocker
8014	sidelockleft1	SideLockLeft1
8015	frontflapnarrower	FrontFlapNarrower
8016	middlebulgeout	MiddleBulgeOut
8017	unused l jacketc spo	unused l jacketc spo
8018	ref condom balloon	REF CONDOM BALLOON
8019	gag_l_07	Gag_L_07
8020	pincer left tip	Pincer Left Tip
8021	shirt_bottom_lift	shirt_bottom_lift
8022	body-r-ass-smack	Body-R-Ass-Smack
8023	r leg string sec root	r leg string sec root
8024	bip_r_horn_c	bip_r_horn_c
8025	bone23	Bone23
8026	pjcmthighback35l	pJCMThighBack35L
8027	wrinkle_medium_2	wrinkle_medium_2
8028	swimsuit-exposed	Swimsuit-Exposed
8029	bas.back_3_jiggle	BAS.Back_3_jiggle
8030	lock2	lock2
8031	canine_lupperlip	Canine_LUpperLip
8032	head nostril middle lower	head nostril middle lower
8033	bip_stoolclothlower_1_r	bip_StoolClothLower_1_R
8034	bip_cape_0_l	bip_Cape_0_L
8035	tentaclebottompright2	TentacleBottompRight2
8036	doorhandlebone	DoorHandleBone
8037	small_earring.r	Small_Earring.R
8038	l6	L6
8039	pendant.chain_3	Pendant.Chain_3
8040	au18	AU18
8041	v_pp	v_pp
8042	genitals base	genitals base
8043	lockhinge_m	LockHinge_M
8044	moustache right control	moustache right control
8045	bip_pussyside_1_l	bip_PussySide_1_L
8046	armbase	ArmBase
8047	bone130	Bone130
8048	head eyeref left	head eyeref left
8049	fa_low_lid_left_center	fa_low_lid_left_center
8050	crush-1	crush-1
8051	bip01_r_clavicle007	Bip01_R_Clavicle007
8052	bone176	Bone176
8053	wep_magazine_bullet1	WEP_Magazine_Bullet1
8054	wing_left_spine_3	Wing_Left_Spine_3
8055	jnt_023	jnt_023
8056	bip01-r-upperarm001	Bip01-R-UpperArm001
8057	arm pits	arm pits
8058	magazinecacth	Magazinecacth
8059	mlip_l	MLip_L
8060	bip_bowtielower_l	bip_BowtieLower_L
8061	shorten_1	shorten_1
8062	liplower_middle1	lipLower_Middle1
8063	head01n	Head01N
8064	box02	Box02
8065	head back 2	head back 2
8066	facegrin	FaceGrin
8067	foot_b_r	Foot_B_R
8068	gag_r_06	Gag_R_06
8069	spine lower_l.001	spine lower_L.001
8070	teeth_top_r	teeth_top_r
8071	special06_l	special06_L
8072	lowlid_right1	lowLid_Right1
8073	fa_forehead_right_inn	fa_forehead_right_inn
8074	bone015	Bone015
8075	bipqwn l finger1	BipQwn L Finger1
8076	crush-7	crush-7
8077	valvebiped.right_hand_trigger	ValveBiped.right_hand_trigger
8078	bip_upperarm_l_roll	bip_upperArm_L_roll
8079	page1_l	Page1_L
8080	legthumb2_r	LegThumb2_R
8081	bone_afl	Bone_AFL
8082	leg right ankle ctr	leg right ankle ctr
8083	r1stnb	R1stNb
8084	underwear-expand	Underwear-Expand
8085	r_lowerer	R_lowerer
8086	student.left_2_jiggle	Student.Left_2_jiggle
8087	flm-armb-arm-lc	Flm-ArmB-Arm-LC
8088	v_weapon.eff9	v_weapon.eff9
8089	pedal.center	Pedal.Center
8090	pad2_2	pad2_2
8091	ldown	LDown
8092	r sideburn f phy	r sideburn f phy
8093	bip_l_foot_thumb_03	bip_l_foot_thumb_03
8094	mot01_head	MOT01_Head
8095	length2	Length2
8096	l string6 tip sec	l string6 tip sec
8097	unused left testicle jiggle item_penis	unused left testicle jiggle item_penis
8098	bip facetemplemiout l	bip facetemplemiout l
8099	leg left knee adjust a	leg left knee adjust a
8100	bone006	Bone006
8101	r femorisa spo	R FemorisA Spo
8102	jacket back middle a	jacket back middle a
8103	hose_07	Hose_07
8104	bone_bed_06	bone_bed_06
8105	saberon_bone13	saberon_Bone13
8106	r_outer_lower	r_outer_lower
8107	lookdn	LookDn
8108	valvebiped.bip01_l_forearmtwist1	ValveBiped.Bip01_L_ForearmTwist1
8109	outerbrows_raise_r	outerbrows_raise_r
8110	org-palm.04.r	ORG-palm.04.R
8111	eyebigr	EyeBigR
8112	root hips.001	root hips.001
8113	sneer_out	Sneer_OUT
8114	frown_right	frown_right
8115	arm right finger 4 a	arm right finger 4 a
8116	fa_temple_left	fa_temple_left
8117	arm left elbow ctr 2	arm left elbow ctr 2
8118	opt_acs_maehir_s4	OPT_acs_MaeHir_S4
8119	mitt_thumb_0	mitt_thumb_0
8120	sideleftloopclose	SideLeftLoopClose
8121	tassele	TasselE
8122	unusedtransform7 cmn sl alison	unusedtransform7 cmn sl alison
8123	cons_potion_healing_a_contents	CONS_Potion_Healing_A_Contents
8124	lmiddle2	LMiddle2
8125	chain_1	Chain_1+chain_1
8126	l2ndna	L2ndNa
8127	chesnut_skin	chesnut_skin
8128	wep_bullet8_round	WEP_Bullet8_Round
8129	bip_medallian	bip_medallian
8130	root ground.002	root ground.002
8131	valvebiped.joint8	ValveBiped.joint8
8132	valvebiped.bip01_l_ring04	ValveBiped.Bip01_L_Ring04
8133	bip_lowerarm	bip_lowerArm
8134	chair.root	Chair.Root
8135	loincloth back 1b	loincloth back 1b
8136	brows-front	brows-front
8137	chain_15	chain_15
8138	bone190	Bone190
8139	opt_as_r_elbow	OPT_AS_R_Elbow
8140	bone.001_l.038	Bone.001_L.038
8141	bone thumb 1	bone thumb 1
8142	bulgethickerfit	bulgethickerFIT
8143	hachime	Hachime
8144	key.white_40	Key.White_40
8145	pencil02	pencil02
8146	cock_01	Cock_01
8147	canine_rbacklegpalm	Canine_RBackLegPalm
8148	arm left finger 1 c	arm left finger 1 c
8149	vagina_right	vagina_right
8150	r_elbow_outer_lower_helper	r_elbow_outer_lower_helper
8151	fbx_weapon_sakura_3_l	fbx_weapon_sakura_3_L
8152	polysurface29	polySurface29
8153	leg right finger 2	leg right finger 2
8154	fin-rig-hat-hood-b	Fin-Rig-Hat-Hood-B
8155	bow right 3g	bow right 3g
8156	middle_02	Middle_02
8157	bip armpitbase r	bip armpitbase r
8158	dummy08	Dummy08
8159	cock-tall	cock-tall
8160	fronthair awake a joint	fronthair awake a joint
8161	arm left finger 1 a	arm left finger 1 a
8162	v_weapon.root21	v_weapon.Root21
8163	frily_21.r	Frily_21.R
8164	pjcmnecktwist22r	pJCMNeckTwist22R
8165	h11	H11
8166	wing_left_1_2	Wing_Left_1_2
8167	arm right wrist_roll	arm right wrist_roll
8168	39	39
8169	valvebiped.valvebiped1	ValveBiped.ValveBiped1
8170	fh11.r	Fh11.R
8171	brows	Brows
8172	blip	Blip
8173	arm right elbow ctr3	arm right elbow ctr3
8174	midlips_upper_curl	midlips_upper_curl
8175	key.white_55	Key.White_55
8176	engine	engine
8177	^ open	^ Open
8178	right little finger 2 grip 2	Right little finger 2 grip 2
8179	unused.015	unused.015
8180	pantiesstomachinflate2	PantiesStomachInflate2
8181	bone042	Bone042
8182	taurenmale_hd_bone_134	taurenmale_hd_bone_134
8183	head eyefold right 3	head eyefold right 3
8184	object32	Object32
8185	right thumb proximal	Right Thumb Proximal
8186	leg left boot tassle 1a	leg left boot tassle 1a
8187	bip_panty_left	bip_panty_left
8188	bow left 2g	bow left 2g
8189	boobs upward l	Boobs Upward L
8190	leg_2.lower	leg_2.lower
8191	bunnyearboneright_1	BunnyEarBoneRight_1
8192	bottomlip_l	bottomlip_L
8193	llid_lower_drop	Llid_lower_drop
8194	indexleft2	IndexLeft2
8195	urethralorificebigger	UrethralOrificeBigger
8196	wep_mag_bullet3	WEP_Mag_Bullet3
8197	belt_front_l	belt_front_L
8198	jiggleroot	JiggleRoot
8199	cockball_r	CockBall_R
8200	left foot d	Left foot D
8201	bip_giroscopex	bip_giroscopeX
8202	risorius02_r	risorius02_R
8203	hide_eyelashes	hide_eyelashes
8204	musclebispts	MuscleBispts
8205	flex_sh3_long	Flex_SH3_LONG
8206	bow right bcd	bow right bcd
8207	penis shaft 6	penis shaft 6
8208	unused_3	Unused_3
8209	cape_adjust_bone	CAPE_ADJUST_BONE
8210	taurenmale_hd_bone_82	taurenmale_hd_bone_82
8211	bone_bed_12	bone_bed_12
8212	lithe upper details	Lithe Upper Details
8213	rustcylinder	rustCylinder
8214	bip_l_ring	bip_l_ring
8215	eyes close tight	Eyes Close Tight
8216	bas.right_1	BAS.Right_1
8217	right_6	Right_6+right_6
8218	fa_eye_right	fa_eye_right
8219	right_outerbrowraise	Right_outerbrowraise
8220	wep_fx_laser	WEP_FX_Laser
8221	medal	Medal
8222	cockthickbase	CockThickBase
8223	faceplate	Faceplate
8224	unused.007	unused.007
8225	head root hips	head root hips
8226	taurenmale_hd_bone_99	taurenmale_hd_bone_99
8227	submesh_00_lod_1.1781	submesh_00_LOD_1.1781
8228	foot_pinky_1_l	foot_pinky_1_L
8229	bow left 1f	bow left 1f
8230	v_weapon.root26	v_weapon.Root26
8231	bip facelipridge1out l	bip facelipridge1out l
8232	temporalis02_l.002	temporalis02_L.002
8233	unusedbone226	unusedbone226
8234	bip_bobby_r_calftwist1	Bip_BOBBY_R_CalfTwist1
8235	pelvis.001	pelvis.001
8236	bippbg r finger2	BipPBG R Finger2
8237	bip_index_2wirst	bip_index_2Wirst
8238	clothingon	ClothingOn
8239	hand finger left 3a	hand finger left 3a
8240	v_weapon.right_pinky03	v_weapon.Right_Pinky03
8241	frily_10.l	Frily_10.L
8242	student.back_3_jiggle	Student.Back_3_jiggle
8243	bip_mustache_l	bip_Mustache_L
8244	cock.shaft_1_skin	Cock.Shaft_1_Skin
8245	left_hip_cancel	left_hip_cancel
8246	mot05_lefthand	MOT05_LeftHand
8247	bip_stone_l_thightwist1	Bip_STONE_L_ThighTwist1
8248	bite1l	bite1L
8249	r2ndnb	R2ndNb
8250	bobcut.back_3_jiggle	Bobcut.Back_3_jiggle
8251	pb_r_cmy01_bhair_2	pb_R_CMY01_BHair_2
8252	ball1	Ball1
8253	kneethicc	KneeThicc
8254	bow right 2b	bow right 2b
8255	bikini butt big	Bikini Butt Big
8256	wep_mag_bullet1	WEP_Mag_Bullet1
8257	valvebiped.bip01_r_ear0	ValveBiped.Bip01_R_Ear0
8258	student.back_2_jiggle	Student.Back_2_jiggle
8259	belt_l2	Belt_L2
8260	tail05n	Tail05N
8261	arm left shoulder 2 twist	arm left shoulder 2 twist
8262	uppereye.r	uppereye.r
8263	i5	I5
8264	l_front_holster_0u_8v	l_front_holster_0u_8v
8265	bow left 2a	bow left 2a
8266	toplip1.r	TopLip1.R
8267	headfurtip.r	HeadFurTip.R
8268	object014	Object014
8269	bow left 1b	bow left 1b
8270	bikini thick thigs	Bikini Thick Thigs
8271	vip_gibhead03	VIP_gibHead03
8272	right thumb 0	Right thumb 0
8273	body-outfit-sock	Body-Outfit-Sock
8274	bottomexposed	BottomExposed
8275	pants butt big	Pants Butt Big
8276	tlccurve	TLCCurve
8277	eyeright1	EyeRight1
8278	valvebiped.group1	ValveBiped.group1
8279	upleg_l	UpLeg_L
8280	bip01_pelvis012	Bip01_Pelvis012
8281	wep_magazine2_bullet2	WEP_Magazine2_Bullet2
8282	pussy.ring_left_front	Pussy.Ring_Left_Front
8283	bip01_r_upperarm004	Bip01_R_UpperArm004
8284	head chin side right	Head Chin Side Right
8285	pubesthickpenis	PubesThickPenis
8286	maid.necktie_left_inner_2	Maid.Necktie_Left_Inner_2
8287	key.1	Key.1
8288	wing_right_5_3	Wing_Right_5_3
8289	unused.045	unused.045
8290	maskroot	MaskRoot
8291	key.tilde	Key.Tilde
8292	egg.wall_12	Egg.Wall_12
8293	bone-l-upperarm-twist1	Bone-L-UpperArm-Twist1
8294	browsoutterdownleft	BrowsOutterDownLeft
8295	lbrow inner	lbrow inner
8296	freaks	Freaks
8297	eye-l-anger	Eye-L-Anger
8298	bottom_02	Bottom_02
8299	pantslegsize	PantsLegsize
8300	bip_leaf	bip_leaf
8301	comichalloween	ComicHalloween
8302	l eyebag b	L Eyebag B
8303	bone._l.002	Bone._L.002
8304	unused b_r_shoulderfhelper	unused b_r_shoulderfhelper
8305	helpthighfwdr	HelpThighFwdR
8306	belly ctr 2	belly ctr 2
8307	right middle distal	Right Middle Distal
8308	008	008
8309	rope_2	Rope_2
8310	jiggle.tassle_front_04	Jiggle.Tassle_Front_04
8311	jacket right back b	jacket right back b
8312	valvebiped.bip02_l_foot	ValveBiped.Bip02_L_Foot
8313	arm cape left shoulder 1	arm cape left shoulder 1
8314	key.leftcontrol	Key.LeftControl
8315	eyessuprise	EyesSuprise
8316	bip_fring02_r	Bip_FRing02_R
8317	student.back_3	Student.Back_3
8318	| butt size | + (shirt)	| Butt Size | + (SHIRT)
8319	condom root	condom root
8320	valvebiped.bip01_r_middle	ValveBiped.Bip01_R_Middle
8321	valvebiped.bip01_pelvis.025	ValveBiped.Bip01_Pelvis.025
8322	third_arms_r_thumb2	Third_Arms_R_Thumb2
8323	adjust_knuckle_b_l	adjust_knuckle_B_L
8324	shoulderfixsculptaway	ShoulderFIXSculptAway
8325	r_wrist_lower_helper	r_wrist_lower_helper
8326	leg right boot tassle 5b	leg right boot tassle 5b
8327	unwiden	Unwiden
8328	arm left forearm adj b	arm left forearm adj b
8329	bip_fthumb02_r	Bip_FThumb02_R
8330	06	06
8331	innerbrows_raise_r	innerbrows_raise_r
8332	shell.wall_44	Shell.Wall_44
8333	left_4	left_4
8334	face orgasm	Face Orgasm
8335	arm right hand root	arm right hand root
8336	nipright	NipRight
8337	second_arms_l_index4	Second_Arms_L_Index4
8338	bip_l_hip	bip_l_hip
8339	bip01_r_upperarm011	Bip01_R_UpperArm011
8340	bottom_5	bottom_5
8341	lefteyehide	LeftEyeHide
8342	armshandsuitraiseleft	ArmsHandSuitRaiseLeft
8343	facial_lod1_l_eyecornerouterupper	FACIAL_LOD1_L_EyeCornerOuterUpper
8344	btn.sleep	Btn.Sleep
8345	l-tiny-eye	L-Tiny-Eye
8346	opt_hand_left_thumb1	OPT_Hand_Left_Thumb1
8347	pencap_bone	pencap_bone
8348	chin_left_1	chin_left_1
8349	valvebiped.bip01_l_ear03	ValveBiped.Bip01_L_Ear03
8350	lm04	LM04
8351	torso muscular	Torso Muscular
8352	eyeleftclose	EyeLeftClose
8353	pantsslimlegs	PantsSlimLegs
8354	l middle 02	l middle 02
8355	smile2.r	smile2.r
8356	ad96l	AD96L
8357	bip hiphelper l	bip hiphelper l
8358	bone06	Bone06
8359	thumb.001	Thumb.001
8360	drawcall_0034	DrawCall_0034
8361	bone middle 1	bone middle 1
8362	bip_r_lipbottom1	bip_r_lipbottom1
8363	bipflm rcalftwist	BipFlm RCalfTwist
8364	ruby_lf_pinkycup_jnt	Ruby_lf_pinkyCup_jnt
8365	midbrowup	MidBrowUp
8366	hokage hat left 3b	hokage hat left 3b
8367	r string5 tip sec	r string5 tip sec
8368	vaginagapeout	VaginaGapeOut
8369	unusedbone011	unusedbone011
8370	r_shoulder_twist_b_helper	r_shoulder_twist_b_helper
8371	bip_knee_l_1	bip_knee_l_1
8372	head eyeball left pupil	head eyeball left pupil
8373	key.left	Key.LEFT
8374	bip_frangehair_l	bip_frangehair_L
8375	g10	G10
8376	v_weapon.m3_pump	v_weapon.M3_PUMP
8377	facial_bone_uprlip_l02_m	Facial_Bone_UprLip_L02_M
8378	eye-blink-left	eye-blink-left
8379	unusedbone098	unusedbone098
8380	cape 3d	Cape 3d
8381	point_eyeball_r	Point_Eyeball_R
8382	bip shoulderblade l	bip shoulderblade l
8383	earright7	EarRight7
8384	arm right shoulder 1 ctr3	arm right shoulder 1 ctr3
8385	valvebiped.bip01_l_fingerbase1	ValveBiped.Bip01_L_FingerBase1
8386	bip01_l_forearm004	Bip01_L_Forearm004
8387	pjcmthighfwd57l	pJCMThighFwd57L
8388	bone031	Bone031
8389	crush-18	crush-18
8390	tear l	Tear L
8391	fa_squint_right_mid	fa_squint_right_mid
8392	l5	L5
8393	arm left finger 2 c	arm left finger 2 c
8394	level5_center	Level5_Center
8395	nosie01	Nosie01
8396	bikini_03	Bikini_03
8397	glanssmaller	GlansSmaller
8398	shell.wall_35	Shell.Wall_35
8399	wheel_4	wheel_4
8400	cloth_collar_2_l	cloth_collar_2_L
8401	bip_bellcollar_0_l	bip_BellCollar_0_L
8402	bip kneein r	bip kneein r
8403	flm-armb-belt-ld	Flm-ArmB-Belt-LD
8404	bottle2_cap	bottle2_cap
8405	polysurface210	polySurface210
8406	polysurface100	polySurface100
8407	tailright3_5	TailRight3_5
8408	biceps right	Biceps Right
8409	cape_4_l	cape_4_L
8410	big_belly	big_belly
8411	larmtwist2	lArmTwist2
8412	saberon_bone43	saberon_Bone43
8413	v_weapon.mp5_bolt	v_weapon.MP5_Bolt
8414	l_lowerer	L_lowerer
8415	flm-arma-leg-r0	Flm-ArmA-Leg-R0
8416	bottomhair1	BottomHair1
8417	mar-rig-eye-lu	Mar-Rig-Eye-LU
8418	bone 1056	bone 1056
8419	| butt size | + (pants) 	| Butt Size | + (PANTS) 
8420	bone005	Bone005
8421	lid_m	Lid_M
8422	arm left shoulder 1 ctr	arm left shoulder 1 ctr
8423	arm right elbow adjuster	Arm Right Elbow Adjuster+arm right elbow adjuster
8424	leg_bone_correct_r_01	leg_bone_correct_r_01
8425	corner_left_raise	corner_left_raise
8426	lefthandweaponattach	LeftHandWeaponAttach
8427	special05_l	special05_L
8428	left_lidsclose	Left_lidsclose
8429	r forearmrollb spo	R ForearmrollB Spo
8430	shirt thick thigs	Shirt Thick Thigs
8431	neck_thick	neck_thick
8432	belt_fronttail_1	Belt_FrontTail_1
8433	valvebiped.joint11	ValveBiped.joint11
8434	b13	B13
8435	rm2	RM2
8436	drip_jiggle_0	Drip_Jiggle_0
8437	ascot.top_2	Ascot.Top_2
8438	kickmidinner	KickMidInner
8439	wep_liquid	WEP_Liquid
8440	bone 1040	bone 1040
8441	bone.026	Bone.026
8442	hull1	hull1
8443	bootslegsize	BootsLegsize
8444	flm-visor-r3	Flm-Visor-R3
8445	thicken/outline	Thicken/outline
8446	pregnant 	Pregnant 
8447	throat-upper-bulge	throat-upper-bulge
8448	clav_right	clav_right
8449	bottom_03	Bottom_03
8450	chain_25	chain_25
8451	browmid_l	BrowMid_L
8452	bobcut.rear_right_2_jiggle	Bobcut.Rear_Right_2_jiggle
8453	04	04
8454	necklace 3c	necklace 3c
8455	bone-r-forearm-twist	Bone-R-ForeArm-Twist
8456	bip_tail_a_01	bip_tail_a_01
8457	dick detail 2	Dick Detail 2
8458	valvebiped.chain_aligned11	ValveBiped.chain_aligned11
8459	buttdecrease	ButtDecrease
8460	r1stna	R1stNa
8461	drawer_up_r	Drawer_UP_R
8462	xd	xd
8463	eronipplesr	EroNipplesR
8464	c_dred_l1_05	C_Dred_L1_05
8465	l glabella	L Glabella
8466	leg left ankle adj 2	leg left ankle adj 2
8467	bip_tie_3_r	bip_Tie_3_R
8468	bulb_large	bulb_large
8469	tigger	tigger
8470	sarah_bed_rigged	sarah_bed_rigged
8471	left_puckerlipup	Left_PuckerLipUp
8472	bas.rear_right_1	BAS.Rear_Right_1
8473	catch	catch
8474	hand finger right 3b	hand finger right 3b
8475	root hips_r.002	root hips_R.002
8476	exposedback	ExposedBack
8477	sk_left_ear02	SK_Left_Ear02
8478	d_facial_root	D_Facial_root
8479	bone 1050	bone 1050
8480	unused098	unused098
8481	headgear_l.001	Headgear_L.001
8482	flm-armb-arm-rb	Flm-ArmB-Arm-RB
8483	bip_horn	bip_horn
8484	forearmtwist1right	ForearmTwist1Right
8485	mouith1.r	mouith1.R
8486	bone 1066	bone 1066
8487	upzip_bone_m_01	upzip_bone_m_01
8488	opt_acs_osage_l17	OPT_acs_osage_l17
8489	bip_stone_r_foretwist	Bip_STONE_R_ForeTwist
8490	c forehead	C Forehead
8491	leg left hip adj	leg left hip adj
8492	leee	LEEE
8493	page4_g	Page4_G
8494	bone 89	bone 89
8495	right_eye	right_eye
8496	eyeball r shadow	EYEBALL R SHADOW
8497	unused b_r_armroll4helper	unused b_r_armroll4helper
8498	jittereflex	JitteReflex
8499	bow left b 1	bow left b 1
8500	butt root.l	butt root.l
8501	bone121	Bone121
8502	wwexpansionvaginawidth	WWExpansionVaginaWidth
8503	fang right1	fang right1
8504	waistreveal	WaistReveal
8505	leftclothpullaside	LeftClothPullAside
8506	d_right	D_Right
8507	it's your funeral	It's your funeral
8508	bone167	Bone167
8509	armcloth_right_3	ArmCloth_Right_3
8510	bipfin rcalftwist1	BipFin RCalfTwist1
8511	sign09	sign09
8512	exfear	EXFear
8513	c throat a	C Throat A
8514	wep_shell9	WEP_Shell9
8515	castere_0	CasterE_0
8516	bone097	Bone097
8517	bone 1105	bone 1105
8518	l ujacketb a phy	L uJacketB a Phy
8519	def-spine.032	DEF-spine.032
8520	leg right calf	leg right calf
8521	bas.right_3	BAS.Right_3
8522	llid_upper_drop	Llid_upper_drop
8523	belt left 02	belt left 02
8524	left thumb distal	Left Thumb Distal
8525	top.knot_left_1	Top.Knot_Left_1
8526	row_chair004	row_chair004
8527	body-outfit-shirt	Body-Outfit-Shirt
8528	rwing09	RWing09
8529	wing_right_4_1	Wing_Right_4_1
8530	bip_l_thumb_01	bip_l_thumb_01
8531	leg right thigh adj a	leg right thigh adj a
8532	key.white_14	Key.White_14
8533	squintinner_r	SquintInner_R
8534	fa_eyebag_right_out	fa_eyebag_right_out
8535	cape left 4	cape left 4
8536	valvebiped.bip01_nutguard2	ValveBiped.Bip01_NutGuard2
8537	lightexpression	LightExpression
8538	opt_as_l_wrist_a	OPT_AS_L_Wrist_A
8539	flm-armb-leg-lbd	Flm-ArmB-Leg-LBD
8540	cervixleft	CervixLeft
8541	wep_stock_ring	WEP_Stock_Ring
8542	piercing.belly_button_pendant	Piercing.Belly_Button_Pendant
8543	bip faceforeheadtop r	bip faceforeheadtop r
8544	fringe 4	fringe 4
8545	finger_pinky_left_0	finger_pinky_left_0
8546	sheath 2	Sheath 2
8547	glanslonger	GlansLonger
8548	asout	Asout
8549	key.white_27	Key.White_27
8550	fin-rig-hat-hood-l	Fin-Rig-Hat-Hood-L
8551	choker.locket	Choker.Locket
8552	arm left shoulder 2 ctr 2	arm left shoulder 2 ctr 2
8553	foot_middle_2_l	foot_middle_2_L
8554	fingernails1-2	FingerNails1-2
8555	beadhangfrontroot	BeadHangFrontRoot
8556	drip_main_2	Drip_Main_2
8557	tailleft1_3	TailLeft1_3
8558	angry_ud	Angry_UD
8559	bip01 clavicle.l	Bip01 Clavicle.L
8560	head_b_l	Head_B_L
8561	waterresidue	WaterResidue
8562	fa_squint_left_out	fa_squint_left_out
8563	bone123	Bone123
8564	bone201	Bone201
8565	l bottom lid	L bottom lid
8566	upper_left_raise	upper_left_raise
8567	valvebiped.bip01_r_ring03	ValveBiped.Bip01_R_Ring03
8568	camera.mount_xy	camera.mount_xy
8569	stockingsheels2	StockingsHeels2
8570	fa_low_lid_right_outer	fa_low_lid_right_outer
8571	bm_lawyerdoor	bm_lawyerdoor
8572	bip_r_cloth_b_02	bip_r_cloth_b_02
8573	pantsvoluptuous	Pantsvoluptuous
8574	genitals 03	genitals 03
8575	brows-r-neutral	Brows-R-Neutral
8576	ascot.top_4	Ascot.Top_4
8577	l03	L03
8578	lindex0	lIndex0+lindex0
8579	anus-open-m	anus-open-m
8580	facial_bone_lowrlip_l01	Facial_Bone_LowrLip_L01
8581	polysurface26	polySurface26
8582	strap_4_r	strap_4_R
8583	left_browoutv	Left_BrowOutV
8584	tailright3_6	TailRight3_6
8585	l_wrist_lower_helper	l_wrist_lower_helper
8586	belt_r2	Belt_R2
8587	throat-lower-widen	throat-lower-widen
8588	top.knot_right_3	Top.Knot_Right_3
8589	dummy04	Dummy04
8590	valvebiped.bip02_l_butt	ValveBiped.Bip02_L_Butt
8591	left middle finger 1	Left middle finger 1
8592	wep_bullet3	WEP_Bullet3
8593	object20	Object20
8594	l string3 tip sec	l string3 tip sec
8595	box03	Box03
8596	bow left bcd	bow left bcd
8597	firingpin	FiringPin
8598	vase	Vase
8599	valvebiped.bip01_l_ear0	ValveBiped.Bip01_L_Ear0
8600	middlebulgeoutfull	MiddleBulgeOutFull
8601	frontl1	FrontL1
8602	pillow 4	Pillow 4
8603	orcmale_hd_fixed_bone42	orcmale_hd_fixed_Bone42
8604	rlotwist1	rLoTwist1
8605	smac	SMAC
8606	lid_3	lid_3
8607	page3_b	Page3_B
8608	second_arms_l_index1	Second_Arms_L_Index1
8609	leg left knee adj. 3	leg left knee adj. 3
8610	polysurface73	polySurface73
8611	c_tier_c08	C_TieR_C08
8612	bipflm r finger1	BipFlm R Finger1
8613	bottom_4	bottom_4
8614	ascot.bottom_14	Ascot.Bottom_14
8615	wrinkles-10	wrinkles-10
8616	boots fitl+boots fitr	boots fitL+boots fitR
8617	mainlidlower2	MainLidLower2
8618	fntac_3rd	fntac_3rd
8619	legringfinger1_l	LegRingFinger1_L
8620	lring0	lRing0
8621	book pages	Book Pages
8622	fio-rig-strip-r4	Fio-Rig-Strip-R4
8623	leftelbow_helper	LeftElbow_helper
8624	troubled left	Troubled left
8625	lefttibea	LeftTibea
8626	pubespush	pubespush
8627	bip001-l-forearm	Bip001-L-Forearm
8628	key.black_33	Key.Black_33
8629	asked left	Asked Left
8630	sad eyes right	Sad Eyes Right
8631	door2right	Door2Right
8632	thighleft	ThighLeft
8633	head pupil left base 1	head pupil left base 1
8634	l fold a	L Fold A
8635	bip_giroscopey	bip_giroscopeY
8636	c uteeth	C Uteeth
8637	bip_l_claw_a	bip_l_claw_a
8638	unused facialbase	unused facialbase
8639	bipfio r finger4	BipFio R Finger4
8640	box05	Box05
8641	left_shoulderc	left_shoulderC
8642	bip faceeyecanthusout01 r	bip faceeyecanthusout01 r
8643	nasolabialupper_l	NasolabialUpper_L
8644	bip01_l_upperarm010	Bip01_L_UpperArm010
8645	mila head eyeball right	Mila head eyeball right
8646	wheel_rl	Wheel_RL
8647	v_weapon.right_thumb03	v_weapon.Right_Thumb03
8648	l beltd a phy	L BeltD a Phy
8649	flm-arma-sworda-cl2	Flm-ArmA-SwordA-CL2
8650	right_lidsclose	Right_lidsclose
8651	bip_l_ring_01	bip_l_ring_01
8652	expose cleavage	expose cleavage
8653	bip01-xtra004	Bip01-Xtra004
8654	tailleft3_7	TailLeft3_7
8655	r beltd spo	R BeltD Spo
8656	rarmtwist3	rArmTwist3
8657	quad/shell02	quad/shell02
8658	leg front knee right	leg front knee right
8659	def-brows1_l	DEF-brows1_L
8660	au6	AU6
8661	right_1	Right_1+right_1
8662	wep_zipper2	WEP_zipper2
8663	heelroot	heelroot
8664	vag inner open wide3	vag inner open wide3
8665	foreskinlbump3	foreskinLbump3
8666	fh19.l	Fh19.L
8667	foreskinrbump2	foreskinRbump2
8668	hat_right_3	Hat_Right_3
8669	left_innerbrowraise	Left_innerbrowraise
8670	fin-rig-eye-rb	Fin-Rig-Eye-RB
8671	arm right finger 2 b	arm right finger 2 b
8672	bikinitop1	bikinitop1
8673	light 4	Light 4
8674	bip_r_arm_02_roll	bip_r_arm_02_roll
8675	ascot.bottom_4	Ascot.Bottom_4
8676	bip_tentacle.003	Bip_Tentacle.003
8677	bip upperarmtwistbottom l	bip upperarmtwistbottom l
8678	wep_foregrip_nojiggle_child4	WEP_Foregrip_NoJiggle_Child4
8679	bipbrk l foretwist	BipBrk L ForeTwist
8680	head eyeblack right	head eyeblack right
8681	glovewidehips	Glovewidehips
8682	bip01_spine2_016	Bip01_Spine2_016
8683	bone35	Bone35
8684	bip_tail1_l.001	bip_tail1_L.001
8685	buttflapnarroweralt	ButtFlapNarrowerAlt
8686	special_flex_2	Special_flex_2
8687	object21	Object21
8688	cape2_middle1	CAPE2_MIDDLE1
8689	pc_mother	pc_mother
8690	unused spine lower item_ssx head #2 item_ssx h #2	unused spine lower item_SSX Head #2 item_SSX H #2
8691	flm-arma-crotche	Flm-ArmA-CrotchE
8692	hatcloth_bone_10	hatCloth_bone_10
8693	rightnipple5	RightNipple5
8694	mrrshan_destroyer	Mrrshan_Destroyer
8695	unusedopt_face_l_forehead	unusedOPT_Face_l_forehead
8696	valvebiped.bip01_l_testicle01	ValveBiped.Bip01_L_Testicle01
8697	crow_3.humerus_l	Crow_3.Humerus_L
8698	bip01_l_horselink	bip01_l_horselink
8699	finger_middle_right_0	finger_middle_right_0
8700	valvebiped.bip01_l_vulvab	ValveBiped.Bip01_L_VulvaB
8701	shell.wall_24	Shell.Wall_24
8702	heellength	HeelLength
8703	bikini_10	Bikini_10
8704	frontfront	FrontFront
8705	r_rear_holster_0u_0v	r_rear_holster_0u_0v
8706	bip01_neck009	Bip01_Neck009
8707	bas.right_3_jiggle	BAS.Right_3_jiggle
8708	v_weapon.left_ring03	v_weapon.Left_Ring03
8709	bip_bobby_r_calftwist	Bip_BOBBY_R_CalfTwist
8710	lowerarm_twist_l_02	lowerarm_twist_l_02
8711	bip01_r_thigh002	Bip01_R_Thigh002
8712	cape1_middle1	CAPE1_MIDDLE1
8713	chinfix	chinfix
8714	l_butt_butt	L_Butt_Butt
8715	boobcoverageboobs2	BoobcoverageBoobs2
8716	flm-armb-leg-lm	Flm-ArmB-Leg-LM
8717	valvebiped.bip01_r_thightwist	ValveBiped.Bip01_R_ThighTwist
8718	l_ear1_00002	l_ear1_00002
8719	57	57
8720	eye-r-shocked	Eye-R-Shocked
8721	csmileopen2	CSmileOpen2
8722	lfoot0	lFoot0
8723	forehead right	forehead right
8724	legthumb1_r	LegThumb1_R
8725	fh01	Fh01
8726	accessories zipper root	accessories zipper root
8727	strap_2_r	strap_2_R
8728	unused.054	unused.054
8729	key.white_3	Key.White_3
8730	r.madder	r.madder
8731	bip_r_cloth_b_06	bip_r_cloth_b_06
8732	bip01_pelvis002	Bip01_Pelvis002
8733	46	46
8734	cloth back right 3	cloth back right 3
8735	c_dred_l1_02	C_Dred_L1_02
8736	sk_left_ear01	SK_Left_Ear01
8737	valvebiped.chain_aligned13	ValveBiped.chain_aligned13
8738	bip01_r_upperarm003	Bip01_R_UpperArm003
8739	knee03	knee03
8740	back a_2	Back A_2
8741	microphone_1	Microphone_1
8742	bone155	Bone155
8743	bip_l_middle_sub	bip_l_middle_sub
8744	lasso_low	lasso_low
8745	baffle.r	baffle.R
8746	piston.lock	Piston.Lock
8747	relbow	RElbow+rElbow+relbow
8748	jiggle3	Jiggle3
8749	bone_skin_091	Bone_skin_091
8750	arm cape left shoulder 2	arm cape left shoulder 2
8751	v_weapon.left_pinky01	v_weapon.Left_Pinky01
8752	pussygrip	PussyGrip
8753	indextoe1_r	indexToe1_r
8754	unused.030	unused.030
8755	torso width	Torso Width
8756	pb_l_cmy01_bhair_8	pb_L_CMY01_BHair_8
8757	eyes-r-blink	Eyes-R-Blink
8758	fin_top_b_a	fin_top_b_a
8759	b14	B14
8760	cloth_bone_up_l_06	cloth_bone_up_l_06
8761	bip_bobby_r_foretwist1	Bip_BOBBY_R_ForeTwist1
8762	rightarmroll_helper	RightArmRoll_helper
8763	_left_x_up	_left_x_up
8764	wep_stock_folding_end	WEP_Stock_Folding_End
8765	valvebiped.bip01_pelvis.029	ValveBiped.Bip01_Pelvis.029
8766	pantstugdown	PantsTugDown
8767	drip_main_3	Drip_Main_3
8768	belt back left a	belt back left a
8769	option 11	OPTION 11
8770	headband tail right a_jiggle	headband tail right a_jiggle
8771	browlraise	BrowLRaise
8772	boobsbig1	boobsbig1
8773	doorlockboneleft	DoorLockBoneLeft
8774	strap a 3	strap a 3
8775	rback	RBack
8776	torso pipe b l 2a	torso pipe B L 2a
8777	cloth left 4	cloth left 4
8778	wep_stock_fixed_hinge	WEP_Stock_Fixed_Hinge
8779	bip_r_ripupper2	bip_r_ripupper2
8780	brows-l-anger	Brows-L-Anger
8781	leftfinge42	LeftFinge42
8782	box_face_07_m	Box_Face_07_M
8783	beercrate	BeerCrate
8784	f_r_eyebrili	f_R_EyeBrili
8785	bolt_pos	Bolt_pos
8786	crush-11	crush-11
8787	tounge curl up	Tounge curl up
8788	c_dred_c2_02	C_Dred_C2_02
8789	tailright2_3	TailRight2_3
8790	unused.008	unused.008
8791	head_00003	head_00003
8792	browsoutterup	BrowsOutterUp
8793	forearmtwist2left	ForearmTwist2Left
8794	valvebiped.joint2	ValveBiped.joint2
8795	bip01_l_clavicle019	Bip01_L_Clavicle019
8796	browright	BrowRight
8797	arm right finger 5xx	arm right finger 5xx
8798	wink2 l	Wink2 L
8799	sk_r_b_leg_4	SK_R_B_leg_4
8800	bone ring 08	bone ring 08
8801	wep_fx_laser_rail	WEP_FX_Laser_Rail
8802	object024	Object024
8803	nipples_button	nipples_button
8804	bip_bowtieupper_l	bip_BowtieUpper_L
8805	opt_hand_right_pinky1	OPT_Hand_Right_Pinky1
8806	r forehead	R Forehead
8807	earring.pendant_right_1	Earring.Pendant_Right_1
8808	outfit buttspread	Outfit ButtSpread
8809	センター	センター
8810	shirt_lift_full_3	shirt_lift_full_3
8811	window_urban_sash_48_88_full_gib08	window_urban_sash_48_88_full_gib08
8812	bottom_lift1	bottom_lift1
8813	emaciated upper details	Emaciated Upper Details
8814	valvebiped.bip01_l_elbow_ctr	ValveBiped.Bip01_L_Elbow_CTR
8815	vag open wide	vag open wide
8816	mila head nostril left 2	Mila head nostril left 2
8817	upperlidlowerl	UpperLidLowerL
8818	cloth middle 5 jb	cloth middle 5 JB
8819	face-facialthin	Face-FacialThin
8820	unusedwgthair	unusedwgthair
8821	throat fill	throat fill
8822	flm-armb-arm-lh	Flm-ArmB-Arm-LH
8823	huladoll.hips	Huladoll.hips
8824	nyotengu head eyeball right	Nyotengu head eyeball right
8825	bone 1107	bone 1107
8826	30	30
8827	knee01	knee01
8828	butt right_jiggle	Butt Right_jiggle
8829	wep_bullet4	WEP_Bullet4
8830	root waist l	root waist l
8831	bobcut.rear_center_1	Bobcut.Rear_Center_1
8832	hair left ear 2	hair left ear 2
8833	collarleftmidlower	CollarLeftMidLower
8834	car02_controller01	Car02_controller01
8835	unusedarm left finger knuckle thumb	unusedarm left finger knuckle thumb
8836	angry eyes left	Angry Eyes Left
8837	rachel head nostril right 2	Rachel head nostril right 2
8838	valvebiped_bullet12	ValveBiped_Bullet12
8839	armcirclegrow	ArmCircleGrow
8840	dummy10	Dummy10
8841	bip_bobby_l_foretwist	Bip_BOBBY_L_ForeTwist
8842	browrraise	BrowRRaise
8843	bhr444	BhR444
8844	rough_small_6	rough_small_6
8845	head_neck_lower_2	head_neck_lower_2
8846	fio-rig-face	Fio-Rig-Face
8847	flm-armb-leg-lua	Flm-ArmB-Leg-LUA
8848	box07	Box07
8849	key.white_56	Key.White_56
8850	tall	tall
8851	bip_findex00_r	Bip_FIndex00_R
8852	armsnew	ArmsNew
8853	magazine00	Magazine00
8854	valvebiped.bip01_l_pinkie	ValveBiped.Bip01_L_Pinkie
8855	lower left tears l	Lower left tears L
8856	leftdooropen	LeftDoorOpen
8857	bone_afr	Bone_AFR
8858	arm right shoulder adj a	arm right shoulder adj a
8859	shortfrombot	ShortFromBot
8860	c_dred_r2_08	C_Dred_R2_08
8861	condom 5	condom 5
8862	thickend	ThickEnd
8863	valvebiped.hip	Valvebiped.hip
8864	vent_lod1	vent_lod1
8865	l ujacketa b phy	L uJacketA b Phy
8866	jacket back middle b	jacket back middle b
8867	earring left a	earring left a
8868	topvoluptuous	Topvoluptuous
8869	r_spread	R_spread
8870	key.z	Key.Z
8871	jiggle04	Jiggle04
8872	ascot.top_10	Ascot.Top_10
8873	strapon_root	STRAPON_ROOT
8874	browsoutterdownright	BrowsOutterDownRight
8875	lowerraise eyes right	LowerRaise Eyes Right
8876	third_arms_l_index3	Third_Arms_L_Index3
8877	handcrystalraise	HandCrystalRaise
8878	eyesround	EyesRound
8879	wep_fx_muzzle2	WEP_FX_Muzzle2
8880	band.stretch_right	Band.Stretch_Right
8881	(thicc) legs (shirt)	(THICC) Legs (SHIRT)
8882	au1au4	AU1AU4
8883	feet thickness	Feet Thickness
8884	wep_shell3	WEP_Shell3
8885	lbrow_outer_raise	lbrow_outer_raise
8886	bone 69	bone 69
8887	eyeopen	EyeOpen
8888	box15	Box15
8889	fio-rig-eye-l	Fio-Rig-Eye-L
8890	pantypussylower	PantyPussyLower
8891	cum-flat-top	cum-flat-top
8892	cloth fix 1	Cloth fix 1
8893	r index 02	r index 02
8894	box_face_09_m	Box_Face_09_M
8895	bone03	Bone03+bone03
8896	bippbg l foretwist1	BipPBG L ForeTwist1
8897	tenta_b_2_l	tenta_b_2_L
8898	balls-small	balls-small
8899	polysurface59	polySurface59
8900	mila head forehead right	Mila head forehead right
8901	car10	car10
8902	def-thigh.l.005	DEF-thigh.L.005
8903	right_cannon_muzzle	right_cannon_muzzle
8904	torso brace f r	Torso brace F R
8905	nocomichairpuff	NoComicHairPuff
8906	bip_r_foot_index_02	bip_r_foot_index_02
8907	leftpectoral_helper	LeftPectoral_helper
8908	thehat	TheHat
8909	d_forearmmucle01_l	D_ForearmMucle01_L
8910	nostril open left	Nostril Open Left
8911	pb_r_cmy01_bhair_1	pb_R_CMY01_BHair_1
8912	bip_l_finger_a_02	bip_l_finger_a_02
8913	adjust_knuckle_b_r	adjust_knuckle_B_R
8914	bone_legml2	Bone_LegML2
8915	arm left palm ctr	arm left palm ctr
8916	longear_bone_r_04	longear_bone_r_04
8917	shirt_exposed_tie_right_2	Shirt_Exposed_Tie_Right_2
8918	r_knee_rear_helper	r_knee_rear_helper
8919	bip chin00 r	bip chin00 r
8920	armhandsuitraisemiddle	ArmHandSuitRaiseMiddle
8921	hip_joint01	hip_joint01
8922	ball 2	ball 2
8923	key.white_4	Key.White_4
8924	arm left shoulder 1 ctr4	arm left shoulder 1 ctr4
8925	head forehead left fix	head forehead left fix
8926	leg left roll 2	leg left roll 2
8927	bip001 luparmtwist	Bip001 LUpArmTwist
8928	cock.shaft_3	Cock.Shaft_3
8929	object45	Object45
8930	crotch.front	Crotch.Front
8931	bip_penis-ball-0.l	bip_penis-ball-0.L
8932	anus-extreme-backward-down	anus-extreme-backward-down
8933	rshoulderj	RShoulderJ
8934	dlip_5	DLip_5
8935	l_middle_metacarpal	l_middle_metacarpal
8936	arm right elbow_roll	arm right elbow_roll
8937	be2	Be2
8938	unused b_l_leg3helper	unused b_l_leg3helper
8939	box_face_12_m	Box_Face_12_M
8940	unused bip01_lcalftwist1	unused Bip01_LCalfTwist1
8941	bip chinlo r	bip chinlo r
8942	finger_index_left_2	finger_index_left_2
8943	body-l-ass-spread	Body-L-Ass-Spread
8944	dyng y 02	dyng y 02
8945	weak	Weak
8946	jacket left back b	jacket left back b
8947	unused head.042	unused head.042
8948	wing_left_5_2	Wing_Left_5_2
8949	leg left thigh helper	leg left thigh helper
8950	apron a2	Apron a2
8951	opt_as_l_elbow	OPT_AS_L_Elbow
8952	flex_splat_02	Flex_SPLAT_02
8953	open_eyes_both	Open_Eyes_Both
8954	tool_hospital_surgery_scalpel_a_mesh	TOOL_Hospital_Surgery_Scalpel_A_Mesh
8955	ludicrous long barrel	Ludicrous long barrel
8956	fbx_rinko_face_none	fbx_rinko_face_none
8957	elbowleft	ElbowLeft
8958	nipplerightin	NippleRightIn
8959	c_dred_l2_00	C_Dred_L2_00
8960	r_fin_back_c	r_fin_back_c
8961	bip forearmtwistbottom l	bip forearmtwistbottom l
8962	bip faceeyeorbitup05 r	bip faceeyeorbitup05 r
8963	bra neck strap l	Bra neck strap L
8964	strap_2_l	strap_2_L
8965	kargathbladefist_bone100	kargathbladefist_Bone100
8966	unusedc faceroot	unusedc faceroot
8967	pcylinder2	pCylinder2
8968	abdomen2	abdomen2
8969	bip collarback	bip collarback
8970	lpinkie0	lPinkie0+lpinkie0
8971	arm right shoulder 1 ctr5	arm right shoulder 1 ctr5
8972	arm right cloth 2b	arm right cloth 2b
8973	chair rotation	chair rotation
8974	bone_rrl2	bone_RRL2
8975	spine lower ctr	spine lower ctr
8976	wide 2	Wide 2
8977	face_forehead_r	Face_Forehead_R
8978	boobs upward r	Boobs Upward R
8979	def-spine.026	DEF-spine.026
8980	bip01_r_clavicle003	Bip01_R_Clavicle003
8981	valvebiped.joint14	ValveBiped.joint14
8982	chainside_r	ChainSide_R
8983	valvebiped.bip01_r_ear03	ValveBiped.Bip01_R_Ear03
8984	top_03	Top_03
8985	crush-9	crush-9
8986	bikini_d	Bikini_d
8987	hood base	hood base
8988	shortfromtop	ShortFromTop
8989	vagopensmall	VagOpenSmall
8990	l elbow spo	L Elbow Spo
8991	brownfrontup	BrownFrontUp
8992	side_right_8	side_right_8
8993	unused142	unused142
8994	cape 3b	Cape 3b
8995	submesh_00_lod_1.2922	submesh_00_LOD_1.2922
8996	strings 11	strings 11
8997	r string3 tip sec	r string3 tip sec
8998	exp_smile	Exp_Smile
8999	second_arms_l_ring1	Second_Arms_L_Ring1
9000	arm right forearm adj b	arm right forearm adj b
9001	shell.wall_39	Shell.Wall_39
9002	eye right surprised 	eye Right Surprised 
9003	second_arms_l_1	Second_Arms_L_1
9004	ascot.top_7	Ascot.Top_7
9005	bip elbowbacktopbase l	bip elbowbacktopbase l
9006	tissue_top	tissue_top
9007	bip_tentacle.010	Bip_Tentacle.010
9008	sneer_right	sneer_right
9009	bip01 op1.r	Bip01 Op1.R
9010	hoppy	Hoppy
9011	head_b_r	Head_B_R
9012	ltoemid02	lToeMid02
9013	leotoarddef-slideaside	LeotoardDef-SlideAside
9014	rarmj	RArmJ
9015	wing_right_5_2	Wing_Right_5_2
9016	c_dred_r2_07	C_Dred_R2_07
9017	c hipw spo	C HipW Spo
9018	rightclav	RightClav
9019	grit right	grit right
9020	bobcut.side_right_1_1	Bobcut.Side_Right_1_1
9021	bipmar r foretwist1	BipMar R ForeTwist1
9022	right_7	Right_7+right_7
9023	fbx_weapon_murasaki_3	fbx_weapon_murasaki_3
9024	key.f	Key.F
9025	foot_fingerbase2_l	foot_fingerbase2_L
9026	dust_cover	Dust_cover
9027	levator05_r	levator05_R
9028	chain_30	chain_30
9029	bh41	Bh41
9030	tenta_b_6_r	tenta_b_6_R
9031	bip_ring_root_0_r	bip_ring_root_0_R
9032	head_nostril_1_r	head_nostril_1_R
9033	shirt_full_tie_left_4	Shirt_Full_Tie_Left_4
9034	flm-armb-float-a5	Flm-ArmB-Float-A5
9035	kondishn	kondishn
9036	bone middle 06	bone middle 06
9037	opt_hand_left_pinky1	OPT_Hand_Left_Pinky1
9038	jacket_collar_back	jacket_collar_back
9039	head masseter lower left	Head Masseter Lower Left
9040	neutralr	NeutralR
9041	generichuman_l_upplidjnt	GenericHuman_l_uppLidJnt
9042	record1	record1
9043	earright5	EarRight5
9044	jiggle.tassle_front_06	Jiggle.Tassle_Front_06
9045	ballsfix	BallsFix
9046	body-hands-shrink	Body-Hands-Shrink
9047	object06	Object06
9048	bip_stone _r_finger_globe_2_02	Bip_STONE _R_Finger_Globe_2_02
9049	l_widen	L_widen
9050	wep_40mm_nade	WEP_40mm_Nade
9051	def-thigh.r	DEF-thigh.R
9052	nostril close left	Nostril Close Left
9053	r_front_holster_0u_6v	r_front_holster_0u_6v
9054	pants thick thigs	Pants Thick Thigs
9055	gun_base	gun_base
9056	pussypucker	PussyPucker
9057	tailleft4_6	TailLeft4_6
9058	sash 1c	Sash 1c
9059	r beltd a phy	R BeltD a Phy
9060	end/outline/shrink	End/outline/shrink
9061	e8	E8
9062	tear up l	Tear up L
9063	opt_as_l_armtwist_b	OPT_AS_L_ArmTwist_B
9064	stockingsheels	StockingsHeels
9065	flex_pinch	Flex_PINCH
9066	cloth left 5 jb	cloth left 5 JB
9067	crush-24	crush-24
9068	puss_out	Puss_out
9069	wep_fx_peq_laser	WEP_FX_PEQ_Laser
9070	lithe lower details	Lithe Lower Details
9071	unused.060	unused.060
9072	tailright3_1	TailRight3_1
9073	c_tiel_c09	C_TieL_C09
9074	hand_right	hand_right
9075	apron.001	Apron.001
9076	right_arm	Right_arm
9077	whr_7	whR_7
9078	globe_bottom	Globe_Bottom
9079	r_inner_raise	r_inner_raise
9080	keychain.chain_8_jiggle	Keychain.Chain_8_jiggle
9081	leftnipple6	LeftNipple6
9082	holo projector	Holo projector
9083	f13	F13
9084	helper_rtc	Helper_RTC
9085	shield	Shield
9086	frontcurlout	FrontCurlOut
9087	valvebiped.bip01_pelvis.031	ValveBiped.Bip01_Pelvis.031
9088	unused132	unused132
9089	alertr	alertr
9090	dlid_l_2	DLid_L_2
9091	bip_r_foot_middle	bip_r_foot_middle
9092	sword1	Sword1
9093	bip01 calf.r	Bip01 Calf.R
9094	bottle2_liquid	bottle2_liquid
9095	chinraise	chinraise
9096	def-forearm.l	DEF-forearm.L
9097	root ground2	root ground2
9098	slutthinthinnerplungehips	SlutThinThinnerPlungeHips
9099	bip01_r_upperarm017	Bip01_R_UpperArm017
9100	bip_r_cloth_b	bip_r_cloth_b
9101	wing_left_3_2	Wing_Left_3_2
9102	l string2 tip sec	l string2 tip sec
9103	dlid_l_3	DLid_L_3
9104	flapleft_open	flapleft_open
9105	box_face_05_m	Box_Face_05_M
9106	bas.side_left_2_jiggle	BAS.Side_Left_2_jiggle
9107	first_loose_page1_m	First_Loose_Page1_M
9108	bip_stone_l_thightwist	Bip_STONE_L_ThighTwist
9109	no teeth top	No teeth top
9110	v_weapon.left_index03	v_weapon.Left_Index03
9111	finger_index_left_0	finger_index_left_0
9112	cloth middle 8	cloth middle 8
9113	closed_eye_l	Closed_Eye_L
9114	stockingsthicc thighs	StockingsThicc thighs
9115	flm-armb-arm-lg	Flm-ArmB-Arm-LG
9116	beard_l	Beard_L
9117	arm right finger 2xx	arm right finger 2xx
9118	capeflap1.l	CapeFlap1.L
9119	bip_r_eyelash_03	bip_r_eyelash_03
9120	valvebiped.bip01_r_pinkie03	ValveBiped.Bip01_R_Pinkie03
9121	milkshape3d_skele	MilkShape3D_Skele
9122	flap1.l	Flap1.L
9123	c_arr_b01	C_ARR_B01
9124	tiptouch2	tiptouch2
9125	knotadjustbig	KnotAdjustBig
9126	dyng x 02	dyng x 02
9127	hat_right_tassel_4	Hat_Right_Tassel_4
9128	doorrootbone	DoorRootBone
9129	bas.side_right_2_jiggle	BAS.Side_Right_2_jiggle
9130	leftbrowlower	LeftbrowLower
9131	bow left 3a	bow left 3a
9132	face_forehead_l	Face_Forehead_L
9133	bip01_spine1_012	Bip01_Spine1_012
9134	window_urban_sash_48_88_full_gib12	window_urban_sash_48_88_full_gib12
9135	head neck ctr ctr3	head neck ctr ctr3
9136	right_innerbrowraise	Right_innerbrowraise
9137	molehide	MoleHide
9138	bip01_r_forearm007	Bip01_R_Forearm007
9139	leftfinge53	LeftFinge53
9140	bone076	Bone076
9141	bip_suitear3_r	bip_suitear3_R
9142	bone117	Bone117
9143	dyng e 03	dyng e 03
9144	bone071	Bone071
9145	bobcut.front_left_2_jiggle	Bobcut.Front_Left_2_jiggle
9146	stockingsthiccer	StockingsThiccer
9147	bip_findex03_r	Bip_FIndex03_R
9148	mot12_rightupleg	MOT12_RightUpLeg
9149	arm left finger 2	arm left finger 2
9150	bip_l_index_01	bip_l_index_01
9151	object42	Object42
9152	unusedmot03-leftfoot	unusedmot03-leftfoot
9153	leg left boot tassle 5a	leg left boot tassle 5a
9154	cylinder001	Cylinder001
9155	bipbrk r finger2	BipBrk R Finger2
9156	bone 1011	bone 1011
9157	x_shift_12	x_shift_12
9158	kata_md_r__prot_x50__offset	kata_md_r__prot_x50__offset
9159	shirt_full_tie_right_3	Shirt_Full_Tie_Right_3
9160	penis shaft 3	penis shaft 3
9161	whl_4	whL_4
9162	bip_pussyupper_1_l	bip_PussyUpper_1_L
9163	anus_open_middle	anus_open_middle
9164	c5	C5
9165	bip_vulvaf	Bip_VulvaF
9166	hara__null	hara__null
9167	teeth_top_l	teeth_top_l
9168	unused133	unused133
9169	bip01_spine2_010	Bip01_Spine2_010
9170	oris06_r	oris06_R
9171	casterd_0	CasterD_0
9172	flm-arma-tail4	Flm-ArmA-Tail4
9173	foot_index_2_l	foot_index_2_L
9174	lower_left_drop	lower_left_drop
9175	shape-petite-cleavage	shape-petite-cleavage
9176	r_pouch	r_pouch
9177	valvebiped.chain_aligned9	ValveBiped.chain_aligned9
9178	unused spine upper item_ssx h #2	unused spine upper item_SSX H #2
9179	wep_fx_muzzle_m203	WEP_FX_Muzzle_M203
9180	bikini top tight	Bikini Top Tight
9181	fa_nostril_right_inner	fa_nostril_right_inner
9182	tailright3_7	TailRight3_7
9183	key.black_25	Key.Black_25
9184	nails-long	nails-long
9185	body-pussy-gape	Body-Pussy-Gape
9186	book_adjusting_pages_r	Book_Adjusting_Pages_R
9187	flatten/beam1	Flatten/beam1
9188	marahairroot	maraHairroot
9189	v_res_sketchpad_high	v_res_sketchpad_high
9190	bone.001	Bone.001
9191	saberon_bone22	saberon_Bone22
9192	book_adjusting_pages_l	Book_Adjusting_Pages_L
9193	flm-armb-back-u2	Flm-ArmB-Back-U2
9194	moustache_r_12	Moustache_R_12
9195	wheel_2	wheel_2
9196	tailwing_03	tailwing_03
9197	rfrown1	RFrown1
9198	hide 2	hide 2
9199	21	21
9200	polysurface27	polySurface27
9201	cloth_collar_1_m	cloth_collar_1_M
9202	point_eyeball_l	Point_Eyeball_L
9203	eyes sad right	eyes sad right
9204	tentaclebottompleft1	TentacleBottompLeft1
9205	bottle1	bottle1
9206	polysurface16	polySurface16
9207	jiggle pelvis	jiggle pelvis
9208	t1	T1
9209	ballsrsqueshfront	ballsRsqueshfront
9210	cloth_bone_up_r_02	cloth_bone_up_r_02
9211	nostrilsuck	NostrilSuck
9212	b8	B8
9213	expansionvaginawidth	ExpansionVaginaWidth
9214	ball.right	Ball.Right
9215	valvebiped.barrels	ValveBiped.Barrels
9216	crane	Crane
9217	pelvis_groin	pelvis_groin
9218	key.white_8	Key.White_8
9219	narrowx	NarrowX
9220	magazine_catch	Magazine_catch+magazine_catch
9221	buttchin	buttchin
9222	rpuff	RPuff
9223	bh002.r	Bh002.R
9224	right_sneer	Right_sneer
9225	bobcut.side_left_1_3_jiggle	Bobcut.Side_Left_1_3_jiggle
9226	unusedbone244	unusedbone244
9227	pot4	pot4
9228	crow_1.ulna_r	Crow_1.Ulna_R
9229	forearmshrink	Forearmshrink
9230	bip findex00 l	bip findex00 l
9231	bip_r_middle_02	bip_r_middle_02
9232	r_finger3b_00002	r_finger3b_00002
9233	bip_pussyroot_r	bip_PussyRoot_R
9234	mar-base	Mar-Base
9235	doof_speakerside	doof_speakerside
9236	unusedmot01-head001	unusedmot01-head001
9237	skull_08	skull_08
9238	cons_potion_healing_a_supreme_glass_mesh.001	CONS_Potion_Healing_A_Supreme_Glass_Mesh.001
9239	unused.026	unused.026
9240	pussparent.002_l.011	PussParent.002_L.011
9241	leftsneer	LeftSneer
9242	left arm twist	Left arm twist
9243	masktop2.r	MaskTop2.R
9244	bobcut.back_1_jiggle	Bobcut.Back_1_jiggle
9245	depth_8	depth_8
9246	beadhangback duo a3	BeadHangBack Duo A3
9247	uplong	UpLong
9248	c tongroot	C Tongroot
9249	valvebiped.l_uparm	Valvebiped.L_uparm
9250	bip01_head002	Bip01_Head002
9251	bip facelipmiloout	bip facelipmiloout
9252	key.d	Key.D
9253	gasmask2	gasmask2
9254	ventilation grid 1	Ventilation Grid 1
9255	valvebiped.bip01_sword	ValveBiped.Bip01_Sword
9256	wep_fx_light_barrel	WEP_FX_Light_Barrel
9257	d_left	D_Left
9258	toungmiddleleft	ToungMiddleLeft
9259	cloth_side_a_3_l	cloth_side_A_3_L
9260	tailmiddle_1	TailMiddle_1
9261	c_dred_c1_08	C_Dred_C1_08
9262	ascot.root	Ascot.Root
9263	rpectoraljiggle	rPectoraljiggle
9264	whisker_l_2	Whisker_L_2
9265	leg left knee ctr 2	leg left knee ctr 2
9266	flm-arma-sworda-o	Flm-ArmA-SwordA-O
9267	bone150	Bone150
9268	wing_left_5_1	Wing_Left_5_1
9269	rbrow2	rBrow2
9270	fin-rig-shorts-r	Fin-Rig-Shorts-R
9271	pcube1	pCube1
9272	wep_slidecharger	WEP_SlideCharger
9273	valvebiped.bip01_r_index	ValveBiped.Bip01_R_Index
9274	crumple_l	Crumple_L
9275	ohlookacarfromdriversf	OHLOOKACARFROMDRIVERSF
9276	dlid_r_2	DLid_R_2
9277	l ulid a	L Ulid A
9278	anus.ring	Anus.Ring
9279	bone._l.003	Bone._L.003
9280	balls base	balls base
9281	object15	Object15
9282	bip upperarmbase r	bip upperarmbase r
9283	belt front 00	belt front 00
9284	side table 2	Side table 2
9285	bow left 2f	bow left 2f
9286	browleft	BrowLeft
9287	kickhighinner	KickHighInner
9288	chain_27	chain_27
9289	doodad.bell_string_1	Doodad.Bell_String_1
9290	mosok41	Mosok41+mosok41
9291	arm.right_length	Arm.Right_Length
9292	anime angry  bl	Anime angry  bL
9293	eyebigl	EyeBigL
9294	r-tiny-eye	R-Tiny-Eye
9295	pussparent.002_r.017	PussParent.002_R.017
9296	book turnpage6	Book TurnPage6
9297	body-belly-stuffed	Body-Belly-Stuffed
9298	cervixright	CervixRight
9299	penis_f_3	penis_f_3
9300	v_weapon.root25	v_weapon.Root25
9301	bip hipside l	bip hipside l
9302	frown_left	frown_left
9303	brows-full-furrow	Brows-Full-Furrow
9304	kio_04	Kio_04
9305	toplid_r1	toplid_R1
9306	crow_1.ulna_l	Crow_1.Ulna_L
9307	bip_eyecontroller_l	Bip_EYECONTROLLER_L
9308	arm right lower 2	arm right lower 2
9309	bow right 2f	bow right 2f
9310	lowersnout_l	lowerSnout_L
9311	bipbrk	BipBrk
9312	wink2 r	Wink2 R
9313	wep_belt_bullet14	WEP_Belt_Bullet14
9314	leg front toes left	leg front toes left
9315	arm right shoulder 2 ctr 001	arm right shoulder 2 ctr 001
9316	cornerlowerl	CornerLowerL
9317	left hand screw 2	Left hand screw 2
9318	leg left thigh ctr 3	leg left thigh ctr 3
9319	r belta spo	R BeltA Spo
9320	key.rightshift	Key.RightShift
9321	wep_bottomstrap	WEP_bottomstrap
9322	head eye corner upper left	Head Eye Corner Upper Left
9323	object006	Object006
9324	rear b_2	Rear B_2
9325	upperarm_twist_r_02	upperarm_twist_r_02
9326	box12	Box12
9327	bone103	Bone103
9328	bone181	Bone181
9329	fa_forehead_right_out	fa_forehead_right_out
9330	uppertentacle4	UpperTentacle4
9331	bip_ass1	bip_Ass1
9332	fbx_monster_oboro_face	fbx_monster_oboro_face
9333	valvebiped.group4	ValveBiped.group4
9334	bobby_bone_necklace_11	BOBBY_Bone_NeckLace_11
9335	ebrow_bone_correct_r_01	ebrow_bone_correct_r_01
9336	unusedbone168	unusedbone168
9337	unusedhairroot2	unusedhairroot2
9338	drip_jiggle_2	Drip_Jiggle_2
9339	third_arms_l_middle2	Third_Arms_L_Middle2
9340	rtoethumb02	rToeThumb02
9341	magspinner	magspinner
9342	shell.wall_29	Shell.Wall_29
9343	ropebelt_tassel_front_3	RopeBelt_Tassel_Front_3
9344	rmiddle1	rMiddle1+rmiddle1
9345	toy_bone_09	toy_bone_09
9346	mlid_l_2	MLid_L_2
9347	pregnant2	Pregnant2
9348	unusedhairroot5	unusedhairroot5
9349	extended vertebra	extended vertebra
9350	c_bck_a01	C_BCK_A01
9351	towel	Towel
9352	bone.025	Bone.025
9353	h5	H5+h5
9354	bone 81	bone 81
9355	thiccerreal	ThiccerReal
9356	clitoral_glans	clitoral_glans
9357	ascot.top_6	Ascot.Top_6
9358	left_8	left_8
9359	head earring left a 2	head earring left a 2
9360	unusedbone106	unusedbone106
9361	unused.005	unused.005
9362	wep_boltcharger	WEP_BoltCharger
9363	jacketshirtclippingassistance	JacketShirtClippingAssistance
9364	pivot_point	Pivot_point
9365	kneesshrink	Kneesshrink
9366	wep_bolt_safety	WEP_Bolt_Safety
9367	bip_horn_01	bip_horn_01
9368	pilotcar	PilotCar
9369	fur_gen_bed_single_rich_a_mesh	FUR_GEN_Bed_Single_Rich_A_Mesh
9370	school_bowtie_idk	School_Bowtie_IDK
9371	tail01n	Tail01N
9372	canine_lbackleg1	Canine_LBackLeg1
9373	hat_right_4_jiggle	Hat_Right_4_jiggle
9374	cock.shaft_4	Cock.Shaft_4
9375	lsmalltoe4 2	lsmalltoe4 2
9376	bip01 foot.r	Bip01 Foot.R
9377	bone032	Bone032
9378	flag2	flag2
9379	head nostril right 3	head nostril right 3
9380	c_dred_l2_04	C_Dred_L2_04
9381	flex_noise1	Flex_Noise1
9382	bone135_l_hoho5_joint	bone135_L_Hoho5_Joint
9383	pants string １.l	Pants string １.L
9384	head earring right a 2_jiggle	head earring right a 2_jiggle
9385	jnt_back	jnt_back
9386	unused r jacketd spo	unused r jacketd spo
9387	r bust04 tip sec	r bust04 tip sec
9388	shorten_6	shorten_6
9389	bip_balls_2_l	Bip_Balls_2_L
9390	headband tail right f	headband tail right f
9391	lower_03	Lower_03
9392	blink 3	Blink 3
9393	dyng l necklace 02	dyng l necklace 02
9394	fin_top_d_a	fin_top_d_a
9395	full_open_right	full_open_right
9396	fa_eyebag_right_inn	fa_eyebag_right_inn
9397	tits_r	Tits_R
9398	pantsbuttsize	PantsButtsize
9399	bone_main	Bone_Main
9400	head nasolabial furrow left	Head Nasolabial Furrow Left
9401	left hand screw	Left hand screw
9402	level2_root	Level2_Root
9403	uuuh	uuuh
9404	buttshrink	ButtShrink
9405	liplower_r1	lipLower_R1
9406	l_front_holster_0u_10v	l_front_holster_0u_10v
9407	strap_a.01	Strap_A.01
9408	bip elbowfront l	bip elbowfront l
9409	upzip_bone_m_02	upzip_bone_m_02
9410	right_11	right_11
9411	arm left finger pinky	arm left finger pinky
9412	futa version 1	Futa Version 1
9413	unused head.021	unused head.021
9414	tailleft2_7	TailLeft2_7
9415	stomp-1	stomp-1
9416	canine_reye	Canine_REye
9417	eyes angry right	eyes angry right
9418	facial_bone_eye_up_r	Facial_Bone_Eye_UP_R
9419	bone027	Bone027
9420	llotwist1	lLoTwist1
9421	fa_under_chin_left_out	fa_under_chin_left_out
9422	table	Table+table
9423	lkakato03n	LKakato03N
9424	pcylinder9	pCylinder9
9425	l top lid	L top lid
9426	bhr48	BhR48
9427	wep_magazine2_bullet	WEP_Magazine2_Bullet
9428	bip01_l_forearm019	Bip01_L_Forearm019
9429	pb_l_cmy01_fhair_02	pb_L_CMY01_FHair_02
9430	leg left boot tassle 4b	leg left boot tassle 4b
9431	bip_l_horn_01	bip_l_horn_01
9432	bip01_neck019	Bip01_Neck019
9433	spike_05_m	Spike_05_M
9434	unused 1	unused 1
9435	bow left a 3	bow left a 3
9436	right thumb intermediate	Right Thumb Intermediate
9437	left_16	left_16
9438	bipqwn lthightwist	BipQwn LThighTwist
9439	right index finger 1 expansion 1	Right index finger 1 expansion 1
9440	microphone_2	Microphone_2
9441	side_right_4	side_right_4
9442	uppereye.l	uppereye.l
9443	unused.036	unused.036
9444	crush-29	crush-29
9445	toungmiddle	ToungMiddle
9446	lthumbna	LThumbNa
9447	body-bulge-high	Body-Bulge-high
9448	dyng b 03	dyng b 03
9449	indent	Indent
9450	bow left 1c	bow left 1c
9451	bas.rear_left_1	BAS.Rear_Left_1
9452	taurenmale_hd_bone_135	taurenmale_hd_bone_135
9453	pc_broken	pc_broken
9454	hat_left_tassel_1	Hat_Left_Tassel_1
9455	egg.wall_13	Egg.Wall_13
9456	wep_stock_ar	WEP_Stock_AR
9457	l belta a phy	L BeltA a Phy
9458	cleavagelower	CleavageLower
9459	cape 1a	Cape 1a
9460	hokage hat right 3a_jiggle	hokage hat right 3a_jiggle
9461	shape-ninja-cleavage	shape-ninja-cleavage
9462	object009	Object009
9463	jacket.neck_rear	Jacket.Neck_Rear
9464	calfleft	CalfLeft
9465	bobcut.side_left_1_1	Bobcut.Side_Left_1_1
9466	vag_l.001	Vag_L.001
9467	belt front right a	belt front right a
9468	outerbrows_down_l	outerbrows_down_l
9469	chain_17	chain_17
9470	fa_up_lid_right_outer	fa_up_lid_right_outer
9471	anusgapeout	AnusGapeOut
9472	right_hand_twist2_end	right_hand_twist2_end
9473	wep_belt_bullet13	WEP_Belt_Bullet13
9474	shell.wall_4	Shell.Wall_4
9475	bow right b 2	bow right b 2
9476	cloth left 4 jb	cloth left 4 JB
9477	facial_bone_lowrlip	Facial_Bone_LowrLip
9478	crush-25	crush-25
9479	island_collar_03_wind_helper	island_collar_03_wind_helper
9480	phalangesright	PhalangesRight
9481	band.bend_right_3	Band.Bend_Right_3
9482	fixbraceletclipping	FixBraceletClipping
9483	scale-down	scale-down
9484	generichuman_r_browajnt	GenericHuman_r_browAJnt
9485	head nostril right a	head nostril right a
9486	bone_face_eye_l_shape_u_mid	Bone_Face_Eye_L_Shape_U_Mid
9487	sk_l_b_leg_3	SK_L_B_leg_3
9488	wep_fx_peq_flashlight	WEP_FX_PEQ_Flashlight
9489	r_pinkya	r_pinkya
9490	bip_woolpelvis_0_r	bip_WoolPelvis_0_R
9491	bip_bowtieupper_r	bip_BowtieUpper_R
9492	jig_top	Jig_TOP
9493	lipupper_r4	lipUpper_R4
9494	mot01_head2	MOT01_Head2
9495	face_tonsils	Face_Tonsils
9496	cloth middle 7	cloth middle 7
9497	sofa	Sofa+sofa
9498	unused mot01_head001	unused mot01_head001
9499	r dlipin a	R Dlipin A
9500	l ulipin b	L Ulipin B
9501	chain_28	chain_28
9502	bone152	Bone152
9503	fronthair normal a joint	fronthair normal a joint
9504	cloth right 4	cloth right 4
9505	r_finger2b_00001	r_finger2b_00001
9506	bone47	Bone47
9507	knee fix.r	Knee Fix.R
9508	valvebiped.bip01_belt1	ValveBiped.Bip01_Belt1
9509	bip01_spine3_013	Bip01_Spine3_013
9510	bh12.r	Bh12.R
9511	tenta_b_8_l	tenta_b_8_L
9512	momo_l_d__offset	momo_l_d__offset
9513	valvebiped.chain_aligned	ValveBiped.chain_aligned
9514	unused spine upper item_sw	unused spine upper item_SW
9515	leglittlefinger2_l	LegLittleFinger2_L
9516	nippokedouble09	NipPokeDouble09
9517	bip01_head004	Bip01_Head004
9518	midchest	MidChest
9519	vagopen04	VagOpen04
9520	wep_magazine2_bullet4	WEP_Magazine2_Bullet4
9521	d8	D8
9522	rightfingerbase	RightFingerBase
9523	dyng z 02	dyng z 02
9524	earing_ base_l	Earing_ Base_L
9525	bunnyearboneright_3	BunnyEarBoneRight_3
9526	mid_tied	Mid_Tied
9527	chain_29	chain_29
9528	limb_right	LIMB_RIGHT
9529	bippbg l finger3	BipPBG L Finger3
9530	leftp	LeftP
9531	torso brace b l	Torso brace B L
9532	rhandn	RHandN
9533	l ulipin a	L Ulipin A
9534	rassimpactextrude2	RAssImpactExtrude2
9535	detpack	detpack
9536	unused141	unused141
9537	desk light	Desk light
9538	option 01	OPTION 01
9539	c tiea spo	C TieA Spo
9540	shockeyeleft	ShockEyeLeft
9541	wep_stock_folding	WEP_Stock_Folding
9542	thumbright1	ThumbRight1
9543	socket_lh_wp	Socket_lh_wp
9544	pants string ２.l	Pants string ２.L
9545	spine upper b	spine upper b
9546	middle1_base.l	middle1_base.l
9547	sadness_r	sadness_r
9548	narrow_x	narrow_x
9549	wep_button1	WEP_Button1
9550	belly-big	belly-big
9551	r collara a phy	R CollarA a Phy
9552	valvebiped_bullet11	ValveBiped_Bullet11
9553	valvebiped_bullet6	ValveBiped_Bullet6
9554	gag_l_03	Gag_L_03
9555	e16	E16
9556	cloth_bone_up_l_03	cloth_bone_up_l_03
9557	l_butt_top	L_Butt_Top
9558	lbrow outer	lbrow outer
9559	cop.baton	Cop.Baton
9560	l_upper_leg_thigh_helper	l_upper_leg_thigh_helper
9561	frontthigh.r	FrontThigh.R
9562	launcher_left_root	launcher_left_root
9563	rsmirk	RSmirk
9564	chair 01	Chair 01
9565	pbg-rig-hole-v2	PBG-Rig-Hole-V2
9566	lipupper_l4	lipUpper_L4
9567	hand finger left 3c	hand finger left 3c
9568	bone_face_eye_l_shape_u_out	Bone_Face_Eye_L_Shape_U_Out
9569	leg right thigh adj. 2	leg right thigh adj. 2
9570	jiggle.tassle_front_05	Jiggle.Tassle_Front_05
9571	boob_fix	BOOB_FIX
9572	rope.01.l	rope.01.L
9573	legfix90sw r	LegFix90SW R
9574	flm-armb-belt-f2	Flm-ArmB-Belt-F2
9575	r footroll	r footRoll
9576	unused head neck upper attached-face fix.002 item_head	unused head neck upper attached-face fix.002 item_head
9577	chin_right_1	chin_right_1
9578	level2_south	Level2_South
9579	sk_r_f_leg_1	SK_R_F_leg_1
9580	cock_06	Cock_06
9581	face-facialmewing	Face-FacialMewing
9582	bh001.l	Bh001.L
9583	sofa.cushon.two	sofa.cushon.two
9584	canine_neck2	Canine_Neck2
9585	sharp_frown	sharp_frown
9586	trcraise	TRCRaise
9587	unibrow	Unibrow
9588	five_bullet04	Five_Bullet04
9589	normalblink	normalblink
9590	tanktopstrapless	TankTopStrapless
9591	pantiesstomachinflate1	PantiesStomachInflate1
9592	bip_r_cloth_c_02	bip_r_cloth_c_02
9593	plane01	Plane01
9594	sliderbutton	SliderButton
9595	flm-arma-sworda-m	Flm-ArmA-SwordA-M
9596	cock_03	Cock_03
9597	l_brown	L_Brown
9598	shape-ninja-nude	shape-ninja-nude
9599	left index finger 1 grip 1	Left index finger 1 grip 1
9600	unused.027	unused.027
9601	necklace 4	necklace 4
9602	r ring 01	r ring 01
9603	leg left ankle adjust	leg left ankle adjust
9604	lowerlidraiserl+lowerlidraiserr	LowerLidRaiserL+LowerLidRaiserR
9605	bip_stone _r_finger_globe_1_	Bip_STONE _R_Finger_Globe_1_
9606	shell.wall_23	Shell.Wall_23
9607	smile-right	Smile-Right
9608	object41	Object41
9609	tasseld	TasselD
9610	valvebiped.bip01_l_butthelper	ValveBiped.Bip01_L_ButtHelper
9611	stare~	Stare~
9612	strings 3	strings 3
9613	valvebiped.polysurface24	ValveBiped.polySurface24
9614	r_elbow_outer_upper_helper	r_elbow_outer_upper_helper
9615	pussy.ring_right_front	Pussy.Ring_Right_Front
9616	bip01_l_clavicle003	Bip01_L_Clavicle003
9617	wrist thickness	Wrist Thickness
9618	fur_gen_pillow_sitting_h_mesh	FUR_GEN_Pillow_Sitting_H_mesh
9619	m_neck_5	m_neck_5
9620	l_upper_leg_twist_a_helper	l_upper_leg_twist_a_helper
9621	wep_stock_folding_slingloop	WEP_Stock_Folding_SlingLoop
9622	unused.028	unused.028
9623	level3_south	Level3_South
9624	carpet.001	Carpet.001
9625	leg left thigh adj.	leg left thigh adj.
9626	bip01 forearm.l	Bip01 Forearm.L
9627	foot_index_2_r	foot_index_2_R
9628	cape_2_l	cape_2_L
9629	unused head neck upper attached_jhead head neck upper atta.001	unused head neck upper attached_jhead head neck upper atta.001
9630	lpinky	LPinky
9631	unusedarm right finger knuckle thumb	unusedarm right finger knuckle thumb
9632	bone 1080	bone 1080
9633	ckspine2bend65	CKSpine2Bend65
9634	d2	D2
9635	(flex) top	(FLEX) Top
9636	index1_base.l	index1_base.l
9637	breathboth	BreathBoth
9638	bip facelipbumploin r	bip facelipbumploin r
9639	grip.008	grip.008
9640	brows-doubt-right	brows-doubt-right
9641	right_small_labia3	Right_Small_Labia3
9642	shell.wall_60	Shell.Wall_60
9643	bip_neck_06	bip_neck_06
9644	loincloth front 1c	loincloth front 1c
9645	mot17_leftshoulder	MOT17_LeftShoulder
9646	c ujacketa c phy	C uJacketA c Phy
9647	uppersnout_l	upperSnout_L
9648	valvebiped.bip01_l_hand_helperbone	ValveBiped.Bip01_L_Hand_Helperbone
9649	shell.wall_56	Shell.Wall_56
9650	head right earring 1_jiggle	head right earring 1_jiggle
9651	head earring left a 2_jiggle	head earring left a 2_jiggle
9652	wep_feedtray	WEP_FeedTray
9653	bone052	Bone052
9654	maskbottom.l	MaskBottom.L
9655	t3	T3
9656	head left earring 1	head left earring 1
9657	upperlidraiserl	UpperLidRaiserL
9658	flm-arma-sworda-h	Flm-ArmA-SwordA-H
9659	door_m	Door_M
9660	l ujacketb b phy	L uJacketB b Phy
9661	gun_1_r	gun_1_R
9662	crumple_w	Crumple_W
9663	bip_r_cloth_b_01	bip_r_cloth_b_01
9664	boobs-shapea	boobs-shapeA
9665	object50	Object50
9666	v_ou	v_ou
9667	pb_l_cmy01_fhair_04	pb_L_CMY01_FHair_04
9668	innerlips bottom right	innerlips bottom right
9669	bone 91	bone 91
9670	third_arms_l_middle3	Third_Arms_L_Middle3
9671	tailleft4_2	TailLeft4_2
9672	leg right stb	leg right StB
9673	bone104	Bone104
9674	pjcmchestside24l	pJCMChestSide24L
9675	rear a_1	Rear A_1
9676	head accessories	head accessories
9677	bip_tailc06	bip_tailC06
9678	adjust_shoulder_l	adjust_shoulder_L
9679	unused genitalslag05	unused genitalslag05
9680	wep_fx_muzzle4	WEP_FX_Muzzle4
9681	bas.rear_left_4	BAS.Rear_Left_4
9682	fringe 19	fringe 19
9683	bone120	Bone120
9684	arm right elbow ctr 1	arm right elbow ctr 1
9685	_right_y_up	_right_y_up
9686	rteethdowndown	RTeethDownDown
9687	bip01_r_clavicle012	Bip01_R_Clavicle012
9688	toy_bone_16	toy_bone_16
9689	vase.003	Vase.003
9690	bone ring 07	bone ring 07
9691	bip_lefteye	bip_LeftEye
9692	unused pelvis attached_penis root ground	unused pelvis attached_penis root ground
9693	brk-rig-eye-lu	Brk-Rig-Eye-LU
9694	pants_front_forward	pants_front_forward
9695	leg left stg	leg left StG
9696	l_head_3	l_head_3
9697	top-3	top-3
9698	torso pipe b l 2b	torso pipe B L 2b
9699	cornerlip_r	cornerlip_R
9700	bip_l_claw_b	bip_l_claw_b
9701	chocker_acc	chocker_acc
9702	pad2_5	pad2_5
9703	wheel_2.base	Wheel_2.Base
9704	opt_hand_right_ring2	OPT_Hand_Right_Ring2
9705	l1	L1+l1
9706	bh02.r	Bh02.R
9707	bobcut.back_2_jiggle	Bobcut.Back_2_jiggle
9708	chest_a	chest_a
9709	al+ar	AL+AR
9710	themask	TheMask
9711	ckarmbendl	CKArmBendL
9712	bodyshape-thin	bodyshape-thin
9713	oris01	oris01
9714	apron c1	Apron c1
9715	bone 67	bone 67
9716	bip_cloth_c	bip_cloth_c
9717	ballsr01	ballsR01
9718	leg left sth	leg left StH
9719	bip_stoolclothback_0_r	bip_StoolClothBack_0_R
9720	v_weapon.m3_parent	v_weapon.M3_PARENT
9721	sk_r_b_leg_6	SK_R_B_leg_6
9722	bone 80	bone 80
9723	jnt_right	jnt_right
9724	wardrobe	Wardrobe
9725	belt front right b	belt front right b
9726	bip01_r_thigh008	Bip01_R_Thigh008
9727	lipupper_r2	lipUpper_R2
9728	bipmar r finger4	BipMar R Finger4
9729	shaft	Shaft
9730	left little finger 2 grip 1	Left little finger 2 grip 1
9731	ashi_r_d__offset	ashi_r_d__offset
9732	bip_ass1_r	bip_Ass1_r+bip_ass1_R
9733	head eyelash left upper	head eyelash left upper
9734	browmid_r	BrowMid_R
9735	bolt_slide	Bolt_Slide
9736	capeflap1.r	CapeFlap1.R
9737	music_gen_guitar_lute_b_ref_mesh	MUSIC_GEN_Guitar_Lute_B_REF_Mesh
9738	bip_pad_r	bip_pad_r
9739	right index distal	Right Index Distal
9740	h7	H7+h7
9741	blink up	Blink Up
9742	grapple4	grapple4
9743	007	007
9744	tape_r_01	Tape_R_01
9745	unusedbone221	unusedbone221
9746	sash 2a	Sash 2a
9747	wrinkles-3	wrinkles-3
9748	head eye brili left	head eye brili left
9749	valvebiped.bip01_vag_r_3	ValveBiped.Bip01_Vag_R_3
9750	office	Office+office
9751	eballlowerl+eballlowerr	EBAllLowerL+EBAllLowerR
9752	flipoutleftleft	FlipOutLeftLeft
9753	switch/stem/umbrella	switch/stem/umbrella
9754	page2_g	Page2_G
9755	strings 9	strings 9
9756	polysurface76	polySurface76
9757	facial_loot	Facial_Loot
9758	cape 2a	Cape 2a
9759	bip01_l_upperarm004	Bip01_L_UpperArm004
9760	v_weapon.strike_lever	v_weapon.strike_lever
9761	egg.wall_16	Egg.Wall_16
9762	spine06	Spine06
9763	cons_potion_healing_a_mesh	CONS_Potion_Healing_A_Mesh
9764	bone 1085	bone 1085
9765	bip_r_middle_01	bip_r_middle_01
9766	wep_sight_carry_m203sight	WEP_Sight_Carry_M203Sight
9767	flap4.r	Flap4.R
9768	ctr bero1 joint pos	ctr bero1 joint pos
9769	flapright_open	flapright_open
9770	foot_index_0_l	foot_index_0_L
9771	bip_r_index_sub	bip_r_index_sub
9772	r bottom lid	R bottom lid
9773	l_inner_lower	l_inner_lower
9774	bip_belldinger	bip_BellDinger
9775	unusedbone167	unusedbone167
9776	c_tiel_c05	C_TieL_C05
9777	l_outer_raiser	L_outer_raiser
9778	f9	F9
9779	bone30	Bone30
9780	genitals_inner_middle_left	Genitals_Inner_Middle_Left
9781	headband back upper	headband back upper
9782	bone-r-thigh-twist	Bone-R-Thigh-Twist
9783	rachel head eyeball left	Rachel head eyeball left
9784	002	002
9785	r_upper_leg_front_helper	r_upper_leg_front_helper
9786	sword_2	sword_2
9787	eyeballs-bigpupils-l	Eyeballs-BigPupils-L
9788	kargathbladefist_bone33	kargathbladefist_Bone33
9789	valvebiped.leftbutt	ValveBiped.leftButt
9790	valvebiped.chain_aligned3	ValveBiped.chain_aligned3
9791	m_head_1	m_head_1
9792	necklace middle	necklace middle
9793	earleft5	EarLeft5
9794	grip.007	grip.007
9795	lowertentacle0	LowerTentacle0
9796	condom 1	condom 1
9797	band.root	Band.Root
9798	roboarm	RoboArm
9799	unusedbone0049	unusedbone0049
9800	urethrashape1	UrethraShape1
9801	protrusion-topclothed	Protrusion-topclothed
9802	wideh	WideH
9803	bip01 forearm.r	Bip01 Forearm.R
9804	wep_bipod	WEP_Bipod
9805	penis-fore-full	Penis-Fore-Full
9806	bip01_r_upperarm018	Bip01_R_UpperArm018
9807	arms-clothes-fit	Arms-Clothes-Fit
9808	right hand	Right Hand
9809	bone.022	Bone.022
9810	morecum	MoreCum
9811	bone-l-upperarm-twist	Bone-L-UpperArm-Twist
9812	vag_size	vag_size
9813	scale_z_down	scale_z_down
9814	ci	CI
9815	def-upper_arm.r	DEF-upper_arm.R
9816	nasolabialupper_r	NasolabialUpper_R
9817	arm left finger 1a ctr	arm left finger 1a ctr
9818	valvebiped.bip01_r_ring01	ValveBiped.Bip01_R_Ring01
9819	scale_z_up	scale_z_up
9820	paulinggib008	paulinggib008
9821	bone48	Bone48
9822	arch_056_1	Arch_056_1
9823	l_knee_front_lower_helper	l_knee_front_lower_helper
9824	head_a_t	Head_A_T
9825	chains_back	chains_back
9826	r_front_holster_0u_8v	r_front_holster_0u_8v
9827	plane04	Plane04
9828	bip_r_finger_b_01	bip_r_finger_b_01
9829	bip_l_eyelash_04	bip_l_eyelash_04
9830	bone46	Bone46
9831	arm right elbow adjust b	arm right elbow adjust b
9832	key.black_14	Key.Black_14
9833	ringbig	RingBig
9834	cklegsplitsl72	CKLegSplitsL72
9835	l ring 01	l ring 01
9836	bip01_l_forearm008	Bip01_L_Forearm008
9837	right_hand_twist1_end	right_hand_twist1_end
9838	arm right shoulder 2 adj. 2	arm right shoulder 2 adj. 2
9839	backleftstrapin	BackLeftStrapIn
9840	eyes-half-close	Eyes-Half-Close
9841	valvebiped_bip01_spine2	ValveBiped_Bip01_Spine2
9842	hokage hat left 2a	hokage hat left 2a
9843	generichumandummyhead	GenericHumanDummyHead
9844	bone088	Bone088
9845	bip01-r-foretwist002	Bip01-R-ForeTwist002
9846	bow right b 1	bow right b 1
9847	tears 2 front	Tears 2 Front
9848	siderightloopclose	SideRightLoopClose
9849	bra back strap r	Bra back strap R
9850	fullsite	FullSite
9851	d15	D15
9852	head eyelash right upper	head eyelash right upper
9853	smile2.l	smile2.l
9854	bone 1065	bone 1065
9855	shell.wall_40	Shell.Wall_40
9856	car12	car12
9857	key.white_21	Key.White_21
9858	pcylinder1	pCylinder1
9859	l ulid e	L Ulid E
9860	eye-l-squint	Eye-L-Squint
9861	keychain.chain_3	Keychain.Chain_3
9862	c_dred_c2_04	C_Dred_C2_04
9863	fa_chin	fa_chin
9864	tails5	Tails5
9865	knotadjustsmall	KnotAdjustSmall
9866	taurenmale_hd_bone_132	taurenmale_hd_bone_132
9867	openf	openf
9868	foot_fingerbase2_r	foot_fingerbase2_R
9869	book2_bottom	Book2_Bottom
9870	arm right shoulder ctrl 2	arm right shoulder ctrl 2
9871	earring.left_1	Earring.Left_1
9872	panty_slide	Panty_slide
9873	head nostril	head nostril
9874	ringtoe1_r	ringToe1_r
9875	muscle - legs	Muscle - Legs
9876	pcube28	pCube28
9877	tehheh lick 2	TehHeh Lick 2
9878	momo_md_l__prot_x50__offset	momo_md_l__prot_x50__offset
9879	ltoe05n	LToe05N
9880	page_curl_7	page_curl_7
9881	valvebiped.bip01_r_hand_helperbone	ValveBiped.Bip01_R_Hand_Helperbone
9882	bip_thumb_2_l_end	bip_thumb_2_L_end
9883	hair left ear 1	hair left ear 1
9884	creasetl	CreaseTL
9885	bip01_spine2_007	Bip01_Spine2_007
9886	bip_l_foot_thumb	bip_l_foot_thumb
9887	ballsdetail3	BallsDetail3
9888	bas.rear_left_2	BAS.Rear_Left_2
9889	jnt_022	jnt_022
9890	rm03	RM03
9891	rlid_upper_raise	Rlid_upper_raise
9892	pincer_root	Pincer_root
9893	shouldertwist	ShoulderTwist
9894	smallerwaise	SmallerWaise
9895	vendingwide	VendingWide
9896	bottle_bone_fr_02	bottle_bone_fr_02
9897	bip01_l_upperarm013	Bip01_L_UpperArm013
9898	eye-l-furrow-inward	Eye-L-Furrow-Inward
9899	6	6
9900	cock.balls_1	Cock.Balls_1
9901	toplid_r2	toplid_R2
9902	arm left finger 2 d	arm left finger 2 d
9903	fur_gen_bed_rich_gothic_orin_a_frame_mesh	FUR_GEN_Bed_Rich_Gothic_Orin_A_Frame_Mesh
9904	45	45
9905	oris05	oris05
9906	cloth_collar_2_m	cloth_collar_2_M
9907	nosie02	Nosie02
9908	lipupperdrop	LipUpperDrop
9909	wep_fx_top_peq2_laser	WEP_FX_Top_PEQ2_Laser
9910	box_face_16_m	Box_Face_16_M
9911	bip_l_cloth_d_01	bip_l_cloth_d_01
9912	helper_headr	Helper_HeadR
9913	tailmiddle_3	TailMiddle_3
9914	arm right finger knuckle index	arm right finger knuckle index
9915	eyewinkler	EyeWinkleR
9916	c ulipin	C Ulipin
9917	unusedbone219	unusedbone219
9918	pussy left 1	pussy left 1
9919	righteyewide	RightEyeWide
9920	valvebiped.hip_r_ulna	ValveBiped.Hip_R_Ulna
9921	microright	MicroRight
9922	canine_lfrontlegpalm	Canine_LFrontLegPalm
9923	cklegsplitsr72	CKLegSplitsR72
9924	tag_1	Tag_1
9925	left_15	left_15
9926	heelstrap	heelstrap
9927	tenta_b_9_r	tenta_b_9_R
9928	def-thigh.r.005	DEF-thigh.R.005
9929	rdown	RDown
9930	fullsuprise	FullSuprise
9931	belthat_bone_r_04	beltHat_bone_r_04
9932	eve_empty	Eve_Empty
9933	ulip_2	ULip_2
9934	upper_03	Upper_03
9935	left_hand_twist2_end	left_hand_twist2_end
9936	valvebiped.right_hand	ValveBiped.right_hand
9937	bas.right_1_jiggle	BAS.Right_1_jiggle
9938	flex_noise2	Flex_Noise2
9939	llotwist0	lLoTwist0
9940	tophair4	TopHair4
9941	pad3_5	pad3_5
9942	bone08	Bone08
9943	close happy eyes left	Close Happy Eyes Left
9944	eye-blink-happy-left	eye-blink-happy-left
9945	l_sneer	l_sneer
9946	i14	I14
9947	r collara spo	R CollarA Spo
9948	wheel_4.base	Wheel_4.Base
9949	bip01 op1.l	Bip01 Op1.L
9950	right little finger 3 grip 2	Right little finger 3 grip 2
9951	valvebiped.bip01_r_ear04	ValveBiped.Bip01_R_Ear04
9952	key.comma	Key.Comma
9953	headband tail left a	headband tail left a
9954	r leg string tip sec	r leg string tip sec
9955	bone pinky 1	bone pinky 1
9956	triceps medial head	Triceps Medial Head
9957	sweats-bottom-big	Sweats-Bottom-Big
9958	key.up	Key.UP
9959	browinnerlowerl+browinnerlowerr	BrowInnerLowerL+BrowInnerLowerR
9960	key.white_11	Key.White_11
9961	expsmile	ExpSmile
9962	cigarette_end	Cigarette_end
9963	beadhangback duo a2	BeadHangBack Duo A2
9964	bone_face_eye_r_shape_out	Bone_Face_Eye_R_Shape_Out
9965	facefix	facefix
9966	splitfixbackr	SplitFixBackR
9967	loincloth back 1a	loincloth back 1a
9968	ex_4	Ex_4
9969	valvebiped.bip01_pelvis.021	ValveBiped.Bip01_Pelvis.021
9970	anusopene	AnusOpenE
9971	bunnyearboneleft_3	BunnyEarBoneLeft_3
9972	legmiddlefinger3_r	LegMiddleFinger3_R
9973	surpriser	SurpriseR
9974	sk_tail	SK_tail
9975	wep_ironsight_rear2	WEP_Ironsight_Rear2
9976	head_s_r	Head_S_R
9977	bone113	Bone113
9978	spine lute	spine lute
9979	right_frown	Right_Frown+Right_frown
9980	def-spine.006_l.017	DEF-spine.006_L.017
9981	frily_root_1.r	Frily_Root_1.R
9982	r thumb 02	r thumb 02
9983	pullasidepantyright	PullAsidePantyRight
9984	size2	size2
9985	bip_hand_rotate_l	bip_Hand_Rotate_L
9986	lower 2 right	Lower 2 Right
9987	bip upperarmtwistbottom r	bip upperarmtwistbottom r
9988	student.left_2	Student.Left_2
9989	eyes-full-blink	Eyes-Full-Blink
9990	cloth_bone_up_l_02	cloth_bone_up_l_02
9991	kargathbladefist_bone6	kargathbladefist_Bone6
9992	arm right finger 4 5	arm right finger 4 5
9993	bip_r_foot_thumb_02	bip_r_foot_thumb_02
9994	strecherr	StrecherR
9995	muscle - chest	Muscle - Chest
9996	piercing	piercing
9997	chin_right_3	chin_right_3
9998	blink_happy_right	blink_happy_right
9999	leftnipple7	LeftNipple7
10000	eye tired	Eye Tired
10001	shell.wall_6	Shell.Wall_6
10002	row_chair006	row_chair006
10003	straprightout	StrapRightOut
10004	saberon_bone47	saberon_Bone47
10005	wep_shellholder_shell1	WEP_ShellHolder_Shell1
10006	cloth_front_string_up	cloth_front_string_up
10007	generichuman_l_browbjnt	GenericHuman_l_browBJnt
10008	key 1 - reverted	Key 1 - Reverted
10009	hokage hat left 1b	hokage hat left 1b
10010	bottomhair4	BottomHair4
10011	bipflm r finger3	BipFlm R Finger3
10012	bip_spine_0.005	bip_spine_0.005
10013	beadhangfront	BeadHangFront
10014	leftthigh_lowerjigglecontrol	LeftThigh_LowerJiggleControl
10015	brc	BRC
10016	fur_gen_pillow_sitting_f_mesh	FUR_GEN_Pillow_Sitting_F_mesh
10017	balls.root	Balls.Root
10018	helpthighsyaxisfix	HelpThighsYAxisFix
10019	cloth_side_a_1_l	cloth_side_A_1_L
10020	cloth back middle 1	cloth back middle 1
10021	61	61
10022	lipscornersup	LipsCornersUp
10023	headband tail left d	headband tail left d
10024	crush-5	crush-5
10025	lowerhead	LowerHead
10026	belt_fronttail_3	Belt_FrontTail_3
10027	rocket	rocket
10028	unused b_r_shoulderarm2helper	unused b_r_shoulderarm2helper
10029	hider	hider
10030	key.white_51	Key.White_51
10031	buttplump	ButtPlump
10032	teeth_lower_1	Teeth_Lower_1
10033	head 4 da lulz	head 4 DA LULZ
10034	nasolabiallower_r	NasolabialLower_R
10035	vag pull big corr	Vag Pull Big Corr
10036	au12au25	AU12AU25
10037	helpthighbackl	HelpThighBackL
10038	polysurface125	polySurface125
10039	butt_spread	butt_spread
10040	i3	I3
10041	05	05
10042	jacket_border_5_l	jacket_border_5_L
10043	prop_04	prop_04
10044	glass	Glass+glass
10045	ckspine3bend40	CKSpine3Bend40
10046	bow left d 1	bow left d 1
10047	flowerchoker1.l	FlowerChoker1.L
10048	opt_as_r_wrist_b	OPT_AS_R_Wrist_B
10049	dagger_3	dagger_3
10050	platine	platine
10051	c_bck_a00	C_BCK_A00
10052	genitals_outer_back_right	Genitals_Outer_Back_Right
10053	flm-armb-float-a1	Flm-ArmB-Float-A1
10054	r collarc a phy	R CollarC a Phy
10055	lowerraise eyes left	LowerRaise Eyes Left
10056	tail_up_a	tail_up_a
10057	fin_top_d_b	fin_top_d_b
10058	wraparmsshape	WrapArmsShape
10059	innerlips top right	innerlips top right
10060	bip_chest_1_l	bip_Chest_1_l
10061	foot_s_r	Foot_S_R
10062	splitfixbackl	SplitFixBackL
10063	shell.wall_42	Shell.Wall_42
10064	bobcut.side_right_2_1	Bobcut.Side_Right_2_1
10065	fbx_murasaki_face_none	fbx_murasaki_face_none
10066	bh02.l	Bh02.L
10067	bulbus_l	bulbus_L
10068	cockv	CockV
10069	_05	_05
10070	l3rdnc	L3rdNc
10071	object18	Object18
10072	rtoe01n	RToe01N
10073	headgear_l	Headgear_L
10074	f_r_temple	f_R_Temple
10075	prf_weapon_sakura_3_r	prf_weapon_sakura_3_R
10076	reyegroup	rEyeGroup
10077	collar left 1	collar left 1
10078	fio-rig-strip-l4	Fio-Rig-Strip-L4
10079	vagina_close	Vagina_Close
10080	saberon_bone46	saberon_Bone46
10081	sad_brows_left	sad_brows_left
10082	underwear-hard	Underwear-Hard
10083	wep_clipazine_release	WEP_Clipazine_Release
10084	arm right wrist ctrl 1	arm right wrist ctrl 1
10085	adjust_knuckle_a_r	adjust_knuckle_A_R
10086	egg.wall_26	Egg.Wall_26
10087	backlooppullin	BackLoopPullIn
10088	second_arms_r_index3	Second_Arms_R_Index3
10089	cround	CRound
10090	speed2	speed2
10091	flm-arma-swordb-cr1	Flm-ArmA-SwordB-CR1
10092	pinky ringer.001	Pinky ringer.001
10093	lowlid_left_in	lowLid_Left_IN
10094	cockball_l	CockBall_L
10095	ao2awidth	AO2AWidth
10096	creasetr	CreaseTR
10097	dyng head rope1 01	dyng head rope1 01
10098	toungbase	ToungBase
10099	top untouched shadow	Top Untouched Shadow
10100	eh!?	Eh!?
10101	valvebiped.bip01_r_thumb02	ValveBiped.Bip01_R_Thumb02
10102	bip_pelvis_helper_r	bip_pelvis_helper_R
10103	cornerpullerr	CornerPullerR
10104	r collarb a phy	R CollarB a Phy
10105	flatten/outline2	Flatten/outline2
10106	glass_d1_d	glass_d1_d
10107	bone_face_eye_l_shape_u_in	Bone_Face_Eye_L_Shape_U_In
10108	c throat b	C Throat B
10109	valvebiped_bullet2	ValveBiped_Bullet2
10110	r ujacketc spo	R uJacketC Spo
10111	righteartop	RightEarTop
10112	bip goiterend	bip goiterend
10113	fbx_weapon_rinko_3_l	fbx_weapon_rinko_3_L
10114	global	Global
10115	jiggle.ornament_chest	Jiggle.Ornament_Chest
10116	lidsdownleft	LidsDownLeft
10117	rtoe04n	RToe04N
10118	taurenmale_hd_bone_87	taurenmale_hd_bone_87
10119	tenta_b_10_r	tenta_b_10_R
10120	opt_hand_left_middle2	OPT_Hand_Left_Middle2
10121	cape2_middle6	CAPE2_MIDDLE6
10122	submesh_00_lod_1.3040	submesh_00_LOD_1.3040
10123	neckcobrahood	NeckCobraHood
10124	ex_prop_exec_cashpile_high	ex_prop_exec_cashpile_high
10125	v_weapon.lighter_flame4	v_weapon.lighter_flame4
10126	cape4.l	Cape4.L
10127	breath-nudetop	Breath-nudetop
10128	foreskin-pull-helper	foreskin-pull-helper
10129	tri	tri
10130	submesh_00_lod_1.459	submesh_00_LOD_1.459
10131	flm-arma-tummy1	Flm-ArmA-Tummy1
10132	flatten/beam2	Flatten/beam2
10133	rightnipple7	RightNipple7
10134	closedgenital	ClosedGenital
10135	right_nipples_erect	Right_nipples_erect
10136	fronthaircontrol	FrontHairControl
10137	finger_ring_left_2	finger_ring_left_2
10138	bip01_neck010	Bip01_Neck010
10139	forearmtwist2right	ForearmTwist2Right
10140	houjin 3_1	Houjin 3_1
10141	bone_lfl2	bone_LFL2
10142	bow left 3h	bow left 3h
10143	finger_pinky_left_2	finger_pinky_left_2
10144	iris_scale	iris_scale
10145	wep_fx_flashlight_rail	WEP_FX_Flashlight_Rail
10146	eyelashes-open	Eyelashes-Open
10147	earpiece_right	earpiece_right
10148	bip01 nonaccum	Bip01 NonAccum
10149	pb_r_cmy01_bhair_11	pb_R_CMY01_BHair_11
10150	dlid_l_1	DLid_L_1
10151	wep_mag_bullet4	WEP_Mag_Bullet4
10152	nipplespoint	NipplesPoint
10153	47	47
10154	tailleft1_6	TailLeft1_6
10155	bendpushcrotchin	BendPushCrotchIn
10156	eyewinklel	EyeWinkleL
10157	flm-armb-arm-ld	Flm-ArmB-Arm-LD
10158	gib1	gib1
10159	tenta_b_4_l	tenta_b_4_L
10160	valvebiped.polysurface11	ValveBiped.polySurface11
10161	whr_3	whR_3
10162	doodad.bell_striker_right	Doodad.Bell_Striker_Right
10163	vagclosemid	VagCloseMid
10164	midshirtexpandalt02	MidShirtExpandAlt02
10165	long_bulge_full	long_bulge_full
10166	wep_wick3	WEP_Wick3
10167	c_tiel_c11	C_TieL_C11
10168	bip_l_finger_b_02	bip_l_finger_b_02
10169	bip_l_horn_02	bip_l_horn_02
10170	taurenmale_hd_bone_89	taurenmale_hd_bone_89
10171	bone32	Bone32
10172	cloth middle 2 jb	cloth middle 2 JB
10173	tail 2 jb	tail 2 JB
10174	kargathbladefist_bone103	kargathbladefist_Bone103
10175	hokage hat right 3a	hokage hat right 3a
10176	canine_dog_rbrow	Canine_Dog_RBrow
10177	bip001 rthightwist	Bip001 RThighTwist
10178	v_weapon.left_arm	v_weapon.Left_Arm
10179	toungmiddleright	ToungMiddleRight
10180	tenta_b_4_r	tenta_b_4_R
10181	bip_fring00_l	Bip_FRing00_L
10182	valvebiped.bip01_l_shoulder_twist	ValveBiped.Bip01_L_Shoulder_Twist
10183	finger2b	finger2b
10184	feathercharm.l	FeatherCharm.L
10185	wrinkle_medium_1	wrinkle_medium_1
10186	pantstug	PantsTug
10187	pad2_6	pad2_6
10188	big_earring.r	Big_Earring.R
10189	leftarmroll_helper	LeftArmRoll_helper
10190	bipbrk lthightwist1	BipBrk LThighTwist1
10191	eyes-full-upset	Eyes-Full-Upset
10192	pack_3	pack_3
10193	bipflm r foretwist1	BipFlm R ForeTwist1
10194	thightwist2right	ThighTwist2Right
10195	side_left_6	side_left_6
10196	eyes happy right	eyes happy right
10197	pupils-shapesnake-l	Pupils-ShapeSnake-L
10198	tail 6 jb	tail 6 JB
10199	rwing13	RWing13
10200	flex_twist	Flex_TWIST
10201	polysurface90	polySurface90
10202	object033_007	Object033_007
10203	nip1 areo	Nip1 Areo
10204	toy_bone_06	toy_bone_06
10205	ascot.bottom_3	Ascot.Bottom_3
10206	boon_hinge_right	boon_hinge_right
10207	shoulder_bone_correct_l_03	shoulder_bone_correct_l_03
10208	c_tiel_c01	C_TieL_C01
10209	backbottom	BackBottom
10210	object35	Object35
10211	ebinnerlowererl	EBInnerLowererL
10212	ascot.bottom_10	Ascot.Bottom_10
10213	assfatshortsbod	AssFatShortsBod
10214	bulgeanimbig2	BulgeAnimBig2
10215	foreskin-up	foreskin-up
10216	blinklmid2	BlinkLMid2
10217	key.white_46	Key.White_46
10218	bone 70	bone 70
10219	armcloth_left_1	ArmCloth_Left_1
10220	v_weapon.safety_pin	v_weapon.safety_pin
10221	flm-arma-swordb-g	Flm-ArmA-SwordB-G
10222	bone.003	Bone.003
10223	leg left thigh ctrl 3	leg left thigh ctrl 3
10224	ceiling_fan_02	Ceiling_fan_02
10225	key.white_36	Key.White_36
10226	bottomlid_l3	bottomlid_L3
10227	showingteeth	ShowingTeeth
10228	wep_loadinggate	WEP_LoadingGate
10229	wep_belt_bullet11	WEP_Belt_Bullet11
10230	bip_r_foot_thumb	bip_r_foot_thumb
10231	c_stm_b01	C_STM_B01
10232	exp_sad	Exp_Sad
10233	fake_wheel_fr	fake_wheel_fr
10234	tailstopc1	TailsTopC1
10235	co	CO
10236	urethracontroller	urethraController
10237	strappinch	StrapPinch
10238	unusedf_c_faceroot	unusedf_C_FaceRoot
10239	bip_strands3_l	bip_Strands3_L
10240	head eyelash left 01	head eyelash left 01
10241	veil_middle_4	VEIL_MIDDLE_4
10242	egg.wall0_10	Egg.Wall0_10
10243	valvebiped.bip01_pelvis.027	ValveBiped.Bip01_Pelvis.027
10244	breath-bottomnude	Breath-bottomnude
10245	scrotumcleavagedown	ScrotumCleavageDown
10246	cloth2	Cloth2
10247	cape05	cape05
10248	cloth e 00 r	CLOTH E 00 R
10249	d_forearmmucle02_l	D_ForearmMucle02_L
10250	flm-armb-neckf	Flm-ArmB-NeckF
10251	btn.time	Btn.Time
10252	halfblink	HalfBlink
10253	spine upper_l.002	spine upper_L.002
10254	kunai_tassel_1	Kunai_Tassel_1
10255	opt_as_l_wrist_b	OPT_AS_L_Wrist_B
10256	saberon_bone48	saberon_Bone48
10257	chin_left_4	chin_left_4
10258	bip_eye_ref_track_r	bip_eye_ref_track_r
10259	bip01_l_forearm012	Bip01_L_Forearm012
10260	eyeball right	Eyeball Right+eyeball right
10261	body-l-nipple-pull	Body-L-nipple-pull
10262	thigh_twist_r_01	thigh_twist_r_01
10263	bow left 1g	bow left 1g
10264	eye happy r	Eye Happy R
10265	z_shift_5	z_shift_5
10266	finger_middle_left_2	finger_middle_left_2
10267	bone048	Bone048
10268	unused dogmeat_pelvis	unused dogmeat_pelvis
10269	arm right cloth 1c	arm right cloth 1c
10270	bip_theethu.001	Bip_theethU.001
10271	r_front_holster_0u_14v	r_front_holster_0u_14v
10272	bip_penis-0	bip_penis-0
10273	object29	Object29
10274	lipscornersin	LipsCornersIn
10275	bikini_01	Bikini_01
10276	hipn	HipN
10277	wep_gl_grenade	WEP_GL_Grenade
10278	fyounger	FYounger
10279	bip001-l-foretwist1	Bip001-L-ForeTwist1
10280	rhumb1	rhumb1
10281	eyelipupleft	EyeLipUpLeft
10282	newscope	newscope
10283	heeltoe	heeltoe
10284	muscle - arms	Muscle - Arms
10285	arm left arm twist 2	arm left arm twist 2
10286	right ring finger 1 expansion 1	Right ring finger 1 expansion 1
10287	spine lower_r.001	spine lower_R.001
10288	wep_magazine_bullet4	WEP_Magazine_Bullet4
10289	arm left finger 1 b	arm left finger 1 b
10290	bone112	Bone112
10291	eyelashes-suspicious	Eyelashes-Suspicious
10292	bendoverassadjust	BendOverAssAdjust
10293	bone_legrl3	Bone_LegRL3
10294	pussy chitsu base	pussy chitsu base
10295	earring_l_u_3	Earring_L_U_3
10296	labiamajoralowerpull	LabiaMajoraLowerPull
10297	bone_rrl1	bone_RRL1
10298	face-facialgigachad	Face-FacialGigaChad
10299	lipupper_r3	lipUpper_R3
10300	sakotsu_rt_r_d__offset	sakotsu_rt_r_d__offset
10301	torso flange 1c	torso flange 1c
10302	wep_button	WEP_Button
10303	hokage hat right 1b	hokage hat right 1b
10304	cloth_front_a_3	cloth_front_A_3
10305	back 2_1	Back 2_1
10306	bodyshape-fitness-details	bodyshape-fitness-details
10307	g6	G6
10308	canine_spine2	Canine_Spine2
10309	shirt_lift_full_2	shirt_lift_full_2
10310	collarfur2suitmh3	CollarFur2SuitMH3
10311	sign01	sign01
10312	wep_belt_bullet2	WEP_Belt_Bullet2
10313	torso sidebrace r	Torso sidebrace R
10314	unusedhead	unusedHead
10315	au12	AU12
10316	cord6	Cord6
10317	wep_slide	WEP_Slide
10318	r_front_holster_0u_7v	r_front_holster_0u_7v
10319	squintouter_r	SquintOuter_R
10320	elbow fix.r	Elbow fix.R
10321	bobby_bone_necklace_04	BOBBY_Bone_NeckLace_04
10322	bottom_2	bottom_2
10323	bottomlipmid	BottomLipMid
10324	unusedopt_face_r_forehead	unusedOPT_Face_r_forehead
10325	body-torso-panel-shrink-remove	Body-Torso-Panel-Shrink-Remove
10326	headgear_r.001	Headgear_R.001
10327	balls fix	Balls Fix
10328	second_arms_l_middle3	Second_Arms_L_Middle3
10329	penis shaft 1	penis shaft 1
10330	wep_fx_muzzle5	WEP_FX_Muzzle5
10331	vag inner open wide	vag inner open wide
10332	techwires	TechWires
10333	r_stretcher	R_stretcher
10334	swimsuit-shifted	Swimsuit-Shifted
10335	v_weapon.eff16	v_weapon.eff16
10336	wep_foregrip_child1	WEP_Foregrip_Child1
10337	shell.wall_37	Shell.Wall_37
10338	botshirtexpand02	BotShirtExpand02
10339	helper_headl	Helper_HeadL
10340	hokage hat left 3c	hokage hat left 3c
10341	moustache_l_21	Moustache_L_21
10342	page3_f	Page3_F
10343	cloth back right 1	cloth back right 1
10344	bone.001_r	Bone.001_R
10345	bow left 1d	bow left 1d
10346	kublaribiped_penis_r5	KubLariBiped_Penis_R5
10347	bas.rear_center_2_jiggle	BAS.Rear_Center_2_jiggle
10348	wep_stock_rfi_hinge	WEP_Stock_RFI_Hinge
10349	bone 1070	bone 1070
10350	strings 7	strings 7
10351	collarupl+collarupr	CollarUpL+CollarUpR
10352	topclothfixtoptorso	TopClothFixTopTorso
10353	c ujacketb b phy	C uJacketB b Phy
10354	brows-l-shock	Brows-L-Shock
10355	less2	less2
10356	bippbg lcalftwist	BipPBG LCalfTwist
10357	bip_pussyside_2_r	bip_PussySide_2_R
10358	right ring finger 2	Right ring finger 2
10359	pan pan l shift	Pan Pan L shift
10360	v_weapon.eff2	v_weapon.eff2
10361	shell.wall_41	Shell.Wall_41
10362	ude_md_r__rot_te_r__x50__offset	ude_md_r__rot_te_r__x50__offset
10363	right middle finger 3 grip 1	Right middle finger 3 grip 1
10364	generichuman_r_browbjnt	GenericHuman_r_browBJnt
10365	r earringb a phy	r earringb a phy
10366	car07_controller	Car07_controller
10367	flm-arma-foot-r3	Flm-ArmA-Foot-R3
10368	palmrbezi1	PalmRBezi1
10369	unused b_r_ankle3helper	unused b_r_ankle3helper
10370	anuswink	Anuswink
10371	bip01_r_horselink	bip01_r_horselink
10372	e12	E12
10373	lithe	Lithe
10374	valvebiped.trigger	ValveBiped.Trigger+ValveBiped.trigger
10375	pantypussyforward	PantyPussyForward
10376	tental_3_l	Tental_3_L
10377	bone 1028	bone 1028
10378	sidelockright2jiggle	SideLockRight2Jiggle
10379	toy_bone_02	toy_bone_02
10380	wep_centerstrap	WEP_centerstrap
10381	unusedhairrootbleh	unusedhairrootbleh
10382	facial_bone_lowrlip_r02	Facial_Bone_LowrLip_R02
10383	tsumasaki_r_d__offset	tsumasaki_r_d__offset
10384	crow_3.phalanges2_r	Crow_3.Phalanges2_R
10385	flm-armb-arm-rc	Flm-ArmB-Arm-RC
10386	right_pussy_widen	Right_pussy_widen
10387	bip01_l_thigh007	Bip01_L_Thigh007
10388	headgear_l.002	Headgear_L.002
10389	ashi_l_d__offset	ashi_l_d__offset
10390	flm-arma-swordb-jr	Flm-ArmA-SwordB-JR
10391	wing_left_spine_1	Wing_Left_Spine_1
10392	bothlid-r	BothLid-r
10393	popsicleupperbite01	popsicleupperbite01
10394	scrotum00	scrotum00
10395	head left earring 1_jiggle	head left earring 1_jiggle
10396	bip_l_foot_middle_01	bip_l_foot_middle_01
10397	r_front_holster_0u_3v	r_front_holster_0u_3v
10398	leg right hip	leg right hip
10399	def-hand.l	DEF-hand.L
10400	arm left elbow adj. 4	arm left elbow adj. 4
10401	fa_eyebag_right_mid	fa_eyebag_right_mid
10402	third_arms_l_ring1	Third_Arms_L_Ring1
10403	cons_potion_healing_a_superior_glass_mesh.001	CONS_Potion_Healing_A_Superior_Glass_Mesh.001
10404	eyes-l-squint	Eyes-L-Squint
10405	sakotsu_rt_r__const_kata_r__rot_sakotsu_r__x0	sakotsu_rt_r__const_kata_r__rot_sakotsu_r__x0
10406	l_front_holster_0u_11v	l_front_holster_0u_11v
10407	g4	G4
10408	head persona	head persona
10409	bombcharm	BombCharm
10410	bh04.l	Bh04.L
10411	valvebiped.bip01_l_toe03	ValveBiped.Bip01_L_Toe03
10412	wep_shellholder_shell4	WEP_ShellHolder_Shell4
10413	ebinnerlowererr	EBInnerLowererR
10414	temporalis02_l.001	temporalis02_L.001
10415	polysurface40	polySurface40
10416	rightearbottom	RightEarbottom
10417	hatcloth_bone_08	hatCloth_bone_08
10418	leftinhandpinky	LeftInHandPinky
10419	wep_fx_rail_laser	WEP_FX_Rail_Laser
10420	unused b_r_armroll3helper	unused b_r_armroll3helper
10421	gag_r_08	Gag_R_08
10422	unused.062	unused.062
10423	earingl	EaringL
10424	torch2	Torch2
10425	spine lower.001	spine lower.001
10426	bone 703	bone 703
10427	left_smile2	Left_smile2
10428	cloth right 3	cloth right 3
10429	head eye sack upper right	Head Eye Sack Upper Right
10430	hizakozo_r__rot_hiza_r__z50__offset	hizakozo_r__rot_hiza_r__z50__offset
10431	bone.001_r.002	Bone.001_R.002
10432	bone105	Bone105
10433	lengthen_bit	lengthen_bit
10434	wep_bipod_base	WEP_Bipod_Base
10435	sizezshort	sizeZshort
10436	left_nipples_erect	Left_nipples_erect
10437	bobcut.right_1	Bobcut.Right_1
10438	m05	M05
10439	bone054	Bone054
10440	foot_pinky_0_l	foot_pinky_0_L
10441	leg right knee ctrl	leg right knee ctrl
10442	crow_2.phalanges1_l	Crow_2.Phalanges1_L
10443	bottomlip1.l	BottomLip1.L
10444	bip_r_neck_b	bip_r_neck_b
10445	cock_07	Cock_07
10446	eye-l-surprise	Eye-L-Surprise
10447	l femorisc spo	L FemorisC Spo
10448	dummy05	Dummy05
10449	unused.022	unused.022
10450	bone 88	bone 88
10451	v_weapon.right_thumb01	v_weapon.Right_Thumb01
10452	genitals_clit	Genitals_Clit
10453	f_l_ear2	f_L_Ear2
10454	bipflm lcalftwist	BipFlm LCalfTwist
10455	shirt_exposed_tie_left_3	Shirt_Exposed_Tie_Left_3
10456	taurenmale_hd_bone_77	taurenmale_hd_bone_77
10457	bone_la1	bone_LA1
10458	tenta_6_l	tenta_6_L
10459	mot11_righthand	MOT11_RightHand
10460	body pants shirt clip fix	Body Pants Shirt Clip Fix
10461	chin1.r	chin1.R
10462	shiocked l	Shiocked L
10463	shape-thicc-nude	shape-thicc-nude
10464	bipbrk lcalftwist1	BipBrk LCalfTwist1
10465	fa_low_lid_left_inner	fa_low_lid_left_inner
10466	torso sidebrace l	Torso sidebrace L
10467	unused genitalslag01	unused genitalslag01
10468	left_2	left_2
10469	hose_05	Hose_05
10470	bodyslim	BodySlim
10471	hat_left_tassel_2	Hat_Left_Tassel_2
10472	bip_belt_r_2	bip_belt_R_2
10473	gatling_barrels	gatling_barrels
10474	torso depth	Torso Depth
10475	sideburn_root_l	sideburn_root_L
10476	pulseballs	PulseBalls
10477	r glabella	R Glabella
10478	rlid_lower_drop	Rlid_lower_drop
10479	bullet_eject01	bullet_eject01
10480	wep_bipod_rightleg	WEP_Bipod_RightLeg
10481	window_urban_sash_48_88_full_gib03	window_urban_sash_48_88_full_gib03
10482	right ankle d	Right ankle D
10483	strapleftlower	StrapLeftLower
10484	sperm.tail_3	Sperm.Tail_3
10485	loadarmfront	LoadArmFront
10486	facial_helper_eye_r	Facial_Helper_Eye_R
10487	upperlipspull	UpperLipsPull
10488	cape3.r	Cape3.R
10489	cloth_front_string_low	cloth_front_string_low
10490	tailleft1_2	TailLeft1_2
10491	left index finger 2 grip 2	Left index finger 2 grip 2
10492	agl bas bindpose	agl bas bindpose
10493	shirt nipple movement l	Shirt Nipple Movement L
10494	c_dred_l1_00	C_Dred_L1_00
10495	bip hipfront l	bip hipfront l
10496	sword back	sword back
10497	arm left bracelet 01	arm left bracelet 01
10498	valvebiped.r_foarm	Valvebiped.R_foarm
10499	l_inner_lowerer	L_inner_lowerer
10500	r_sneer	r_sneer
10501	wep_magnifier_base	WEP_Magnifier_Base
10502	hiza_r_d__offset	hiza_r_d__offset
10503	gentle_1	gentle_1
10504	bikini slide 1	Bikini Slide 1
10505	bip01 upperarmtwist.l	Bip01 UpperArmTwist.L
10506	scale_y_down	scale_y_down
10507	feather 5a	feather 5a
10508	flap.front_1	Flap.Front_1
10509	bone02	Bone02+bone02
10510	unusedbone039	unusedbone039
10511	flm-armb-belt-rc	Flm-ArmB-Belt-RC
10512	second_arms_r_middle2	Second_Arms_R_Middle2
10513	tentacletopright2	TentacleTopRight2
10514	pb_l_cmy01_fhair_05	pb_L_CMY01_FHair_05
10515	frontflapnarroweralt	FrontFlapNarrowerAlt
10516	pcube11	pCube11
10517	top_02	Top_02
10518	shell.wall_26	Shell.Wall_26
10519	left lowerarm	Left LowerArm
10520	uppelipraiserl+uppelipraiserr	UppeLipRaiserL+UppeLipRaiserR
10521	upperlidsdown	UpperlidsDown
10522	clawfootright	ClawFootRight
10523	bone 85	bone 85
10524	eyesrblinkmid	EyesRBlinkMid
10525	bip01_head010	Bip01_Head010
10526	bip_l_wing_03	bip_l_wing_03
10527	right_hip_cancel	right_hip_cancel
10528	left ring finger 3 grip 1	Left ring finger 3 grip 1
10529	head eye corner righta	head eye corner righta
10530	fh16.r	Fh16.R
10531	wep_fx_peq2_laser	WEP_FX_PEQ2_Laser
10532	bone34	Bone34
10533	bip_fthumb01_l	Bip_FThumb01_L
10534	bippbg rthightwist	BipPBG RThighTwist
10535	helper.skin.l_quad	Helper.Skin.L_Quad
10536	bip_hs1_f	bip_hs1_f
10537	bone091	Bone091
10538	legsbent	LegsBent
10539	thigh_bolt_r	Thigh_Bolt_R
10540	belthat_bone_l_02	beltHat_bone_l_02
10541	right upperarm	Right UpperArm
10542	bone_legrl1	Bone_LegRL1
10543	leg right thigh ctr4	leg right thigh ctr4
10544	bandana_control_main	Bandana_Control_Main
10545	polysurface30	polySurface30
10546	shorthair_bone_02	shortHair_bone_02
10547	l ulip a	L Ulip A
10548	l_fin_back_c	l_fin_back_c
10549	e6	E6
10550	level1_center	Level1_Center
10551	sk_r_b_leg_3	SK_R_B_leg_3
10552	tekubi_r__rot_te_r__x100__offset	tekubi_r__rot_te_r__x100__offset
10553	bipmar r foretwist	BipMar R ForeTwist
10554	sidelockleft4 jiggle	SideLockLeft4 jiggle
10555	bip01-l-toe001	Bip01-L-Toe001
10556	shirt boobs upward r	Shirt Boobs Upward R
10557	upperblinkl	UpperBlinkL
10558	bip_r_pinky_02	bip_r_pinky_02
10559	toungendright	ToungEndRight
10560	leg left thigh adj a	leg left thigh adj a
10561	c_tiel_c13	C_TieL_C13
10562	l_neck_18	l_neck_18
10563	rthumbnb	RThumbNb
10564	left hand	Left Hand
10565	flm-arma-crotch	Flm-ArmA-Crotch
10566	key.0	Key.0
10567	unusedbone131	unusedbone131
10568	foreskinforward	ForeskinForward
10569	lshouldern	LShoulderN
10570	valvebiped.bip01_l_foot02	ValveBiped.Bip01_L_Foot02
10571	hat_right_tassel_1	Hat_Right_Tassel_1
10572	c_dred_r2_00	C_Dred_R2_00
10573	bone thumb 2	bone thumb 2
10574	key 10	Key 10
10575	stomp-5	stomp-5
10576	l_front_holster_0u_5v	l_front_holster_0u_5v
10577	bip faceforeheadtop	bip faceforeheadtop
10578	browssurprised	BrowsSurprised
10579	spike_04_m	Spike_04_M
10580	bip_r_cloth_c	bip_r_cloth_c
10581	arm right lower	arm right lower
10582	flex_large	Flex_LARGE
10583	l.madder	l.madder
10584	unused b_r_shoulderuhelper	unused b_r_shoulderuhelper
10585	butt left_jiggle_root	Butt Left_jiggle_root
10586	eyes-sleep-r	Eyes-Sleep-R
10587	left_arm	Left_arm
10588	joyblink	joyblink
10589	leg_bone_correct_fr_01	leg_bone_correct_fr_01
10590	frownleft	FrownLeft
10591	bip01_r_hand017	Bip01_R_Hand017
10592	cloth e 00 l	CLOTH E 00 L
10593	d_bicepsmucle_l	D_bicepsMucle_L
10594	key 1 - eyeleft	Key 1 - EyeLeft
10595	bip01_r_clavicle019	Bip01_R_Clavicle019
10596	keychain.chain_6	Keychain.Chain_6
10597	v_th	v_th
10598	dyng sextant 1	dyng sextant 1
10599	hel	hel
10600	unused3	unused3
10601	flm-armb-foot-la	Flm-ArmB-Foot-LA
10602	bip01_r_clavicle011	Bip01_R_Clavicle011
10603	bone38	Bone38
10604	page_curl_3	page_curl_3
10605	fh14.r	Fh14.R
10606	cloth_back_b_2_l	cloth_back_B_2_L
10607	right_pants_string_1	right_pants_string_1
10608	bip_head11_r	bip_head11_r
10609	anus-extreme-backward-out	anus-extreme-backward-out
10610	arm left finger 5 c	arm left finger 5 c
10611	torso pipe b r 2a	torso pipe B R 2a
10612	bulgepullanus	BulgePullAnus
10613	pussparent.002_r.007	PussParent.002_R.007
10614	lowerblinkfull	LowerBlinkFull
10615	earright4	EarRight4
10616	ivy.bip01_l_shoulderarmor	Ivy.Bip01_L_ShoulderArmor
10617	necklace 3a	necklace 3a
10618	waist_shrink	waist_shrink
10619	valvebiped.joint6	ValveBiped.joint6
10620	l_lat_helper	l_lat_helper
10621	bow left d 2	bow left d 2
10622	bone_bed_01	bone_bed_01
10623	tv screen on	TV screen on
10624	stock	Stock+stock
10625	jacket belt l 1	Jacket belt L 1
10626	lfoward	LFoward
10627	bip_bobby_r_thightwist1	Bip_BOBBY_R_ThighTwist1
10628	bipflm l finger1	BipFlm L Finger1
10629	beltcontrol.005	BeltControl.005
10630	student.right_2	Student.Right_2
10631	panties-pulldownback	Panties-PullDownBack
10632	d16	D16
10633	tailleft4_7	TailLeft4_7
10634	smalll	smalll
10635	frily_20.r	Frily_20.R
10636	smolllips	SmollLips
10637	earright2	EarRight2
10638	nyotengu head forehead left	Nyotengu head forehead left
10639	nippleleftin	NippleLeftIn
10640	lipsstretcherl	LipsStretcherL
10641	bip_fpinky00_l	Bip_FPinky00_L
10642	lipsstretcherr	LipsStretcherR
10643	valvebiped_bullet13	ValveBiped_Bullet13
10644	wep_carrierlatch	WEP_CarrierLatch
10645	togue2	Togue2
10646	bone 84	bone 84
10647	body tone	Body Tone
10648	torso-clothes-fit	Torso-Clothes-Fit
10649	bikini_a_jiggle	Bikini_a_jiggle
10650	helper_rb	Helper_RB
10651	erovagina	EroVagina
10652	earring.pendant_left_2	Earring.Pendant_Left_2
10653	chain_16	chain_16
10654	knotmedium3	KnotMedium3
10655	leftfinge33	LeftFinge33
10656	camera_root	camera_root
10657	l-eee	L-EEE
10658	small thigs	Small Thigs
10659	earring right 2	earring right 2
10660	bone_wfr	Bone_WFR
10661	longear_bone_r_01	longear_bone_r_01
10662	a13	A13
10663	bip_l_horn_a	bip_l_horn_a
10664	eye sus	Eye sus
10665	legpeopledifferencefinger1_l	LegPeopleDifferenceFinger1_L
10666	flm-arma-swordb-f	Flm-ArmA-SwordB-F
10667	there	There
10668	tail_dn_c	tail_dn_c
10669	bip_tentacle.006	Bip_Tentacle.006
10670	tekubi_l__rot_te_l__x100__offset	tekubi_l__rot_te_l__x100__offset
10671	frily_31.l	Frily_31.L
10672	root.hat	root.hat
10673	toy_bone_19	toy_bone_19
10674	helper_headm	Helper_HeadM
10675	bottemopen	BottemOpen
10676	bobcut.rear_center_2_jiggle	Bobcut.Rear_Center_2_jiggle
10677	bip001-monio	Bip001-Monio
10678	egg.wall_19	Egg.Wall_19
10679	unused149	unused149
10680	upperchest	UpperChest
10681	squintouter_l	SquintOuter_L
10682	bone170	Bone170
10683	r ulid a	R Ulid A
10684	bolt_rotate	Bolt_Rotate
10685	unused5	unused5
10686	brows-doubt-left	brows-doubt-left
10687	wep_topstrap	WEP_topstrap
10688	mask_base	Mask_Base
10689	ascot.top_1	Ascot.Top_1
10690	right_lidloraise	Right_LidLoRaise
10691	flareoutbotright	FlareOutBotRight
10692	door_top	Door_Top
10693	generichuman_r_cornerlipjnt	GenericHuman_r_cornerLipJnt
10694	box19	Box19
10695	bipfio r finger2	BipFio R Finger2
10696	bip01_l_thigh016	Bip01_L_Thigh016
10697	boltprime	boltPrime
10698	brows-full-surprise	Brows-Full-Surprise
10699	bip_scraft_l	bip_Scraft_L
10700	unusedtransform3 cmn sl alison	unusedtransform3 cmn sl alison
10701	tentacletopleft1	TentacleTopLeft1
10702	canin_ball_r	canin_ball_r
10703	bow left 3f	bow left 3f
10704	ebinnerupperl+ebinnerupperr	EBInnerUpperL+EBInnerUpperR
10705	unused dogmeat_topteeth	unused dogmeat_topteeth
10706	root hips.002	root hips.002
10707	bip_chest_2_l	bip_Chest_2_l
10708	ph06	PH06
10709	car05_controller04	Car05_controller04
10710	right_18	right_18
10711	earring.ring_left_2	Earring.Ring_Left_2
10712	valvebiped.left_hand	ValveBiped.left_hand
10713	hip001	hip001
10714	grip.010	grip.010
10715	tag2	tag2
10716	bip kneetwisttopoutbase l	bip kneetwisttopoutbase l
10717	v_weapon.root20	v_weapon.Root20
10718	wep_bullet6_round	WEP_Bullet6_Round
10719	skull_11	skull_11
10720	bip chinfront00 r	bip chinfront00 r
10721	bip01_head018	Bip01_Head018
10722	se_bones36	se_bones36
10723	smileleft	SmileLeft
10724	helen_sh_headtipj	Helen_SH_HeadTipJ
10725	bip001 lthightwist	Bip001 LThighTwist
10726	kargathbladefist_bone83	kargathbladefist_Bone83
10727	bone31	Bone31
10728	bone ring 06	bone ring 06
10729	valvebiped.bip01_headband	ValveBiped.Bip01_headband
10730	bip faceforehead03 l	bip faceforehead03 l
10731	tear r	Tear R
10732	rthickbutt	RThickButt
10733	bone 708	bone 708
10734	wep_flashlight	WEP_Flashlight
10735	key.t	Key.T
10736	loincloth_back_4	Loincloth_back_4
10737	bip01_spine3_009	Bip01_Spine3_009
10738	cloth_bone_up_r_05	cloth_bone_up_r_05
10739	hootersarmdownfixr	HOOTERSArmDownFIXR
10740	r middle 01	r middle 01
10741	spike_09_m	Spike_09_M
10742	wrap 1	wrap 1
10743	bottle3_liquid	bottle3_liquid
10744	unused jnt-073	unused jnt-073
10745	key.black_12	Key.Black_12
10746	flm-armb-belt-rd	Flm-ArmB-Belt-RD
10747	r ulip b	R Ulip B
10748	pjcmthighside85r	pJCMThighSide85R
10749	object012	Object012
10750	browtiltdownleft	BrowTiltDownLeft
10751	key.black_20	Key.Black_20
10752	wep_slider1	WEP_slider1
10753	root bone	Root Bone+root bone
10754	lowertentacle4	LowerTentacle4
10755	chains	chains
10756	bone198	Bone198
10757	condom 2	condom 2
10758	belt_back_r	belt_back_R
10759	r thumb 03	r thumb 03
10760	wep_ironsight_rear	WEP_Ironsight_Rear
10761	ascot.bottom_1	Ascot.Bottom_1
10762	kublaribiped_penis_r1	KubLariBiped_Penis_R1
10763	fitsuprisedeyes	FitSuprisedEyes
10764	bone.001_r.041	Bone.001_R.041
10765	d3	D3
10766	jacket right back a	jacket right back a
10767	unused l jacketbelt spo	unused l jacketbelt spo
10768	mirror_r	mirror_r
10769	collar right 01	collar right 01
10770	unusedbone076	unusedbone076
10771	enginelr	EngineLR
10772	unusedbone86	unusedbone86
10773	bone089	Bone089
10774	valvebiped.chest_b	Valvebiped.chest_b
10775	bip_strands2_r	bip_Strands2_R
10776	car02	car02
10777	h_l_middle1	h_L_Middle1
10778	chin2.l	chin2.L
10779	006	006
10780	belt_15	belt_15
10781	wing_left_5_3	Wing_Left_5_3
10782	wep_stock_lever	WEP_Stock_Lever
10783	row_chair019	row_chair019
10784	body_c	body_c
10785	l laughline a	L Laughline A+l laughline a
10786	srs_3rd	SRS_3rd
10787	sidehair_l_0	sidehair_L_0
10788	ballsize	BallSize
10789	egg.wall_8	Egg.Wall_8
10790	iriswiden	irisWiden
10791	leg right ankle cloth	Leg Right Ankle Cloth
10792	marie unused dummy	Marie unused dummy
10793	fio-rig-strip-l1	Fio-Rig-Strip-L1
10794	bone044	Bone044
10795	shocked 2 side collapse	Shocked 2 side collapse
10796	table light 1	Table light 1
10797	r ulid c	R Ulid C
10798	org-palm.04.l	ORG-palm.04.L
10799	bipqwn r finger2	BipQwn R Finger2
10800	backrightstrapout	BackRightStrapOut
10801	flm-armb-leg-lbb	Flm-ArmB-Leg-LBB
10802	unused head.016	unused head.016
10803	l collar 02	l collar 02
10804	arm left finger knuckle middle	arm left finger knuckle middle
10805	leg right stf	leg right StF
10806	switch_power	Switch_Power
10807	cock_04	Cock_04
10808	upperarmleft	UpperArmLeft
10809	beadhangback duo a1	BeadHangBack Duo A1
10810	bustn	BustN
10811	spike_11_m	Spike_11_M
10812	backthigh.l	BackThigh.L
10813	bip01_r_upperarm002	Bip01_R_UpperArm002
10814	pants_down_full_2	pants_down_full_2
10815	low seat 2	Low seat 2
10816	car03_controller	Car03_controller
10817	leg left knee ctrl	leg left knee ctrl
10818	liplower_l4	lipLower_L4
10819	wep_m203	WEP_M203
10820	bone.017.l	Bone.017.l
10821	donger06_chain	donger06_chain
10822	bip facelipridge2out l	bip facelipridge2out l
10823	orcmale_hd_fixed_bone52	orcmale_hd_fixed_Bone52
10824	flm-armb-arm-rf	Flm-ArmB-Arm-RF
10825	vag - pull	Vag - Pull
10826	flm-arma-back1	Flm-ArmA-Back1
10827	flex_raise_hard	Flex_RAISE_HARD
10828	pages_right	pages_right
10829	valvebiped.bip01_l_middle02	ValveBiped.Bip01_L_Middle02
10830	wep_mag_bullet2	WEP_Mag_Bullet2
10831	key.black_35	Key.Black_35
10832	nippokedouble06	NipPokeDouble06
10833	leg right knee adj. 4	leg right knee adj. 4
10834	_00	_00
10835	eyes-full-open-eye	Eyes-Full-Open-Eye
10836	belthat_bone_r_01	beltHat_bone_r_01
10837	valvebiped.bip01_r_fingerbase3	ValveBiped.Bip01_R_FingerBase3
10838	shape-thicc-cleavage	shape-thicc-cleavage
10839	unusedfaceroot	unusedfaceroot
10840	leg_1.middle	leg_1.middle
10841	v_weapon.root16	v_weapon.Root16
10842	nippleshirtdown	NippleShirtDown
10843	left_7	left_7
10844	interior01	interior01
10845	key.white_33	Key.White_33
10846	mar-rig-eye-lb	Mar-Rig-Eye-LB
10847	jacket_border_2_l	jacket_border_2_L
10848	leg right thigh adj b	leg right thigh adj b
10849	right_lipstretch	Right_lipstretch
10850	tenta_11_r	tenta_11_R
10851	control_throat	control_throat
10852	cape1_left3	CAPE1_LEFT3
10853	wheel_3.rotate	Wheel_3.Rotate
10854	pantyscaledown	PantyScaleDown
10855	cock.shaft_3_skin	Cock.Shaft_3_Skin
10856	glasesup	glasesUP
10857	upperlipup-right	UpperLipUp-Right
10858	object19	Object19
10859	wep_belt_bullet1	WEP_Belt_Bullet1
10860	arm left finger 5 a	arm left finger 5 a
10861	innerbrows_down_r	innerbrows_down_r
10862	bhl46	BhL46
10863	bip_stoolclothback_1_l	bip_StoolClothBack_1_L
10864	jacket_border_7_l	jacket_border_7_L
10865	left_1	left_1
10866	lhoodear	LHoodear
10867	polysurface18	polySurface18
10868	bip_pigtail_r_0	bip_pigtail_R_0
10869	cum-flat-back	cum-flat-back
10870	bip_bobby_l_thightwist1	Bip_BOBBY_L_ThighTwist1
10871	pad1_3	pad1_3
10872	valvebiped.valvebiped	ValveBiped.ValveBiped
10873	nasolabialmiddle_r	NasolabialMiddle_R
10874	nippokedouble02	NipPokeDouble02
10875	topwidehips	Topwidehips
10876	ascot.bottom_6	Ascot.Bottom_6
10877	torso pipe b r 2b	torso pipe B R 2b
10878	dyng l single earing 01	dyng l single earing 01
10879	stockingheel.l	stockingheel.l
10880	key.leftbracket	Key.LeftBracket
10881	right thumb 2 grip 2	Right thumb 2 grip 2
10882	head_b_t	Head_B_T
10883	wing_right_3_2	Wing_Right_3_2
10884	foottip.r	FootTip.R
10885	cloth_back_b_4_l	cloth_back_B_4_L
10886	m_neck_7	m_neck_7
10887	doofspeakers.001_cube.004	doofspeakers.001_Cube.004
10888	fringe 9	fringe 9
10889	biceps left	Biceps Left
10890	neck03	Neck03
10891	key.8	Key.8
10892	lower 2	Lower 2
10893	innerlips top middle	innerlips top middle
10894	opt_hand_left_pinky3	OPT_Hand_Left_Pinky3
10895	opt_acs_osage_l13	OPT_acs_osage_l13
10896	vagopene	VagOpenE
10897	mane_forward	mane_forward
10898	adjust	Adjust
10899	backhair1.001	backhair1.001
10900	left index finger 3	Left index finger 3
10901	forearmtwist1left	ForearmTwist1Left
10902	fronthair normal b joint	fronthair normal b joint
10903	fa_forehead_left_inn	fa_forehead_left_inn
10904	fa_squint_right_out	fa_squint_right_out
10905	baselarger	BaseLarger
10906	boobsie2	boobsie2
10907	unused r jacketc spo	unused r jacketc spo
10908	wep_belt_bullet12	WEP_Belt_Bullet12
10909	rshouldern	RShoulderN
10910	ckspine1bend90	CKSpine1Bend90
10911	asshole_2	Asshole_2
10912	key.rightcommand	Key.RightCommand
10913	r_deltoid_helper	r_deltoid_helper
10914	frily_root_2.l	Frily_Root_2.L
10915	veil_middle_2	VEIL_MIDDLE_2
10916	facial_bone_uprlip_l02	Facial_Bone_UprLip_L02
10917	asslower	AssLower
10918	bikini_string.back	Bikini_String.Back
10919	fan.front_1	Fan.Front_1
10920	sternum depth 	Sternum Depth 
10921	toothup	TOOTHUP
10922	hatplume_4	HatPlume_4
10923	h_l_ring1	h_L_Ring1
10924	shell.wall_52	Shell.Wall_52
10925	row_chair010	row_chair010
10926	right_16	right_16
10927	hyper anus open	hyper anus open
10928	leg left thigh adj b	leg left thigh adj b
10929	creepy	Creepy
10930	r_lat_helper	r_lat_helper
10931	tente_b_5_l	tente_b_5_L
10932	exsad	EXSad
10933	moustache_r_5	Moustache_R_5
10934	second_arms_l_ring4	Second_Arms_L_Ring4
10935	egg.wall_25	Egg.Wall_25
10936	mine	Mine
10937	cock.shaft_5	Cock.Shaft_5
10938	pack23	Pack23
10939	mag f off	Mag F OFF
10940	bone05	Bone05
10941	c_dred_r1_00	C_Dred_R1_00
10942	foreskinrimsmaller	ForeskinRimSmaller
10943	legthumb3_l	LegThumb3_L
10944	foot_a_l	Foot_A_L
10945	oris03_r	oris03_R
10946	bobcut.front_left_3	Bobcut.Front_Left_3
10947	piercing.nipple_ring_left	Piercing.Nipple_Ring_Left
10948	head eyefold right 2	head eyefold right 2
10949	elbowbuff	ElbowBuff
10950	leftupperforearm_helper	LeftUpperForeArm_helper
10951	nostrilr	nostrilr
10952	asshole_4	Asshole_4
10953	nudelowerbodyanusopen	NudeLowerBodyAnusOpen
10954	l_fin_mid_a	l_fin_mid_a
10955	key.white_52	Key.White_52
10956	moustache_r_22	Moustache_R_22
10957	bip_l_foot_middle	bip_l_foot_middle
10958	bip_pussylower_1_r	bip_PussyLower_1_R
10959	pussy left in 1	pussy left in 1
10960	bas.rear_right_4	BAS.Rear_Right_4
10961	vagclosetiptop	VagCloseTipTop
10962	cloth_bone_up_l_04	cloth_bone_up_l_04
10963	bow left a root	bow left a root
10964	jig_left	Jig_LEFT
10965	fa_eyebag_left_out	fa_eyebag_left_out
10966	bone087	Bone087
10967	metal_door_112_reference	metal_door_112_reference
10968	bone index 05	bone index 05
10969	earring left c	earring left c
10970	facial_lod1_l_eyecornerouterlower	FACIAL_LOD1_L_EyeCornerOuterLower
10971	outerbrows_down_r	outerbrows_down_r
10972	thigh muscular	Thigh Muscular
10973	cont_gen_pouch_leather_a_mesh	CONT_GEN_Pouch_Leather_A_Mesh
10974	unused b_r_armroll2helper	unused b_r_armroll2helper
10975	bipmar rthightwist1	BipMar RThighTwist1
10976	bodybuffy	BodyBuffy
10977	unused hand_right_root	unused Hand_Right_Root
10978	toungendleft	ToungEndLeft
10979	pussy.ring_left_rear	Pussy.Ring_Left_Rear
10980	squintdownright	SquintDownRight
10981	lwing01	LWing01
10982	bip01_r_hand012	Bip01_R_Hand012
10983	student.right_2_jiggle	Student.Right_2_jiggle
10984	valvebiped.handle	ValveBiped.handle
10985	nosie1	Nosie1
10986	ebrow_bone_correct_l_01	ebrow_bone_correct_l_01
10987	hydro	Hydro
10988	beard_r	Beard_R
10989	shirtnipples	ShirtNipples
10990	bas.left_1_jiggle	BAS.Left_1_jiggle
10991	penis shaft 4	penis shaft 4
10992	c_lll_a01	C_LLL_A01
10993	valvebiped.bip01_l_ring01	ValveBiped.Bip01_L_Ring01
10994	bath	Bath
10995	bip_lowerarm_l_1	bip_lowerarm_l_1
10996	valvebiped.bip01_nutguard3	ValveBiped.Bip01_NutGuard3
10997	flex_noise_2	Flex_NOISE_2
10998	au22	AU22
10999	unused	unused
11000	wheel_4.rotate	Wheel_4.Rotate
11001	f_l_temple	f_L_Temple
11002	bone.013	Bone.013
11003	lfingers	LFingers
11004	bip_jacket_rightdown	bip_jacket_rightdown
11005	wep_bullet8_shell	WEP_Bullet8_Shell
11006	earring right 3	earring right 3
11007	leftfinge43	LeftFinge43
11008	genitals_outer_front_right	Genitals_Outer_Front_Right
11009	smile_wideopen	smile_wideopen
11010	bone053	Bone053
11011	bodybuilder lower details	Bodybuilder Lower Details
11012	bip_tail_b	bip_tail_b
11013	key 1 - shirt	Key 1 - Shirt
11014	arm left shoulder ctrl 2	arm left shoulder ctrl 2
11015	bone 1055	bone 1055
11016	bip001-mechon	Bip001-Mechon
11017	body-big-arms	Body-Big-Arms
11018	eye pupil small	Eye pupil small
11019	unused4	unused4
11020	high	high
11021	l_neck_32	l_neck_32
11022	shorthair_bone_08	shortHair_bone_08
11023	box_face_18_m	Box_Face_18_M
11024	unusedbone086	unusedbone086
11025	eyebroows up	Eyebroows up
11026	crow_2.tail_l	Crow_2.Tail_L
11027	breath-topclothed	Breath-topclothed
11028	key.white_31	Key.White_31
11029	vagina down	Vagina Down
11030	toy_bone_22	toy_bone_22
11031	level5_east	Level5_East
11032	tape_l_02	Tape_L_02
11033	submesh_02_lod_1.556	submesh_02_LOD_1.556
11034	unused head.018	unused head.018
11035	arm right finger 1 b	arm right finger 1 b
11036	head laughline lower left	head laughline lower left
11037	bone 707	bone 707
11038	nyotengu head nostril right 2	Nyotengu head nostril right 2
11039	cum-flat-right	cum-flat-right
11040	bip facetempleup r	bip facetempleup r
11041	bh14.r	Bh14.R
11042	shape-petite-nude	shape-petite-nude
11043	taurenmale_hd_bone_125	taurenmale_hd_bone_125
11044	head root ground	head root ground
11045	bip01_l_hand003	Bip01_L_Hand003
11046	buttflapnarrower	ButtFlapNarrower
11047	bobcut.left_1_jiggle	Bobcut.Left_1_jiggle
11048	bip_bobby_r_finger_globe_1_02	Bip_BOBBY_R_Finger_Globe_1_02
11049	palmlbolsh	PalmLBolsh
11050	fio-rig-eye-lb	Fio-Rig-Eye-LB
11051	bulbus_r	bulbus_R
11052	shirt boobs small	Shirt Boobs Small
11053	f/v	F/V
11054	switch_meter	Switch_Meter
11055	browstiltupleft	BrowsTiltUpLeft
11056	bone.023	Bone.023
11057	bone039	Bone039
11058	pcube4	pCube4
11059	hair dress	Hair Dress
11060	student.right_1	Student.Right_1
11061	left_cannon_muzzle	left_cannon_muzzle
11062	zipper 2	zipper 2
11063	dummy20	Dummy20
11064	plane09	Plane09
11065	donger02_chain	donger02_chain
11066	frily_20.l	Frily_20.L
11067	cup	cup
11068	helpthighsidel	HelpThighSideL
11069	cockbigballsa	CockBigBallsA
11070	bone09	Bone09
11071	strapaside	StrapAside
11072	phone	Phone
11073	tip_sharpen	tip_sharpen
11074	second_arms_r_2	Second_Arms_R_2
11075	shocked 2 vertical collapse	Shocked 2 vertical collapse
11076	bip_vulvab	Bip_VulvaB
11077	shape feet	Shape FEET
11078	back 4	Back 4
11079	bodyshape-bodybuilder-size	bodyshape-bodybuilder-size
11080	wep_bipod_legr	WEP_Bipod_LegR
11081	saberon_bone40_rfingermiddle	saberon_Bone40_RFingerMiddle
11082	box_face_04_m	Box_Face_04_M
11083	wing_right_spine_5	Wing_Right_Spine_5
11084	bipfin lcalftwist1	BipFin LCalfTwist1
11085	belt_bone_fr_02	belt_bone_fr_02
11086	cape2_right3	CAPE2_RIGHT3
11087	a16	A16
11088	bottom right	Bottom right
11089	bip_cloth_01	bip_cloth_01
11090	unusedbone058	unusedbone058
11091	tailleft1_5	TailLeft1_5
11092	cloth right 4 jb	cloth right 4 JB
11093	c collar sec root	c collar sec root
11094	keychain.chain_1	Keychain.Chain_1
11095	forehead_small	forehead_small
11096	valvebiped.joint7	ValveBiped.joint7
11097	bip01_l_hand010	Bip01_L_Hand010
11098	fitness details	Fitness Details
11099	bip01_head008	Bip01_Head008
11100	tie_5	Tie_5
11101	bip armpit r	bip armpit r
11102	panties down 1	Panties down 1
11103	drt_cutscene_stage_5-5_1_aos	drt_cutscene_stage_5-5_1_aos
11104	side_right_2	side_right_2
11105	door_bottom	Door_Bottom
11106	valvebiped.hinge	ValveBiped.hinge
11107	pcube8	pCube8
11108	bone_legrr1	Bone_LegRR1
11109	bip01_r_toe4	Bip01_R_Toe4
11110	bh45	Bh45
11111	circle eye side collapse	circle Eye Side Collapse
11112	level4_root	Level4_Root
11113	sperm.tail_8	Sperm.Tail_8
11114	fan	fan
11115	v_weapon.left_index01	v_weapon.Left_Index01
11116	mch-eye.l.003	MCH-eye.L.003
11117	bone184	Bone184
11118	valvebiped.bip01_r_upperarmtwist1	ValveBiped.Bip01_R_UpperarmTwist1
11119	unused head neck lower attached_ssx h #2 head neck lower a.004	unused head neck lower attached_ssx h #2 head neck lower a.004
11120	doorlockbone	DoorLockBone
11121	cock-round	cock-round
11122	genitalroot	GenitalRoot
11123	left index finger 1	Left index finger 1
11124	cons_potion_healing_a_superior_glass_mesh	CONS_Potion_Healing_A_Superior_Glass_Mesh
11125	mainlidlower	MainLidLower
11126	bone158	Bone158
11127	flap.front_2	Flap.Front_2
11128	pants_sides_out	pants_sides_out
11129	waist cancel right	Waist cancel right
11130	outhouse_door001_dm01_01_reference	outhouse_door001_dm01_01_reference
11131	bone 1012	bone 1012
11132	prop_06	prop_06
11133	charmchain_adjust.r	CharmChain_Adjust.R
11134	shirt_lift_full_1	shirt_lift_full_1
11135	tailmiddle_6	TailMiddle_6
11136	left_outer_raiser	Left_outer_raiser
11137	l lowerlip 01	l lowerlip 01
11138	valvebiped.bip04_r_middle	ValveBiped.Bip04_R_Middle
11139	generichuman_c_lolipjnt	GenericHuman_c_loLipJnt
11140	r_rear_holster_0u_10v	r_rear_holster_0u_10v
11141	bone_lrl1	bone_LRL1
11142	rfront	RFront
11143	sk_l_f_leg_4	SK_L_F_leg_4
11144	r_middle_metacarpal	r_middle_metacarpal
11145	question	question
11146	rfoot1	rFoot1
11147	penbone	penbone
11148	sidelockright2	SideLockRight2
11149	flm-armb-back-u3	Flm-ArmB-Back-U3
11150	unused143	unused143
11151	bone092	Bone092
11152	r_rear_holster_0u_9v	r_rear_holster_0u_9v
11153	bip_waist_a	bip_waist_a
11154	canin_pen_4	canin_pen_4
11155	ropebelt_tassel_front_2	RopeBelt_Tassel_Front_2
11156	donger08_chain	donger08_chain
11157	skull_12	skull_12
11158	topleft	TopLeft
11159	l lower lid	L lower lid
11160	bip kneetwisttopoutbase r	bip kneetwisttopoutbase r
11161	bip_fpinky02_r	Bip_FPinky02_R
11162	fit lower 02	fit Lower 02
11163	areola_large	Areola_large
11164	left_24	left_24
11165	eye-r-upset	Eye-R-Upset
11166	vertical crush	Vertical crush
11167	bip01-spine002	Bip01-Spine002
11168	r bust03 sec	r bust03 sec
11169	toy_bone_05	toy_bone_05
11170	bipqwn rcalftwist	BipQwn RCalfTwist
11171	helper_lt	Helper_LT
11172	bone 1051	bone 1051
11173	arm right shoulder ctr1	arm right shoulder ctr1
11174	v_weapon.r_wrist_helper	v_weapon.R_wrist_helper
11175	forearmleft	ForearmLeft
11176	object033_002	Object033_002
11177	unusedhairroot4	unusedhairroot4
11178	unusedbone_0c	unusedbone_0C
11179	bag_bone_s_01	bag_bone_s_01
11180	earring_l_u_2	Earring_L_U_2
11181	taurenmale_hd_bone_124	taurenmale_hd_bone_124
11182	balls_engorge	balls_engorge
11183	c_dred_c1_03	C_Dred_C1_03
11184	hand finger left 3b	hand finger left 3b
11185	butt_right_root	butt_Right_root
11186	c_dred_c1_05	C_Dred_C1_05
11187	release_latch	Release_Latch
11188	pussy clitoris 2	pussy clitoris 2
11189	key.white_42	Key.White_42
11190	bip_stripes2_l	bip_stripes2_L
11191	belly side front right 1	belly side front right 1
11192	flex_noise_1	Flex_NOISE_1
11193	prop_end_01	prop_end_01
11194	bone middle 2	bone middle 2
11195	rightlowerforearm_helper	RightLowerForeArm_helper
11196	bellyout	BellyOut
11197	left little finger 3 grips 1	Left little finger 3 grips 1
11198	adjust_kneecap_l	adjust_kneecap_L
11199	lup	LUp
11200	wing left d	wing left d
11201	earright1	EarRight1
11202	bone 1004	bone 1004
11203	left thumb 1	Left thumb 1
11204	teetn_lower_2	Teetn_Lower_2
11205	blink3r	Blink3R
11206	right_u_vag_2	right_u_vag_2
11207	bip_cape_3_r	bip_Cape_3_R
11208	flm-armb-belt-f1	Flm-ArmB-Belt-F1
11209	lbrow_middle_raise	lbrow_middle_raise
11210	ascot.bottom_2	Ascot.Bottom_2
11211	key.white_38	Key.White_38
11212	left little finger 1 expansion 1	Left little finger 1 expansion 1
11213	r_shoulder_rear_helper	r_shoulder_rear_helper
11214	right index intermediate	Right Index Intermediate
11215	apron a3	Apron a3
11216	todd_body.qc_skeleton	todd_body.qc_skeleton
11217	leftfingerbase	LeftFingerBase
11218	pupil 2 off	Pupil 2 off
11219	lidubberopenr	LidUbberOpenR
11220	def-ribcage.t.l.001	DEF-ribcage.T.L.001
11221	l ulid c	L Ulid C
11222	bip01_l_thigh003	Bip01_L_Thigh003
11223	cape right 4	cape right 4
11224	leftfinge31	LeftFinge31
11225	maid.necktie_left_outer_2	Maid.Necktie_Left_Outer_2
11226	head dummy	head dummy
11227	bone17	Bone17
11228	gb_heatbox04	gb_heatbox04
11229	r femorisc spo	R FemorisC Spo
11230	chainback_r	ChainBack_R
11231	bone014	Bone014
11232	arm right shoulder adjust a	arm right shoulder adjust a
11233	upperlipmidpush	UpperlipMidPush
11234	bipflm lthightwist1	BipFlm LThighTwist1
11235	chain_23	chain_23
11236	head nostril 2	head nostril 2
11237	finger_ring_right_0	finger_ring_right_0
11238	genitals scrotum	genitals scrotum
11239	apron e1	Apron e1
11240	right middle finger 1	Right middle finger 1
11241	facial_lod1_r_eyecornerouterupper	FACIAL_LOD1_R_EyeCornerOuterUpper
11242	bip_l_root_cloth	bip_l_root_cloth
11243	bip_kneemid_r	bip_kneeMid_R
11244	_left_z_up	_left_z_up
11245	moustache_l_24	Moustache_L_24
11246	foot_b_l	Foot_B_L
11247	tailright2_2	TailRight2_2
11248	left_vag_d_1	left_vag_d_1
11249	r dlipin b	R Dlipin B
11250	l eyebag a	L Eyebag A
11251	bow left d 4	bow left d 4
11252	l_shoulder_rear_helper	l_shoulder_rear_helper
11253	bone 1095	bone 1095
11254	arm left elbow ctr3	arm left elbow ctr3
11255	body_b	body_b
11256	maid.necktie_left_inner_1	Maid.Necktie_Left_Inner_1
11257	alignthin	AlignThin
11258	anime angry  l	Anime angry  L
11259	bone 1036	bone 1036
11260	rough_small_8	rough_small_8
11261	shell.wall_50	Shell.Wall_50
11262	lwing12	LWing12
11263	bag 02	Bag 02
11264	vag inner open wide1	vag inner open wide1
11265	jiggle_belt1	jiggle_belt1
11266	tears 3	Tears 3
11267	veil_l_1	VEIL_L_1
11268	penis2_00002	penis2_00002
11269	calf_twist_l_01	calf_twist_l_01
11270	lick	Lick
11271	h1	H1+h1
11272	funny	Funny
11273	shirt boobs big	Shirt Boobs Big
11274	genitals_outer_middle_left	Genitals_Outer_Middle_Left
11275	r lowerlip 01	r lowerlip 01
11276	key.enter	Key.Enter
11277	arm left finger 3 b	arm left finger 3 b
11278	bone index 2	bone index 2
11279	l_pbone_knee	l_pbone_knee
11280	flm-armb-back-b3	Flm-ArmB-Back-B3
11281	key.black_15	Key.Black_15
11282	fbx_monster_oboro	fbx_monster_oboro
11283	fin_top_c_c	fin_top_c_c
11284	bone.019	Bone.019
11285	bunnyearboneright_2	BunnyEarBoneRight_2
11286	vwidthvout	VWidthVout
11287	levator03_l	levator03_L
11288	canvas.root	Canvas.Root
11289	c15	C15
11290	l forehead	L Forehead
11291	e11	E11
11292	puckerer/suck	Puckerer/Suck
11293	rkakato01n	RKakato01N
11294	l string1 sec root	l string1 sec root
11295	bipfio l finger1	BipFio L Finger1
11296	frontsnarl	FrontSnarl
11297	canine_lfrontlegtoe	Canine_LFrontLegToe
11298	bipfio r foretwist1	BipFio R ForeTwist1
11299	bip chinfront00 l	bip chinfront00 l
11300	whisker_l_1	Whisker_L_1
11301	leg left thigh ctrl 2	leg left thigh ctrl 2
11302	r collar 02	r collar 02
11303	bone062	Bone062
11304	kamiboon__gnull	kamiboon__gnull
11305	vore belly	Vore Belly
11306	bottomlipsraise	BottomLipsRaise
11307	bip_pussyside_0_l	bip_PussySide_0_L
11308	eronipplesl	EroNipplesL
11309	cape4.r	Cape4.R
11310	bipqwn l finger2	BipQwn L Finger2
11311	wep_foregrip_child2	WEP_Foregrip_Child2
11312	cube1	cube1
11313	wep_sight_flipup2	WEP_Sight_FlipUp2
11314	l femorisb spo	L FemorisB Spo
11315	asshole_7	Asshole_7
11316	c_dred_r1_02	C_Dred_R1_02
11317	toplip2.r	TopLip2.R
11318	upper_right_raise	upper_right_raise
11319	object005	Object005
11320	crow_1.tail_l	Crow_1.Tail_L
11321	fan.front_3	Fan.Front_3
11322	fringe 8	fringe 8
11323	bandana	bandana
11324	pjcmabdomenfwd35	pJCMAbdomenFwd35
11325	flm-arma-swordb-ar	Flm-ArmA-SwordB-AR
11326	bone42	Bone42
11327	legpeopledifferencefinger3_l	LegPeopleDifferenceFinger3_L
11328	teeth upper	teeth upper
11329	bip_pussylower_0_r	bip_PussyLower_0_R
11330	submesh_00_lod_1.640	submesh_00_LOD_1.640
11331	cloth left 7 jb	cloth left 7 JB
11332	second_arms_r_index4	Second_Arms_R_Index4
11333	wep_m203_flipsight	WEP_M203_FlipSight
11334	lipb	lipB
11335	tailright1_5	TailRight1_5
11336	stressr	stressr
11337	car04_controller01	Car04_controller01
11338	pussyclosed	PussyClosed
11339	h_l_pinky1	h_L_Pinky1
11340	cape_13_r	cape_13_R
11341	fa_up_lid_left_center	fa_up_lid_left_center
11342	strap b 4	strap b 4
11343	v_weapon.left_ring01	v_weapon.Left_Ring01
11344	turtleneckcleavage	TurtleNeckCleavage
11345	rachel bun_1_jiggle	Rachel bun_1_jiggle
11346	beadhangduo b1	BeadHangDuo B1
11347	squint both	Squint Both
11348	bip_r_ring_03	bip_r_ring_03
11349	angery1	angery1
11350	finger_middle_right_2	finger_middle_right_2
11351	rot_blades	rot_blades
11352	shoulder_right	Shoulder_Right
11353	level1_south	Level1_South
11354	browtiltdownright	BrowTiltDownRight
11355	right index finger 2	Right index finger 2
11356	upperlid-l	UpperLid-l
11357	bip_claw_c	bip_claw_c
11358	scene_root	Scene_Root
11359	fa_eyebag_left_inn	fa_eyebag_left_inn
11360	wep_boltrelease	WEP_BoltRelease
11361	bone..002	Bone..002
11362	ascot.bottom_12	Ascot.Bottom_12
11363	tailleft4_4	TailLeft4_4
11364	unusedfacial	unusedfacial
11365	valvebiped.bip01_l_pinkie01	ValveBiped.Bip01_L_Pinkie01
11366	top_a	Top_A
11367	pussparent.002_l.007	PussParent.002_L.007
11368	hat_right_1	Hat_Right_1
11369	bone_bed_08	bone_bed_08
11370	t2	T2
11371	ascot.bottom_7	Ascot.Bottom_7
11372	hand finger left 2a	hand finger left 2a
11373	nyotengu head nostril right 1	Nyotengu head nostril right 1
11374	bip upperarmtwisttop l	bip upperarmtwisttop l
11375	bone43	Bone43
11376	wep_bullet1_round	WEP_Bullet1_Round
11377	fit boots	fit boots
11378	bone ring 3	bone ring 3
11379	bip01_r_thigh004	Bip01_R_Thigh004
11380	bip_bucket	bip_Bucket
11381	beadhangfront2	BeadHangFront2
11382	boxb01	BoxB01
11383	v_dd	v_dd
11384	rbuttsmack	RButtSmack
11385	head nostril right 4	head nostril right 4
11386	right arm screw 2	Right arm screw 2
11387	2	2
11388	arm left finger 4 b	arm left finger 4 b
11389	arm right palm ctr	arm right palm ctr
11390	rbigtoe 2	rbigtoe 2
11391	apron d3	Apron d3
11392	plate 1	Plate 1
11393	bipfio l finger4	BipFio L Finger4
11394	browstiltupright	BrowsTiltUpRight
11395	apron f1	Apron f1
11396	c_tier_c05	C_TieR_C05
11397	third_arms_r_index2	Third_Arms_R_Index2
11398	fin-rig-cape1	Fin-Rig-Cape1
11399	leg_2.root	leg_2.root
11400	leg right roll 2	leg right roll 2
11401	head-tall	head-tall
11402	opt_acs_osage_l12	OPT_acs_osage_l12
11403	bip01_l_thigh008	Bip01_L_Thigh008
11404	l shouldersub spo	L ShoulderSub Spo
11405	facial_bone_uprlip_r02	Facial_Bone_UprLip_R02
11406	bhl49	BhL49
11407	bip_pinky_root_0_l	bip_pinky_root_0_L
11408	throb-front	throb-front
11409	taurenmale_hd_bone_63	taurenmale_hd_bone_63
11410	unused spine lower	unused spine lower
11411	bone.009	Bone.009
11412	open aaa	Open AAA
11413	mar-rig-hole-v1	Mar-Rig-Hole-V1
11414	penisbuldgeleotard1	PenisBuldgeLeotard1
11415	bigbite	BigBite
11416	pb_r_cmy01_bhair_10	pb_R_CMY01_BHair_10
11417	right ring finger 1 grip 2	Right ring finger 1 grip 2
11418	right.001	Right.001
11419	gag_r_07	Gag_R_07
11420	liplowerraise	LipLowerRaise
11421	genitals_outer_middle_right	Genitals_Outer_Middle_Right
11422	center	Center+center
11423	skinforward	SkinForward
11424	toilet covert	Toilet covert
11425	fin-rig-hat-hood-f	Fin-Rig-Hat-Hood-F
11426	hokage hat right 2a	hokage hat right 2a
11427	canteen4	Canteen4
11428	moustache_r_24	Moustache_R_24
11429	unused139	unused139
11430	left_21	left_21
11431	third_arms_r_ring4	Third_Arms_R_Ring4
11432	hokage hat left 2b	hokage hat left 2b
11433	box21	Box21
11434	jiggle.tassle_back_2	Jiggle.Tassle_Back_2
11435	cape left 1	cape left 1
11436	bipfin l foretwist1	BipFin L ForeTwist1
11437	l string3 sec root	l string3 sec root
11438	magazine_empty	Magazine_empty
11439	blcraise	BLCRaise
11440	l bust02 sec	l bust02 sec
11441	box13	Box13
11442	rlegj	RLegJ
11443	row_chair015	row_chair015
11444	stomp-6	stomp-6
11445	bikini pregnant	Bikini Pregnant
11446	flex_fat_top	Flex_Fat_Top
11447	doodad.bell_striker_left	Doodad.Bell_Striker_Left
11448	dick detail 1	Dick Detail 1
11449	eye surprised r	Eye Surprised R
11450	r string6 sec root	r string6 sec root
11451	vwidthinbetweendown	VwidthInbetweenDown
11452	hand finger left 2b	hand finger left 2b
11453	analhook	AnalHook
11454	left_joint	Left_joint
11455	squish-xy	squish-xy
11456	bip_l_finger_b_01	bip_l_finger_b_01
11457	key.black_40	Key.Black_40
11458	lipbiter	LipBiteR
11459	valvebiped.r_uparm	Valvebiped.R_uparm
11460	headpiece	Headpiece
11461	window_urban_sash_48_88_full_gib09	window_urban_sash_48_88_full_gib09
11462	tenta_9_r	tenta_9_R
11463	shape-assassin-nude	shape-assassin-nude
11464	flm-arma-sworda-ll	Flm-ArmA-SwordA-LL
11465	bip01_spine3_004	Bip01_Spine3_004
11466	bone179	Bone179
11467	hitomi head forehead right	Hitomi head forehead right
11468	squish-x	squish-x
11469	bip_pussyside_0_r	bip_PussySide_0_R
11470	flm-rig-hole-v1	Flm-Rig-Hole-V1
11471	height adjustment	Height Adjustment
11472	bow right 2a	bow right 2a
11473	c13	C13
11474	right_24	right_24
11475	wheel_3.base	Wheel_3.Base
11476	bip01_pelvis011	Bip01_Pelvis011
11477	up.l	up.l
11478	l_rear_holster_0u_2v	l_rear_holster_0u_2v
11479	pjcmabdomen2side24l	pJCMAbdomen2Side24L
11480	thigh expansion	thigh expansion
11481	unusedbone018	unusedbone018
11482	leftbone	LeftBone
11483	cloth_back_b_3_r	cloth_back_B_3_R
11484	rsmalltoe1 2	rsmalltoe1 2
11485	open zipper	Open Zipper
11486	upleg_r	UpLeg_R
11487	bone.001_r.042	Bone.001_R.042
11488	nipplesmorph	NipplesMorph
11489	toe_left_0	toe_left_0
11490	bas.side_right_3_jiggle	BAS.Side_Right_3_jiggle
11491	lower_drop	lower_drop
11492	arm right cloth 3b	arm right cloth 3b
11493	hat-narrow	hat-narrow
11494	c9	C9
11495	bottle cap	Bottle cap
11496	feather 4a	feather 4a
11497	def-shin.r	DEF-shin.R
11498	valvebiped.bip01_l_hand_twist	ValveBiped.Bip01_L_Hand_Twist
11499	i1	I1
11500	left index distal	Left Index Distal
11501	unusedtransform11 cmn sl alison	unusedtransform11 cmn sl alison
11502	left ring finger 2 grip 1	Left ring finger 2 grip 1
11503	page1_g	Page1_G
11504	hand finger right 4b	hand finger right 4b
11505	sword_1	sword_1
11506	valvebiped.bip01_l_finger3_twist_1	ValveBiped.Bip01_L_Finger3_Twist_1
11507	leftdeltoid_helper	LeftDeltoid_helper
11508	fa_under_chin_right_out	fa_under_chin_right_out
11509	bunnyearboneleft_1	BunnyEarBoneLeft_1
11510	h3jiggle02	H3Jiggle02
11511	key.black_5	Key.Black_5
11512	right little finger 2 grip 1	Right little finger 2 grip 1
11513	r_thumb1a_00002	r_thumb1a_00002
11514	bh03.l	Bh03.L
11515	53	53
11516	bip_neckring	bip_neckRing
11517	tounge tip down	Tounge tip down
11518	fa_nostril_left	fa_nostril_left
11519	blink down	Blink Down
11520	crow_3.femur_l	Crow_3.Femur_L
11521	muscle-up	muscle-up
11522	pants small thigs	Pants Small Thigs
11523	bobcut.side_left_2_1_jiggle	Bobcut.Side_Left_2_1_jiggle
11524	left_sneer	Left_sneer
11525	sidelockleft3	SideLockLeft3
11526	full nelson	Full Nelson
11527	penis_f_2	penis_f_2
11528	clip01	Clip01
11529	bip01_spine3_002	Bip01_Spine3_002
11530	object031_004	Object031_004
11531	wep_caplock	WEP_CapLock
11532	right_stomach_buldge	Right_stomach_buldge
11533	bip_tentacle.013	Bip_Tentacle.013
11534	asshool_1	Asshool_1
11535	polysurface14	polySurface14
11536	fit jumpsuit	fit jumpsuit
11537	line01	Line01
11538	key.down	Key.DOWN
11539	key.white_30	Key.White_30
11540	unusedheadneckupper	unusedheadneckupper
11541	elbow fix.l	Elbow fix.L
11542	flm-armb-float-b1	Flm-ArmB-Float-B1
11543	bip_l_ear0	bip_l_ear0
11544	lowerblinkl+lowerblinkr	lowerBlinkL+lowerBlinkR
11545	rightsneer	RightSneer
11546	valvebiped.bip01_lowerhead	ValveBiped.Bip01_LowerHead
11547	backhair c00 joint	backhair c00 joint
11548	calves thicc	Calves Thicc
11549	eyelipdownleft	EyeLipDownLeft
11550	left ring finger 3	Left ring finger 3
11551	unusedright pupil fbu	unusedright pupil fbu
11552	loonafits	LoonaFITS
11553	ruby_head_b_jnt	Ruby_head_b_jnt
11554	asshole_3	Asshole_3
11555	shell	Shell+shell
11556	key.h	Key.H
11557	bip_chest_2_r	bip_Chest_2_r
11558	lower 2 left	Lower 2 Left
11559	wep_wick4	WEP_Wick4
11560	v_weapon.left_pinky02	v_weapon.Left_Pinky02
11561	legmiddlefinger1_r	LegMiddleFinger1_R
11562	bip01 neck1	Bip01 Neck1
11563	loweroutleft	LowerOutLeft
11564	rarmex	RArmEX
11565	teeth-wide	Teeth-Wide
11566	clawhandleft	ClawHandLeft
11567	upeerlidraiserl+upeerlidraiserr	UpeerLidRaiserL+UpeerLidRaiserR
11568	bip_l_arm_02_roll	bip_l_arm_02_roll
11569	car09	car09
11570	bip01_l_thigh017	Bip01_L_Thigh017
11571	jewel	Jewel
11572	valvebiped.bip01_l_finger2_twist_1	ValveBiped.Bip01_L_Finger2_Twist_1
11573	facial_bone_uprlip_r01	Facial_Bone_UprLip_R01
11574	arm right finger 3 b	arm right finger 3 b
11575	v_weapon.root27	v_weapon.Root27
11576	bone.001_l.042	Bone.001_L.042
11577	valvebiped.bip01_l_finger1_twist_1	ValveBiped.Bip01_L_Finger1_Twist_1
11578	bone060	Bone060
11579	valvebiped.bip01_r_middle03	ValveBiped.Bip01_R_Middle03
11580	polysurface124	polySurface124
11581	rightmetatarsus	RightMetatarsus
11582	mot03_leftfoot	MOT03_LeftFoot
11583	forearmright	ForearmRight
11584	l index 03	l index 03
11585	rthumbnc	RThumbNc
11586	eyelashes-happy	Eyelashes-Happy
11587	anuopenwedgieexposedtorn	AnuOpenWedgieExposedTorn
11588	blowout	BlowOut
11589	plane	Plane
11590	opt_hand_left_middle1	OPT_Hand_Left_Middle1
11591	side_right_1	side_right_1
11592	collar right 2	collar right 2
11593	pussyopensuitexposedtorn	PussyOpenSuitExposedTorn
11594	box_kg_empty	box_KG_empty
11595	ripple01	Ripple01
11596	bone084	Bone084
11597	box_face_08_m	Box_Face_08_M
11598	head eye corner lefta	head eye corner lefta
11599	valvebiped.bip01_r_middle01	ValveBiped.Bip01_R_Middle01
11600	fringe 14	fringe 14
11601	loincloth front 1b	loincloth front 1b
11602	bip_lube	bip_lube
11603	cloth_front_b_3	cloth_front_B_3
11604	flm-armb-arm-rd	Flm-ArmB-Arm-RD
11605	brows-serious	brows-serious
11606	valvebiped.bip01_l_testicle0	ValveBiped.Bip01_L_Testicle0
11607	eyes-look-down	eyes-look-down
11608	piercing.nipple_ring_right_jiggle	Piercing.Nipple_Ring_Right_jiggle
11609	leg left sta	leg left StA
11610	exclam1	Exclam1
11611	lfaceparts	LFaceParts
11612	r collarb spo	R CollarB Spo
11613	bip_stone_r_uparmtwist1	Bip_STONE_R_UpArmTwist1
11614	unusedbone173	unusedbone173
11615	cons_potion_healing_a_supreme_mesh	CONS_Potion_Healing_A_Supreme_Mesh
11616	lower_04	Lower_04
11617	bip_pigtail_r_3	bip_pigtail_R_3
11618	l05	L05
11619	bone146	Bone146
11620	腕捩1.l	腕捩1.L
11621	bone pinky 2	bone pinky 2
11622	r ujacketb c phy	R uJacketB c Phy
11623	b7	B7
11624	boobsie23	boobsie23
11625	pad1_4	pad1_4
11626	wep_fx_muzzle9	WEP_FX_Muzzle9
11627	ulid_r_2	ULid_R_2
11628	bone 1023	bone 1023
11629	wep_bolt	WEP_Bolt
11630	bip_r_neck_a	bip_r_neck_a
11631	indextoe2_r	indexToe2_r
11632	unused.013	unused.013
11633	thesword	TheSword
11634	angery right	angery right
11635	necklace left	necklace left
11636	alertl	alertl
11637	bip_pinky_root_0_r	bip_pinky_root_0_R
11638	beadhangfrontduo b2	BeadHangFrontDuo B2
11639	wep_fx_muzzle11	WEP_FX_Muzzle11
11640	jiggle leg right thigh 2	jiggle leg right thigh 2
11641	rope_3	Rope_3
11642	ph09	PH09
11643	clothanushide	ClothAnusHide
11644	bip_l_cloth_b_05	bip_l_cloth_b_05
11645	wep_fx_laser3	WEP_FX_Laser3
11646	bas.left_2_jiggle	BAS.Left_2_jiggle
11647	hatcloth_bone_09	hatCloth_bone_09
11648	fat belly	Fat Belly
11649	fin_top_a_a	fin_top_a_a
11650	bip_belt_r_0	bip_belt_R_0
11651	arm right shoulder 2 twist	arm right shoulder 2 twist
11652	pants pregnant	Pants Pregnant
11653	object14	Object14
11654	rightunderchin	RightUnderChin
11655	arm left finger 4 d	arm left finger 4 d
11656	bip elbowhelper l	bip elbowhelper l
11657	flm-armb-arm-le	Flm-ArmB-Arm-LE
11658	unusedtransform6 cmn sl alison	unusedtransform6 cmn sl alison
11659	eye close upper	Eye Close Upper
11660	object07	Object07
11661	foreskintipsmaller	ForeskinTipSmaller
11662	cape 2d	Cape 2d
11663	h3jiggle03	H3Jiggle03
11664	small_earring.l	Small_Earring.L
11665	outbrow_left_in	outBrow_left_IN
11666	body_joint	body_joint
11667	trapezius	Trapezius
11668	page2_b	Page2_B
11669	throat-lower-bulge	throat-lower-bulge
11670	bone 1026	bone 1026
11671	labiummajora2_l	LabiumMajora2_L
11672	taurenmale_hd_bone_85	taurenmale_hd_bone_85
11673	bip01_head009	Bip01_Head009
11674	armtwister	armTwister
11675	egg.wall_23	Egg.Wall_23
11676	foot_ring_2_l	foot_ring_2_L
11677	eye-r-surprise	Eye-R-Surprise
11678	canine_rbackleg1	Canine_RBackLeg1
11679	l ucor	L Ucor
11680	w open	W open
11681	fringe 16	fringe 16
11682	lipraise	lipraise
11683	r fold b	R Fold B
11684	sword2 blade base	Sword2 Blade Base
11685	key.m	Key.M
11686	lipsstretchl+lipsstretchr	LipsStretchL+LipsStretchR
11687	waterhigh	WaterHigh
11688	arm right arm twist 2	arm right arm twist 2
11689	scrotum01	scrotum01
11690	taurenmale_hd_bone_60	taurenmale_hd_bone_60
11691	unused genitalslag06	unused genitalslag06
11692	left thumb 1 grip 2	Left thumb 1 grip 2
11693	leg1	leg1
11694	cloth right 7 jb	cloth right 7 JB
11695	stockingheel.r	stockingheel.r
11696	wep_fx_muzzle1	WEP_FX_Muzzle1
11697	l_side_holster_0u_0v_outer	l_side_holster_0u_0v_outer
11698	flareoutright	FlareOutRight
11699	polysurface138	polySurface138
11700	r_eye1a	r_eye1a
11701	grip.002	grip.002
11702	anus close	Anus Close
11703	right index finger 3	Right index finger 3
11704	_right_y_down	_right_y_down
11705	pupils-happyblink-l	Pupils-HappyBlink-L
11706	cape2_left5	CAPE2_LEFT5
11707	right_smile	Right_Smile+Right_smile
11708	side_left_4	side_left_4
11709	c_lur_b00	C_LUR_B00
11710	canin_pen_1	canin_pen_1
11711	foreskin_left	foreskin_left
11712	aerolaperk	aerolaPerk
11713	bipfin l finger2	BipFin L Finger2
11714	bip01_r_clavicle008	Bip01_R_Clavicle008
11715	window_urban_sash_48_88_full_gib11	window_urban_sash_48_88_full_gib11
11716	fh18.r	Fh18.R
11717	kneefix	KneeFix+Kneefix
11718	bone_eye_r	Bone_Eye_R+Bone_eye_R
11719	facial_lod1_r_eyecornerouterlower	FACIAL_LOD1_R_EyeCornerOuterLower
11720	bipfio lcalftwist	BipFio LCalfTwist
11721	thightwist2left	ThighTwist2Left
11722	f14	F14
11723	wep_shell2	WEP_Shell2
11724	orcmale_hd_fixed_bone55	orcmale_hd_fixed_Bone55
11725	unusedtransform1 cmn sl alison	unusedtransform1 cmn sl alison
11726	v_weapon.lighter_flame5	v_weapon.lighter_flame5
11727	fitupperbody	FitUpperBody
11728	cape1_left1	CAPE1_LEFT1
11729	outfit anusopen	Outfit AnusOpen
11730	bone066	Bone066
11731	head forehead right fix	head forehead right fix
11732	disgustright	DisgustRight
11733	wep_stock_retract	WEP_Stock_Retract
11734	hose_13	Hose_13
11735	h3jiggle04	H3Jiggle04
11736	bodyshape-portly	bodyshape-portly
11737	rightarmbicep_helper	RightArmBicep_helper
11738	wep_40mm_shell	WEP_40mm_Shell
11739	smile 4	Smile 4
11740	pelvis lower adj	pelvis lower adj
11741	hose_08	Hose_08
11742	tool_hospital_surgery_kit_b_mesh	TOOL_Hospital_Surgery_Kit_B_Mesh
11743	unused head.037	unused head.037
11744	wep_m203_safety	WEP_M203_Safety
11745	wep_pump	WEP_Pump
11746	streaks open r	Streaks open R
11747	boobflat.r	BoobFlat.R
11748	music_gen_violin_a_mesh	MUSIC_GEN_Violin_A_Mesh
11749	bip_stone_r_thightwist1	Bip_STONE_R_ThighTwist1
11750	bow right 1c	bow right 1c
11751	bip01_r_clavicle004	Bip01_R_Clavicle004
11752	glutes size	Glutes Size
11753	v_ih	v_ih
11754	backhair l02 joint 1	backhair l02 joint 1
11755	ebouterlowererr	EBOuterLowererR
11756	head nostril left 3	head nostril left 3
11757	bobcut.rear_center_2	Bobcut.Rear_Center_2
11758	cartraffic	cartraffic
11759	bonehigh01	BoneHigh01
11760	| tits size | + (metal)	| Tits Size | + (METAL)
11761	ahoge 1	Ahoge 1
11762	bip_r_horn_02	bip_r_horn_02
11763	bip_r_finger_a_01	bip_r_finger_a_01
11764	lbrow middle	lbrow middle
11765	waki_l__slerp_kata_l__i40_x0__offset	waki_l__slerp_kata_l__i40_x0__offset
11766	l_upper_leg_front_helper	l_upper_leg_front_helper
11767	fake_wheel_rl	fake_wheel_rl
11768	bip01_spine3_019	Bip01_Spine3_019
11769	officechair	officechair
11770	nudelowerbodyvagopen	NudeLowerBodyVagOpen
11771	sidelockleft2	SideLockLeft2
11772	bip_fpinky00_r	Bip_FPinky00_R
11773	arm left elbow twist2	arm left elbow twist2
11774	index1_base.r	index1_base.r
11775	unused.056	unused.056
11776	unused148	unused148
11777	lever	Lever
11778	collar front right	collar front right
11779	v_weapon.l_wrist_helper	v_weapon.L_wrist_helper
11780	stockingsthiccerreal	StockingsThiccerReal
11781	wep_bullet7_round	WEP_Bullet7_Round
11782	cock.shaft_1	Cock.Shaft_1
11783	pinkyleft2	PinkyLeft2
11784	bip_penis-ball-1.l	bip_penis-ball-1.L
11785	flm-arma-foot-r5	Flm-ArmA-Foot-R5
11786	l04	L04
11787	shorten_4	shorten_4
11788	hand_rotate1_l	Hand_Rotate1_L
11789	flex_drop	Flex_DROP
11790	r04	R04
11791	arm right finger 3	arm right finger 3
11792	shirt small thigs	Shirt Small Thigs
11793	valvebiped.bip01_pelvis.034	ValveBiped.Bip01_Pelvis.034
11794	r_part	R_part
11795	valvebiped.bip02_r_foot	ValveBiped.Bip02_R_Foot
11796	pupils-glareremove-r	Pupils-GlareRemove-R
11797	anime angry br	Anime angry bR
11798	butt_size	butt_size
11799	left_22	left_22
11800	righteyehalfopen	RightEyeHalfOpen
11801	r femorisb spo	R FemorisB Spo
11802	legs-kneesock-fit	Legs-Kneesock-Fit
11803	pb_l_cmy01_fhair_03	pb_L_CMY01_FHair_03
11804	pincer left root	Pincer Left Root
11805	bone003	Bone003
11806	foreskin_bottom	foreskin_bottom
11807	flm-arma-swordb-jl	Flm-ArmA-SwordB-JL
11808	pbg-rig-face	PBG-Rig-Face
11809	fulleyesopen	FullEyesOpen
11810	book_back_m	Book_Back_M
11811	h10	H10+h10
11812	toplid_l2	toplid_L2
11813	wep_stock_underfolding	WEP_StocK_Underfolding
11814	shoulder_orb_right	SHOULDER_ORB_RIGHT
11815	singsang	SingSang
11816	bipbrk sunglasses_l	BipBrk Sunglasses_L
11817	hatf_r	hatF_R
11818	leg left finger 1	leg left finger 1
11819	eyelipupright	EyeLipUpRight
11820	r_butt_bottem	R_Butt_bottem
11821	arm left forearm adj a	arm left forearm adj a
11822	r shoulder2	r shoulder2
11823	body-suit-fit-noupper	Body-Suit-Fit-NoUpper
11824	langer	Langer
11825	unused.004	unused.004
11826	bone023	Bone023
11827	tsumasaki_l_d__offset	tsumasaki_l_d__offset
11828	top.knot_left_2	Top.Knot_Left_2
11829	baffle_bottom.r	baffle_bottom.R
11830	body-bulge-pushup	Body-Bulge-pushup
11831	bip01 thigh.r	Bip01 Thigh.R
11832	r dlipout a	R Dlipout A
11833	mune2_d__offset	mune2_d__offset
11834	cc_backtoe1.l	cc_backtoe1.l
11835	valvebiped.r_calf	Valvebiped.R_calf
11836	middle_01	Middle_01
11837	valvebiped.rboob1	ValveBiped.rboob1
11838	middle_03	Middle_03
11839	flm-armb-float-b4	Flm-ArmB-Float-B4
11840	sack_middle	Sack_Middle
11841	l dlid c	L Dlid C
11842	arm right shoulder adj 4	arm right shoulder adj 4
11843	wep_belt_bullet5	WEP_Belt_Bullet5
11844	pc_cable	pc_cable
11845	bip_upperarm_r_1	bip_upperarm_r_1
11846	facial_bone_uprlip_l01	Facial_Bone_UprLip_L01
11847	crow_1.femur_l	Crow_1.Femur_L
11848	root_hips	root_hips
11849	right_23	right_23
11850	car04_controller	Car04_controller
11851	bhl47	BhL47
11852	bobcut.side_left_2_3	Bobcut.Side_Left_2_3
11853	v_weapon.right_ring02	v_weapon.Right_Ring02
11854	valvebiped.bip01_belt2	ValveBiped.Bip01_Belt2
11855	balloon-flat-back	balloon-flat-back
11856	bone 1001	bone 1001
11857	bone 1081	bone 1081
11858	v_weapon.right_index02	v_weapon.Right_Index02
11859	dyng l single earing 02	dyng l single earing 02
11860	bottle_bone_br_02	bottle_bone_br_02
11861	door low right	Door low right
11862	rassimpactmoveup1	RAssImpactMoveUp1
11863	tenta_5_r	tenta_5_R
11864	aerola small	aerola small
11865	eyes-l-blink	Eyes-L-Blink
11866	bone_back	Bone_Back
11867	l_inner_raise	l_inner_raise
11868	r_upper_leg_twist_b_helper	r_upper_leg_twist_b_helper
11869	mainlowerlidraise	MainLowerLidRaise
11870	polysurface93	polySurface93
11871	t4	T4
11872	eye-r-squint	Eye-R-Squint
11873	boobs +	Boobs +
11874	wep_fx_peq2_light	WEP_FX_PEQ2_Light
11875	top_8	Top_8
11876	ah02	AH02
11877	submesh_00_lod_1.3013	submesh_00_LOD_1.3013
11878	right ring finger 3 grip 1	Right ring finger 3 grip 1
11879	f3	F3
11880	bas.back_3	BAS.Back_3
11881	eye-l-shocked	Eye-L-Shocked
11882	cc_butt.r	cc_Butt.r
11883	arm left finger 4 a	arm left finger 4 a
11884	drt_cutscene_stage_10-5_aos	drt_cutscene_stage_10-5_aos
11885	cloth middle 6	cloth middle 6
11886	steerwheel2	steerwheel2
11887	cloth_back_b_1_l	cloth_back_B_1_L
11888	bip_l_root_horn	bip_l_root_horn
11889	bh04.r	Bh04.R
11890	rsuprise	RSuprise
11891	unusedbone223	unusedbone223
11892	rootloona	RootLOONA
11893	depth_4	depth_4
11894	eyes wide right	eyes wide right
11895	teeth-back	Teeth-Back
11896	bip_fmiddle01_l	Bip_FMiddle01_L
11897	boobs press	Boobs Press
11898	urethrainflate	UrethraInflate
11899	shin.r.001	shin.R.001
11900	tenta_4_r	Tenta_4_R
11901	wep_m203_railsight	WEP_M203_RailSight
11902	brows-l-neutral	Brows-L-Neutral
11903	leg right hip adj	leg right hip adj
11904	cervixback	CervixBack
11905	blink3	blink3
11906	bone_wfl	Bone_WFL
11907	shell.wall_12	Shell.Wall_12
11908	waki_r__slerp_kata_r__i40_x0__offset	waki_r__slerp_kata_r__i40_x0__offset
11909	flex_thin_x	Flex_Thin_X
11910	bippbg r finger1	BipPBG R Finger1
11911	earring_l_u_1	Earring_L_U_1
11912	right little finger 1	Right little finger 1
11913	stipa	Stipa
11914	opt_hand_right_middle1	OPT_Hand_Right_Middle1
11915	valvebiped.chord_joint	ValveBiped.chord_joint
11916	bipfin l finger3	BipFin L Finger3
11917	mattressroot	MattressRoot
11918	ball_large	ball_large
11919	bone19	Bone19
11920	arm right shoulder adj b	arm right shoulder adj b
11921	unused mot15_neck	unused MOT15_Neck
11922	bone 1073	bone 1073
11923	muscle - abs	Muscle - Abs
11924	veil_middle_3	VEIL_MIDDLE_3
11925	upper lid	upper lid
11926	cock-skinny	cock-skinny
11927	bip01_pelvis004	Bip01_Pelvis004
11928	polymsh	polymsh
11929	toungend	ToungEnd
11930	anus_open_pull_out	ANUS_OPEN_PULL_OUT
11931	door up left	Door up left
11932	head eye inner lower right	Head Eye Inner Lower Right
11933	leg left butt 1	leg left butt 1
11934	bip armpitringbase r	bip armpitringbase r
11935	feather 3b	feather 3b
11936	fit upper 02	fit Upper 02
11937	opt_acs_earringr3	OPT_acs_earringr3
11938	arm left finger 4 c	arm left finger 4 c
11939	bip_neck_08	bip_neck_08
11940	body-l-ass-down	Body-L-Ass-Down
11941	bip_hs1_l	bip_hs1_L
11942	tlcraise	TLCRaise
11943	body-r-ass-spread	Body-R-Ass-Spread
11944	v_weapon.root98	v_weapon.Root98
11945	bottom_01	Bottom_01
11946	lowerjawfix	LowerJawFix
11947	bip_lipupper	bip_lipupper
11948	earring.pendant_left_1_jiggle	Earring.Pendant_Left_1_jiggle
11949	kargathbladefist_bone88_rfingermiddle	kargathbladefist_Bone88_RFingerMiddle
11950	tooth.001	tooth.001
11951	thighshrink	Thighshrink
11952	sidehair_r_2	sidehair_R_2
11953	shell.wall_20	Shell.Wall_20
11954	face-anger	Face-Anger
11955	neckl	neckL
11956	polysurface83	polySurface83
11957	lefthandball	LeftHandBall
11958	lower_body_d_end	lower_body_d_end
11959	bip01_l_toe3	Bip01_L_Toe3
11960	rightfinger03	RightFinger03
11961	torso flange 1b	torso flange 1b
11962	l dlipin a	L Dlipin A
11963	flm-rig-eye-r	Flm-Rig-Eye-R
11964	cock_02	Cock_02
11965	wep_decocker	WEP_Decocker
11966	lthumb0	lThumb0+lthumb0
11967	bip_breat_04_r	bip_breat_04_r
11968	bip_faringleg_l	bip_faringLeg_l
11969	pb_l_cmy01_bhair_11	pb_L_CMY01_BHair_11
11970	pjcmabdomen2side24r	pJCMAbdomen2Side24R
11971	tenta_1_l	tenta_1_L
11972	jiggle_thigh_l	jiggle_thigh_L
11973	unusedbone037	unusedbone037
11974	shaft_2	shaft_2
11975	ce	CE
11976	wep_fx_light2	WEP_FX_Light2
11977	bone.006	Bone.006
11978	clit_pull	Clit_pull
11979	arm left finger 4xx	arm left finger 4xx
11980	_91	_91
11981	collectible reading.001	collectible reading.001
11982	unused_face	unused_face
11983	bip_strands1_r	bip_Strands1_R
11984	foreskinin	ForeskinIn
11985	second_arms_l_wrist	Second_Arms_L_Wrist
11986	unused.048	unused.048
11987	corpusnarrow	CorpusNarrow
11988	lipupperinner_r	LipUpperInner_R
11989	mila head forehead left	Mila head forehead left
11990	aerola up	aerola up
11991	left_hand_twist_end	left_hand_twist_end
11992	rightfootball	RightFootBall
11993	chains_mid	chains_mid
11994	left little finger 3	Left little finger 3
11995	foxearboneleft_1	FoxEarBoneLeft_1
11996	taurenmale_hd_bone_59	taurenmale_hd_bone_59
11997	glansup	GlansUp
11998	bobby_bone_necklace_14	BOBBY_Bone_NeckLace_14
11999	unused f_l_eyehigh	unused f_l_eyehigh
12000	palmlbezi	PalmLBezi
12001	i10	I10
12002	unused.019	unused.019
12003	cloth left 8	cloth left 8
12004	browrlower	BrowRLower
12005	left thumb 0 expansion 1	Left thumb 0 expansion 1
12006	sign05	sign05
12007	lol fuck you	LOL FUCK YOU
12008	wep_fx_light_barrel2	WEP_FX_Light_Barrel2
12009	dick_short	dick_short
12010	bobcut.left_3	Bobcut.Left_3
12011	flm-armb-arm-li	Flm-ArmB-Arm-LI
12012	polysurface4	polySurface4
12013	cape2_right41	CAPE2_RIGHT41
12014	glasses 2 	Glasses 2 
12015	third_arms_r_thumb1	Third_Arms_R_Thumb1
12016	lkneej	LKneeJ
12017	tentacletopleft3	TentacleTopLeft3
12018	penis balls right	penis balls right
12019	lbuttsmack	LButtSmack
12020	bone059	Bone059
12021	r_ear2_00001	r_ear2_00001
12022	belt_tassle2	Belt_Tassle2
12023	l_front_holster_0u_0v	l_front_holster_0u_0v
12024	level5_root	Level5_Root
12025	left_hand_twist3_end	left_hand_twist3_end
12026	nipplesplump	NipplesPlump
12027	hokage hat left 3a	hokage hat left 3a
12028	wrinkles-12	wrinkles-12
12029	left middle finger 2 grip 2	Left middle finger 2 grip 2
12030	claws small	Claws Small
12031	tighten	tighten
12032	bip_l_foot_index_01	bip_l_foot_index_01
12033	valvebiped.bip01_r_calf_twist	ValveBiped.Bip01_R_Calf_Twist
12034	eyeslblinkmid	EyesLBlinkMid
12035	headband tail left e	headband tail left e
12036	flm-arma-foot-l3	Flm-ArmA-Foot-L3
12037	wep_boltassist	WEP_BoltAssist
12038	object015	Object015
12039	tool_gen_music_violin_bow_a_mesh	TOOL_GEN_Music_Violin_Bow_A_Mesh
12040	table low	Table low
12041	toy_bone_18	toy_bone_18
12042	wrinkles-6	wrinkles-6
12043	beltcontrol.0014	BeltControl.0014
12044	lowerdrawer	LowerDrawer
12045	bottomhair2	BottomHair2
12046	strings 7 jb	strings 7 JB
12047	flm-arma-swordb-n	Flm-ArmA-SwordB-N
12048	toppregnant	TopPregnant
12049	page1_b	Page1_B
12050	eyesblinkl+eyesblinkr	EyesBlinkL+EyesBlinkR
12051	fur_gen_bed_single_rich_b_frame_a_mesh	FUR_GEN_Bed_Single_Rich_B_Frame_A_Mesh
12052	l_shoulder_twist_c_helper	l_shoulder_twist_c_helper
12053	e9	E9
12054	teeth none upper	Teeth None Upper
12055	mid_left	MID_LEFT
12056	sperm.tail_2	Sperm.Tail_2
12057	bip_tailc00	bip_tailC00
12058	strap a 2	strap a 2
12059	h_l_index1	h_L_Index1
12060	case	Case
12061	wep_sight_matech2	WEP_Sight_Matech2
12062	shorthair_bone_l_03	shortHair_bone_l_03
12063	bip_r_index	bip_r_index
12064	right_stretcher	Right_Stretcher
12065	bip_hand_rotate_r	bip_Hand_Rotate_R
12066	toy_bone_11	toy_bone_11
12067	wide 2 left	Wide 2 Left
12068	side_right_9	side_right_9
12069	open a	Open A
12070	bottomlipup	BottomLipUp
12071	key.black_27	Key.Black_27
12072	adrenaline_wing1	adrenaline_wing1
12073	titty outline	Titty Outline
12074	scrotumstretchl	ScrotumStretchL
12075	fit pants	fit pants
12076	right_9	right_9
12077	left_stretch	left_stretch
12078	g5	G5
12079	headband tail right e	headband tail right e
12080	key.white_39	Key.White_39
12081	lever.suctioncup	Lever.SuctionCup
12082	v_weapon.right_middle02	v_weapon.Right_Middle02
12083	zipper.boot_left	Zipper.Boot_Left
12084	arm left shoulder ctr 1	arm left shoulder ctr 1
12085	bip_ear4_r	bip_Ear4_R
12086	anuspucker	AnusPucker
12087	bottle1_liquid	bottle1_liquid
12088	torch4	Torch4
12089	stomp-2	stomp-2
12090	helperbody1r	helperBody1R
12091	valvebiped.bip01_r_pinkie02	ValveBiped.Bip01_R_Pinkie02
12092	leg right boot tassle 6a	leg right boot tassle 6a
12093	bow left 3e	bow left 3e
12094	key 3	Key 3
12095	finger_pinky_left_1	finger_pinky_left_1
12096	nippoke05	NipPoke05
12097	object44	Object44
12098	bh444	Bh444
12099	arm_rotate1_r	Arm_Rotate1_R
12100	crush-17	crush-17
12101	book coverpage turn3	Book CoverPage Turn3
12102	flowerchokerback	FlowerChokerBack
12103	bikini small thigs	Bikini Small Thigs
12104	penis shaft 7	penis shaft 7
12105	armslim	ArmSlim
12106	skull_07	skull_07
12107	third_arms_r_index1	Third_Arms_R_Index1
12108	shouldersgonefix	ShouldersGONEFix
12109	armhandsuitraise	ArmHandSuitRaise
12110	l thumb roll	l thumb roll
12111	unused b_l_shoulderarm1helper	unused b_l_shoulderarm1helper
12112	gentle_7	gentle_7
12113	legthumb2_l	LegThumb2_L
12114	cloth middle 3 jb	cloth middle 3 JB
12115	tenta_b_6_l	tenta_b_6_L
12116	taurenmale_hd_bone_131	taurenmale_hd_bone_131
12117	bipbrk rcalftwist	BipBrk RCalfTwist
12118	l_front_holster_0u_7v	l_front_holster_0u_7v
12119	hroll	hroll
12120	ahappy	AHappy
12121	opt_as_l_hip	OPT_AS_L_Hip
12122	lhandn	LHandN
12123	finger_index_right_1	finger_index_right_1
12124	arm right arm twist b	arm right arm twist b
12125	brows-inward	brows-inward
12126	side_left_2	side_left_2
12127	side_ring_right	side_ring_right
12128	fa_eye_left	fa_eye_left
12129	bip facetempleloout l	bip facetempleloout l
12130	mirror ui	Mirror UI
12131	submesh_00_lod_1.3464	submesh_00_LOD_1.3464
12132	lowerbrow.l	LowerBrow.L
12133	v_weapon.right_hand	v_weapon.Right_Hand
12134	bip001-r-foretwist1	Bip001-R-ForeTwist1
12135	ah1	Ah1+ah1
12136	cu	CU
12137	crush-23	crush-23
12138	brashape	BraShape
12139	bobcut.front_left_1_jiggle	Bobcut.Front_Left_1_jiggle
12140	car11	car11
12141	finger_ring_left_0	finger_ring_left_0
12142	collartop	CollarTop
12143	lids	Lids
12144	fringe_2	Fringe_2
12145	bone.014.r	Bone.014.r
12146	narrow_y	narrow_y
12147	pincer left mid	Pincer Left Mid
12148	third_arms_l_thumb3	Third_Arms_L_Thumb3
12149	arm right finger 3 a	arm right finger 3 a
12150	risorius02_l	risorius02_L
12151	r_holster_loop2	r_holster_loop2
12152	wep_carryhandle	WEP_CarryHandle
12153	fur_gen_bed_single_rich_a_frame_a_mesh	FUR_GEN_Bed_Single_Rich_A_Frame_A_Mesh
12154	unusedhairroot6	unusedhairroot6
12155	belt.r2	Belt.R2
12156	fh13.l	Fh13.L
12157	bow right 2h	bow right 2h
12158	r_elbow_twist_b_helper	r_elbow_twist_b_helper
12159	bld_gen_camp_tent_a_blue_a_mesh	BLD_GEN_Camp_Tent_A_Blue_A_Mesh
12160	loincloth_front_1	Loincloth_front_1
12161	bone_necklace_04	Bone_Necklace_04
12162	arm right finger 3xx	arm right finger 3xx
12163	bulgepants2	BulgePants2
12164	tentaclebottompright1	TentacleBottompRight1
12165	foreskinsmaller	ForeskinSmaller
12166	shock.r	Shock.R
12167	nipple fix	nipple fix
12168	hlp_lowerarm_1_r	hlp_lowerArm_1_R
12169	five_bullet01	Five_Bullet01
12170	unused f_r_eyehigh	unused f_r_eyehigh
12171	armcloth_left_2	ArmCloth_Left_2
12172	flm-arma-sworda-il	Flm-ArmA-SwordA-IL
12173	right_lipupout	Right_LipUpOut
12174	releasebutton	ReleaseButton
12175	bone 78	bone 78
12176	bow right c 3	bow right c 3
12177	back_support_r	Back_Support_R
12178	penis_06.002	Penis_06.002
12179	vr_headset	vr_headset
12180	keychain.key_2_jiggle	Keychain.Key_2_jiggle
12181	bip001-r-thigh	Bip001-R-Thigh
12182	wep_belt_bullet7	WEP_Belt_Bullet7
12183	spine upper_l	spine upper_L
12184	bone_fan	bone_fan
12185	bottle6	bottle6
12186	oris04_r	oris04_R
12187	arm right finger knuckle middle	arm right finger knuckle middle
12188	nipple down	nipple down
12189	bipmar l foretwist1	BipMar L ForeTwist1
12190	gengon001	Gengon001
12191	left_cuff	Left_cuff
12192	arm left wrist twist 2	arm left wrist twist 2
12193	right_12	right_12
12194	legtoetip2_l	LegToeTip2_L
12195	strings 10 jb	strings 10 JB
12196	au1au2	AU1AU2
12197	penis_06.003	Penis_06.003
12198	leg left std	leg left StD
12199	nipples_erect	nipples_erect
12200	chestnut	chestnut
12201	ball	Ball
12202	bone047	Bone047
12203	bip_l_foot_ring_01	bip_l_foot_ring_01
12204	hinge.top_cover	Hinge.Top_Cover
12205	l_eyeball_loc	L_Eyeball_Loc
12206	fin_top_b_b	fin_top_b_b
12207	leftbrowsad	Leftbrowsad
12208	midtoe2_r	midToe2_r
12209	l ujacketb c phy	L uJacketB c Phy
12210	cockskinforward	CockSkinForward
12211	front_open2	front_open2
12212	roxyfits	RoxyFITS
12213	bone._r.002	Bone._R.002
12214	unused b_l_armroll4helper	unused b_l_armroll4helper
12215	strings 11 jb	strings 11 JB
12216	right_stretch	right_stretch
12217	bip_l_foot_middle_02	bip_l_foot_middle_02
12218	eye-closed-left	eye-closed-left
12219	h9	H9+h9
12220	bip01_head012	Bip01_Head012
12221	fa_up_lid_right_mid	fa_up_lid_right_mid
12222	topthoathbulge	Topthoathbulge
12223	shaft-tall	shaft-tall
12224	bolthandle	BoltHandle+boltHandle
12225	strapnarrower	StrapNarrower
12226	turret	turret
12227	bone132	Bone132
12228	jacket_border_1_l	jacket_border_1_L
12229	bip_l_lipmid0	bip_l_lipmid0
12230	bulgexl2	BulgeXL2
12231	bone 1035	bone 1035
12232	arm right shoulder 1 ctr	arm right shoulder 1 ctr
12233	r dlid c	R Dlid C
12234	cockbighead	CockBigHead
12235	left thumb 2 grip 2	Left thumb 2 grip 2
12236	door_l_poor	Door_L_Poor
12237	polysurface92	polySurface92
12238	shell.wall_55	Shell.Wall_55
12239	pcube9	pCube9
12240	lipsmall	lipsmall
12241	wakazashi.sheath	Wakazashi.Sheath
12242	tears 2 lower	Tears 2 Lower
12243	drawer_up_l	Drawer_Up_L
12244	butt_tip1_l__janggle	Butt_Tip1_L__Janggle
12245	broke_grip	Broke_grip
12246	bone135	Bone135
12247	glasses 1	Glasses 1
12248	headhelmet	headHElmet
12249	valvebiped.switch	ValveBiped.switch
12250	charmroot.r	CharmRoot.R
12251	au16	AU16
12252	mch-eye.r	MCH-eye.R
12253	left_11	left_11
12254	v_weapon.mp5_parent	v_weapon.MP5_Parent
12255	l_front_holster_0u_9v	l_front_holster_0u_9v
12256	egg.wall_7	Egg.Wall_7
12257	helper bone 2	helper bone 2
12258	leftfinger	LeftFinger
12259	flm-arma-swordb-m	Flm-ArmA-SwordB-M
12260	plant pot 2	Plant pot 2
12261	foxearboneright_1	FoxEarBoneRight_1
12262	raiseoutright	RaiseOutRight
12263	boobrsqueeze	BoobRSqueeze
12264	muscular glutes	Muscular Glutes
12265	hose_02	Hose_02
12266	c beard a phy	C Beard a Phy
12267	face-uu	Face-Uu
12268	wep_sight_carry	WEP_Sight_Carry
12269	bip_tentacle.012	Bip_Tentacle.012
12270	hose_01	Hose_01
12271	adrenaline_wing2	adrenaline_wing2
12272	titsbigger	TitsBigger
12273	c_lll_a00	C_LLL_A00
12274	tailright1_2	TailRight1_2
12275	robin_head teeth lower	Robin_Head Teeth Lower
12276	r string4 sec root	r string4 sec root
12277	fingerbase2_l	fingerbase2_L
12278	bone thumb 05	bone thumb 05
12279	ropebelt_tassel_front_1	RopeBelt_Tassel_Front_1
12280	r_butt_right	R_Butt_right
12281	left foot	Left Foot
12282	cloth_bone_up_r_01	cloth_bone_up_r_01
12283	bow right d 3	bow right d 3
12284	bandana_front.r	Bandana_Front.R
12285	bipflm l finger2	BipFlm L Finger2
12286	biped_foot_r	Biped_Foot_R
12287	jav massager	JAV Massager
12288	bip_bobby_r_finger_globe_2_01	Bip_BOBBY_R_Finger_Globe_2_01
12289	l2ndnc	L2ndNc
12290	r_front_holster_0u_2v	r_front_holster_0u_2v
12291	puckerclosed	puckerclosed
12292	bip_fmiddle02_r	Bip_FMiddle02_R
12293	body-ass-grip	Body-Ass-Grip
12294	eyes_upper_annoyed	eyes_upper_annoyed
12295	body size 	Body Size 
12296	leg left boot tassle 6b	leg left boot tassle 6b
12297	right foot	Right Foot
12298	arm left arm twist a	arm left arm twist a
12299	valvebiped.bip01_pelvis.035	ValveBiped.Bip01_Pelvis.035
12300	bip_l_cloth_d_02	bip_l_cloth_d_02
12301	unused spine top.001	unused spine top.001
12302	b15	B15
12303	tail 3 jb	tail 3 JB
12304	kublaribiped_penis_r4	KubLariBiped_Penis_R4
12305	calmr	calmr
12306	middlewedge	MiddleWedge
12307	backneedle.l	backneedle.L
12308	blank2	blank2
12309	belt_rearpouch	Belt_RearPouch
12310	labiamajoraupperpull	LabiaMajoraUpperPull
12311	flm-visor-r1	Flm-Visor-R1
12312	m_neck_6	m_neck_6
12313	r top lid	R top lid
12314	bip_jacket_leftup	bip_jacket_leftup
12315	arm right wrist twist 1	arm right wrist twist 1
12316	key.space	Key.Space
12317	cloth right 2	cloth right 2
12318	r string3 sec root	r string3 sec root
12319	wep_rearsight	WEP_RearSight
12320	bone hand01	bone hand01
12321	plane10	Plane10
12322	upperarmtwist1right	UpperArmTwist1Right
12323	thumb_left_1	thumb_left_1
12324	bone index 3	bone index 3
12325	rmiddle	RMiddle
12326	shock.l	Shock.L
12327	pbg-rig-hole-v1	PBG-Rig-Hole-V1
12328	pb_r_cmy01_bhair_7	pb_R_CMY01_BHair_7
12329	tie_6	Tie_6
12330	lowerarm_twist_r_01	lowerarm_twist_r_01
12331	bip ankle r	bip ankle r
12332	bip_ear5_l	bip_Ear5_L
12333	j	j
12334	jacket left back c	jacket left back c
12335	backbreath	BackBreath
12336	ring1_base.l	ring1_base.l
12337	jiggle leg left thigh 2	jiggle leg left thigh 2
12338	taurenmale_hd_bone_55	taurenmale_hd_bone_55
12339	collectible reading	collectible reading
12340	pbg-rig-eye-r	PBG-Rig-Eye-R
12341	chin3.r	chin3.R
12342	r bearda a phy	r bearda a phy
12343	bip01_neck018	Bip01_Neck018
12344	bipfin l foretwist	BipFin L ForeTwist
12345	lwing07	LWing07
12346	taurenmale_hd_bone_58	taurenmale_hd_bone_58
12347	rightbrowangry	RightbrowAngry
12348	leftfinger03	LeftFinger03
12349	vag inner open wide2	vag inner open wide2
12350	widerwaisthip	WiderWaistHip
12351	eye_2	eye_2
12352	rlid_upper_drop	Rlid_upper_drop
12353	bhl43	BhL43
12354	valvebiped.bip01_r_pinkie01	ValveBiped.Bip01_R_Pinkie01
12355	pcylinder14	pCylinder14
12356	gan	Gan
12357	eye ehh l	Eye Ehh L
12358	opt_as_r_wrist_a	OPT_AS_R_Wrist_A
12359	cons_potion_healing_a_greater_contents	CONS_Potion_Healing_A_Greater_Contents
12360	hood lower	hood lower
12361	24	24
12362	belly 1	belly 1
12363	l calff spo	L CalfF Spo
12364	d6	D6
12365	lipspuckerl+lipspuckerr	LipsPuckerL+LipsPuckerR
12366	squintdownleft	SquintDownLeft
12367	shorts futa shadow	Shorts Futa Shadow
12368	wep_sight_flipup_kac	WEP_Sight_FlipUp_KAC
12369	au2	AU2
12370	bip_r_ring_01	bip_r_ring_01
12371	valvebiped.bip01_headtop	ValveBiped.Bip01_HeadTop
12372	leg right back knee adj 1	leg right back knee adj 1
12373	f10	F10
12374	depth_3	depth_3
12375	strings 8	strings 8
12376	object033_004	Object033_004
12377	key.question	Key.Question
12378	wep_m203_railsight1	WEP_M203_RailSight1
12379	analgrip	AnalGrip
12380	leg right boot tassle 4b	leg right boot tassle 4b
12381	flipoutrightright	FlipoutRightRight
12382	eyeblink_right_rotin	eyeBlink_Right_RotIN
12383	f8	F8
12384	c_dred_l2_01	C_Dred_L2_01
12385	def-head.002	DEF-head.002
12386	fa_under_chin_left_in	fa_under_chin_left_in
12387	cock_08	Cock_08
12388	r_elbow_inner_helper	r_elbow_inner_helper
12389	ascot.top_8	Ascot.Top_8
12390	foreskin_top	foreskin_top
12391	unusedtransform4 cmn sl alison	unusedtransform4 cmn sl alison
12392	bikini_c_jiggle	Bikini_c_jiggle
12393	topcollarup	TopCollarUp
12394	bone01	Bone01+bone01
12395	x left	X left
12396	top_2	Top_2
12397	head earring right a 2	head earring right a 2
12398	bone 68	bone 68
12399	dude_just_relax	dude_just_relax
12400	lowerarm_twist_r_02	lowerarm_twist_r_02
12401	h6	H6+h6
12402	uppertentacle0	UpperTentacle0
12403	creasebr	CreaseBR
12404	flm-armb-belt-ra	Flm-ArmB-Belt-RA
12405	hat_right_tassel_2	Hat_Right_Tassel_2
12406	dec_dungeon_shartemple_carpet_rich_a_mesh	DEC_Dungeon_SharTemple_Carpet_Rich_A_Mesh
12407	thigh_twist.l	thigh_twist.l
12408	middledrawer	MiddleDrawer
12409	plumpvulva	PlumpVulva
12410	unused.002	unused.002
12411	trccurve	TRCCurve
12412	gatling3	gatling3
12413	opt_hand_right_thumb3	OPT_Hand_Right_Thumb3
12414	key.black_9	Key.Black_9
12415	pb_l_cmy01_fhair_01	pb_L_CMY01_FHair_01
12416	larmtwist1	lArmTwist1
12417	opt_hand_right_thumb2	OPT_Hand_Right_Thumb2
12418	fh11.l	Fh11.L
12419	bip_pussytop	bip_PussyTop
12420	key.5	Key.5
12421	finger_ring_right_1	finger_ring_right_1
12422	eyelashes-wide	Eyelashes-Wide
12423	chain_5	Chain_5+chain_5
12424	leg left knee adj. 1	leg left knee adj. 1
12425	toy_bone_21	toy_bone_21
12426	sideways collapse	Sideways collapse
12427	bip001-l-toe0	Bip001-L-Toe0
12428	flm-armb-belt-b2	Flm-ArmB-Belt-B2
12429	bip_r_foot_ring_01	bip_r_foot_ring_01
12430	page3_d	Page3_D
12431	g15	G15
12432	stock_button	stock_button
12433	lbeard1	lbeard1
12434	bip_stoolclothfront_0_l	bip_StoolClothFront_0_L
12435	jnt_front	jnt_front
12436	bip_hs2_r	bip_hs2_R
12437	nipepoke02	NipePoke02
12438	rightbrowsad	Rightbrowsad
12439	bipfin l finger1	BipFin L Finger1
12440	unused duplicate duplicate unused	unused duplicate duplicate unused
12441	pjcmpelvisfwd25	pJCMPelvisFwd25
12442	bas.rear_left_4_jiggle	BAS.Rear_Left_4_jiggle
12443	lowerlid	LowerLid+Lowerlid
12444	charmchain_adjust.l	CharmChain_Adjust.L
12445	cape 2c	Cape 2c
12446	opt_hand_left_index1	OPT_Hand_Left_Index1
12447	areolasmaller	AreolaSmaller
12448	face_small	face_small
12449	toasty_flower	Toasty_Flower
12450	cnipple.l	CNipple.L
12451	musclewing	MuscleWing
12452	bip_spikes_r	bip_spikes_r
12453	l_rear_holster_0u_9v	l_rear_holster_0u_9v
12454	legmiddlefinger3_l	LegMiddleFinger3_L
12455	cangry1	CAngry1
12456	dlip_2	DLip_2
12457	bip_anusside_0_l	bip_AnusSide_0_L
12458	bip_tail_a_04	bip_tail_a_04
12459	bone200	Bone200
12460	band.bend_right_2	Band.Bend_Right_2
12461	sash a 3	Sash A 3
12462	tears 1 lower	Tears 1 Lower
12463	canine_neck1	Canine_Neck1
12464	valvebiped.bip01_l_fingerbase2	ValveBiped.Bip01_L_FingerBase2
12465	bipmar	BipMar
12466	laughter	Laughter
12467	bip_front_neck	bip_front_neck
12468	sad_brows_right	sad_brows_right
12469	palmrmizin1	PalmRMizin1
12470	flm-rig-eye-lu	Flm-Rig-Eye-LU
12471	jiggle.tassle_front_01	Jiggle.Tassle_Front_01
12472	widen	Widen+widen
12473	bobcut.rear_right_1_jiggle	Bobcut.Rear_Right_1_jiggle
12474	leg right thigh adj. 3	leg right thigh adj. 3
12475	unusedbone227	unusedbone227
12476	eyes full open	Eyes full Open
12477	ballsdetail2	BallsDetail2
12478	hand_left	hand_left
12479	unusedbone047	unusedbone047
12480	head laughline upper left	head laughline upper left
12481	hat_right_4	Hat_Right_4
12482	bip_suitear1_r	bip_suitear1_R
12483	leg left knee ctr 1	leg left knee ctr 1
12484	hinge bag 02	hinge bag 02
12485	helena unusedmot01-head001	Helena unusedmot01-head001
12486	back neck 1	back neck 1
12487	crush-31	crush-31
12488	lpectoral root	lpectoral root
12489	pelerine_l	Pelerine_L
12490	arm right shoulder ctr2	arm right shoulder ctr2
12491	bone thumb 3	bone thumb 3
12492	flm-arma-swordb-d	Flm-ArmA-SwordB-D
12493	bone.014.l	Bone.014.l
12494	fbx_rinko_face	fbx_rinko_face
12495	wakazashi.tassel_rear_1	Wakazashi.Tassel_Rear_1
12496	arm left shoulder 2 ctr1	arm left shoulder 2 ctr1
12497	eye-r-half-closed	Eye-R-Half-Closed
12498	pad2_4	pad2_4
12499	m04	M04
12500	key.plus	Key.PLUS
12501	shoulder_bone_correct_r_01	shoulder_bone_correct_r_01
12502	c dlipin	C Dlipin
12503	unused b_l_armroll2helper	unused b_l_armroll2helper
12504	valvebiped.bip02_r_butt	ValveBiped.Bip02_R_Butt
12505	terrarium room	Terrarium room
12506	throatbulge01	Throatbulge01
12507	valvebiped.bip01_l_pauldron	ValveBiped.Bip01_L_Pauldron
12508	wide 2 right	Wide 2 Right
12509	beltcontrol.002	BeltControl.002
12510	paint	Paint
12511	arm left finger knuckle thumb	arm left finger knuckle thumb
12512	arm right cloth 1b	arm right cloth 1b
12513	pantsanusopenwide	PantsAnusOpenWide
12514	bip collarhelper l	bip collarhelper l
12515	leg right_butt_ctr	leg right_butt_ctr
12516	head neck fix	head neck fix
12517	eyeblink_left_out	eyeBlink_Left_OUT
12518	tailright1_4	TailRight1_4
12519	dickdetail2	DickDetail2
12520	bone102	Bone102
12521	cape 1c	Cape 1c
12522	sk_r_f_leg_2	SK_R_F_leg_2
12523	62	62
12524	bone_la2	bone_LA2
12525	bip01_head013	Bip01_Head013
12526	belt b	belt b
12527	browsapart	BrowsApart
12528	bh42	Bh42
12529	pelvis-clothes-fit	Pelvis-Clothes-Fit
12530	head eyesack lower right	Head EyeSack Lower Right
12531	switch_linear	Switch_Linear
12532	bip001-r-foot	Bip001-R-Foot
12533	cocklittlehead	CockLittleHead
12534	second_arms_r_middle3	Second_Arms_R_Middle3
12535	rassimpactmoveup2	RAssImpactMoveUp2
12536	bone019	Bone019
12537	anus-extreme-forward-down	anus-extreme-forward-down
12538	key.white_29	Key.White_29
12539	egg.wall_1	Egg.Wall_1
12540	au25	AU25
12541	backhair l00 joint	backhair l00 joint
12542	hip_bone_correct_l_01	hip_bone_correct_l_01
12543	fitness lower details	Fitness Lower Details
12544	flm-arma-foot-l4	Flm-ArmA-Foot-L4
12545	clavicleroll r	CLAVICLEROLL R
12546	bone030	Bone030
12547	star eyes 2	Star eyes 2
12548	crow_2.ulna_l	Crow_2.Ulna_L
12549	lassimpactmoveup1	LAssImpactMoveUp1
12550	bip_lowerarm_r_1	bip_lowerarm_r_1
12551	helper_lb	Helper_LB
12552	whr_4	whR_4
12553	bow right 3d	bow right 3d
12554	bone199	Bone199
12555	botshirtup	BotShirtUp
12556	adjust_wrist_r	adjust_wrist_R
12557	grid	grid
12558	innerlippressor	innerLipPressor
12559	leg left thigh twist b	leg left thigh twist b
12560	earright3	EarRight3
12561	bhl48	BhL48
12562	bone.004	Bone.004
12563	l_spread	L_spread
12564	armsraisesuitleftalt	ArmsRaiseSuitLeftAlt
12565	flex_curve2	Flex_Curve2
12566	bone_righthip	bone_RightHip
12567	bone_spine01	bone_Spine01
12568	cockring.tip	CockRing.Tip
12569	unusedbone161	unusedbone161
12570	crow_3.phalanges1_l	Crow_3.Phalanges1_L
12571	35	35
12572	carpal_0_l	carpal_0_L
12573	ad screen	Ad screen
12574	rbrow outer	rbrow outer
12575	higher	Higher
12576	bip_tentacle	Bip_Tentacle
12577	bip_r_wing_03	bip_r_wing_03
12578	bow left d 3	bow left d 3
12579	arm right wrist adjust	arm right wrist adjust
12580	def-spine.006_r.015	DEF-spine.006_R.015
12581	vulvaclosed	vulvaclosed
12582	wep_paddle2_button	WEP_Paddle2_Button
12583	togue3	Togue3
12584	arm right finger pinky	arm right finger pinky
12585	bip01_r_thigh018	Bip01_R_Thigh018
12586	v_weapon.mp5_cliprelease	v_weapon.MP5_ClipRelease
12587	bobcut.side_left_2_2	Bobcut.Side_Left_2_2
12588	unused1	unused1
12589	eye angry l	Eye Angry L
12590	flag8	flag8
12591	c_tiel_c00	C_TieL_C00
12592	throat-fill	Throat-Fill
12593	masktop2.l	MaskTop2.L
12594	rhurt	RHurt
12595	bip01_r_forearm012	Bip01_R_Forearm012
12596	ballsswell	BallsSwell
12597	flm-arma-foot-r2	Flm-ArmA-Foot-R2
12598	vaginagrip	VaginaGrip
12599	left ring finger 1 expansion 1	Left ring finger 1 expansion 1
12600	nippoke03	NipPoke03
12601	key 1	Key 1
12602	head eyelash left 02	head eyelash left 02
12603	kublaribiped_penis_r6	KubLariBiped_Penis_R6
12604	r_fin_mid_b	r_fin_mid_b
12605	sweat drop bl	Sweat drop bL
12606	unusedoption 04	unusedoption 04
12607	bip_r_lipbottom0	bip_r_lipbottom0
12608	bippbg r foretwist	BipPBG R ForeTwist
12609	chain_10	chain_10
12610	flm-armb-belt-rb	Flm-ArmB-Belt-RB
12611	def-brows_r	DEF-brows_R
12612	arm right elbow adj. 4	arm right elbow adj. 4
12613	student.right_1_jiggle	Student.Right_1_jiggle
12614	wep_dustcover	WEP_DustCover
12615	mortar	mortar
12616	nippleup	NippleUp
12617	front bullet 6_1	Front bullet 6_1
12618	cleavagenipslip	CleavageNipSlip
12619	bip01_l_forearm003	Bip01_L_Forearm003
12620	gen_5	Gen_5
12621	bone_bed_07	bone_bed_07
12622	bip01_r_clavicle013	Bip01_R_Clavicle013
12623	cum-flat-front	cum-flat-front
12624	unusedbone071	unusedbone071
12625	rhoodear	RHoodear
12626	wep_belt_bullet15	WEP_Belt_Bullet15
12627	speakerssmall	SpeakersSMALL
12628	droppants	DropPants
12629	tenta_b_7_r	tenta_b_7_R
12630	bip01 forearmtwist.r	Bip01 ForearmTwist.R
12631	opt_hand_left_index3	OPT_Hand_Left_Index3
12632	ringtoe2_l	ringToe2_l
12633	openeye	OpenEye
12634	l_fin_front_b	l_fin_front_b
12635	genitals_inner_back_left	Genitals_Inner_Back_Left
12636	jiggle01b	Jiggle01b
12637	key.u	Key.U
12638	launcher_left	launcher_left
12639	toy_bone_15	toy_bone_15
12640	cum.root	cum.root
12641	bip_l_lipupper2	bip_l_lipupper2
12642	upperlips_pushout	upperlips_pushout
12643	rough_small_5	rough_small_5
12644	steering_joint	steering_joint
12645	glovemuscles	GloveMuscles
12646	bone068	Bone068
12647	lipupperouter_l	LipUpperOuter_L
12648	tail_up_c	tail_up_c
12649	object46	Object46
12650	body-l-pussy-rub	Body-L-Pussy-Rub
12651	polysurface22	polySurface22
12652	crush-22	crush-22
12653	penis_06.004	Penis_06.004
12654	frown-left	Frown-Left
12655	bh12.l	Bh12.L
12656	bone_rfl2	bone_RFL2
12657	cloth left c	cloth left c
12658	def-ribcage.t.r.001	DEF-ribcage.T.R.001
12659	leyegroup	lEyeGroup
12660	bone ring 1	bone ring 1
12661	car05	car05
12662	wep_topcover	WEP_TopCover
12663	bip_l_cloth_a_01	bip_l_cloth_a_01
12664	whl_1	whL_1
12665	strings 6	strings 6
12666	llid_upper_raise	Llid_upper_raise
12667	third_arms_l_middle4	Third_Arms_L_Middle4
12668	bip_l_eyelash_02	bip_l_eyelash_02
12669	minitorch1	MiniTorch1
12670	unused l jacketa spo	unused l jacketa spo
12671	vent_cover_damage01	vent_cover_damage01
12672	wep_shell10	WEP_Shell10
12673	key.white_22	Key.White_22
12674	v_weapon.lighter_cam	v_weapon.lighter_cam
12675	eyes_open_wide	eyes_open_wide
12676	bip_tail_c_02	bip_tail_c_02
12677	leftnasolabialbulge	LeftNasolabialBulge
12678	table light 2	Table light 2
12679	fringe 10	fringe 10
12680	bottomlip2.r	BottomLip2.R
12681	palmrsred	PalmRSred
12682	leg left knee adj.	leg left knee adj.
12683	bip_r_foot_index_01	bip_r_foot_index_01
12684	fingerbase2_r	fingerbase2_R
12685	arm left cloth 3b	arm left cloth 3b
12686	suck tug	suck tug
12687	lower lid lowerer	Lower lid lowerer
12688	pussy_right	Pussy_right
12689	car05_controller	Car05_controller
12690	legtoetip1_l	LegToeTip1_L
12691	cape right 1	cape right 1
12692	unusedhairroot10	unusedhairroot10
12693	r ujacketc c phy	R uJacketC c Phy
12694	eye-iris-big	Eye-Iris-Big
12695	cloth back left 2	cloth back left 2
12696	arm right finger 3 d	arm right finger 3 d
12697	drip_top_0	Drip_Top_0
12698	bip01_spine1_007	Bip01_Spine1_007
12699	rightleggib	RightLegGib+rightLegGib
12700	suit-cover-vagina	Suit-Cover-Vagina
12701	flex_splat_03	Flex_SPLAT_03
12702	bip01_spine1_003	Bip01_Spine1_003
12703	backthigh.r	BackThigh.R
12704	eye-l-nuetral	Eye-L-Nuetral
12705	d9	D9
12706	top lift l	Top Lift L
12707	rring	RRing
12708	bip_stripes2_r	bip_stripes2_R
12709	ring finger	ring finger
12710	r eyebag b	R Eyebag B
12711	wep_gl_trigger	WEP_GL_Trigger
12712	bullet earring 2	bullet earring 2
12713	r_front_holster_0u_12v	r_front_holster_0u_12v
12714	oya3_r__prot_x50	oya3_r__prot_x50
12715	unused duplicate duplicate unused.003	unused duplicate duplicate unused.003
12716	genital right 2	genital right 2
12717	bip01_l_clavicle009	Bip01_L_Clavicle009
12718	key.white_48	Key.White_48
12719	_right_x_down	_right_x_down
12720	back arrow 7_1	Back arrow 7_1
12721	owdefaultface	OWDefaultFace
12722	r_ear1_00002	r_ear1_00002
12723	bonehigh03	BoneHigh03
12724	r2	R2+r2
12725	maid.bow_left_upper_1	Maid.Bow_Left_Upper_1
12726	bikini_02	Bikini_02
12727	unused128	unused128
12728	foreskinrimpullforward	ForeskinRimPullForward
12729	object03	Object03
12730	arm right wrist b	arm right wrist b
12731	sizezlong	sizezlong
12732	bip_arm_rotate1_l	bip_Arm_Rotate1_L
12733	bobcut.side_left_2_1	Bobcut.Side_Left_2_1
12734	bip001-l-calf	Bip001-L-Calf
12735	bone 83	bone 83
12736	page2_d	Page2_D
12737	penus 2	penus 2
12738	chain_14	chain_14
12739	shirtback_r	shirtback_R
12740	bip_tail_a_02	bip_tail_a_02
12741	rope_big	rope_big
12742	bip_r_foot_middle_02	bip_r_foot_middle_02
12743	page_curl_4	page_curl_4
12744	thongcentershiftleft2	ThongCenterShiftLeft2
12745	pupil collapse ver	pupil collapse ver
12746	leg left back thigh adj 1	leg left back thigh adj 1
12747	arm left finger 5	arm left finger 5
12748	randomkicks3	RandomKicks3
12749	unusedopt_head_dummy	unusedOPT_head_dummy
12750	eyes-full-anger	Eyes-Full-Anger
12751	browsoutterdown	BrowsOutterDown
12752	bip_l_index_sub	bip_l_index_sub
12753	mot06_leftupleg	MOT06_LeftUpLeg
12754	boobsie22	boobsie22
12755	bigtoe1_l	bigToe1_l
12756	n2	n2
12757	lidlow	lidlow
12758	lowerbrow.r	LowerBrow.R
12759	leg back toes left	leg back toes left
12760	crush-8	crush-8
12761	valvebiped.bip01_l_forearm_helperbone	ValveBiped.Bip01_L_Forearm_Helperbone
12762	bipbrk sunglasses_r	BipBrk Sunglasses_R
12763	unused duplicate duplicate unused.009	unused duplicate duplicate unused.009
12764	wep_slingloop_front	WEP_SlingLoop_Front
12765	thin2	thin2
12766	head pupil right base 1	head pupil right base 1
12767	bip01_l_upperarm012	Bip01_L_UpperArm012
12768	armcloth_right_4	ArmCloth_Right_4
12769	bip_leg.004	Bip_leg.004
12770	rightbrowraise	RightbrowRaise
12771	bip_fmiddle03_r	Bip_FMiddle03_R
12772	rtoe03n	RToe03N
12773	smile2_right	smile2_right
12774	tentaclebottompleft2	TentacleBottompLeft2
12775	ivy.earring_left_jiggle	Ivy.Earring_Left_jiggle
12776	fio-rig-eye-ru	Fio-Rig-Eye-RU
12777	leftchinside	LeftChinSide
12778	quad/shell01	quad/shell01
12779	unusedbone180	unusedbone180
12780	rachel head eyeball right	Rachel head eyeball right
12781	ring1_base.r	ring1_base.r
12782	knotlarge0	KnotLarge0
12783	flm-arma-swordb-ll	Flm-ArmA-SwordB-LL
12784	boobsshapea	boobsshapeA
12785	unusedhairroot8	unusedhairroot8
12786	torsodefinition	TorsoDefinition
12787	bone27	Bone27
12788	pubesthick	PubesThick
12789	head right earring 2_jiggle	head right earring 2_jiggle
12790	stomachbulgesmall	StomachBulgeSmall
12791	bip_stone_l_calftwist1	Bip_STONE_L_CalfTwist1
12792	def-shoulder.l	DEF-shoulder.L
12793	tr	TR
12794	lipupper_l2	lipUpper_L2
12795	c_prop_standb	C_Prop_StandB
12796	r shinroll	r shinRoll
12797	lower lid raiser	Lower lid raiser
12798	exited	Exited
12799	bobcut.side_right_2_2_jiggle	Bobcut.Side_Right_2_2_jiggle
12800	translator	translator
12801	tounge curl down	Tounge curl down
12802	eyes-l-open-eye	Eyes-L-Open-Eye
12803	trident_1	trident_1
12804	first_loose_page3_m	First_Loose_Page3_M
12805	flipoutleftright	FlipOutLeftRight
12806	head nasolabial bulge left	Head Nasolabial Bulge Left
12807	bip_r_horn_01	bip_r_horn_01
12808	backhair l01 joint	backhair l01 joint
12809	null.007	Null.007
12810	bow right 1e	bow right 1e
12811	rteethupup	RTeethUpUp
12812	pcylinder7	pCylinder7
12813	unused f_l_temple	unused f_l_temple
12814	bottomlip2.r.	BottomLip2.R.
12815	chin_left_2	chin_left_2
12816	unused136	unused136
12817	earing_base_r	Earing_Base_R
12818	bip collar r	bip collar r
12819	vein-smooth	vein-smooth
12820	thicc thighs	Thicc thighs
12821	fh17.l	Fh17.L
12822	browmiddle_right_down	browMiddle_Right_Down
12823	unusedhairroot7	unusedhairroot7
12824	second_arms_l_thumb2	Second_Arms_L_Thumb2
12825	lowerarm_roll_right_0	lowerarm_roll_right_0
12826	mlid_l_1	MLid_L_1
12827	unused head neck upper attached_jhead head neck lower	unused head neck upper attached_jhead head neck lower
12828	mag d off	Mag D OFF
12829	mar-rig-face-extra	Mar-Rig-Face-Extra
12830	hat-shorten	hat-shorten
12831	tailright4_2	TailRight4_2
12832	extra thicc	Extra THICC
12833	lowertentacle2	LowerTentacle2
12834	bip chinup00 l	bip chinup00 l
12835	left_pussy_widen	Left_pussy_widen
12836	cons_potion_healing_a_supreme_contents	CONS_Potion_Healing_A_Supreme_Contents
12837	bodyassassin details	BodyAssassin Details
12838	collar left a	collar left a
12839	bikini_c	Bikini_c
12840	bip001 ruparmtwist	Bip001 RUpArmTwist
12841	bow left 3d	bow left 3d
12842	bipfin rthightwist1	BipFin RThighTwist1
12843	arm right shoulder twist1	arm right shoulder twist1
12844	bone 1071	bone 1071
12845	flm-arma-leg-r2	Flm-ArmA-Leg-R2
12846	thegoggles	TheGoggles
12847	c_tier_c07	C_TieR_C07
12848	cloth middle 7 jb	cloth middle 7 JB
12849	shirt_full_tie_left_2	Shirt_Full_Tie_Left_2
12850	wep_shellholder_shell3	WEP_ShellHolder_Shell3
12851	r sideburn a phy	r sideburn a phy
12852	dyng m necklace 01	dyng m necklace 01
12853	bow right 3e	bow right 3e
12854	arm right finger 5 c	arm right finger 5 c
12855	tailright4_7	TailRight4_7
12856	earring.ring_right_2_jiggle	Earring.Ring_Right_2_jiggle
12857	feathers	feathers
12858	tome_thayan_necromancy_gem	Tome_Thayan_Necromancy_Gem
12859	bow_left_aux	bow_left_aux
12860	mirror_m	mirror_m
12861	outbrow_right_out	outBrow_right_OUT
12862	stalk_1	Stalk_1
12863	piercing.pussy_ring	Piercing.Pussy_Ring
12864	stem	Stem
12865	v_ch	v_ch
12866	cloth left 5	cloth left 5
12867	upperlidraiserl+upperlidraiserr	UpperLidRaiserL+UpperLidRaiserR
12868	r5	R5
12869	areola_shrink	areola_shrink
12870	pjcmchestfwd35	pJCMChestFwd35
12871	arm right shoulder adjust b	arm right shoulder adjust b
12872	a12	A12
12873	bip_hb1_r	bip_hb1_R
12874	glansshorter	GlansShorter
12875	genesis3female001	Genesis3Female001
12876	protrusion-nudetop	Protrusion-nudetop
12877	wheel_5.base	Wheel_5.Base
12878	arm right bracelet 02	arm right bracelet 02
12879	lm06	LM06
12880	page_curl_8	page_curl_8
12881	leg front thigh right	leg front thigh right
12882	browouterlowerl+browouterlowerr	BrowOuterLowerL+BrowOuterLowerR
12883	r laughline a	R Laughline A+r laughline a
12884	boots2thicker	Boots2Thicker
12885	legsshorten	LegsShorten
12886	wep_sliderelease	WEP_SlideRelease
12887	head masseter left	Head Masseter Left
12888	less3	less3
12889	27	27
12890	middleleft1	MiddleLeft1
12891	depth_1	depth_1
12892	tailmiddle_4	TailMiddle_4
12893	closed_gem_l	Closed_Gem_L
12894	collar left 4	collar left 4
12895	d5	D5
12896	r wrist spo	R Wrist Spo
12897	44	44
12898	polysurface207	polySurface207
12899	flm-arma-leg-l0	Flm-ArmA-Leg-L0
12900	trans	Trans
12901	eyeslook left	EyesLook Left
12902	back_lengthen	back_lengthen
12903	unusedleft eye fbu	unusedleft eye fbu
12904	squintinner_l	SquintInner_L
12905	bone.root	bone.root
12906	momo_r_d__offset	momo_r_d__offset
12907	bobcut.side_left_2_2_jiggle	Bobcut.Side_Left_2_2_jiggle
12908	lower_01	Lower_01
12909	v_weapon.right_index01	v_weapon.Right_Index01
12910	bip_r_eyelash	bip_r_eyelash
12911	bone141	Bone141
12912	lowerlipdown-left	LowerLipDown-Left
12913	window_urban_sash_48_88_full_gib10	window_urban_sash_48_88_full_gib10
12914	shiftedbodice	ShiftedBodice
12915	student.back_1	Student.Back_1
12916	bip01_spine3_018	Bip01_Spine3_018
12917	bip_zipper_2	bip_zipper_2
12918	right hand screw 1	Right hand screw 1
12919	door1right	Door1Right
12920	wep_carryhandle_2	WEP_CarryHandle_2
12921	bow right b 3	bow right b 3
12922	right_14	right_14
12923	unusedspine	unusedspine
12924	pussparent.002_l.009	PussParent.002_L.009
12925	temporalis02_r	temporalis02_R
12926	29	29
12927	levator05_l	levator05_L
12928	emotionsroot	emotionsroot
12929	upperlid-r	UpperLid-r
12930	generichuman_l_lolidjnt	GenericHuman_l_loLidJnt
12931	donger_end	donger_end
12932	dummy07	Dummy07
12933	br	BR+Br
12934	v_weapon.right_ring03	v_weapon.Right_Ring03
12935	dyng d 02	dyng d 02
12936	l sideburn b phy	l sideburn b phy
12937	l_head_9	l_head_9
12938	bone 1091	bone 1091
12939	t6	T6
12940	chain_0	chain_0
12941	strecherl+strecherr	StrecherL+StrecherR
12942	narrowbuttclevarenge	NarrowButtclevarenge
12943	leftclothlift	LeftClothLift
12944	right_outer_raiser	Right_outer_raiser
12945	r_wrist_upper_a_helper	r_wrist_upper_a_helper
12946	unusedhead2	unusedHead2
12947	right_17	right_17
12948	curtain_open	Curtain_Open
12949	tailstopa2	TailsTopA2
12950	backtop	BackTop
12951	special03	special03
12952	bulgewhatwouldyourmotherthink	BulgeWhatWouldYourMotherThink
12953	l leg string sec root	l leg string sec root
12954	frily_50.r	Frily_50.R
12955	bone173	Bone173
12956	bellyin-nudetop	BellyIn-nudetop
12957	top_6	Top_6
12958	arm left adjuster	Arm Left Adjuster
12959	risorius03_l	risorius03_L
12960	wep_magazine_bullet2	WEP_Magazine_Bullet2
12961	head_a_l	Head_A_L
12962	head_a	head_a
12963	strapon_1	strapon_1
12964	ripple02	Ripple02
12965	head eyelash left lower	head eyelash left lower
12966	maid.bow_right_upper_1	Maid.Bow_Right_Upper_1
12967	bip_fmiddle00_r	Bip_FMiddle00_R
12968	saberon_bone35_lfingerindex	saberon_Bone35_LFingerIndex
12969	unused.011	unused.011
12970	fit legs	Fit Legs
12971	valvebiped_bullet1	ValveBiped_Bullet1
12972	right_browraise	Right_browraise
12973	pcylinder5	pCylinder5
12974	key.white_18	Key.White_18
12975	lbrow1	lBrow1
12976	midtoe1_r	midToe1_r
12977	bip_pigtail_l_2	bip_pigtail_L_2
12978	key.black_6	Key.Black_6
12979	bip_l_teeth	bip_l_teeth
12980	polysurface117	polySurface117
12981	r deltoida spo	R DeltoidA Spo
12982	bip01_spine2_003	Bip01_Spine2_003
12983	object16	Object16
12984	bone137	Bone137
12985	muscleshoulders	MuscleShoulders
12986	ouy	OUY
12987	ballsforward	BallsForward
12988	balls detail 3	Balls Detail 3
12989	pb_r_cmy01_bhair_8	pb_R_CMY01_BHair_8
12990	keychain.key_1_jiggle	Keychain.Key_1_jiggle
12991	e10	E10
12992	cloth back right 2	cloth back right 2
12993	eyesemicircle	EyeSemiCircle
12994	long_bulge_upper	long_bulge_upper
12995	b5	B5
12996	ph01	PH01
12997	z_shift_3	z_shift_3
12998	leg left knee ctr1	leg left knee ctr1
12999	r dlipout b	R Dlipout B
13000	cape 4b	Cape 4b
13001	eye-angry-right	eye-angry-right
13002	pussy clitoris 3	pussy clitoris 3
13003	fbx_asagi_face_none	fbx_asagi_face_none
13004	bone110	Bone110
13005	leg_1.root	leg_1.root
13006	b11	B11
13007	uppertentacle3	UpperTentacle3
13008	polysurface41	polySurface41
13009	valvebiped.bip01_r_thumb03	ValveBiped.Bip01_R_Thumb03
13010	blink-left	Blink-Left
13011	left_shoulder_c	left_shoulder_C
13012	r2ndna	R2ndNa
13013	leg right thigh ctr 2	leg right thigh ctr 2
13014	shirt nipple movement r	Shirt Nipple Movement R
13015	f11	F11
13016	fringe 11	fringe 11
13017	au10	AU10
13018	cornerlowerr	CornerLowerR
13019	bip01_spine2_017	Bip01_Spine2_017
13020	gag_r_02	Gag_R_02
13021	sonicboom	SonicBoom
13022	bipmar l finger1	BipMar L Finger1
13023	x_shift_5	x_shift_5
13024	bone063	Bone063
13025	bas.rear_left_2_jiggle	BAS.Rear_Left_2_jiggle
13026	l_rear_holster_0u_3v	l_rear_holster_0u_3v
13027	phantomruby	PhantomRuby
13028	brows-l-surprise	Brows-L-Surprise
13029	under	under
13030	crush-14	crush-14
13031	key.black_34	Key.Black_34
13032	r ujacketc b phy	R uJacketC b Phy
13033	valvebiped.bip01_pelvis.022	ValveBiped.Bip01_Pelvis.022
13034	bodyshape-body-tone	bodyshape-body-tone
13035	lmiddle	LMiddle
13036	crush-10	crush-10
13037	tooth_gone	TOOTH_GONE
13038	bottomlipopen	BottomLipOpen
13039	object34	Object34
13040	torso pipe b r 1c	torso pipe B R 1c
13041	valvebiped.bip01_r_ear02	ValveBiped.Bip01_R_Ear02
13042	valvebiped.bip01_r_butt01	ValveBiped.Bip01_R_Butt01
13043	z_shift_2	z_shift_2
13044	wep_fx_laser_barrel2	WEP_FX_Laser_Barrel2
13045	object52	Object52
13046	flm-armb-arm-la	Flm-ArmB-Arm-LA
13047	penis shaft 2	penis shaft 2
13048	shirt_full_tie_right_1	Shirt_Full_Tie_Right_1
13049	sad eyes left	Sad Eyes Left
13050	c ujacketa a phy	C uJacketA a Phy
13051	bone index 07	bone index 07
13052	groundroot	groundRoot
13053	bobcut.rear_right_1	Bobcut.Rear_Right_1
13054	stock01	Stock01
13055	pussy-extreme-forward-down	pussy-extreme-forward-down
13056	torso3.001	torso3.001
13057	wrinkle-4	wrinkle-4
13058	lthighex	LThighEX
13059	l_elbow_outer_upper_helper	l_elbow_outer_upper_helper
13060	bip_r_index_03	bip_r_index_03
13061	pussyspread1	PussySpread1
13062	blowin	BlowIn
13063	third_arms_l_thumb4	Third_Arms_L_Thumb4
13064	foot_index_1_l	foot_index_1_L
13065	bone 72	bone 72
13066	cj_fridge_3	cj_fridge_3
13067	shell.wall_32	Shell.Wall_32
13068	bobcut.rear_right_3	Bobcut.Rear_Right_3
13069	mouth open tongue out ahegaostyle	Mouth open Tongue Out AhegaoStyle
13070	shorten	Shorten+shorten
13071	shell.wall_3	Shell.Wall_3
13072	head nostril middle	head nostril middle
13073	38	38
13074	l footroll	l footRoll
13075	ltoe04n	LToe04N
13076	footleft	FootLeft
13077	cape_14_r	cape_14_R
13078	c_dred_l2_06	C_Dred_L2_06
13079	bip_l_eyelash_03	bip_l_eyelash_03
13080	small eyes	Small Eyes+Small eyes
13081	legpeopledifferencefinger2_l	LegPeopleDifferenceFinger2_L
13082	bip_pigtail_r_2	bip_pigtail_R_2
13083	throb-mid	throb-mid
13084	r hip spo	R Hip Spo
13085	shaft_3	shaft_3
13086	shorthair_bone_06	shortHair_bone_06
13087	arm left finger 2 b	arm left finger 2 b
13088	bottle3	bottle3
13089	eyes close left	eyes close left
13090	unused bip01_lcalftwist1_jiggle	unused Bip01_LCalfTwist1_Jiggle
13091	jiggle.tassle_front_07	Jiggle.Tassle_Front_07
13092	cape1_left4	CAPE1_LEFT4
13093	bone 700	bone 700
13094	brk-rig-eye-ru	Brk-Rig-Eye-RU
13095	musclesthigh	MusclesThigh
13096	b16	B16
13097	c_dred_c2_05	C_Dred_C2_05
13098	bootsbuttsize	BootsButtsize
13099	thigh_twist_l_02	thigh_twist_l_02
13100	tailright3_3	TailRight3_3
13101	flm-armb-neckl	Flm-ArmB-NeckL
13102	cube3	cube3
13103	ass bone_l	ass bone_L
13104	flex_sh3_short	Flex_SH3_SHORT
13105	wep_gl_swich2	WEP_GL_Swich2
13106	32	32
13107	wep_stock	WEP_Stock
13108	level1_north	Level1_North
13109	titan	titan
13110	generichuman_r_eyejnt	GenericHuman_r_EyeJnt
13111	front 6_2	Front 6_2
13112	belt_23	belt_23
13113	bhl45	BhL45
13114	flm-armb-arm-ra	Flm-ArmB-Arm-RA
13115	key 4 - poneyhair	Key 4 - PoneyHair
13116	vaginagapewidth	VaginaGapeWidth
13117	r forearmrolla spo	R ForearmrollA Spo
13118	grr	Grr
13119	upperjawpull	UpperjawPull
13120	bone021	Bone021
13121	backrightstrapin	BackRightStrapIn
13122	root_pinky_0_r	root_pinky_0_R
13123	jaaw	Jaaw
13124	bunnytailbone	BunnyTailBone
13125	eye sad r	Eye Sad R
13126	r beltb spo	R BeltB Spo
13127	balls spread	Balls Spread
13128	kicklowoutter	KickLowOutter
13129	c_dred_c2_08	C_Dred_C2_08
13130	bone.018	Bone.018
13131	flareoutbotleft	FlareOutBotLeft
13132	ball r	Ball R
13133	cruiser	cruiser
13134	wing_right_spine_1	Wing_Right_Spine_1
13135	adrenaline_injectbutton	adrenaline_injectbutton
13136	object57	Object57
13137	bip_tentacle.002	Bip_Tentacle.002
13138	bench	Bench
13139	r ulid b	R Ulid B
13140	tears 1 front	Tears 1 Front
13141	flm-arma-sworda-e	Flm-ArmA-SwordA-E
13142	tenta_10_r	tenta_10_R
13143	liplowerouter_l	LipLowerOuter_L
13144	lbrow0	lBrow0
13145	middle1_base.r	middle1_base.r
13146	valvebiped.bip03_l_middle	ValveBiped.Bip03_L_Middle
13147	leg right knee ctr2	leg right knee ctr2
13148	bip01_r_forearm008	Bip01_R_Forearm008
13149	kicklowout	KickLowOut
13150	areolalarger	AreolaLarger
13151	femmode	FemMode
13152	shades_r	shades_R
13153	bone 1082	bone 1082
13154	ringtoe1_l	ringToe1_l
13155	edgefallall	EdgeFallAll
13156	head4	Head4
13157	arm left shoulder twist1	arm left shoulder twist1
13158	h16	H16
13159	second_arms_l_2	Second_Arms_L_2
13160	bodybig	BodyBig
13161	bip legtwisttop r	bip legtwisttop r
13162	l dlip a	L Dlip A
13163	36	36
13164	earring.pendant_left_2_jiggle	Earring.Pendant_Left_2_jiggle
13165	valvebiped.bip01_r_finger3_twist_1	ValveBiped.Bip01_R_Finger3_Twist_1
13166	uppertentacle1	UpperTentacle1
13167	ebouterupperr	EBOuterUpperR
13168	second_arms_l_thumb4	Second_Arms_L_Thumb4
13169	frily_11.r	Frily_11.R
13170	r_inner_lower	r_inner_lower
13171	c16	C16
13172	exp_frown	Exp_Frown
13173	shorten_2	shorten_2
13174	plane03	Plane03
13175	asshool_2	Asshool_2
13176	cheeckraise	cheeckRaise
13177	r upperlip 01	r upperlip 01
13178	left_14	left_14
13179	unused_nostril	unused_nostril
13180	loincloth root	loincloth root
13181	bip001-r-hand	Bip001-R-Hand
13182	wing_right_spine_3	Wing_Right_Spine_3
13183	h_r_pinky1	h_R_Pinky1
13184	key.y	Key.Y
13185	wep_bullet1	WEP_Bullet1
13186	r deltoidc spo	R DeltoidC Spo
13187	bipflm r foretwist	BipFlm R ForeTwist
13188	belly bulge monster	Belly Bulge Monster
13189	suitopen1	SuitOpen1
13190	bip01_l_thigh004	Bip01_L_Thigh004
13191	browleftup	BrowLeftUp
13192	valvebiped.bip01_l_nipples	ValveBiped.Bip01_L_Nipples
13193	hokage hat right 1c	hokage hat right 1c
13194	polysurface134	polySurface134
13195	nippokethin02	NipPokeThin02
13196	brachioradialis	Brachioradialis
13197	pb_r_cmy01_bhair_5	pb_R_CMY01_BHair_5
13198	valvebiped_bullet5	ValveBiped_Bullet5
13199	light 1	Light 1
13200	body-legs-hide	Body-Legs-Hide
13201	brows-r-upset	Brows-R-Upset
13202	wep_rail_flashlight_fx	WEP_Rail_Flashlight_FX
13203	body-fitleotoard	Body-FitLeotoard
13204	arm left shoulder adjust b	arm left shoulder adjust b
13205	left_stretcher	Left_Stretcher
13206	cop.holster	Cop.Holster
13207	hair right ear 1	hair right ear 1
13208	hokage hat left 3a_jiggle	hokage hat left 3a_jiggle
13209	leg right butt 1	leg right butt 1
13210	little_happy	little_happy
13211	bip001 l foretwist	Bip001 L ForeTwist
13212	x_silenced	x_silenced
13213	rsmug	RSmug
13214	null1	null1
13215	bip faceeyeorbitup04 r	bip faceeyeorbitup04 r
13216	unusedbone214	unusedbone214
13217	unused duplicate duplicate unused.010	unused duplicate duplicate unused.010
13218	nippoke	NipPoke
13219	eye_right_squint	eye_Right_Squint
13220	bone099	Bone099
13221	r sideburn c phy	r sideburn c phy
13222	vagopenlayer1	vagopenlayer1
13223	flash	flash
13224	lwing02	LWing02
13225	key.black_19	Key.Black_19
13226	ph02	PH02
13227	crow_1.tail_r	Crow_1.Tail_R
13228	front base	Front Base
13229	scrotumbiggerl	ScrotumBiggerL
13230	ph10	PH10
13231	leg back knee left	leg back knee left
13232	cockshortcock	CockShortCock
13233	vein-defined	vein-defined
13234	muscleneck	MuscleNeck
13235	hiji_l__rot_ude_l__z50__offset	hiji_l__rot_ude_l__z50__offset
13236	inner expand	Inner Expand
13237	egg.wall_18	Egg.Wall_18
13238	left ankle d	Left ankle D
13239	au20	AU20
13240	right ring finger 2 grip 2	Right ring finger 2 grip 2
13241	wep_slingloop_fixedstock	WEP_SlingLoop_FixedStock
13242	bip_eye.r	bip_Eye.R
13243	chains_front	chains_front
13244	key.black_10	Key.Black_10
13245	cloth middle 6 jb	cloth middle 6 JB
13246	arm right arm twist 1	arm right arm twist 1
13247	bip01-l-foretwist003	Bip01-L-ForeTwist003
13248	shoulderleft	ShoulderLeft
13249	uppertentacle2	UpperTentacle2
13250	helper_rbc	Helper_RBC
13251	belt front left a	belt front left a
13252	valvebiped.bip01_pelvis.030	ValveBiped.Bip01_Pelvis.030
13253	rolling_pin	rolling_pin
13254	bip_leg.003	Bip_leg.003
13255	l string4 sec root	l string4 sec root
13256	head back 3	head back 3
13257	cape_12_l	cape_12_L
13258	busty	Busty+busty
13259	saddle	saddle
13260	cloth_back_a_1	cloth_back_A_1
13261	f_l_ear1	f_L_Ear1
13262	eyes sad left	eyes sad left
13263	bip_bellowteeth	bip_bellowteeth
13264	bip_kneemid_l	bip_kneeMid_L
13265	cup.attach_right	Cup.Attach_Right
13266	foreskin_4	foreskin_4
13267	flowerchoker2.l	FlowerChoker2.L
13268	l_shoulder_front_helper	l_shoulder_front_helper
13269	second_arms_r_middle1	Second_Arms_R_Middle1
13270	moustache_l_23	Moustache_L_23
13271	pjcmthighside85l	pJCMThighSide85L
13272	tubes_l	tubes_L
13273	backhair l02 joint	backhair l02 joint
13274	l thumb 01	l thumb 01
13275	l collara spo	L CollarA Spo
13276	paperbag	PaperBag
13277	foot_fingerbase_l	foot_fingerbase_L
13278	moustache_l_12	Moustache_L_12
13279	head_fat	head_fat
13280	asshool_5	Asshool_5
13281	opt_acs_earringl3	OPT_acs_earringl3
13282	wep_optics	WEP_Optics
13283	bip wristtwisthelper l	bip wristtwisthelper l
13284	arm.right_top	Arm.Right_Top
13285	bhr49	BhR49
13286	c_dred_r2_03	C_Dred_R2_03
13287	top edited shadow	Top Edited Shadow
13288	top-2	top-2
13289	limp_2	limp_2
13290	bobcut.side_right_2_3	Bobcut.Side_Right_2_3
13291	hat_right_2	Hat_Right_2
13292	crush-6	crush-6
13293	def-shin.02.r	DEF-shin.02.R
13294	microphone_4	Microphone_4
13295	bot_mid	BOT_MID
13296	ph11	PH11
13297	rthumb	RThumb
13298	ballsrsqueshback	ballsRsqueshback
13299	kunai_tassel_2	Kunai_Tassel_2
13300	rbrow_outer_raise	rbrow_outer_raise
13301	n right chest	N right chest
13302	maid.necktie_left_inner_4	Maid.Necktie_Left_Inner_4
13303	taurenmale_hd_bone_133	taurenmale_hd_bone_133
13304	stock00	Stock00
13305	valvebiped.bip01_r_vulvaf	ValveBiped.Bip01_R_VulvaF
13306	jacketopen	JacketOpen
13307	bipqwn rcalftwist1	BipQwn RCalfTwist1
13308	bip_eye_ref_track_l	bip_eye_ref_track_l
13309	frontr1	FrontR1
13310	right_pants_string_2	right_pants_string_2
13311	legthumb1_l	LegThumb1_L
13312	futa version 2	Futa Version 2
13313	muzzleattach_pos_00	MuzzleAttach_Pos_00
13314	wakazashi.tassel_rear_3	Wakazashi.Tassel_Rear_3
13315	frily_21.l	Frily_21.L
13316	bip_tailc02	bip_tailC02
13317	bellyinflatefeathers	BellyInflateFeathers
13318	rightchinside	RightChinSide
13319	back left	Back Left
13320	bone 1057	bone 1057
13321	cape 1b	Cape 1b
13322	shrinkfeet	ShrinkFeet
13323	shirt_neck_pull	shirt_neck_pull
13324	ruby_head_c_jnt	Ruby_head_c_jnt
13325	bip01_l_clavicle012	Bip01_L_Clavicle012
13326	left_lipupout	Left_LipUpOut
13327	cloth_back_b_3_l	cloth_back_B_3_L
13328	gibface	GibFace
13329	hat side left	hat side left
13330	sack_top	Sack_Top
13331	arm right finger 3 c	arm right finger 3 c
13332	c_dred_l2_03	C_Dred_L2_03
13333	back.bow_right_1	Back.Bow_Right_1
13334	flm-armb-arm-rh	Flm-ArmB-Arm-RH
13335	music_gen_guitar_lute_b_ref_mesh.001	MUSIC_GEN_Guitar_Lute_B_REF_Mesh.001
13336	saberon_bone36_lfingermiddle	saberon_Bone36_LFingerMiddle
13337	arm left finger 3	arm left finger 3
13338	launcher_right_root	launcher_right_root
13339	bip_belt_l_2	bip_belt_L_2
13340	bip chinup	bip chinup
13341	c_dred_r1_04	C_Dred_R1_04
13342	fronthair normal c joint	fronthair normal c joint
13343	toy_bone_20	toy_bone_20
13344	second_arms_r_middle4	Second_Arms_R_Middle4
13345	crossbar1	Crossbar1
13346	balls_02	Balls_02
13347	length	Length
13348	qwn-rig-eye-ru	Qwn-Rig-Eye-RU
13349	l fold b	L Fold B
13350	ripple03	Ripple03
13351	belt_front	belt_front
13352	bottle5_cap	bottle5_cap
13353	loincloth front 1a	loincloth front 1a
13354	saber_end	Saber_end
13355	right_small_labia4	Right_Small_Labia4
13356	bipfin lcalftwist	BipFin LCalfTwist
13357	bone 1013	bone 1013
13358	opt_hand_left_ring1	OPT_Hand_Left_Ring1
13359	bipqwn r finger1	BipQwn R Finger1
13360	v_aa	v_aa
13361	innerlipsup	InnerLipsUp
13362	key.white_59	Key.White_59
13363	bootsbootsfit	BootsBootsFIt
13364	bipfin r finger4	BipFin R Finger4
13365	belly ctr	belly ctr
13366	r6	R6
13367	wep_fx_top_peq2_light	WEP_FX_Top_PEQ2_Light
13368	hokage hat left 2a_jiggle	hokage hat left 2a_jiggle
13369	il+ir	IL+IR
13370	bip01_r_hand002	Bip01_R_Hand002
13371	mila head nostril right 1	Mila head nostril right 1
13372	org-palm.03.l	ORG-palm.03.L
13373	key.leftfn	Key.LeftFN
13374	valvebiped.w_m60	ValveBiped.W_m60
13375	bone.020	Bone.020
13376	bone038	Bone038
13377	mot09_rightfoot	MOT09_RightFoot
13378	tape_l_01	Tape_L_01
13379	crow_2.phalanges3_r	Crow_2.Phalanges3_R
13380	tacgrip	TacGrip
13381	eye bedroom l	Eye Bedroom L
13382	generichuman_r_browcjnt	GenericHuman_r_browCJnt
13383	window_urban_sash_48_88_full_gib05	window_urban_sash_48_88_full_gib05
13384	hand finger right 2b	hand finger right 2b
13385	mar-rig-hole-v2	Mar-Rig-Hole-V2
13386	bow right 2d	bow right 2d
13387	maid.headband	Maid.Headband
13388	crow_3.phalanges2_l	Crow_3.Phalanges2_L
13389	tripod.root	tripod.root
13390	pantiesp-ulldownfront	PantiesP-ullDownFront
13391	root_face	root_face
13392	keychain.chain_8	Keychain.Chain_8
13393	rough_small_3	rough_small_3
13394	hizakozo_l__rot_hiza_l__z50__offset	hizakozo_l__rot_hiza_l__z50__offset
13395	key.black_16	Key.Black_16
13396	headband tail right a	headband tail right a
13397	bucket	Bucket+bucket
13398	cape_3_r	cape_3_R
13399	h_r_ring1	h_R_Ring1
13400	arm_rotate_r	Arm_Rotate_R
13401	robe1	ROBE1
13402	right_footd	right_footD
13403	bip_stone_l_foretwist	Bip_STONE_L_ForeTwist
13404	eye-surprised-left	eye-surprised-left
13405	barbel2_l	Barbel2_L
13406	bip_spine_panty_rightalt	bip_spine_panty_rightalt
13407	unusedbone051	unusedbone051
13408	glansbigger	GlansBigger
13409	object033_005	Object033_005
13410	book turnpage4	Book TurnPage4
13411	pjcmnecktwist22l	pJCMNeckTwist22L
13412	org-palm.01.r	ORG-palm.01.R
13413	shoulder_bone_correct_r_03	shoulder_bone_correct_r_03
13414	necklace 2a	necklace 2a
13415	kargathbladefist_bone104	kargathbladefist_Bone104
13416	pcube2	pCube2
13417	jiggleroot1	JiggleRoot1
13418	cloth front left 1	cloth front left 1
13419	maid.necktie_right_inner_1	Maid.Necktie_Right_Inner_1
13420	bip_l_cloth_b_06	bip_l_cloth_b_06
13421	botrightbone	BotRightBone
13422	c_dred_c2_06	C_Dred_C2_06
13423	flag3	flag3
13424	bone 1027	bone 1027
13425	key.black_32	Key.Black_32
13426	pad2_3	pad2_3
13427	bip_l_cloth_c_01	bip_l_cloth_c_01
13428	ltoes	LToes+lToes+ltoes
13429	lbrow_raise	LBrow_raise
13430	dlid_r_1	DLid_R_1
13431	key.q	Key.Q
13432	dickdetail3	DickDetail3
13433	side_right_3	side_right_3
13434	cape3.l	Cape3.L
13435	r_fin_front_c	r_fin_front_c
13436	pinkyright2	PinkyRight2
13437	wep_trigger_safety	WEP_Trigger_Safety
13438	cover	cover
13439	pot2	pot2
13440	bip01_pelvis016	Bip01_Pelvis016
13441	valvebiped.bip01_l_middle04	ValveBiped.Bip01_L_Middle04
13442	egg.wall_14	Egg.Wall_14
13443	bipbrk l finger2	BipBrk L Finger2
13444	fa_forehead_left_out	fa_forehead_left_out
13445	page3_g	Page3_G
13446	asshool_3	Asshool_3
13447	body positive	Body Positive
13448	valvebiped.joint12	ValveBiped.joint12
13449	f_l_eyebrili	f_L_EyeBrili
13450	key 5	Key 5
13451	key.white_49	Key.White_49
13452	headgib	HeadGib+headGib
13453	cloth right b	cloth right b
13454	brows-outward	brows-outward
13455	kunoichidvd	kunoichidvd
13456	head left earring 2_jiggle	head left earring 2_jiggle
13457	hand finger left 4a	hand finger left 4a
13458	seat.back	Seat.Back
13459	cape base	Cape Base
13460	unusedopt_acs_osage_r_root	unusedOPT_acs_osage_r_root
13461	pussy-extreme-forward-out	pussy-extreme-forward-out
13462	bodyshape-heavy	bodyshape-heavy
13463	pantstugdownsharpen	PantsTugDownSharpen
13464	pouch_1	pouch_1
13465	valvebiped.bip01_r_middle02	ValveBiped.Bip01_R_Middle02
13466	disgusting 2	Disgusting 2
13467	fitness size	Fitness Size
13468	bip_cape_2_l	bip_Cape_2_L
13469	l thumb 03	l thumb 03
13470	bip01_pelvis018	Bip01_Pelvis018
13471	midtoe2_l	midToe2_l
13472	key.white_41	Key.White_41
13473	lipupper_r1	lipUpper_R1
13474	earring.left_3	Earring.Left_3
13475	rightupperarm	RightUpperArm
13476	upperblinkr	UpperBlinkR
13477	front clasp	Front Clasp
13478	side_left_1	side_left_1
13479	valvebiped.bip01_r_index04	ValveBiped.Bip01_R_Index04
13480	qwn-rig-eye-l	Qwn-Rig-Eye-L
13481	chain_26	chain_26
13482	bip01_spine3_012	Bip01_Spine3_012
13483	key.c	Key.C
13484	chin4.l	chin4.L
13485	n right chest 2	N right chest 2
13486	canin_ball_l	canin_ball_l
13487	arm left wrist ctrl	arm left wrist ctrl
13488	leg left thigh adj. 1	leg left thigh adj. 1
13489	valvebiped.bip01_l_thightwist1	ValveBiped.Bip01_L_ThighTwist1
13490	bone057	Bone057
13491	indextoe2_l	indexToe2_l
13492	bip_l_wing_04	bip_l_wing_04
13493	backboard	backboard
13494	horn1	Horn1+horn1
13495	pendant.chain_1	Pendant.Chain_1
13496	longear_bone_l_05	longear_bone_l_05
13497	c_dred_r1_08	C_Dred_R1_08
13498	torus01	Torus01
13499	exsmile	EXSmile
13500	brows-l-foward	Brows-L-Foward
13501	strap_1_r	strap_1_R
13502	keychain.key_2	Keychain.Key_2
13503	bip01_spine3_007	Bip01_Spine3_007
13504	donger01_cockroot	donger01_CockRoot
13505	liplowerdrop	LipLowerDrop
13506	bip_stripes1_r	bip_stripes1_R
13507	belly side front left 1	belly side front left 1
13508	canine_rfrontlegtoe	Canine_RFrontLegToe
13509	v_weapon.eff18	v_weapon.eff18
13510	balls-large	balls-large
13511	bip_handles_r	bip_handles_r
13512	squish-z	squish-z
13513	bowtie.bow_right_1	Bowtie.Bow_Right_1
13514	scrotuminflatel	ScrotumInflateL
13515	rbrow inner	rbrow inner
13516	bip_rocket	bip_rocket
13517	bipmar r finger3	BipMar R Finger3
13518	neck_widen	neck_widen
13519	valvebiped.bip03_l_index	ValveBiped.Bip03_L_Index
13520	bobcut.side_left_1_2	Bobcut.Side_Left_1_2
13521	bip_pelvis_helper_l	bip_pelvis_helper_L
13522	wep_fireswitch	WEP_FireSwitch+WEP_Fireswitch
13523	hut 8_1	Hut 8_1
13524	fringe root	fringe root
13525	rightelbow_helper	RightElbow_helper
13526	head neck lower adj	head neck lower adj
13527	hatcloth_bone_03	hatCloth_bone_03
13528	bip01_neck017	Bip01_Neck017
13529	bip_pussylower_0_l	bip_PussyLower_0_L
13530	pplane1_2590	pPlane1_2590
13531	brcraise	BRCRaise
13532	head skull	Head Skull
13533	depth_2	depth_2
13534	pussy right 3	pussy right 3
13535	cloth_back_b_1_r	cloth_back_B_1_R
13536	weapon.rearright	Weapon.RearRight
13537	unused.014	unused.014
13538	chocker_ring	chocker_ring
13539	towel holder	Towel holder
13540	lengthen_handle	lengthen_handle
13541	r sideburn d phy	r sideburn d phy
13542	l beltb a phy	L BeltB a Phy
13543	bip01 upperarm.l	Bip01 UpperArm.L
13544	bip001 rcalftwist	Bip001 RCalfTwist
13545	valvebiped.chargerhandle	ValveBiped.ChargerHandle
13546	bobcut.right_2	Bobcut.Right_2
13547	taurenmale_hd_bone_97	taurenmale_hd_bone_97
13548	frown-right	Frown-Right
13549	wep_fx_shelleject	WEP_FX_ShellEject
13550	l_ear2_00002	l_ear2_00002
13551	flm-arma-tail2	Flm-ArmA-Tail2
13552	pussy grip	pussy grip
13553	unused l jacketd spo	unused l jacketd spo
13554	shirt_exposed_tie_right_4	Shirt_Exposed_Tie_Right_4
13555	randomkicks2	RandomKicks2
13556	r_upperarm_00003	r_upperarm_00003
13557	jiggleroot2	JiggleRoot2
13558	bipqwn lcalftwist1	BipQwn LCalfTwist1
13559	closed_eye_r	Closed_Eye_R
13560	b6	B6
13561	oris03_l	oris03_L
13562	mar-rig-eye-rb	Mar-Rig-Eye-RB
13563	ascot.bottom_8	Ascot.Bottom_8
13564	bas.side_left_1_jiggle	BAS.Side_Left_1_jiggle
13565	back 0	Back 0
13566	flm-armb-leg-lba	Flm-ArmB-Leg-LBA
13567	cons_potion_healing_a_greater_glass_mesh.001	CONS_Potion_Healing_A_Greater_Glass_Mesh.001
13568	eye  pupil big	Eye  pupil big
13569	bone_skin_094	Bone_skin_094
13570	object001	Object001
13571	bootstoraxwide	Bootstoraxwide
13572	lwing13	LWing13
13573	right index finger 2 grip 1	Right index finger 2 grip 1
13574	wep_magazine2	WEP_Magazine2
13575	bottlebroken	bottleBroken
13576	bikini_11	Bikini_11
13577	log	Log
13578	fin_top_d_c	fin_top_d_c
13579	toplip3.l	TopLip3.L
13580	bip_hoodie	bip_hoodie
13581	backhair r02 joint	backhair r02 joint
13582	eye left disappointed	eye Left Disappointed
13583	foreskin-crown-reduce	foreskin-crown-reduce
13584	book front1	Book Front1
13585	spine1_00002	spine1_00002
13586	head chin 3	head chin 3
13587	bothwide	BothWide
13588	arm right elbow twist 	arm right elbow twist 
13589	opt_hand_left_root	OPT_Hand_Left_Root
13590	right index finger 2 grip 2	Right index finger 2 grip 2
13591	bip01_r_forearm018	Bip01_R_Forearm018
13592	bottomlid_r1	bottomlid_R1
13593	l collarc spo	L CollarC Spo
13594	fbx_weapon_sakura_3_r	fbx_weapon_sakura_3_R
13595	crush-27	crush-27
13596	tailleft1_4	TailLeft1_4
13597	ballslsqueshbottom	ballsLsqueshbottom
13598	key.black_26	Key.Black_26
13599	buttspread.l	ButtSpread.L
13600	vaginabottom	VaginaBottom
13601	anime angry r	Anime angry R
13602	armpit_r	Armpit_R
13603	wp_ai_flashlight	WP_AI_Flashlight
13604	chest_l	Chest_L+chest_L
13605	l4	L4
13606	bone195	Bone195
13607	r-eee	R-EEE
13608	r_holster_hook1	r_holster_hook1
13609	leftnipple5	LeftNipple5
13610	vagopen02	VagOpen02
13611	box_face_06_m	Box_Face_06_M
13612	lowerlip_mid	lowerLip_mid
13613	foreskintipbigger	ForeskinTipBigger
13614	r_front_holster_0u_9v	r_front_holster_0u_9v
13615	left_lidloraise	Left_LidLoRaise
13616	l_front_holster_0u_3v	l_front_holster_0u_3v
13617	spine05	Spine05
13618	bone 1032	bone 1032
13619	jacket_border_5_r	jacket_border_5_R
13620	penis shaft 5	penis shaft 5
13621	taurenmale_hd_bone_81	taurenmale_hd_bone_81
13622	waist_scale	Waist_scale
13623	brk-rig-bread	Brk-Rig-Bread
13624	nipple movement l	Nipple Movement L
13625	leg left thigh ctr 1	leg left thigh ctr 1
13626	torch1	Torch1
13627	feather 4b	feather 4b
13628	stockingsless thiccness	StockingsLess thiccness
13629	valvebiped.r_thigh	Valvebiped.R_thigh
13630	spysweaterfit	SpySweaterFit
13631	bone_lefthip	bone_LeftHip
13632	tone-strong	tone-strong
13633	bone22	Bone22
13634	fh16.l	Fh16.L
13635	bow right a 2	bow right a 2
13636	barbel1_r	Barbel1_R
13637	hatch1	hatch1
13638	bone_righthipbuffer	bone_RightHipbuffer
13639	eyesrblinklow	EyesRBlinkLow
13640	bip_tailc09	bip_tailC09
13641	left_arm_twist3_end	left_arm_twist3_end
13642	head eye corner upper right	Head Eye Corner Upper Right
13643	r collarb sec root	r collarb sec root
13644	flm-arma-leg-l2	Flm-ArmA-Leg-L2
13645	bip_fring02_l	Bip_FRing02_L
13646	genitals_inner_front_right	Genitals_Inner_Front_Right
13647	valvebiped.bip01_l_butt0_jiggleroot	ValveBiped.Bip01_L_Butt0_JiggleRoot
13648	eyeblink_right_rotout	eyeBlink_Right_RotOUT
13649	bas.back_1_jiggle	BAS.Back_1_jiggle
13650	topdrawer	TopDrawer
13651	leftstrap	LeftStrap
13652	smerk 3	Smerk 3
13653	bip_claw_a	bip_claw_a
13654	frontextendout	FrontExtendOut
13655	h14	H14
13656	student.left_1	Student.Left_1
13657	bip01_neck011	Bip01_Neck011
13658	jacket right a	jacket right a
13659	r beltb a phy	R BeltB a Phy
13660	rot	rot
13661	v_weapon.left_thumb03	v_weapon.Left_Thumb03
13662	key.white_5	Key.White_5
13663	jigglebutt_l	JiggleButt_L
13664	release	Release+release
13665	chin1.l	chin1.L
13666	v_weapon.right_pinky01	v_weapon.Right_Pinky01
13667	smerk 2	Smerk 2
13668	bip_cape_1_l	bip_Cape_1_L
13669	bone04	Bone04+bone04
13670	bip_stone_r_calftwist	Bip_STONE_R_CalfTwist
13671	trident_2	trident_2
13672	bip_r_thumb_01	bip_r_thumb_01
13673	left arm screw 2	Left arm screw 2
13674	bone pinky 3	bone pinky 3
13675	left ring finger 1 grip 1	Left ring finger 1 grip 1
13676	valvebiped.bip01_r_foot02	ValveBiped.Bip01_R_Foot02
13677	bip_pelvisx	bip_pelvisX
13678	tailright1_3	TailRight1_3
13679	btn.minute	Btn.Minute
13680	bip_eardown2_l	bip_earDown2_l
13681	v-close	V-Close
13682	outbrow_right_in	outBrow_Right_IN
13683	flm-arma-swordb-o	Flm-ArmA-SwordB-O
13684	eye left surprised	eye Left Surprised
13685	arm left shoulder adj b	arm left shoulder adj b
13686	l ujacketc c phy	L uJacketC c Phy
13687	bip_bot_bend_r	bip_bot_bend_r
13688	third_arms_r_index3	Third_Arms_R_Index3
13689	bench3	Bench3
13690	bone 1086	bone 1086
13691	b2	B2
13692	legringfinger3_l	LegRingFinger3_L
13693	student.back_1_jiggle	Student.Back_1_jiggle
13694	generichuman_l_eyejnt	GenericHuman_l_EyeJnt
13695	canin_ball_l2	canin_ball_l2
13696	hip_joint03	hip_joint03
13697	boxsmall	BoxSmall
13698	taurenmale_hd_bone_84	taurenmale_hd_bone_84
13699	head right earring root	head right earring root
13700	collar right 02	collar right 02
13701	maid.necktie_left_inner_3	Maid.Necktie_Left_Inner_3
13702	bip_anusroot_r	bip_AnusRoot_R
13703	fbx_asagi_face	fbx_asagi_face
13704	proxmine	proxmine
13705	key.white_9	Key.White_9
13706	shell.wall_25	Shell.Wall_25
13707	submesh_00_lod_1.017	submesh_00_LOD_1.017
13708	mitt_fingers_0	mitt_fingers_0
13709	root hips_r	root hips_R
13710	left middle finger 1 grip 1	Left middle finger 1 grip 1
13711	r bust spo	R Bust Spo
13712	mot13_rightleg	MOT13_RightLeg
13713	tailleft3_4	TailLeft3_4
13714	rtoemid03	rToeMid03
13715	n left chest	N left chest
13716	bone185	Bone185
13717	bip_woolpelvis_1_r	bip_WoolPelvis_1_R
13718	crow_3.tail_l	Crow_3.Tail_L
13719	head eyebrili left	head eyebrili left
13720	r earringa a phy	r earringa a phy
13721	unused.001	unused.001
13722	wep_magazine_dual_bullet1	WEP_Magazine_Dual_Bullet1
13723	lpuff	LPuff
13724	panties-shifted	Panties-Shifted
13725	right_lidloclose	Right_LidLoClose
13726	leftfinge12	LeftFinge12
13727	tailleft3_1	TailLeft3_1
13728	flap.right	Flap.Right
13729	balls-differentiate	balls-differentiate
13730	upperlidsdownr	UpperlidsDownR
13731	bone.001_l.001	Bone.001_L.001
13732	buff	Buff
13733	cockfat	CockFat
13734	tvbase	TVBase
13735	belt.l	Belt.L
13736	bippbg rthightwist1	BipPBG RThighTwist1
13737	cc_butt.r.001	cc_Butt.r.001
13738	bone.012	Bone.012
13739	r ujacketa spo	R uJacketA Spo
13740	bipqwn rthightwist1	BipQwn RThighTwist1
13741	wep_button2	WEP_Button2
13742	fh03	Fh03
13743	flex_curve1	Flex_Curve1
13744	prop_03	prop_03
13745	cloth right 2 jb	cloth right 2 JB
13746	cape_1_l	cape_1_L
13747	belt left 03	belt left 03
13748	bip_l_arm_01_sub	bip_l_arm_01_sub
13749	pussy2l+pussy2r	Pussy2L+Pussy2R
13750	hokage hat right 3c	hokage hat right 3c
13751	lipupper_l3	lipUpper_L3
13752	tail_mid_a	tail_mid_a
13753	bone 75	bone 75
13754	c_tier_c10	C_TieR_C10
13755	fur_gen_bed_single_rich_b_mesh	FUR_GEN_Bed_Single_Rich_B_Mesh
13756	c_dred_c1_04	C_Dred_C1_04
13757	x_shift_10	x_shift_10
13758	d7	D7
13759	_body	_Body
13760	bone 71	bone 71
13761	whl_7	whL_7
13762	bip01_neck013	Bip01_Neck013
13763	arms muscular	Arms Muscular
13764	r_elbow_twist_c_helper	r_elbow_twist_c_helper
13765	cigarette_main	Cigarette_main
13766	shell.wall_38	Shell.Wall_38
13767	belly_bigger	belly_bigger
13768	djshirtfit	DJShirtFIT
13769	level5_north	Level5_North
13770	shrink_02	Shrink_02
13771	crow_1.phalanges3_r	Crow_1.Phalanges3_R
13772	pillow sofa	Pillow sofa
13773	door_r_poor	Door_R_Poor
13774	dyng y 01	dyng y 01
13775	special04	special04
13776	head n rolls left a	head n rolls left a
13777	bone_legmr1	Bone_LegMR1
13778	r beltc a phy	R BeltC a Phy
13779	bobcut.rear_left_1_jiggle	Bobcut.Rear_Left_1_jiggle
13780	l forearmrolla spo	L ForearmrollA Spo
13781	foot_middle_0_l	foot_middle_0_L
13782	frily60.r	Frily60.R
13783	qwn-rig-eye-lu	Qwn-Rig-Eye-LU
13784	rwing03	RWing03
13785	jiggle06	Jiggle06
13786	funnell+funnelr	FunnelL+FunnelR
13787	r ujacketa c phy	R uJacketA c Phy
13788	bun	bun
13789	wep_front_sight_cover	WEP_Front_Sight_Cover
13790	v_ff	v_ff
13791	bone 567	bone 567
13792	valvebiped.chest_a	Valvebiped.chest_a
13793	enter	enter
13794	head cheeck right 4	head cheeck right 4
13795	bikini_a	Bikini_a
13796	bootsslimlegs	BootsSlimLegs
13797	bigtoe1_r	bigToe1_r
13798	valvebiped.bip01_pelvis.028	ValveBiped.Bip01_Pelvis.028
13799	02	02
13800	flm-arma-back2	Flm-ArmA-Back2
13801	topthin	Topthin
13802	canteen2	Canteen2
13803	wakazashi.tassel_front_5	Wakazashi.Tassel_Front_5
13804	hmhm	hmhm
13805	upperlipleft	UpperLipLeft
13806	bone 1025	bone 1025
13807	bip upperarmtwist1 r	bip upperarmtwist1 r
13808	wep_foregrip_nojiggle_child2	WEP_Foregrip_NoJiggle_Child2
13809	valvebiped.bip01_l_thightwist	ValveBiped.Bip01_L_ThighTwist
13810	knee	knee
13811	bip01-l-thigh001	Bip01-L-Thigh001
13812	valvebiped.bip03_r_middle	ValveBiped.Bip03_R_Middle
13813	object26	Object26
13814	book1_top	Book1_Top
13815	boobflat.l	BoobFlat.L
13816	bip_tailc12	bip_tailC12
13817	arm_rotate1_l	Arm_Rotate1_L
13818	r_widen	R_widen
13819	eyelash storage	Eyelash storage
13820	frily_11.l	Frily_11.L
13821	r ujacketb a phy	R uJacketB a Phy
13822	hat-unlengthen	hat-unlengthen
13823	bone 705	bone 705
13824	narrowb	NarrowB
13825	jiggle.tassle_front_09	Jiggle.Tassle_Front_09
13826	valvebiped.joint4	ValveBiped.joint4
13827	bas.rear_center_2	BAS.Rear_Center_2
13828	rknee	RKnee+rKnee+rknee
13829	face-aa	Face-Aa
13830	opt_hand_right_ring3	OPT_Hand_Right_Ring3
13831	bone035	Bone035
13832	nippokedefault	NipPokeDefault
13833	loincloth_back_5	Loincloth_back_5
13834	head eyeball pupil right	head eyeball pupil right
13835	book root	Book Root
13836	shaft-chonk	shaft-chonk
13837	grapple3	grapple3
13838	nippleshidden	NipplesHidden
13839	nippleshirtout	NippleShirtOut
13840	pbg-rig-eye-lb	PBG-Rig-Eye-LB
13841	polysurface122	polySurface122
13842	front-pull-center	front-pull-center
13843	step	step
13844	csmileopen1	CSmileOpen1
13845	flap.left	Flap.Left
13846	enginerf	EngineRF
13847	saberon_bone44	saberon_Bone44
13848	c14	C14
13849	head skull left	Head Skull Left
13850	kata_rt_l__prot_x0__offset	kata_rt_l__prot_x0__offset
13851	right middle finger 3 grip 2	Right middle finger 3 grip 2
13852	left index finger 1 grip 2	Left index finger 1 grip 2
13853	root hips_l	root hips_L
13854	valvebiped.bip01_r_fingerbase1	ValveBiped.Bip01_R_FingerBase1
13855	wrinkles-8	wrinkles-8
13856	generichuman_r_upplipjnt	GenericHuman_r_uppLipJnt
13857	level4_south	Level4_South
13858	finger_pinky_right_1	finger_pinky_right_1
13859	cloth middle 2	cloth middle 2
13860	scale_y_up	scale_y_up
13861	bip_buckethandle	bip_BucketHandle
13862	hat_left_2_jiggle	Hat_Left_2_jiggle
13863	bow right 1g	bow right 1g
13864	rfingers	RFingers
13865	bip_gumsteethlower	bip_GumsTeethLower
13866	hokage hat right 2c	hokage hat right 2c
13867	boxb	BoxB
13868	left_smile	Left_Smile+Left_smile
13869	bone169	Bone169
13870	unusedspine3	unusedSpine3
13871	fh17.r	Fh17.R
13872	arm left elbow adj. 2	arm left elbow adj. 2
13873	leg left ankle ctr2	leg left ankle ctr2
13874	(flex) bottom + foot	(FLEX) Bottom + Foot
13875	nyotengu head nostril left 2	Nyotengu head nostril left 2
13876	smirkl+smirkr	SmirkL+SmirkR
13877	left little finger 1 grip 2	Left little finger 1 grip 2
13878	canin_pen_2	canin_pen_2
13879	jiggleboob2	jiggleboob2
13880	penis balls left	penis balls left
13881	01	01
13882	valvebiped.bip01_l_calftwist1	ValveBiped.Bip01_L_CalfTwist1
13883	l_front_holster_0u_4v	l_front_holster_0u_4v
13884	bip_r_middle_sub	bip_r_middle_sub
13885	seat.base	Seat.Base
13886	bone pinky 4	bone pinky 4
13887	l_scapula_helper	l_scapula_helper
13888	wep_lever	WEP_Lever
13889	stage 4 gib	STAGE 4 GIB
13890	adrenaline_cap	adrenaline_cap
13891	wep_boxmagazine_bullet2	WEP_BoxMagazine_Bullet2
13892	scrotumleft	scrotumLeft
13893	ivy.earring_right	Ivy.Earring_Right
13894	rfrown2	RFrown2
13895	feather root	feather root
13896	cloth back middle 2	cloth back middle 2
13897	wep_magnifier_scope	WEP_Magnifier_Scope
13898	flap2.l	Flap2.L
13899	corner up	Corner up
13900	basket	basket
13901	row_chair008	row_chair008
13902	anus - push	Anus - Push
13903	bipflm lcalftwist1	BipFlm LCalfTwist1
13904	bobby_bone_necklace_09	BOBBY_Bone_NeckLace_09
13905	glabella	glabella
13906	hip main	hip main
13907	wakazashi.tassel_front_2	Wakazashi.Tassel_Front_2
13908	balls_tighten	balls_tighten
13909	c spine1w spo	C Spine1W Spo
13910	balls-heavy	balls-heavy
13911	book1_l	Book1_L
13912	dyng z 03	dyng z 03
13913	l collarb spo	L CollarB Spo
13914	scrotumcleavageup	ScrotumCleavageUp
13915	vag inner open2	vag inner open2
13916	bip_bobby_r_uparmtwist	Bip_BOBBY_R_UpArmTwist
13917	neck_narrow	neck_narrow
13918	unused c_i_base	unused C_I_Base
13919	bip_stone_r_foretwist1	Bip_STONE_R_ForeTwist1
13920	vase.004	Vase.004
13921	eye-pupil-small	Eye-Pupil-Small
13922	eyes-look-right	eyes-look-right
13923	gag_r_04	Gag_R_04
13924	rightnipple4	RightNipple4
13925	enginerr	EngineRR
13926	valvebiped.safetysticker	ValveBiped.safetySticker
13927	long_bulge_lower	long_bulge_lower
13928	second_arms_r_thumb4	Second_Arms_R_Thumb4
13929	valvebiped.bip01_r_nipples	ValveBiped.Bip01_R_Nipples
13930	browrightup	BrowRIghtUp+BrowRightUp
13931	wep_m203_barrel	WEP_M203_Barrel
13932	bip01_l_toe2	Bip01_L_Toe2
13933	rmiddle0	rMiddle0+rmiddle0
13934	equipment 01	EQUIPMENT 01
13935	spike_08_m	Spike_08_M
13936	vagina_left	vagina_left
13937	unused b_l_shoulderarm2helper	unused b_l_shoulderarm2helper
13938	leg left thigh_adj	leg left thigh_adj
13939	madbrownright1	MadBrownRight1
13940	arm_twist_r	arm_twist_r
13941	tits_l	Tits_L
13942	fringe 12	fringe 12
13943	rotn	RotN
13944	eyessquintl+eyessquintr	EyesSquintL+EyesSquintR
13945	bip01_l_hand004	Bip01_L_Hand004
13946	red surface	Red Surface
13947	fh14.l	Fh14.L
13948	cutesweaterfit	CUTESweaterFIT
13949	arm left finger 5xx	arm left finger 5xx
13950	i9	I9
13951	unused.025	unused.025
13952	flm-arma-sworda-k	Flm-ArmA-SwordA-K
13953	muscle - neck	Muscle - Neck
13954	fin-rig-eye-l	Fin-Rig-Eye-L
13955	opt_as_r_upleg_b	OPT_AS_R_UpLeg_B
13956	head nostril right c	head nostril right c
13957	maid.bow_right_upper_2	Maid.Bow_Right_Upper_2
13958	back_shorten	back_shorten
13959	tailleft	TailLeft
13960	bip_tie_4_r	bip_Tie_4_R
13961	rlegex	RLegEX
13962	unusedjaw root	unusedjaw root
13963	au9	AU9
13964	bip_stone_r_calftwist1	Bip_STONE_R_CalfTwist1
13965	pussy_open_middle	pussy_open_middle
13966	bip armpitringbase l	bip armpitringbase l
13967	heighten	heighten
13968	lring	LRing
13969	eyelashes-sad	Eyelashes-Sad
13970	rightlowerleg	RightLowerLeg
13971	tailleft3_2	TailLeft3_2
13972	bip_cloth_a_03	bip_cloth_a_03
13973	head eyeiris left	head eyeiris left
13974	row_chair005	row_chair005
13975	c_dred_l2_05	C_Dred_L2_05
13976	l_bicep_helper	l_bicep_helper
13977	head thyroid	head thyroid
13978	ashikubi_r__rot_ashi_r__x100__offset	ashikubi_r__rot_ashi_r__x100__offset
13979	bhr41	BhR41
13980	hose_04	Hose_04
13981	areola adjust	Areola Adjust
13982	topjawdroop	TopJawDroop
13983	no eye shine	No eye shine
13984	browsinnerupleft	BrowsInnerUpLeft
13985	arm left shoulder adj.	arm left shoulder adj.
13986	fa_low_lid_left_outer	fa_low_lid_left_outer
13987	cape_3_l	cape_3_L
13988	prop.root	Prop.Root
13989	bobcut.front_left_4	Bobcut.Front_Left_4
13990	nipple movement r	Nipple Movement R
13991	object30	Object30
13992	offrubblechunka01	OffRubbleChunkA01
13993	hose_00	Hose_00
13994	r string5 sec root	r string5 sec root
13995	thinner/outline	Thinner/outline
13996	r calff spo	R CalfF Spo
13997	rightouterbrow	RightOuterBrow
13998	cape1_left51	CAPE1_LEFT51
13999	blinkrmid2	BlinkRMid2
14000	c ujacketb spo	C uJacketB Spo
14001	bhr42	BhR42
14002	hatplume_1	HatPlume_1
14003	key.quote	Key.Quote
14004	crow_1.femur_r	Crow_1.Femur_R
14005	temporalis02_l	temporalis02_L
14006	bobby_bone_necklace_03	BOBBY_Bone_NeckLace_03
14007	right_joint	Right_joint
14008	rightinhandring	RightInHandRing
14009	doodad.bell_string_2	Doodad.Bell_String_2
14010	org-palm.02.l	ORG-palm.02.L
14011	musclesleg	MusclesLeg
14012	belt r	BELT R
14013	back 4_1	Back 4_1
14014	anus_pull	anus_pull
14015	leg_3.lower	leg_3.lower
14016	flex_flat_bottom	Flex_Flat_Bottom
14017	bone24	Bone24
14018	teethtouch	teethtouch
14019	strings 10	strings 10
14020	spikes_bigger	spikes_bigger
14021	arm right carpal	Arm Right Carpal
14022	lipswidel+lipswider	lipswideL+lipswideR
14023	wrinkles-1	wrinkles-1
14024	zipper 1	zipper 1
14025	shirtexspand	ShirtExspand
14026	bone 87	bone 87
14027	clit.ring	Clit.Ring
14028	eyelashhide	EyelashHide
14029	door2left	Door2Left
14030	wep_gripsafety	WEP_GripSafety
14031	wing_right_spine_4	Wing_Right_Spine_4
14032	bip_b_nic_spine_1	bip_B_Nic_Spine_1
14033	earring.pendant_right_1_jiggle	Earring.Pendant_Right_1_jiggle
14034	opt_hand_right_pinky3	OPT_Hand_Right_Pinky3
14035	helper_wrist_l	helper_wrist_L
14036	more	more
14037	torso upperbrace b l	Torso upperbrace B L
14038	wep_stock_k_slingloop	WEP_Stock_K_SlingLoop
14039	leyehalfclose	LEyeHalfClose
14040	ventilation grid 3	Ventilation Grid 3
14041	wep_topcover_rearsight	WEP_TopCover_RearSight
14042	v_weapon.right_middle03	v_weapon.Right_Middle03
14043	leg left ankle roll	leg left ankle roll
14044	bone037	Bone037
14045	bone33	Bone33
14046	tr0027_00	tr0027_00
14047	scaledown	ScaleDown
14048	g16	G16
14049	penus 3	penus 3
14050	eballraiserr	EBAllRaiserR
14051	lipscornerswide	LipsCornersWide
14052	plumphips	PlumpHips
14053	suck-duckface	Suck-DuckFace
14054	toy_bone_12	toy_bone_12
14055	anuopenwedgieexposed	AnuOpenWedgieExposed
14056	wing_left_spine_2	Wing_Left_Spine_2
14057	bipqwn rthightwist	BipQwn RThighTwist
14058	right_vag_d_2	right_vag_d_2
14059	head eyeref right	head eyeref right
14060	shape-assassin-cleavage	shape-assassin-cleavage
14061	bipflm rthightwist	BipFlm RThighTwist
14062	strapfrontleftout	StrapFrontLeftOut
14063	poke05	Poke05
14064	polysurface103	polySurface103
14065	jiggle.tassle_front_08	Jiggle.Tassle_Front_08
14066	crush-30	crush-30
14067	bipmar rcalftwist1	BipMar RCalfTwist1
14068	bip01_l_hand011	Bip01_L_Hand011
14069	bip_tailc16	bip_tailC16
14070	body-r-ass-squish	Body-R-ass-Squish
14071	unusedbone141	unusedbone141
14072	butt root.r	butt root.r
14073	fbx_rinko_face_shy	fbx_rinko_face_shy
14074	top.knot_right_1	Top.Knot_Right_1
14075	bip facelipridge2in l	bip facelipridge2in l
14076	bip001 prop1	Bip001 Prop1
14077	adjust_elbowcap_r	adjust_elbowcap_R
14078	level4_west	Level4_West
14079	bip_stoolclothback_0_l	bip_StoolClothBack_0_L
14080	leglittlefinger2_r	LegLittleFinger2_R
14081	pupils-glaresizebig-r	Pupils-GlareSizeBig-R
14082	pussyopenwedgieexposedtorn	PussyOpenWedgieExposedTorn
14083	left thumb intermediate	Left Thumb Intermediate
14084	penis-fore-half	Penis-Fore-Half
14085	throb-back	throb-back
14086	object025_002	Object025_002
14087	teeth.001	teeth.001
14088	key.black_30	Key.Black_30
14089	liplowerinner_l	LipLowerInner_L
14090	1 left middle finger	1 left middle finger
14091	bone	Bone+bone
14092	flm-armb-back-b2	Flm-ArmB-Back-B2
14093	ph04	PH04
14094	pelerine_r	Pelerine_R
14095	eye_bottom_open	Eye_Bottom_Open
14096	head wing left	head wing left
14097	front bar 4_1	Front bar 4_1
14098	valvebiped.bip01_l_calf_twist	ValveBiped.Bip01_L_Calf_Twist
14099	bip_findex02_r	Bip_FIndex02_R
14100	masktop1.l	MaskTop1.L
14101	leg left boot tassle 5b	leg left boot tassle 5b
14102	bone109	Bone109
14103	wep_cylinder_ejector	WEP_Cylinder_Ejector
14104	hose_16	Hose_16
14105	cloth left 2	cloth left 2
14106	blink2l	Blink2L
14107	bip_stoolclothfront_1_r	bip_StoolClothFront_1_R
14108	def-spine.006_l.010	DEF-spine.006_L.010
14109	arm left lower 2	arm left lower 2
14110	arm right shoulder adj.	arm right shoulder adj.
14111	tailright4_5	TailRight4_5
14112	music_gen_drum_small_b_ref_mesh	MUSIC_GEN_Drum_Small_B_REF_Mesh
14113	pelvisclipfix	PelvisClipfix
14114	drawer_bottom_r	Drawer_Bottom_R
14115	object09	Object09
14116	belt front left b	belt front left b
14117	key.b	Key.B
14118	l_tricep_helper	l_tricep_helper
14119	bip_bobby_l_finger_globe_1_01	Bip_BOBBY_L_Finger_Globe_1_01
14120	sneer_in	Sneer_IN
14121	lfoot1	lFoot1
14122	fringe 13	fringe 13
14123	foldsr	foldsR
14124	l string6 sec root	l string6 sec root
14125	bone middle 08	bone middle 08
14126	fur_gen_bed_single_rich_a_mesh.001	FUR_GEN_Bed_Single_Rich_A_Mesh.001
14127	dyng head rope2 02	dyng head rope2 02
14128	rag2	rag2
14129	lipsdepressorsbig	lipsdepressorsbig
14130	bg1	BG1
14131	bip_l_pinky_03	bip_l_pinky_03
14132	bip armpitbase l	bip armpitbase l
14133	sidelockleftroot	SideLockLeftRoot
14134	bip_pussybottom	bip_PussyBottom
14135	bip_tie_3_l	bip_Tie_3_L
14136	turet	turet
14137	unused135	unused135
14138	bhr47	BhR47
14139	wep_m203_nade	WEP_M203_Nade
14140	nyotengu head forehead right	Nyotengu head forehead right
14141	outfit-sock	Outfit-Sock
14142	l ujacketc spo	L uJacketC Spo
14143	legpeopledifferencefinger2_r	LegPeopleDifferenceFinger2_R
14144	asagi_costume_1_f	asagi_costume_1_F
14145	bipflm lthightwist	BipFlm LThighTwist
14146	polysurface36	polySurface36
14147	unused.049	unused.049
14148	grip.005	grip.005
14149	ropebelt_tassel_back_3	RopeBelt_Tassel_Back_3
14150	ulip_5	ULip_5
14151	assimpactpushup	AssImpactPushUp
14152	valvebiped.r_collar	Valvebiped.R_collar
14153	bip_l_lipupper0	bip_l_lipupper0
14154	pinky ringer	Pinky ringer
14155	page1_c	Page1_C
14156	dec_gen_wagon_caravan_a_mesh_barrels	DEC_GEN_Wagon_Caravan_A_Mesh_Barrels
14157	knee_twist_l	knee_twist_l
14158	right ring finger 1	Right ring finger 1
14159	bip_r_cloth_c_01	bip_r_cloth_c_01
14160	sarah_soft_chair_rigged	sarah_soft_chair_rigged
14161	fringe 5	fringe 5
14162	bottle4	bottle4
14163	beltcontrolbucle	BeltControlBucle
14164	r index 03	r index 03
14165	x_shift_4	x_shift_4
14166	bone index 08	bone index 08
14167	bone middle 05	bone middle 05
14168	camera_screen	camera_screen
14169	legthin	Legthin
14170	polysurface25	polySurface25
14171	pb_l_cmy01_bhair_6	pb_L_CMY01_BHair_6
14172	dummy02	Dummy02
14173	shin muscular	Shin Muscular
14174	bhl41	BhL41
14175	dyng x 04	dyng x 04
14176	fa_under_chin_right_in	fa_under_chin_right_in
14177	bone 1092	bone 1092
14178	bighead	BigHead
14179	shell.wall_14	Shell.Wall_14
14180	lowerliplowerl+lowerliplowerr	LowerLipLowerL+LowerLipLowerR
14181	wall.rack	wall.rack
14182	arm right bracelet 03	arm right bracelet 03
14183	bone07	Bone07
14184	b4	B4
14185	nippokedouble01	NipPokeDouble01
14186	bip01_l_forearm016	Bip01_L_Forearm016
14187	right_20	right_20
14188	bl	BL
14189	second_arms_l_thumb1	Second_Arms_L_Thumb1
14190	flm-armb-leg-rua	Flm-ArmB-Leg-RUA
14191	bip01_r_forearm013	Bip01_R_Forearm013
14192	bip_anusroot_l	bip_AnusRoot_L
14193	bone_guns	Bone_Guns
14194	bip01_l_hand018	Bip01_L_Hand018
14195	c_dred_c1_07	C_Dred_C1_07
14196	frily60.l	Frily60.L
14197	chain_13	chain_13
14198	valvebiped.bip01_l_ear04	ValveBiped.Bip01_L_Ear04
14199	null.003	Null.003
14200	bip_leg.005	Bip_leg.005
14201	ulip_3	ULip_3
14202	bobby_bone_necklace_02	BOBBY_Bone_NeckLace_02
14203	hat front right	hat front right
14204	testes_f	testes_f
14205	glutes width	Glutes Width
14206	object33	Object33
14207	rtoethumb03	rToeThumb03
14208	helperbody1	helperBody1
14209	loincloth back 1e	loincloth back 1e
14210	cape2_right4	CAPE2_RIGHT4
14211	secret_move	Secret_move
14212	corpuswider	CorpusWider
14213	jiggle03a	Jiggle03a
14214	r_thumb1b_00001	r_thumb1b_00001
14215	bip_r_cloth_a	bip_r_cloth_a
14216	leg right stc	leg right StC
14217	front 4	Front 4
14218	taurenmale_hd_bone_91	taurenmale_hd_bone_91
14219	left little finger 3 grip 2	Left little finger 3 grip 2
14220	au17	AU17
14221	wep_m203_charger	WEP_M203_Charger
14222	lankle	LAnkle
14223	ivy.earring_right_jiggle	Ivy.Earring_Right_jiggle
14224	lower_right_drop	lower_right_drop
14225	vag wide	Vag wide
14226	nasolabiallower_l	NasolabialLower_L
14227	bone 86	bone 86
14228	collarrightmidlower	CollarRightMidLower
14229	finger_middle_left_1	finger_middle_left_1
14230	just_like_cap	Just_like_Cap
14231	valvebiped.bip01_l_index01	ValveBiped.Bip01_L_Index01
14232	wep_belt_bullet9	WEP_Belt_Bullet9
14233	gag_r_03	Gag_R_03
14234	unused_opt_face_root	unused_OPT_Face_Root
14235	strings 2	strings 2
14236	(thicc) legs (pants) 	(THICC) Legs (PANTS) 
14237	randomkicks1	RandomKicks1
14238	bip forearmtwisttop l	bip forearmtwisttop l
14239	buttexpose	ButtExpose
14240	leftfrontpad	LeftFrontPad
14241	lowerinright	LowerInRight
14242	bip01_l_upperarm017	Bip01_L_UpperArm017
14243	bip01_r_thigh010	Bip01_R_Thigh010
14244	v_weapon.lighter_flame2	v_weapon.lighter_flame2
14245	alligator_reference	alligator_reference
14246	bullet earring 4	bullet earring 4
14247	rtoe02n	RToe02N
14248	bj	BJ
14249	analcanal	AnalCanal
14250	fh13.r	Fh13.R
14251	fang left2	fang left2
14252	unused duplicate duplicate unused.005	unused duplicate duplicate unused.005
14253	cape12	cape12
14254	arm right elbow adj. 1	arm right elbow adj. 1
14255	stomp-7	stomp-7
14256	ebrow_bone_correct_r_02	ebrow_bone_correct_r_02
14257	l_hand_00004	l_hand_00004
14258	bip_toasty-cpu	bip_Toasty-CPU
14259	dlip_3	DLip_3
14260	l shoulder2	l shoulder2
14261	tailstopa1	TailsTopA1
14262	weapon.rearleft	Weapon.RearLeft
14263	transn	TransN
14264	cock.ball.left	Cock.Ball.Left
14265	v-openud	V-OpenUD
14266	c12	C12
14267	calml	calml
14268	lowertentacle3	LowerTentacle3
14269	exanger	EXAnger
14270	bip_tailc19	bip_tailC19
14271	bone127	Bone127
14272	link	link
14273	bone 1060	bone 1060
14274	lupperlid	lUpperLid
14275	foreskin-down	foreskin-down
14276	bip_r_thumb_03	bip_r_thumb_03
14277	unusedbone186	unusedbone186
14278	unusedbone154	unusedbone154
14279	legringfinger2_l	LegRingFinger2_L
14280	tassela	TasselA
14281	foreskin_3	foreskin_3
14282	m_head_3	m_head_3
