fold_key	exact_spellings	old_path	new_path	decision	provenance	short_reason
arm00_0	arm00_0	groupFile/Arms	groupFile/Arms	REMAINED_UNSIDED	PRE_PHASE2_EXISTING	genuinely unsided or no reliable side marker found
arm00_1	arm00_1	groupFile/Arms	groupFile/Arms	REMAINED_UNSIDED	PRE_PHASE2_EXISTING	genuinely unsided or no reliable side marker found
arm00_2	arm00_2	groupFile/Arms	groupFile/Arms	REMAINED_UNSIDED	PRE_PHASE2_EXISTING	genuinely unsided or no reliable side marker found
arm01_0	arm01_0	groupFile/Arms	groupFile/Arms	REMAINED_UNSIDED	PRE_PHASE2_EXISTING	genuinely unsided or no reliable side marker found
arm01_00	arm01_00	groupFile/Arms	groupFile/Arms	REMAINED_UNSIDED	PRE_PHASE2_EXISTING	genuinely unsided or no reliable side marker found
arm01_01	arm01_01	groupFile/Arms	groupFile/Arms	REMAINED_UNSIDED	PRE_PHASE2_EXISTING	genuinely unsided or no reliable side marker found
arm01_02	arm01_02	groupFile/Arms	groupFile/Arms	REMAINED_UNSIDED	PRE_PHASE2_EXISTING	genuinely unsided or no reliable side marker found
arm01_03	arm01_03	groupFile/Arms	groupFile/Arms	REMAINED_UNSIDED	PRE_PHASE2_EXISTING	genuinely unsided or no reliable side marker found
arm01_04	arm01_04	groupFile/Arms	groupFile/Arms	REMAINED_UNSIDED	PRE_PHASE2_EXISTING	genuinely unsided or no reliable side marker found
arm01_05	arm01_05	groupFile/Arms	groupFile/Arms	REMAINED_UNSIDED	PRE_PHASE2_EXISTING	genuinely unsided or no reliable side marker found
arm01_06	arm01_06	groupFile/Arms	groupFile/Arms	REMAINED_UNSIDED	PRE_PHASE2_EXISTING	genuinely unsided or no reliable side marker found
arm01_07	arm01_07	groupFile/Arms	groupFile/Arms	REMAINED_UNSIDED	PRE_PHASE2_EXISTING	genuinely unsided or no reliable side marker found
arm01_08	arm01_08	groupFile/Arms	groupFile/Arms	REMAINED_UNSIDED	PRE_PHASE2_EXISTING	genuinely unsided or no reliable side marker found
arm01_09	arm01_09	groupFile/Arms	groupFile/Arms	REMAINED_UNSIDED	PRE_PHASE2_EXISTING	genuinely unsided or no reliable side marker found
arm01_1	arm01_1	groupFile/Arms	groupFile/Arms	REMAINED_UNSIDED	PRE_PHASE2_EXISTING	genuinely unsided or no reliable side marker found
arm01_10	arm01_10	groupFile/Arms	groupFile/Arms	REMAINED_UNSIDED	PRE_PHASE2_EXISTING	genuinely unsided or no reliable side marker found
arm01_11	arm01_11	groupFile/Arms	groupFile/Arms	REMAINED_UNSIDED	PRE_PHASE2_EXISTING	genuinely unsided or no reliable side marker found
arm01_12	arm01_12	groupFile/Arms	groupFile/Arms	REMAINED_UNSIDED	PRE_PHASE2_EXISTING	genuinely unsided or no reliable side marker found
arm01_13	arm01_13	groupFile/Arms	groupFile/Arms	REMAINED_UNSIDED	PRE_PHASE2_EXISTING	genuinely unsided or no reliable side marker found
arm01_14	arm01_14	groupFile/Arms	groupFile/Arms	REMAINED_UNSIDED	PRE_PHASE2_EXISTING	genuinely unsided or no reliable side marker found
arm01_15	arm01_15	groupFile/Arms	groupFile/Arms	REMAINED_UNSIDED	PRE_PHASE2_EXISTING	genuinely unsided or no reliable side marker found
arm01_16	arm01_16	groupFile/Arms	groupFile/Arms	REMAINED_UNSIDED	PRE_PHASE2_EXISTING	genuinely unsided or no reliable side marker found
arm01_17	arm01_17	groupFile/Arms	groupFile/Arms	REMAINED_UNSIDED	PRE_PHASE2_EXISTING	genuinely unsided or no reliable side marker found
arm01_18	arm01_18	groupFile/Arms	groupFile/Arms	REMAINED_UNSIDED	PRE_PHASE2_EXISTING	genuinely unsided or no reliable side marker found
arm01_19	arm01_19	groupFile/Arms	groupFile/Arms	REMAINED_UNSIDED	PRE_PHASE2_EXISTING	genuinely unsided or no reliable side marker found
arm01_2	arm01_2	groupFile/Arms	groupFile/Arms	REMAINED_UNSIDED	PRE_PHASE2_EXISTING	genuinely unsided or no reliable side marker found
arm01_20	arm01_20	groupFile/Arms	groupFile/Arms	REMAINED_UNSIDED	PRE_PHASE2_EXISTING	genuinely unsided or no reliable side marker found
arm02_0	arm02_0	groupFile/Arms	groupFile/Arms	REMAINED_UNSIDED	PRE_PHASE2_EXISTING	genuinely unsided or no reliable side marker found
arm02_00	arm02_00	groupFile/Arms	groupFile/Arms	REMAINED_UNSIDED	PRE_PHASE2_EXISTING	genuinely unsided or no reliable side marker found
arm02_01	arm02_01	groupFile/Arms	groupFile/Arms	REMAINED_UNSIDED	PRE_PHASE2_EXISTING	genuinely unsided or no reliable side marker found
arm02_02	arm02_02	groupFile/Arms	groupFile/Arms	REMAINED_UNSIDED	PRE_PHASE2_EXISTING	genuinely unsided or no reliable side marker found
arm02_03	arm02_03	groupFile/Arms	groupFile/Arms	REMAINED_UNSIDED	PRE_PHASE2_EXISTING	genuinely unsided or no reliable side marker found
arm02_04	arm02_04	groupFile/Arms	groupFile/Arms	REMAINED_UNSIDED	PRE_PHASE2_EXISTING	genuinely unsided or no reliable side marker found
arm02_05	arm02_05	groupFile/Arms	groupFile/Arms	REMAINED_UNSIDED	PRE_PHASE2_EXISTING	genuinely unsided or no reliable side marker found
arm02_06	arm02_06	groupFile/Arms	groupFile/Arms	REMAINED_UNSIDED	PRE_PHASE2_EXISTING	genuinely unsided or no reliable side marker found
arm02_07	arm02_07	groupFile/Arms	groupFile/Arms	REMAINED_UNSIDED	PRE_PHASE2_EXISTING	genuinely unsided or no reliable side marker found
arm02_08	arm02_08	groupFile/Arms	groupFile/Arms	REMAINED_UNSIDED	PRE_PHASE2_EXISTING	genuinely unsided or no reliable side marker found
arm02_09	arm02_09	groupFile/Arms	groupFile/Arms	REMAINED_UNSIDED	PRE_PHASE2_EXISTING	genuinely unsided or no reliable side marker found
arm02_1	arm02_1	groupFile/Arms	groupFile/Arms	REMAINED_UNSIDED	PRE_PHASE2_EXISTING	genuinely unsided or no reliable side marker found
arm02_10	arm02_10	groupFile/Arms	groupFile/Arms	REMAINED_UNSIDED	PRE_PHASE2_EXISTING	genuinely unsided or no reliable side marker found
arm02_11	arm02_11	groupFile/Arms	groupFile/Arms	REMAINED_UNSIDED	PRE_PHASE2_EXISTING	genuinely unsided or no reliable side marker found
arm02_12	arm02_12	groupFile/Arms	groupFile/Arms	REMAINED_UNSIDED	PRE_PHASE2_EXISTING	genuinely unsided or no reliable side marker found
arm02_13	arm02_13	groupFile/Arms	groupFile/Arms	REMAINED_UNSIDED	PRE_PHASE2_EXISTING	genuinely unsided or no reliable side marker found
arm02_14	arm02_14	groupFile/Arms	groupFile/Arms	REMAINED_UNSIDED	PRE_PHASE2_EXISTING	genuinely unsided or no reliable side marker found
arm02_15	arm02_15	groupFile/Arms	groupFile/Arms	REMAINED_UNSIDED	PRE_PHASE2_EXISTING	genuinely unsided or no reliable side marker found
arm02_16	arm02_16	groupFile/Arms	groupFile/Arms	REMAINED_UNSIDED	PRE_PHASE2_EXISTING	genuinely unsided or no reliable side marker found
arm02_17	arm02_17	groupFile/Arms	groupFile/Arms	REMAINED_UNSIDED	PRE_PHASE2_EXISTING	genuinely unsided or no reliable side marker found
arm02_18	arm02_18	groupFile/Arms	groupFile/Arms	REMAINED_UNSIDED	PRE_PHASE2_EXISTING	genuinely unsided or no reliable side marker found
arm02_19	arm02_19	groupFile/Arms	groupFile/Arms	REMAINED_UNSIDED	PRE_PHASE2_EXISTING	genuinely unsided or no reliable side marker found
arm02_2	arm02_2	groupFile/Arms	groupFile/Arms	REMAINED_UNSIDED	PRE_PHASE2_EXISTING	genuinely unsided or no reliable side marker found
arm02_20	arm02_20	groupFile/Arms	groupFile/Arms	REMAINED_UNSIDED	PRE_PHASE2_EXISTING	genuinely unsided or no reliable side marker found
arm03_0	arm03_0	groupFile/Arms	groupFile/Arms	REMAINED_UNSIDED	PRE_PHASE2_EXISTING	genuinely unsided or no reliable side marker found
arm03_1	arm03_1	groupFile/Arms	groupFile/Arms	REMAINED_UNSIDED	PRE_PHASE2_EXISTING	genuinely unsided or no reliable side marker found
arm03_2	arm03_2	groupFile/Arms	groupFile/Arms	REMAINED_UNSIDED	PRE_PHASE2_EXISTING	genuinely unsided or no reliable side marker found
arm04_0	arm04_0	groupFile/Arms	groupFile/Arms	REMAINED_UNSIDED	PRE_PHASE2_EXISTING	genuinely unsided or no reliable side marker found
arm04_1	arm04_1	groupFile/Arms	groupFile/Arms	REMAINED_UNSIDED	PRE_PHASE2_EXISTING	genuinely unsided or no reliable side marker found
arm04_2	arm04_2	groupFile/Arms	groupFile/Arms	REMAINED_UNSIDED	PRE_PHASE2_EXISTING	genuinely unsided or no reliable side marker found
arm05_0	arm05_0	groupFile/Arms	groupFile/Arms	REMAINED_UNSIDED	PRE_PHASE2_EXISTING	genuinely unsided or no reliable side marker found
arm05_1	arm05_1	groupFile/Arms	groupFile/Arms	REMAINED_UNSIDED	PRE_PHASE2_EXISTING	genuinely unsided or no reliable side marker found
arm05_2	arm05_2	groupFile/Arms	groupFile/Arms	REMAINED_UNSIDED	PRE_PHASE2_EXISTING	genuinely unsided or no reliable side marker found
arm06_0	arm06_0	groupFile/Arms	groupFile/Arms	REMAINED_UNSIDED	PRE_PHASE2_EXISTING	genuinely unsided or no reliable side marker found
arm06_1	arm06_1	groupFile/Arms	groupFile/Arms	REMAINED_UNSIDED	PRE_PHASE2_EXISTING	genuinely unsided or no reliable side marker found
arm06_2	arm06_2	groupFile/Arms	groupFile/Arms	REMAINED_UNSIDED	PRE_PHASE2_EXISTING	genuinely unsided or no reliable side marker found
arm07_0	arm07_0	groupFile/Arms	groupFile/Arms	REMAINED_UNSIDED	PRE_PHASE2_EXISTING	genuinely unsided or no reliable side marker found
arm07_1	arm07_1	groupFile/Arms	groupFile/Arms	REMAINED_UNSIDED	PRE_PHASE2_EXISTING	genuinely unsided or no reliable side marker found
arm07_2	arm07_2	groupFile/Arms	groupFile/Arms	REMAINED_UNSIDED	PRE_PHASE2_EXISTING	genuinely unsided or no reliable side marker found
arm08_0	arm08_0	groupFile/Arms	groupFile/Arms	REMAINED_UNSIDED	PRE_PHASE2_EXISTING	genuinely unsided or no reliable side marker found
arm08_1	arm08_1	groupFile/Arms	groupFile/Arms	REMAINED_UNSIDED	PRE_PHASE2_EXISTING	genuinely unsided or no reliable side marker found
arm08_2	arm08_2	groupFile/Arms	groupFile/Arms	REMAINED_UNSIDED	PRE_PHASE2_EXISTING	genuinely unsided or no reliable side marker found
arm09_0	arm09_0	groupFile/Arms	groupFile/Arms	REMAINED_UNSIDED	PRE_PHASE2_EXISTING	genuinely unsided or no reliable side marker found
arm09_1	arm09_1	groupFile/Arms	groupFile/Arms	REMAINED_UNSIDED	PRE_PHASE2_EXISTING	genuinely unsided or no reliable side marker found
arm09_2	arm09_2	groupFile/Arms	groupFile/Arms	REMAINED_UNSIDED	PRE_PHASE2_EXISTING	genuinely unsided or no reliable side marker found
arm10_0	arm10_0	groupFile/Arms	groupFile/Arms	REMAINED_UNSIDED	PRE_PHASE2_EXISTING	genuinely unsided or no reliable side marker found
arm10_1	arm10_1	groupFile/Arms	groupFile/Arms	REMAINED_UNSIDED	PRE_PHASE2_EXISTING	genuinely unsided or no reliable side marker found
arm10_2	arm10_2	groupFile/Arms	groupFile/Arms	REMAINED_UNSIDED	PRE_PHASE2_EXISTING	genuinely unsided or no reliable side marker found
arm11_0	arm11_0	groupFile/Arms	groupFile/Arms	REMAINED_UNSIDED	PRE_PHASE2_EXISTING	genuinely unsided or no reliable side marker found
arm11_1	arm11_1	groupFile/Arms	groupFile/Arms	REMAINED_UNSIDED	PRE_PHASE2_EXISTING	genuinely unsided or no reliable side marker found
arm11_2	arm11_2	groupFile/Arms	groupFile/Arms	REMAINED_UNSIDED	PRE_PHASE2_EXISTING	genuinely unsided or no reliable side marker found
arm12_0	arm12_0	groupFile/Arms	groupFile/Arms	REMAINED_UNSIDED	PRE_PHASE2_EXISTING	genuinely unsided or no reliable side marker found
arm12_1	arm12_1	groupFile/Arms	groupFile/Arms	REMAINED_UNSIDED	PRE_PHASE2_EXISTING	genuinely unsided or no reliable side marker found
arm12_2	arm12_2	groupFile/Arms	groupFile/Arms	REMAINED_UNSIDED	PRE_PHASE2_EXISTING	genuinely unsided or no reliable side marker found
arm13_0	arm13_0	groupFile/Arms	groupFile/Arms	REMAINED_UNSIDED	PRE_PHASE2_EXISTING	genuinely unsided or no reliable side marker found
arm13_1	arm13_1	groupFile/Arms	groupFile/Arms	REMAINED_UNSIDED	PRE_PHASE2_EXISTING	genuinely unsided or no reliable side marker found
arm13_2	arm13_2	groupFile/Arms	groupFile/Arms	REMAINED_UNSIDED	PRE_PHASE2_EXISTING	genuinely unsided or no reliable side marker found
arm14_0	arm14_0	groupFile/Arms	groupFile/Arms	REMAINED_UNSIDED	PRE_PHASE2_EXISTING	genuinely unsided or no reliable side marker found
arm14_1	arm14_1	groupFile/Arms	groupFile/Arms	REMAINED_UNSIDED	PRE_PHASE2_EXISTING	genuinely unsided or no reliable side marker found
arm14_2	arm14_2	groupFile/Arms	groupFile/Arms	REMAINED_UNSIDED	PRE_PHASE2_EXISTING	genuinely unsided or no reliable side marker found
arm15_0	arm15_0	groupFile/Arms	groupFile/Arms	REMAINED_UNSIDED	PRE_PHASE2_EXISTING	genuinely unsided or no reliable side marker found
arm15_1	arm15_1	groupFile/Arms	groupFile/Arms	REMAINED_UNSIDED	PRE_PHASE2_EXISTING	genuinely unsided or no reliable side marker found
arm15_2	arm15_2	groupFile/Arms	groupFile/Arms	REMAINED_UNSIDED	PRE_PHASE2_EXISTING	genuinely unsided or no reliable side marker found
arm16_0	arm16_0	groupFile/Arms	groupFile/Arms	REMAINED_UNSIDED	PRE_PHASE2_EXISTING	genuinely unsided or no reliable side marker found
arm16_1	arm16_1	groupFile/Arms	groupFile/Arms	REMAINED_UNSIDED	PRE_PHASE2_EXISTING	genuinely unsided or no reliable side marker found
arm16_2	arm16_2	groupFile/Arms	groupFile/Arms	REMAINED_UNSIDED	PRE_PHASE2_EXISTING	genuinely unsided or no reliable side marker found
arm17_0	arm17_0	groupFile/Arms	groupFile/Arms	REMAINED_UNSIDED	PRE_PHASE2_EXISTING	genuinely unsided or no reliable side marker found
arm17_1	arm17_1	groupFile/Arms	groupFile/Arms	REMAINED_UNSIDED	PRE_PHASE2_EXISTING	genuinely unsided or no reliable side marker found
arm17_2	arm17_2	groupFile/Arms	groupFile/Arms	REMAINED_UNSIDED	PRE_PHASE2_EXISTING	genuinely unsided or no reliable side marker found
arm18_0	arm18_0	groupFile/Arms	groupFile/Arms	REMAINED_UNSIDED	PRE_PHASE2_EXISTING	genuinely unsided or no reliable side marker found
arm18_1	arm18_1	groupFile/Arms	groupFile/Arms	REMAINED_UNSIDED	PRE_PHASE2_EXISTING	genuinely unsided or no reliable side marker found
arm18_2	arm18_2	groupFile/Arms	groupFile/Arms	REMAINED_UNSIDED	PRE_PHASE2_EXISTING	genuinely unsided or no reliable side marker found
arm19_0	arm19_0	groupFile/Arms	groupFile/Arms	REMAINED_UNSIDED	PRE_PHASE2_EXISTING	genuinely unsided or no reliable side marker found
arm19_1	arm19_1	groupFile/Arms	groupFile/Arms	REMAINED_UNSIDED	PRE_PHASE2_EXISTING	genuinely unsided or no reliable side marker found
arm19_2	arm19_2	groupFile/Arms	groupFile/Arms	REMAINED_UNSIDED	PRE_PHASE2_EXISTING	genuinely unsided or no reliable side marker found
arm20_0	arm20_0	groupFile/Arms	groupFile/Arms	REMAINED_UNSIDED	PRE_PHASE2_EXISTING	genuinely unsided or no reliable side marker found
arm20_1	arm20_1	groupFile/Arms	groupFile/Arms	REMAINED_UNSIDED	PRE_PHASE2_EXISTING	genuinely unsided or no reliable side marker found
arm20_2	arm20_2	groupFile/Arms	groupFile/Arms	REMAINED_UNSIDED	PRE_PHASE2_EXISTING	genuinely unsided or no reliable side marker found
arm21_0	arm21_0	groupFile/Arms	groupFile/Arms	REMAINED_UNSIDED	PRE_PHASE2_EXISTING	genuinely unsided or no reliable side marker found
arm21_1	arm21_1	groupFile/Arms	groupFile/Arms	REMAINED_UNSIDED	PRE_PHASE2_EXISTING	genuinely unsided or no reliable side marker found
arm21_2	arm21_2	groupFile/Arms	groupFile/Arms	REMAINED_UNSIDED	PRE_PHASE2_EXISTING	genuinely unsided or no reliable side marker found
arm22_0	arm22_0	groupFile/Arms	groupFile/Arms	REMAINED_UNSIDED	PRE_PHASE2_EXISTING	genuinely unsided or no reliable side marker found
arm22_1	arm22_1	groupFile/Arms	groupFile/Arms	REMAINED_UNSIDED	PRE_PHASE2_EXISTING	genuinely unsided or no reliable side marker found
arm22_2	arm22_2	groupFile/Arms	groupFile/Arms	REMAINED_UNSIDED	PRE_PHASE2_EXISTING	genuinely unsided or no reliable side marker found
arm23_0	arm23_0	groupFile/Arms	groupFile/Arms	REMAINED_UNSIDED	PRE_PHASE2_EXISTING	genuinely unsided or no reliable side marker found
arm23_1	arm23_1	groupFile/Arms	groupFile/Arms	REMAINED_UNSIDED	PRE_PHASE2_EXISTING	genuinely unsided or no reliable side marker found
arm23_2	arm23_2	groupFile/Arms	groupFile/Arms	REMAINED_UNSIDED	PRE_PHASE2_EXISTING	genuinely unsided or no reliable side marker found
arm24_0	arm24_0	groupFile/Arms	groupFile/Arms	REMAINED_UNSIDED	PRE_PHASE2_EXISTING	genuinely unsided or no reliable side marker found
arm24_1	arm24_1	groupFile/Arms	groupFile/Arms	REMAINED_UNSIDED	PRE_PHASE2_EXISTING	genuinely unsided or no reliable side marker found
arm24_2	arm24_2	groupFile/Arms	groupFile/Arms	REMAINED_UNSIDED	PRE_PHASE2_EXISTING	genuinely unsided or no reliable side marker found
arm25_0	arm25_0	groupFile/Arms	groupFile/Arms	REMAINED_UNSIDED	PRE_PHASE2_EXISTING	genuinely unsided or no reliable side marker found
arm25_1	arm25_1	groupFile/Arms	groupFile/Arms	REMAINED_UNSIDED	PRE_PHASE2_EXISTING	genuinely unsided or no reliable side marker found
arm25_2	arm25_2	groupFile/Arms	groupFile/Arms	REMAINED_UNSIDED	PRE_PHASE2_EXISTING	genuinely unsided or no reliable side marker found
arm26_0	arm26_0	groupFile/Arms	groupFile/Arms	REMAINED_UNSIDED	PRE_PHASE2_EXISTING	genuinely unsided or no reliable side marker found
arm26_1	arm26_1	groupFile/Arms	groupFile/Arms	REMAINED_UNSIDED	PRE_PHASE2_EXISTING	genuinely unsided or no reliable side marker found
arm26_2	arm26_2	groupFile/Arms	groupFile/Arms	REMAINED_UNSIDED	PRE_PHASE2_EXISTING	genuinely unsided or no reliable side marker found
arm27_0	arm27_0	groupFile/Arms	groupFile/Arms	REMAINED_UNSIDED	PRE_PHASE2_EXISTING	genuinely unsided or no reliable side marker found
arm27_1	arm27_1	groupFile/Arms	groupFile/Arms	REMAINED_UNSIDED	PRE_PHASE2_EXISTING	genuinely unsided or no reliable side marker found
arm27_2	arm27_2	groupFile/Arms	groupFile/Arms	REMAINED_UNSIDED	PRE_PHASE2_EXISTING	genuinely unsided or no reliable side marker found
arm28_0	arm28_0	groupFile/Arms	groupFile/Arms	REMAINED_UNSIDED	PRE_PHASE2_EXISTING	genuinely unsided or no reliable side marker found
arm28_1	arm28_1	groupFile/Arms	groupFile/Arms	REMAINED_UNSIDED	PRE_PHASE2_EXISTING	genuinely unsided or no reliable side marker found
arm28_2	arm28_2	groupFile/Arms	groupFile/Arms	REMAINED_UNSIDED	PRE_PHASE2_EXISTING	genuinely unsided or no reliable side marker found
arm29_0	arm29_0	groupFile/Arms	groupFile/Arms	REMAINED_UNSIDED	PRE_PHASE2_EXISTING	genuinely unsided or no reliable side marker found
arm29_1	arm29_1	groupFile/Arms	groupFile/Arms	REMAINED_UNSIDED	PRE_PHASE2_EXISTING	genuinely unsided or no reliable side marker found
arm29_2	arm29_2	groupFile/Arms	groupFile/Arms	REMAINED_UNSIDED	PRE_PHASE2_EXISTING	genuinely unsided or no reliable side marker found
arm30_0	arm30_0	groupFile/Arms	groupFile/Arms	REMAINED_UNSIDED	PRE_PHASE2_EXISTING	genuinely unsided or no reliable side marker found
arm30_1	arm30_1	groupFile/Arms	groupFile/Arms	REMAINED_UNSIDED	PRE_PHASE2_EXISTING	genuinely unsided or no reliable side marker found
arm30_2	arm30_2	groupFile/Arms	groupFile/Arms	REMAINED_UNSIDED	PRE_PHASE2_EXISTING	genuinely unsided or no reliable side marker found
arm_01_00	arm_01_00	groupFile/Arms	groupFile/Arms	REMAINED_UNSIDED	PRE_PHASE2_EXISTING	genuinely unsided or no reliable side marker found
arm_01_01	arm_01_01	groupFile/Arms	groupFile/Arms	REMAINED_UNSIDED	PRE_PHASE2_EXISTING	genuinely unsided or no reliable side marker found
arm_01_02	arm_01_02	groupFile/Arms	groupFile/Arms	REMAINED_UNSIDED	PRE_PHASE2_EXISTING	genuinely unsided or no reliable side marker found
arm_01_03	arm_01_03	groupFile/Arms	groupFile/Arms	REMAINED_UNSIDED	PRE_PHASE2_EXISTING	genuinely unsided or no reliable side marker found
arm_01_04	arm_01_04	groupFile/Arms	groupFile/Arms	REMAINED_UNSIDED	PRE_PHASE2_EXISTING	genuinely unsided or no reliable side marker found
arm_01_05	arm_01_05	groupFile/Arms	groupFile/Arms	REMAINED_UNSIDED	PRE_PHASE2_EXISTING	genuinely unsided or no reliable side marker found
arm_01_06	arm_01_06	groupFile/Arms	groupFile/Arms	REMAINED_UNSIDED	PRE_PHASE2_EXISTING	genuinely unsided or no reliable side marker found
arm_01_07	arm_01_07	groupFile/Arms	groupFile/Arms	REMAINED_UNSIDED	PRE_PHASE2_EXISTING	genuinely unsided or no reliable side marker found
arm_01_08	arm_01_08	groupFile/Arms	groupFile/Arms	REMAINED_UNSIDED	PRE_PHASE2_EXISTING	genuinely unsided or no reliable side marker found
arm_01_09	arm_01_09	groupFile/Arms	groupFile/Arms	REMAINED_UNSIDED	PRE_PHASE2_EXISTING	genuinely unsided or no reliable side marker found
arm_01_10	arm_01_10	groupFile/Arms	groupFile/Arms	REMAINED_UNSIDED	PRE_PHASE2_EXISTING	genuinely unsided or no reliable side marker found
arm_01_11	arm_01_11	groupFile/Arms	groupFile/Arms	REMAINED_UNSIDED	PRE_PHASE2_EXISTING	genuinely unsided or no reliable side marker found
arm_01_12	arm_01_12	groupFile/Arms	groupFile/Arms	REMAINED_UNSIDED	PRE_PHASE2_EXISTING	genuinely unsided or no reliable side marker found
arm_01_13	arm_01_13	groupFile/Arms	groupFile/Arms	REMAINED_UNSIDED	PRE_PHASE2_EXISTING	genuinely unsided or no reliable side marker found
arm_01_14	arm_01_14	groupFile/Arms	groupFile/Arms	REMAINED_UNSIDED	PRE_PHASE2_EXISTING	genuinely unsided or no reliable side marker found
arm_01_15	arm_01_15	groupFile/Arms	groupFile/Arms	REMAINED_UNSIDED	PRE_PHASE2_EXISTING	genuinely unsided or no reliable side marker found
arm_01_16	arm_01_16	groupFile/Arms	groupFile/Arms	REMAINED_UNSIDED	PRE_PHASE2_EXISTING	genuinely unsided or no reliable side marker found
arm_01_17	arm_01_17	groupFile/Arms	groupFile/Arms	REMAINED_UNSIDED	PRE_PHASE2_EXISTING	genuinely unsided or no reliable side marker found
arm_01_18	arm_01_18	groupFile/Arms	groupFile/Arms	REMAINED_UNSIDED	PRE_PHASE2_EXISTING	genuinely unsided or no reliable side marker found
arm_01_19	arm_01_19	groupFile/Arms	groupFile/Arms	REMAINED_UNSIDED	PRE_PHASE2_EXISTING	genuinely unsided or no reliable side marker found
arm_01_20	arm_01_20	groupFile/Arms	groupFile/Arms	REMAINED_UNSIDED	PRE_PHASE2_EXISTING	genuinely unsided or no reliable side marker found
arm_02_00	arm_02_00	groupFile/Arms	groupFile/Arms	REMAINED_UNSIDED	PRE_PHASE2_EXISTING	genuinely unsided or no reliable side marker found
arm_02_01	arm_02_01	groupFile/Arms	groupFile/Arms	REMAINED_UNSIDED	PRE_PHASE2_EXISTING	genuinely unsided or no reliable side marker found
arm_02_02	arm_02_02	groupFile/Arms	groupFile/Arms	REMAINED_UNSIDED	PRE_PHASE2_EXISTING	genuinely unsided or no reliable side marker found
arm_02_03	arm_02_03	groupFile/Arms	groupFile/Arms	REMAINED_UNSIDED	PRE_PHASE2_EXISTING	genuinely unsided or no reliable side marker found
arm_02_04	arm_02_04	groupFile/Arms	groupFile/Arms	REMAINED_UNSIDED	PRE_PHASE2_EXISTING	genuinely unsided or no reliable side marker found
arm_02_05	arm_02_05	groupFile/Arms	groupFile/Arms	REMAINED_UNSIDED	PRE_PHASE2_EXISTING	genuinely unsided or no reliable side marker found
arm_02_06	arm_02_06	groupFile/Arms	groupFile/Arms	REMAINED_UNSIDED	PRE_PHASE2_EXISTING	genuinely unsided or no reliable side marker found
arm_02_07	arm_02_07	groupFile/Arms	groupFile/Arms	REMAINED_UNSIDED	PRE_PHASE2_EXISTING	genuinely unsided or no reliable side marker found
arm_02_08	arm_02_08	groupFile/Arms	groupFile/Arms	REMAINED_UNSIDED	PRE_PHASE2_EXISTING	genuinely unsided or no reliable side marker found
arm_02_09	arm_02_09	groupFile/Arms	groupFile/Arms	REMAINED_UNSIDED	PRE_PHASE2_EXISTING	genuinely unsided or no reliable side marker found
arm_02_10	arm_02_10	groupFile/Arms	groupFile/Arms	REMAINED_UNSIDED	PRE_PHASE2_EXISTING	genuinely unsided or no reliable side marker found
arm_02_11	arm_02_11	groupFile/Arms	groupFile/Arms	REMAINED_UNSIDED	PRE_PHASE2_EXISTING	genuinely unsided or no reliable side marker found
arm_02_12	arm_02_12	groupFile/Arms	groupFile/Arms	REMAINED_UNSIDED	PRE_PHASE2_EXISTING	genuinely unsided or no reliable side marker found
arm_02_13	arm_02_13	groupFile/Arms	groupFile/Arms	REMAINED_UNSIDED	PRE_PHASE2_EXISTING	genuinely unsided or no reliable side marker found
arm_02_14	arm_02_14	groupFile/Arms	groupFile/Arms	REMAINED_UNSIDED	PRE_PHASE2_EXISTING	genuinely unsided or no reliable side marker found
arm_02_15	arm_02_15	groupFile/Arms	groupFile/Arms	REMAINED_UNSIDED	PRE_PHASE2_EXISTING	genuinely unsided or no reliable side marker found
arm_02_16	arm_02_16	groupFile/Arms	groupFile/Arms	REMAINED_UNSIDED	PRE_PHASE2_EXISTING	genuinely unsided or no reliable side marker found
arm_02_17	arm_02_17	groupFile/Arms	groupFile/Arms	REMAINED_UNSIDED	PRE_PHASE2_EXISTING	genuinely unsided or no reliable side marker found
arm_02_18	arm_02_18	groupFile/Arms	groupFile/Arms	REMAINED_UNSIDED	PRE_PHASE2_EXISTING	genuinely unsided or no reliable side marker found
arm_02_19	arm_02_19	groupFile/Arms	groupFile/Arms	REMAINED_UNSIDED	PRE_PHASE2_EXISTING	genuinely unsided or no reliable side marker found
arm_02_20	arm_02_20	groupFile/Arms	groupFile/Arms	REMAINED_UNSIDED	PRE_PHASE2_EXISTING	genuinely unsided or no reliable side marker found
b_ar_root	b_AR_Root	groupFile/Arms	groupFile/Arms	REMAINED_UNSIDED	PRE_PHASE2_EXISTING	genuinely unsided or no reliable side marker found
bip_collart	bip_CollarT	groupFile/Arms	groupFile/Arms	REMAINED_UNSIDED	PRE_PHASE2_EXISTING	genuinely unsided or no reliable side marker found
bip_forearm_helper	bip_Forearm_helper	groupFile/Arms	groupFile/Arms	REMAINED_UNSIDED	PRE_PHASE2_EXISTING	genuinely unsided or no reliable side marker found
bip_hand	bip_hand	groupFile/Arms	groupFile/Arms	REMAINED_UNSIDED	PRE_PHASE2_EXISTING	genuinely unsided or no reliable side marker found
bip_hlp_el	bip_hlp_el	groupFile/Arms	groupFile/Arms	REMAINED_UNSIDED	PRE_PHASE2_EXISTING	genuinely unsided or no reliable side marker found
bip_hlp_el.001	bip_hlp_el.001	groupFile/Arms	groupFile/Arms	REMAINED_UNSIDED	PRE_PHASE2_EXISTING	genuinely unsided or no reliable side marker found
bip_hlp_upper	bip_hlp_upper	groupFile/Arms	groupFile/Arms	REMAINED_UNSIDED	PRE_PHASE2_EXISTING	genuinely unsided or no reliable side marker found
bip_hlp_upper.001	bip_hlp_upper.001	groupFile/Arms	groupFile/Arms	REMAINED_UNSIDED	PRE_PHASE2_EXISTING	genuinely unsided or no reliable side marker found
bip_shoulder_helper	bip_Shoulder_helper	groupFile/Arms	groupFile/Arms	REMAINED_UNSIDED	PRE_PHASE2_EXISTING	genuinely unsided or no reliable side marker found
bip_wrist_helper	bip_wrist_helper	groupFile/Arms	groupFile/Arms	REMAINED_UNSIDED	PRE_PHASE2_EXISTING	genuinely unsided or no reliable side marker found
collarbookbackikl1	CollarBookBackIKL1	groupFile/Arms	groupFile/Arms	DEFERRED_UNCLEAR	PRE_PHASE2_EXISTING	No 'IKR' counterpart anywhere in the Master; lone IK-helper family, side not confirmable.
collarbookbackikl2	CollarBookBackIKL2	groupFile/Arms	groupFile/Arms	DEFERRED_UNCLEAR	PRE_PHASE2_EXISTING	No 'IKR' counterpart anywhere in the Master; lone IK-helper family, side not confirmable.
collarbookhandfrontikl1	CollarBookHandFrontIKL1	groupFile/Arms	groupFile/Arms	DEFERRED_UNCLEAR	PRE_PHASE2_EXISTING	No 'IKR' counterpart anywhere in the Master; lone IK-helper family, side not confirmable.
collarbookhandfrontikl2	CollarBookHandFrontIKL2	groupFile/Arms	groupFile/Arms	DEFERRED_UNCLEAR	PRE_PHASE2_EXISTING	No 'IKR' counterpart anywhere in the Master; lone IK-helper family, side not confirmable.
collarbookphysicsparent	CollarBookPhysicsParent	groupFile/Arms	groupFile/Arms	REMAINED_UNSIDED	PRE_PHASE2_EXISTING	genuinely unsided or no reliable side marker found
forearm twist 0	Forearm Twist 0	groupFile/Arms	groupFile/Arms	REMAINED_UNSIDED	PRE_PHASE2_EXISTING	genuinely unsided or no reliable side marker found
forearm twist 00	Forearm Twist 00	groupFile/Arms	groupFile/Arms	REMAINED_UNSIDED	PRE_PHASE2_EXISTING	genuinely unsided or no reliable side marker found
forearm twist 01	Forearm Twist 01	groupFile/Arms	groupFile/Arms	REMAINED_UNSIDED	PRE_PHASE2_EXISTING	genuinely unsided or no reliable side marker found
forearm twist 02	Forearm Twist 02	groupFile/Arms	groupFile/Arms	REMAINED_UNSIDED	PRE_PHASE2_EXISTING	genuinely unsided or no reliable side marker found
forearm twist 03	Forearm Twist 03	groupFile/Arms	groupFile/Arms	REMAINED_UNSIDED	PRE_PHASE2_EXISTING	genuinely unsided or no reliable side marker found
forearm twist 04	Forearm Twist 04	groupFile/Arms	groupFile/Arms	REMAINED_UNSIDED	PRE_PHASE2_EXISTING	genuinely unsided or no reliable side marker found
forearm twist 05	Forearm Twist 05	groupFile/Arms	groupFile/Arms	REMAINED_UNSIDED	PRE_PHASE2_EXISTING	genuinely unsided or no reliable side marker found
forearm twist 06	Forearm Twist 06	groupFile/Arms	groupFile/Arms	REMAINED_UNSIDED	PRE_PHASE2_EXISTING	genuinely unsided or no reliable side marker found
forearm twist 07	Forearm Twist 07	groupFile/Arms	groupFile/Arms	REMAINED_UNSIDED	PRE_PHASE2_EXISTING	genuinely unsided or no reliable side marker found
forearm twist 08	Forearm Twist 08	groupFile/Arms	groupFile/Arms	REMAINED_UNSIDED	PRE_PHASE2_EXISTING	genuinely unsided or no reliable side marker found
forearm twist 09	Forearm Twist 09	groupFile/Arms	groupFile/Arms	REMAINED_UNSIDED	PRE_PHASE2_EXISTING	genuinely unsided or no reliable side marker found
forearm twist 1	Forearm Twist 1	groupFile/Arms	groupFile/Arms	REMAINED_UNSIDED	PRE_PHASE2_EXISTING	genuinely unsided or no reliable side marker found
forearm twist 10	Forearm Twist 10	groupFile/Arms	groupFile/Arms	REMAINED_UNSIDED	PRE_PHASE2_EXISTING	genuinely unsided or no reliable side marker found
forearm twist 2	Forearm Twist 2	groupFile/Arms	groupFile/Arms	REMAINED_UNSIDED	PRE_PHASE2_EXISTING	genuinely unsided or no reliable side marker found
forearm twist 3	Forearm Twist 3	groupFile/Arms	groupFile/Arms	REMAINED_UNSIDED	PRE_PHASE2_EXISTING	genuinely unsided or no reliable side marker found
forearm twist 4	Forearm Twist 4	groupFile/Arms	groupFile/Arms	REMAINED_UNSIDED	PRE_PHASE2_EXISTING	genuinely unsided or no reliable side marker found
forearm twist 5	Forearm Twist 5	groupFile/Arms	groupFile/Arms	REMAINED_UNSIDED	PRE_PHASE2_EXISTING	genuinely unsided or no reliable side marker found
forearm twist 6	Forearm Twist 6	groupFile/Arms	groupFile/Arms	REMAINED_UNSIDED	PRE_PHASE2_EXISTING	genuinely unsided or no reliable side marker found
forearm twist 7	Forearm Twist 7	groupFile/Arms	groupFile/Arms	REMAINED_UNSIDED	PRE_PHASE2_EXISTING	genuinely unsided or no reliable side marker found
forearm twist 8	Forearm Twist 8	groupFile/Arms	groupFile/Arms	REMAINED_UNSIDED	PRE_PHASE2_EXISTING	genuinely unsided or no reliable side marker found
forearm twist 9	Forearm Twist 9	groupFile/Arms	groupFile/Arms	REMAINED_UNSIDED	PRE_PHASE2_EXISTING	genuinely unsided or no reliable side marker found
leftfingers	LeftFingers	groupFile/Arms	groupFile/Arms/LeftArm	MOVED_LEFT	PRE_PHASE2_EXISTING	token-based naming convention match (see full LEFT/RIGHT review lists)
m_forearm	M_Forearm	groupFile/Arms	groupFile/Arms	REMAINED_UNSIDED	PRE_PHASE2_EXISTING	genuinely unsided or no reliable side marker found
m_hand	M_Hand	groupFile/Arms	groupFile/Arms	REMAINED_UNSIDED	PRE_PHASE2_EXISTING	genuinely unsided or no reliable side marker found
m_upperarm	M_UpperArm	groupFile/Arms	groupFile/Arms	REMAINED_UNSIDED	PRE_PHASE2_EXISTING	genuinely unsided or no reliable side marker found
main forearm twist	Main Forearm Twist	groupFile/Arms	groupFile/Arms	REMAINED_UNSIDED	PRE_PHASE2_EXISTING	genuinely unsided or no reliable side marker found
rightfingers	RightFingers	groupFile/Arms	groupFile/Arms/RightArm	MOVED_RIGHT	PRE_PHASE2_EXISTING	token-based naming convention match (see full LEFT/RIGHT review lists)
robotic arm helper 01	Robotic Arm Helper 01	groupFile/Arms	groupFile/Arms	REMAINED_UNSIDED	PRE_PHASE2_EXISTING	genuinely unsided or no reliable side marker found
robotic arm helper 02	Robotic Arm Helper 02	groupFile/Arms	groupFile/Arms	REMAINED_UNSIDED	PRE_PHASE2_EXISTING	genuinely unsided or no reliable side marker found
shoulder.control	shoulder.control	groupFile/Arms	groupFile/Arms	REMAINED_UNSIDED	PRE_PHASE2_EXISTING	genuinely unsided or no reliable side marker found
unused upper mid	unused upper mid	groupFile/Arms	groupFile/Arms	REMAINED_UNSIDED	PRE_PHASE2_EXISTING	genuinely unsided or no reliable side marker found
unused074	unused074	groupFile/Arms	groupFile/Arms	REMAINED_UNSIDED	PRE_PHASE2_EXISTING	genuinely unsided or no reliable side marker found
unused075	unused075	groupFile/Arms	groupFile/Arms	REMAINED_UNSIDED	PRE_PHASE2_EXISTING	genuinely unsided or no reliable side marker found
unused076	unused076	groupFile/Arms	groupFile/Arms	REMAINED_UNSIDED	PRE_PHASE2_EXISTING	genuinely unsided or no reliable side marker found
unused099	unused099	groupFile/Arms	groupFile/Arms	REMAINED_UNSIDED	PRE_PHASE2_EXISTING	genuinely unsided or no reliable side marker found
unused100	unused100	groupFile/Arms	groupFile/Arms	REMAINED_UNSIDED	PRE_PHASE2_EXISTING	genuinely unsided or no reliable side marker found
unused101	unused101	groupFile/Arms	groupFile/Arms	REMAINED_UNSIDED	PRE_PHASE2_EXISTING	genuinely unsided or no reliable side marker found
valvebiped.bip01_extra_clavicle	ValveBiped.Bip01_extra_Clavicle	groupFile/Arms	groupFile/Arms	REMAINED_UNSIDED	PRE_PHASE2_EXISTING	genuinely unsided or no reliable side marker found
valvebiped.bip01_extra_forearm	ValveBiped.Bip01_extra_Forearm	groupFile/Arms	groupFile/Arms	REMAINED_UNSIDED	PRE_PHASE2_EXISTING	genuinely unsided or no reliable side marker found
valvebiped.bip01_extra_hand	ValveBiped.Bip01_extra_Hand	groupFile/Arms	groupFile/Arms	REMAINED_UNSIDED	PRE_PHASE2_EXISTING	genuinely unsided or no reliable side marker found
valvebiped.bip01_extra_upperarm	ValveBiped.Bip01_extra_UpperArm	groupFile/Arms	groupFile/Arms	REMAINED_UNSIDED	PRE_PHASE2_EXISTING	genuinely unsided or no reliable side marker found
arm right roll 1	arm right roll 1	groupFile/Arms	groupFile/Arms/RightArm	MOVED_RIGHT	PHASE2_IMPORTED	token-based naming convention match (see full LEFT/RIGHT review lists)
arm right shoulder twist2	arm right shoulder twist2	groupFile/Arms	groupFile/Arms/RightArm	MOVED_RIGHT	PHASE2_IMPORTED	token-based naming convention match (see full LEFT/RIGHT review lists)
bip collar l	bip collar l	groupFile/Arms	groupFile/Arms/LeftArm	MOVED_LEFT	PHASE2_IMPORTED	token-based naming convention match (see full LEFT/RIGHT review lists)
bip upperarmbase l	bip upperarmbase l	groupFile/Arms	groupFile/Arms/LeftArm	MOVED_LEFT	PHASE2_IMPORTED	token-based naming convention match (see full LEFT/RIGHT review lists)
bip01_r_upperarm016	Bip01_R_UpperArm016	groupFile/Arms	groupFile/Arms/RightArm	MOVED_RIGHT	PHASE2_IMPORTED	token-based naming convention match (see full LEFT/RIGHT review lists)
bip_bobby_l_foretwist1	Bip_BOBBY_L_ForeTwist1	groupFile/Arms	groupFile/Arms/LeftArm	MOVED_LEFT	PHASE2_IMPORTED	token-based naming convention match (see full LEFT/RIGHT review lists)
third_arms_r_1	Third_Arms_R_1	groupFile/Arms	groupFile/Arms/RightArm	MOVED_RIGHT	PHASE2_IMPORTED	token-based naming convention match (see full LEFT/RIGHT review lists)
upperarm_left	upperarm_left	groupFile/Arms	groupFile/Arms/LeftArm	MOVED_LEFT	PHASE2_IMPORTED	token-based naming convention match (see full LEFT/RIGHT review lists)
arm left wrist ctrl 1	arm left wrist ctrl 1	groupFile/Arms	groupFile/Arms/LeftArm	MOVED_LEFT	PHASE2_IMPORTED	token-based naming convention match (see full LEFT/RIGHT review lists)
lowerarm_roll_left_0	lowerarm_roll_left_0	groupFile/Arms	groupFile/Arms/LeftArm	MOVED_LEFT	PHASE2_IMPORTED	token-based naming convention match (see full LEFT/RIGHT review lists)
valvebiped.bip01_r_forearm_helperbone	ValveBiped.Bip01_R_Forearm_Helperbone	groupFile/Arms	groupFile/Arms/RightArm	MOVED_RIGHT	PHASE2_IMPORTED	token-based naming convention match (see full LEFT/RIGHT review lists)
arm left arm twist 1	arm left arm twist 1	groupFile/Arms	groupFile/Arms/LeftArm	MOVED_LEFT	PHASE2_IMPORTED	token-based naming convention match (see full LEFT/RIGHT review lists)
bip upperarmtwist2 r	bip upperarmtwist2 r	groupFile/Arms	groupFile/Arms/RightArm	MOVED_RIGHT	PHASE2_IMPORTED	token-based naming convention match (see full LEFT/RIGHT review lists)
bip01_r_forearm009	Bip01_R_Forearm009	groupFile/Arms	groupFile/Arms/RightArm	MOVED_RIGHT	PHASE2_IMPORTED	token-based naming convention match (see full LEFT/RIGHT review lists)
hiji_r__rot_ude_r__z50__offset	hiji_r__rot_ude_r__z50__offset	groupFile/Arms	groupFile/Arms/RightArm	MOVED_RIGHT	PHASE2_IMPORTED	token-based naming convention match (see full LEFT/RIGHT review lists)
r_frontpaw	R_FrontPaw	groupFile/Arms	groupFile/Arms/RightArm	MOVED_RIGHT	PHASE2_IMPORTED	token-based naming convention match (see full LEFT/RIGHT review lists)
rforearmex	RForeArmEX	groupFile/Arms	groupFile/Arms/RightArm	MOVED_RIGHT	PHASE2_IMPORTED	token-based naming convention match (see full LEFT/RIGHT review lists)
arm left shoulder 2 ctr3	arm left shoulder 2 ctr3	groupFile/Arms	groupFile/Arms/LeftArm	MOVED_LEFT	PHASE2_IMPORTED	token-based naming convention match (see full LEFT/RIGHT review lists)
lshoulderj	LShoulderJ	groupFile/Arms	groupFile/Arms/LeftArm	MOVED_LEFT	PHASE2_IMPORTED	token-based naming convention match (see full LEFT/RIGHT review lists)
arm left shoulder 2 adj. 2	arm left shoulder 2 adj. 2	groupFile/Arms	groupFile/Arms/LeftArm	MOVED_LEFT	PHASE2_IMPORTED	token-based naming convention match (see full LEFT/RIGHT review lists)
arm right lower 1	arm right lower 1	groupFile/Arms	groupFile/Arms/RightArm	MOVED_RIGHT	PHASE2_IMPORTED	token-based naming convention match (see full LEFT/RIGHT review lists)
arm.left_top	Arm.Left_Top	groupFile/Arms	groupFile/Arms/LeftArm	MOVED_LEFT	PHASE2_IMPORTED	token-based naming convention match (see full LEFT/RIGHT review lists)
bip001 r foretwist	Bip001 R ForeTwist	groupFile/Arms	groupFile/Arms/RightArm	MOVED_RIGHT	PHASE2_IMPORTED	token-based naming convention match (see full LEFT/RIGHT review lists)
bip001-l-clavicle	Bip001-L-Clavicle	groupFile/Arms	groupFile/Arms/LeftArm	MOVED_LEFT	PHASE2_IMPORTED	token-based naming convention match (see full LEFT/RIGHT review lists)
bip01_l_forearm007	Bip01_L_Forearm007	groupFile/Arms	groupFile/Arms/LeftArm	MOVED_LEFT	PHASE2_IMPORTED	token-based naming convention match (see full LEFT/RIGHT review lists)
bip01_l_hand007	Bip01_L_Hand007	groupFile/Arms	groupFile/Arms/LeftArm	MOVED_LEFT	PHASE2_IMPORTED	token-based naming convention match (see full LEFT/RIGHT review lists)
bip01_r_upperarm013	Bip01_R_UpperArm013	groupFile/Arms	groupFile/Arms/RightArm	MOVED_RIGHT	PHASE2_IMPORTED	token-based naming convention match (see full LEFT/RIGHT review lists)
bone forearm01	bone forearm01	groupFile/Arms	groupFile/Arms	REMAINED_UNSIDED	PHASE2_IMPORTED	genuinely unsided or no reliable side marker found
bone-r-upperarm-twist1	Bone-R-UpperArm-Twist1	groupFile/Arms	groupFile/Arms/RightArm	MOVED_RIGHT	PHASE2_IMPORTED	token-based naming convention match (see full LEFT/RIGHT review lists)
elbowroll l	ELBOWROLL L	groupFile/Arms	groupFile/Arms/LeftArm	MOVED_LEFT	PHASE2_IMPORTED	token-based naming convention match (see full LEFT/RIGHT review lists)
l_upperarm_00002	l_upperarm_00002	groupFile/Arms	groupFile/Arms/LeftArm	MOVED_LEFT	PHASE2_IMPORTED	token-based naming convention match (see full LEFT/RIGHT review lists)
sakotsu_rt_rside_d__offset	sakotsu_rt_rside_d__offset	groupFile/Arms	groupFile/Arms/RightArm	MOVED_RIGHT	PHASE2_IMPORTED	token-based naming convention match (see full LEFT/RIGHT review lists)
valvebiped.bip01_r_forearmtwist1	ValveBiped.Bip01_R_ForearmTwist1	groupFile/Arms	groupFile/Arms/RightArm	MOVED_RIGHT	PHASE2_IMPORTED	token-based naming convention match (see full LEFT/RIGHT review lists)
arm left elbow adjust b	arm left elbow adjust b	groupFile/Arms	groupFile/Arms/LeftArm	MOVED_LEFT	PHASE2_IMPORTED	token-based naming convention match (see full LEFT/RIGHT review lists)
right arm twist	Right arm twist	groupFile/Arms	groupFile/Arms/RightArm	MOVED_RIGHT	PHASE2_IMPORTED	token-based naming convention match (see full LEFT/RIGHT review lists)
lshoulderjb	LShoulderJb	groupFile/Arms	groupFile/Arms/LeftArm	MOVED_LEFT	PHASE2_IMPORTED	token-based naming convention match (see full LEFT/RIGHT review lists)
arm right shoulder adjuster	Arm Right Shoulder Adjuster	groupFile/Arms	groupFile/Arms/RightArm	MOVED_RIGHT	PHASE2_IMPORTED	token-based naming convention match (see full LEFT/RIGHT review lists)
bone hand	bone hand	groupFile/Arms	groupFile/Arms	REMAINED_UNSIDED	PHASE2_IMPORTED	genuinely unsided or no reliable side marker found
bip01_l_clavicle011	Bip01_L_Clavicle011	groupFile/Arms	groupFile/Arms/LeftArm	MOVED_LEFT	PHASE2_IMPORTED	token-based naming convention match (see full LEFT/RIGHT review lists)
arm right elbow ctr1	arm right elbow ctr1	groupFile/Arms	groupFile/Arms/RightArm	MOVED_RIGHT	PHASE2_IMPORTED	token-based naming convention match (see full LEFT/RIGHT review lists)
bip01_l_hand009	Bip01_L_Hand009	groupFile/Arms	groupFile/Arms/LeftArm	MOVED_LEFT	PHASE2_IMPORTED	token-based naming convention match (see full LEFT/RIGHT review lists)
d_bicepsmucle_r	D_bicepsMucle_R	groupFile/Arms	groupFile/Arms/RightArm	MOVED_RIGHT	PHASE2_IMPORTED	token-based naming convention match (see full LEFT/RIGHT review lists)
bip elbowhelper r	bip elbowhelper r	groupFile/Arms	groupFile/Arms/RightArm	MOVED_RIGHT	PHASE2_IMPORTED	token-based naming convention match (see full LEFT/RIGHT review lists)
bip01-l-upperarm001	Bip01-L-UpperArm001	groupFile/Arms	groupFile/Arms/LeftArm	MOVED_LEFT	PHASE2_IMPORTED	token-based naming convention match (see full LEFT/RIGHT review lists)
bipfio l foretwist1	BipFio L ForeTwist1	groupFile/Arms	groupFile/Arms/LeftArm	MOVED_LEFT	PHASE2_IMPORTED	token-based naming convention match (see full LEFT/RIGHT review lists)
forearm.l.001	forearm.L.001	groupFile/Arms	groupFile/Arms/LeftArm	MOVED_LEFT	PHASE2_IMPORTED	token-based naming convention match (see full LEFT/RIGHT review lists)
valvebiped.hip_l_ulna	ValveBiped.Hip_L_Ulna	groupFile/Arms	groupFile/Arms/LeftArm	MOVED_LEFT	PHASE2_IMPORTED	token-based naming convention match (see full LEFT/RIGHT review lists)
bip01_l_upperarm002	Bip01_L_UpperArm002	groupFile/Arms	groupFile/Arms/LeftArm	MOVED_LEFT	PHASE2_IMPORTED	token-based naming convention match (see full LEFT/RIGHT review lists)
bip01_l_clavicle013	Bip01_L_Clavicle013	groupFile/Arms	groupFile/Arms/LeftArm	MOVED_LEFT	PHASE2_IMPORTED	token-based naming convention match (see full LEFT/RIGHT review lists)
l_elbow_outer_lower_helper	l_elbow_outer_lower_helper	groupFile/Arms	groupFile/Arms/LeftArm	MOVED_LEFT	PHASE2_IMPORTED	token-based naming convention match (see full LEFT/RIGHT review lists)
upperarmbase_r	UpperArmBase_R	groupFile/Arms	groupFile/Arms/RightArm	MOVED_RIGHT	PHASE2_IMPORTED	token-based naming convention match (see full LEFT/RIGHT review lists)
(flex) arms + top	(FLEX) Arms + Top	groupFile/Arms	groupFile/Arms	REMAINED_UNSIDED	PHASE2_IMPORTED	genuinely unsided or no reliable side marker found
l collar 01	l collar 01	groupFile/Arms	groupFile/Arms/LeftArm	MOVED_LEFT	PHASE2_IMPORTED	token-based naming convention match (see full LEFT/RIGHT review lists)
d_forearmmucle02_r	D_ForearmMucle02_R	groupFile/Arms	groupFile/Arms/RightArm	MOVED_RIGHT	PHASE2_IMPORTED	token-based naming convention match (see full LEFT/RIGHT review lists)
bip01-l-foretwist002	Bip01-L-ForeTwist002	groupFile/Arms	groupFile/Arms/LeftArm	MOVED_LEFT	PHASE2_IMPORTED	token-based naming convention match (see full LEFT/RIGHT review lists)
arm right elbow twist2	arm right elbow twist2	groupFile/Arms	groupFile/Arms/RightArm	MOVED_RIGHT	PHASE2_IMPORTED	token-based naming convention match (see full LEFT/RIGHT review lists)
leftarmbicep_helper	LeftArmBicep_helper	groupFile/Arms	groupFile/Arms/LeftArm	MOVED_LEFT	PHASE2_IMPORTED	token-based naming convention match (see full LEFT/RIGHT review lists)
l_shoulder_twist_a_helper	l_shoulder_twist_a_helper	groupFile/Arms	groupFile/Arms/LeftArm	MOVED_LEFT	PHASE2_IMPORTED	token-based naming convention match (see full LEFT/RIGHT review lists)
mot04_leftforearm	MOT04_LeftForeArm	groupFile/Arms	groupFile/Arms/LeftArm	MOVED_LEFT	PHASE2_IMPORTED	token-based naming convention match (see full LEFT/RIGHT review lists)
canine_lfrontlegshoulderblade	Canine_LFrontLegShoulderblade	groupFile/Arms	groupFile/Arms/LeftArm	MOVED_LEFT	PHASE2_IMPORTED	token-based naming convention match (see full LEFT/RIGHT review lists)
arm left shoulder 1 ctr2	arm left shoulder 1 ctr2	groupFile/Arms	groupFile/Arms/LeftArm	MOVED_LEFT	PHASE2_IMPORTED	token-based naming convention match (see full LEFT/RIGHT review lists)
bip01_r_clavicle016	Bip01_R_Clavicle016	groupFile/Arms	groupFile/Arms/RightArm	MOVED_RIGHT	PHASE2_IMPORTED	token-based naming convention match (see full LEFT/RIGHT review lists)
bip01_r_hand010	Bip01_R_Hand010	groupFile/Arms	groupFile/Arms/RightArm	MOVED_RIGHT	PHASE2_IMPORTED	token-based naming convention match (see full LEFT/RIGHT review lists)
upperarmtwist2right	UpperArmTwist2Right	groupFile/Arms	groupFile/Arms/RightArm	MOVED_RIGHT	PHASE2_IMPORTED	token-based naming convention match (see full LEFT/RIGHT review lists)
helper_forearm_r	helper_forearm_R	groupFile/Arms	groupFile/Arms/RightArm	MOVED_RIGHT	PHASE2_IMPORTED	token-based naming convention match (see full LEFT/RIGHT review lists)
bip01_r_hand016	Bip01_R_Hand016	groupFile/Arms	groupFile/Arms/RightArm	MOVED_RIGHT	PHASE2_IMPORTED	token-based naming convention match (see full LEFT/RIGHT review lists)
bip001-r-upperarm	Bip001-R-UpperArm	groupFile/Arms	groupFile/Arms/RightArm	MOVED_RIGHT	PHASE2_IMPORTED	token-based naming convention match (see full LEFT/RIGHT review lists)
right_shoulder_c	right_shoulder_C	groupFile/Arms	groupFile/Arms/RightArm	MOVED_RIGHT	PHASE2_IMPORTED	token-based naming convention match (see full LEFT/RIGHT review lists)
l_elbow_twist_a_helper	l_elbow_twist_a_helper	groupFile/Arms	groupFile/Arms/LeftArm	MOVED_LEFT	PHASE2_IMPORTED	token-based naming convention match (see full LEFT/RIGHT review lists)
bipqwn l foretwist1	BipQwn L ForeTwist1	groupFile/Arms	groupFile/Arms/LeftArm	MOVED_LEFT	PHASE2_IMPORTED	token-based naming convention match (see full LEFT/RIGHT review lists)
org-palm.01.l	ORG-palm.01.L	groupFile/Arms	groupFile/Arms/LeftArm	MOVED_LEFT	PHASE2_IMPORTED	token-based naming convention match (see full LEFT/RIGHT review lists)
org-palm.03.r	ORG-palm.03.R	groupFile/Arms	groupFile/Arms/RightArm	MOVED_RIGHT	PHASE2_IMPORTED	token-based naming convention match (see full LEFT/RIGHT review lists)
bipqwn r foretwist	BipQwn R ForeTwist	groupFile/Arms	groupFile/Arms/RightArm	MOVED_RIGHT	PHASE2_IMPORTED	token-based naming convention match (see full LEFT/RIGHT review lists)
bip01_l_hand008	Bip01_L_Hand008	groupFile/Arms	groupFile/Arms/LeftArm	MOVED_LEFT	PHASE2_IMPORTED	token-based naming convention match (see full LEFT/RIGHT review lists)
bip001-r-forearm	Bip001-R-Forearm	groupFile/Arms	groupFile/Arms/RightArm	MOVED_RIGHT	PHASE2_IMPORTED	token-based naming convention match (see full LEFT/RIGHT review lists)
arm left shoulder ctr 2	arm left shoulder ctr 2	groupFile/Arms	groupFile/Arms/LeftArm	MOVED_LEFT	PHASE2_IMPORTED	token-based naming convention match (see full LEFT/RIGHT review lists)
leftlowerforearm_helper	LeftLowerForeArm_helper	groupFile/Arms	groupFile/Arms/LeftArm	MOVED_LEFT	PHASE2_IMPORTED	token-based naming convention match (see full LEFT/RIGHT review lists)
hand_b_r	Hand_B_R	groupFile/Arms	groupFile/Arms/RightArm	MOVED_RIGHT	PHASE2_IMPORTED	token-based naming convention match (see full LEFT/RIGHT review lists)
muscleforearm	MuscleForeArm	groupFile/Arms	groupFile/Arms	REMAINED_UNSIDED	PHASE2_IMPORTED	genuinely unsided or no reliable side marker found
collar right 3	collar right 3	groupFile/Arms	groupFile/Arms/RightArm	MOVED_RIGHT	PHASE2_IMPORTED	token-based naming convention match (see full LEFT/RIGHT review lists)
l_deltoid_helper	l_deltoid_helper	groupFile/Arms	groupFile/Arms/LeftArm	MOVED_LEFT	PHASE2_IMPORTED	token-based naming convention match (see full LEFT/RIGHT review lists)
elbowroll r	ELBOWROLL R	groupFile/Arms	groupFile/Arms/RightArm	MOVED_RIGHT	PHASE2_IMPORTED	token-based naming convention match (see full LEFT/RIGHT review lists)
bip01 forearmtwist.l	Bip01 ForearmTwist.L	groupFile/Arms	groupFile/Arms/LeftArm	MOVED_LEFT	PHASE2_IMPORTED	token-based naming convention match (see full LEFT/RIGHT review lists)
palmrukaz	PalmRUkaz	groupFile/Arms	groupFile/Arms/RightArm	MOVED_RIGHT	PHASE2_IMPORTED	token-based naming convention match (see full LEFT/RIGHT review lists)
arm right shoulder 2 ctr3	arm right shoulder 2 ctr3	groupFile/Arms	groupFile/Arms/RightArm	MOVED_RIGHT	PHASE2_IMPORTED	token-based naming convention match (see full LEFT/RIGHT review lists)
third_arms_l_wrist	Third_Arms_L_Wrist	groupFile/Arms	groupFile/Arms/LeftArm	MOVED_LEFT	PHASE2_IMPORTED	token-based naming convention match (see full LEFT/RIGHT review lists)
bip01_r_clavicle002	Bip01_R_Clavicle002	groupFile/Arms	groupFile/Arms/RightArm	MOVED_RIGHT	PHASE2_IMPORTED	token-based naming convention match (see full LEFT/RIGHT review lists)
bipbrk r foretwist	BipBrk R ForeTwist	groupFile/Arms	groupFile/Arms/RightArm	MOVED_RIGHT	PHASE2_IMPORTED	token-based naming convention match (see full LEFT/RIGHT review lists)
armpit_l	Armpit_L	groupFile/Arms	groupFile/Arms/LeftArm	MOVED_LEFT	PHASE2_IMPORTED	token-based naming convention match (see full LEFT/RIGHT review lists)
arm right shoulder ctr 2	arm right shoulder ctr 2	groupFile/Arms	groupFile/Arms/RightArm	MOVED_RIGHT	PHASE2_IMPORTED	token-based naming convention match (see full LEFT/RIGHT review lists)
wrist	Wrist	groupFile/Arms	groupFile/Arms	REMAINED_UNSIDED	PHASE2_IMPORTED	genuinely unsided or no reliable side marker found
bip collarhelper r	bip collarhelper r	groupFile/Arms	groupFile/Arms/RightArm	MOVED_RIGHT	PHASE2_IMPORTED	token-based naming convention match (see full LEFT/RIGHT review lists)
flm-armb-arm-lf	Flm-ArmB-Arm-LF	groupFile/Arms	groupFile/Arms/LeftArm	MOVED_LEFT	PHASE2_IMPORTED	verified mirrored Flm-ArmB-Arm-L/R lettered family (A-I complete on both sides)
sakotsu_rt_l_d__offset	sakotsu_rt_l_d__offset	groupFile/Arms	groupFile/Arms/LeftArm	MOVED_LEFT	PHASE2_IMPORTED	token-based naming convention match (see full LEFT/RIGHT review lists)
bip_r_arm_01_roll	bip_r_arm_01_roll	groupFile/Arms	groupFile/Arms/RightArm	MOVED_RIGHT	PHASE2_IMPORTED	token-based naming convention match (see full LEFT/RIGHT review lists)
arm left elbow ctr 1	arm left elbow ctr 1	groupFile/Arms	groupFile/Arms/LeftArm	MOVED_LEFT	PHASE2_IMPORTED	token-based naming convention match (see full LEFT/RIGHT review lists)
rarmtwist2	rArmTwist2	groupFile/Arms	groupFile/Arms/RightArm	MOVED_RIGHT	PHASE2_IMPORTED	token-based naming convention match (see full LEFT/RIGHT review lists)
leftelbowpoint_helper	LeftElbowPoint_helper	groupFile/Arms	groupFile/Arms/LeftArm	MOVED_LEFT	PHASE2_IMPORTED	token-based naming convention match (see full LEFT/RIGHT review lists)
r_wrist_upper_b_helper	r_wrist_upper_b_helper	groupFile/Arms	groupFile/Arms/RightArm	MOVED_RIGHT	PHASE2_IMPORTED	token-based naming convention match (see full LEFT/RIGHT review lists)
upperarm_twist_l_02	upperarm_twist_l_02	groupFile/Arms	groupFile/Arms/LeftArm	MOVED_LEFT	PHASE2_IMPORTED	token-based naming convention match (see full LEFT/RIGHT review lists)
righthandball	RightHandBall	groupFile/Arms	groupFile/Arms/RightArm	MOVED_RIGHT	PHASE2_IMPORTED	token-based naming convention match (see full LEFT/RIGHT review lists)
r_scapula_helper	r_scapula_helper	groupFile/Arms	groupFile/Arms/RightArm	MOVED_RIGHT	PHASE2_IMPORTED	token-based naming convention match (see full LEFT/RIGHT review lists)
arm left elbow adjust a	arm left elbow adjust a	groupFile/Arms	groupFile/Arms/LeftArm	MOVED_LEFT	PHASE2_IMPORTED	token-based naming convention match (see full LEFT/RIGHT review lists)
arm right elbow ctr 2	arm right elbow ctr 2	groupFile/Arms	groupFile/Arms/RightArm	MOVED_RIGHT	PHASE2_IMPORTED	token-based naming convention match (see full LEFT/RIGHT review lists)
bip01_l_clavicle007	Bip01_L_Clavicle007	groupFile/Arms	groupFile/Arms/LeftArm	MOVED_LEFT	PHASE2_IMPORTED	token-based naming convention match (see full LEFT/RIGHT review lists)
arm right forearm adj a	arm right forearm adj a	groupFile/Arms	groupFile/Arms/RightArm	MOVED_RIGHT	PHASE2_IMPORTED	token-based naming convention match (see full LEFT/RIGHT review lists)
bip01 clavicle.r	Bip01 Clavicle.R	groupFile/Arms	groupFile/Arms/RightArm	MOVED_RIGHT	PHASE2_IMPORTED	token-based naming convention match (see full LEFT/RIGHT review lists)
l collarb sec root	l collarb sec root	groupFile/Arms	groupFile/Arms/LeftArm	MOVED_LEFT	PHASE2_IMPORTED	token-based naming convention match (see full LEFT/RIGHT review lists)
bip_bicep_twist_r	bip_bicep_twist_R	groupFile/Arms	groupFile/Arms/RightArm	MOVED_RIGHT	PHASE2_IMPORTED	token-based naming convention match (see full LEFT/RIGHT review lists)
bippbg r foretwist1	BipPBG R ForeTwist1	groupFile/Arms	groupFile/Arms/RightArm	MOVED_RIGHT	PHASE2_IMPORTED	token-based naming convention match (see full LEFT/RIGHT review lists)
collar left 01	collar left 01	groupFile/Arms	groupFile/Arms/LeftArm	MOVED_LEFT	PHASE2_IMPORTED	token-based naming convention match (see full LEFT/RIGHT review lists)
upperarm_roll_left_0	upperarm_roll_left_0	groupFile/Arms	groupFile/Arms/LeftArm	MOVED_LEFT	PHASE2_IMPORTED	token-based naming convention match (see full LEFT/RIGHT review lists)
bone forearm	bone forearm	groupFile/Arms	groupFile/Arms	REMAINED_UNSIDED	PHASE2_IMPORTED	genuinely unsided or no reliable side marker found
bip01-r-foretwist003	Bip01-R-ForeTwist003	groupFile/Arms	groupFile/Arms/RightArm	MOVED_RIGHT	PHASE2_IMPORTED	token-based naming convention match (see full LEFT/RIGHT review lists)
d_tricepsmucle_r	D_tricepsMucle_R	groupFile/Arms	groupFile/Arms/RightArm	MOVED_RIGHT	PHASE2_IMPORTED	token-based naming convention match (see full LEFT/RIGHT review lists)
arm right wrist twist	arm right wrist twist	groupFile/Arms	groupFile/Arms/RightArm	MOVED_RIGHT	PHASE2_IMPORTED	token-based naming convention match (see full LEFT/RIGHT review lists)
flm-armb-arm-ri	Flm-ArmB-Arm-RI	groupFile/Arms	groupFile/Arms/RightArm	MOVED_RIGHT	PHASE2_IMPORTED	verified mirrored Flm-ArmB-Arm-L/R lettered family (A-I complete on both sides)
canine_rfrontlegshoulderblade	Canine_RFrontLegShoulderblade	groupFile/Arms	groupFile/Arms/RightArm	MOVED_RIGHT	PHASE2_IMPORTED	token-based naming convention match (see full LEFT/RIGHT review lists)
adjust_elbowcap_l	adjust_elbowcap_L	groupFile/Arms	groupFile/Arms/LeftArm	MOVED_LEFT	PHASE2_IMPORTED	token-based naming convention match (see full LEFT/RIGHT review lists)
腕捩1.r	腕捩1.R	groupFile/Arms	groupFile/Arms/RightArm	MOVED_RIGHT	PHASE2_IMPORTED	token-based naming convention match (see full LEFT/RIGHT review lists)
bip001-l-foretwist	Bip001-L-ForeTwist	groupFile/Arms	groupFile/Arms/LeftArm	MOVED_LEFT	PHASE2_IMPORTED	token-based naming convention match (see full LEFT/RIGHT review lists)
bip01_l_clavicle010	Bip01_L_Clavicle010	groupFile/Arms	groupFile/Arms/LeftArm	MOVED_LEFT	PHASE2_IMPORTED	token-based naming convention match (see full LEFT/RIGHT review lists)
opt_as_l_armtwist_a	OPT_AS_L_ArmTwist_A	groupFile/Arms	groupFile/Arms/LeftArm	MOVED_LEFT	PHASE2_IMPORTED	token-based naming convention match (see full LEFT/RIGHT review lists)
collar left 02	collar left 02	groupFile/Arms	groupFile/Arms/LeftArm	MOVED_LEFT	PHASE2_IMPORTED	token-based naming convention match (see full LEFT/RIGHT review lists)
ude_l_d__offset	ude_l_d__offset	groupFile/Arms	groupFile/Arms/LeftArm	MOVED_LEFT	PHASE2_IMPORTED	token-based naming convention match (see full LEFT/RIGHT review lists)
arm left shoulder 1 ctr5	arm left shoulder 1 ctr5	groupFile/Arms	groupFile/Arms/LeftArm	MOVED_LEFT	PHASE2_IMPORTED	token-based naming convention match (see full LEFT/RIGHT review lists)
helper_wrist_r	helper_wrist_R	groupFile/Arms	groupFile/Arms/RightArm	MOVED_RIGHT	PHASE2_IMPORTED	token-based naming convention match (see full LEFT/RIGHT review lists)
upperarm_twist_r_01	upperarm_twist_r_01	groupFile/Arms	groupFile/Arms/RightArm	MOVED_RIGHT	PHASE2_IMPORTED	token-based naming convention match (see full LEFT/RIGHT review lists)
upperarm_twist_l_01	upperarm_twist_l_01	groupFile/Arms	groupFile/Arms/LeftArm	MOVED_LEFT	PHASE2_IMPORTED	token-based naming convention match (see full LEFT/RIGHT review lists)
l collarb tip sec	l collarb tip sec	groupFile/Arms	groupFile/Arms/LeftArm	MOVED_LEFT	PHASE2_IMPORTED	token-based naming convention match (see full LEFT/RIGHT review lists)
arm right elbow adj. 2	arm right elbow adj. 2	groupFile/Arms	groupFile/Arms/RightArm	MOVED_RIGHT	PHASE2_IMPORTED	token-based naming convention match (see full LEFT/RIGHT review lists)
ude_r_d__offset	ude_r_d__offset	groupFile/Arms	groupFile/Arms/RightArm	MOVED_RIGHT	PHASE2_IMPORTED	token-based naming convention match (see full LEFT/RIGHT review lists)
l_shoulder_twist_b_helper	l_shoulder_twist_b_helper	groupFile/Arms	groupFile/Arms/LeftArm	MOVED_LEFT	PHASE2_IMPORTED	token-based naming convention match (see full LEFT/RIGHT review lists)
arm left shoulder twist2	arm left shoulder twist2	groupFile/Arms	groupFile/Arms/LeftArm	MOVED_LEFT	PHASE2_IMPORTED	token-based naming convention match (see full LEFT/RIGHT review lists)
r_elbow_twist_a_helper	r_elbow_twist_a_helper	groupFile/Arms	groupFile/Arms/RightArm	MOVED_RIGHT	PHASE2_IMPORTED	token-based naming convention match (see full LEFT/RIGHT review lists)
upperarmright	UpperArmRight	groupFile/Arms	groupFile/Arms/RightArm	MOVED_RIGHT	PHASE2_IMPORTED	token-based naming convention match (see full LEFT/RIGHT review lists)
kata_md_l__prot_x50__offset	kata_md_l__prot_x50__offset	groupFile/Arms	groupFile/Arms/LeftArm	MOVED_LEFT	PHASE2_IMPORTED	token-based naming convention match (see full LEFT/RIGHT review lists)
collar right a	collar right a	groupFile/Arms	groupFile/Arms/RightArm	MOVED_RIGHT	PHASE2_IMPORTED	token-based naming convention match (see full LEFT/RIGHT review lists)
palmlsred1	PalmLSred1	groupFile/Arms	groupFile/Arms/LeftArm	MOVED_LEFT	PHASE2_IMPORTED	token-based naming convention match (see full LEFT/RIGHT review lists)
forearm	Forearm	groupFile/Arms	groupFile/Arms	REMAINED_UNSIDED	PHASE2_IMPORTED	genuinely unsided or no reliable side marker found
hnad	Hnad	groupFile/Arms	groupFile/Arms	REMAINED_UNSIDED	PHASE2_IMPORTED	genuinely unsided or no reliable side marker found
sakotsu_rt_lside_d__offset	sakotsu_rt_lside_d__offset	groupFile/Arms	groupFile/Arms/LeftArm	MOVED_LEFT	PHASE2_IMPORTED	token-based naming convention match (see full LEFT/RIGHT review lists)
palmlbolsh1	PalmLBolsh1	groupFile/Arms	groupFile/Arms/LeftArm	MOVED_LEFT	PHASE2_IMPORTED	token-based naming convention match (see full LEFT/RIGHT review lists)
mot08_leftarm	MOT08_LeftArm	groupFile/Arms	groupFile/Arms/LeftArm	MOVED_LEFT	PHASE2_IMPORTED	token-based naming convention match (see full LEFT/RIGHT review lists)
arm left elbow ctr1	arm left elbow ctr1	groupFile/Arms	groupFile/Arms/LeftArm	MOVED_LEFT	PHASE2_IMPORTED	token-based naming convention match (see full LEFT/RIGHT review lists)
arm left elbow_roll2	arm left elbow_roll2	groupFile/Arms	groupFile/Arms/LeftArm	MOVED_LEFT	PHASE2_IMPORTED	token-based naming convention match (see full LEFT/RIGHT review lists)
bip01-l-clavicle001	Bip01-L-Clavicle001	groupFile/Arms	groupFile/Arms/LeftArm	MOVED_LEFT	PHASE2_IMPORTED	token-based naming convention match (see full LEFT/RIGHT review lists)
arm left roll 1	arm left roll 1	groupFile/Arms	groupFile/Arms/LeftArm	MOVED_LEFT	PHASE2_IMPORTED	token-based naming convention match (see full LEFT/RIGHT review lists)
bip elbowbacktop l	bip elbowbacktop l	groupFile/Arms	groupFile/Arms/LeftArm	MOVED_LEFT	PHASE2_IMPORTED	token-based naming convention match (see full LEFT/RIGHT review lists)
d_forearmmucle01_r	D_ForearmMucle01_R	groupFile/Arms	groupFile/Arms/RightArm	MOVED_RIGHT	PHASE2_IMPORTED	token-based naming convention match (see full LEFT/RIGHT review lists)
arm right shoulder ctr 1	arm right shoulder ctr 1	groupFile/Arms	groupFile/Arms/RightArm	MOVED_RIGHT	PHASE2_IMPORTED	token-based naming convention match (see full LEFT/RIGHT review lists)
lelbow	LElbow+lElbow+lelbow	groupFile/Arms	groupFile/Arms/LeftArm	MOVED_LEFT	PHASE2_IMPORTED	token-based naming convention match (see full LEFT/RIGHT review lists)
bip01_l_clavicle016	Bip01_L_Clavicle016	groupFile/Arms	groupFile/Arms/LeftArm	MOVED_LEFT	PHASE2_IMPORTED	token-based naming convention match (see full LEFT/RIGHT review lists)
larmex	LArmEX	groupFile/Arms	groupFile/Arms/LeftArm	MOVED_LEFT	PHASE2_IMPORTED	token-based naming convention match (see full LEFT/RIGHT review lists)
leftupperarm	LeftUpperArm	groupFile/Arms	groupFile/Arms/LeftArm	MOVED_LEFT	PHASE2_IMPORTED	token-based naming convention match (see full LEFT/RIGHT review lists)
bip shoulderblade r	bip shoulderblade r	groupFile/Arms	groupFile/Arms/RightArm	MOVED_RIGHT	PHASE2_IMPORTED	token-based naming convention match (see full LEFT/RIGHT review lists)
arm right adjuster	Arm Right Adjuster	groupFile/Arms	groupFile/Arms/RightArm	MOVED_RIGHT	PHASE2_IMPORTED	token-based naming convention match (see full LEFT/RIGHT review lists)
bip01_l_forearm011	Bip01_L_Forearm011	groupFile/Arms	groupFile/Arms/LeftArm	MOVED_LEFT	PHASE2_IMPORTED	token-based naming convention match (see full LEFT/RIGHT review lists)
bip01_r_forearm019	Bip01_R_Forearm019	groupFile/Arms	groupFile/Arms/RightArm	MOVED_RIGHT	PHASE2_IMPORTED	token-based naming convention match (see full LEFT/RIGHT review lists)
bip001-l-upperarm	Bip001-L-UpperArm	groupFile/Arms	groupFile/Arms/LeftArm	MOVED_LEFT	PHASE2_IMPORTED	token-based naming convention match (see full LEFT/RIGHT review lists)
bip01_l_clavicle004	Bip01_L_Clavicle004	groupFile/Arms	groupFile/Arms/LeftArm	MOVED_LEFT	PHASE2_IMPORTED	token-based naming convention match (see full LEFT/RIGHT review lists)
arm left wrist adjust	arm left wrist adjust	groupFile/Arms	groupFile/Arms/LeftArm	MOVED_LEFT	PHASE2_IMPORTED	token-based naming convention match (see full LEFT/RIGHT review lists)
bip_bobby_r_foretwist	Bip_BOBBY_R_ForeTwist	groupFile/Arms	groupFile/Arms/RightArm	MOVED_RIGHT	PHASE2_IMPORTED	token-based naming convention match (see full LEFT/RIGHT review lists)
bip01_l_upperarm011	Bip01_L_UpperArm011	groupFile/Arms	groupFile/Arms/LeftArm	MOVED_LEFT	PHASE2_IMPORTED	token-based naming convention match (see full LEFT/RIGHT review lists)
bip_bobby_l_uparmtwist1	Bip_BOBBY_L_UpArmTwist1	groupFile/Arms	groupFile/Arms/LeftArm	MOVED_LEFT	PHASE2_IMPORTED	token-based naming convention match (see full LEFT/RIGHT review lists)
valvebiped.l_foarm	Valvebiped.L_foarm	groupFile/Arms	groupFile/Arms/LeftArm	MOVED_LEFT	PHASE2_IMPORTED	token-based naming convention match (see full LEFT/RIGHT review lists)
left upperarm	Left UpperArm	groupFile/Arms	groupFile/Arms/LeftArm	MOVED_LEFT	PHASE2_IMPORTED	token-based naming convention match (see full LEFT/RIGHT review lists)
rightelbowpoint_helper	RightElbowPoint_helper	groupFile/Arms	groupFile/Arms/RightArm	MOVED_RIGHT	PHASE2_IMPORTED	token-based naming convention match (see full LEFT/RIGHT review lists)
arm left wrist ctrl 2	arm left wrist ctrl 2	groupFile/Arms	groupFile/Arms/LeftArm	MOVED_LEFT	PHASE2_IMPORTED	token-based naming convention match (see full LEFT/RIGHT review lists)
flm-armb-arm-lb	Flm-ArmB-Arm-LB	groupFile/Arms	groupFile/Arms/LeftArm	MOVED_LEFT	PHASE2_IMPORTED	verified mirrored Flm-ArmB-Arm-L/R lettered family (A-I complete on both sides)
arm right shoulder 2 adj. 3	arm right shoulder 2 adj. 3	groupFile/Arms	groupFile/Arms/RightArm	MOVED_RIGHT	PHASE2_IMPORTED	token-based naming convention match (see full LEFT/RIGHT review lists)
arm left wrist_roll	arm left wrist_roll	groupFile/Arms	groupFile/Arms/LeftArm	MOVED_LEFT	PHASE2_IMPORTED	token-based naming convention match (see full LEFT/RIGHT review lists)
bip elbowfront r	bip elbowfront r	groupFile/Arms	groupFile/Arms/RightArm	MOVED_RIGHT	PHASE2_IMPORTED	token-based naming convention match (see full LEFT/RIGHT review lists)
arm right elbow_adj	arm right elbow_adj	groupFile/Arms	groupFile/Arms/RightArm	MOVED_RIGHT	PHASE2_IMPORTED	token-based naming convention match (see full LEFT/RIGHT review lists)
bip wristtwistw l	bip wristtwistw l	groupFile/Arms	groupFile/Arms/LeftArm	MOVED_LEFT	PHASE2_IMPORTED	token-based naming convention match (see full LEFT/RIGHT review lists)
mot10_rightforearm	MOT10_RightForeArm	groupFile/Arms	groupFile/Arms/RightArm	MOVED_RIGHT	PHASE2_IMPORTED	token-based naming convention match (see full LEFT/RIGHT review lists)
arm left bicep	arm left bicep	groupFile/Arms	groupFile/Arms/LeftArm	MOVED_LEFT	PHASE2_IMPORTED	token-based naming convention match (see full LEFT/RIGHT review lists)
left_arm_twist2_end	left_arm_twist2_end	groupFile/Arms	groupFile/Arms/LeftArm	MOVED_LEFT	PHASE2_IMPORTED	token-based naming convention match (see full LEFT/RIGHT review lists)
arm right bicep	arm right bicep	groupFile/Arms	groupFile/Arms/RightArm	MOVED_RIGHT	PHASE2_IMPORTED	token-based naming convention match (see full LEFT/RIGHT review lists)
bip shoulderfrontin r	bip shoulderfrontin r	groupFile/Arms	groupFile/Arms/RightArm	MOVED_RIGHT	PHASE2_IMPORTED	token-based naming convention match (see full LEFT/RIGHT review lists)
bip01_r_upperarm012	Bip01_R_UpperArm012	groupFile/Arms	groupFile/Arms/RightArm	MOVED_RIGHT	PHASE2_IMPORTED	token-based naming convention match (see full LEFT/RIGHT review lists)
valvebiped.l_collar	Valvebiped.L_collar	groupFile/Arms	groupFile/Arms/LeftArm	MOVED_LEFT	PHASE2_IMPORTED	token-based naming convention match (see full LEFT/RIGHT review lists)
arm right twist	arm right twist	groupFile/Arms	groupFile/Arms/RightArm	MOVED_RIGHT	PHASE2_IMPORTED	token-based naming convention match (see full LEFT/RIGHT review lists)
bip_upperarm_r_roll	bip_upperArm_R_roll	groupFile/Arms	groupFile/Arms/RightArm	MOVED_RIGHT	PHASE2_IMPORTED	token-based naming convention match (see full LEFT/RIGHT review lists)
r shouldersub spo	R ShoulderSub Spo	groupFile/Arms	groupFile/Arms/RightArm	MOVED_RIGHT	PHASE2_IMPORTED	token-based naming convention match (see full LEFT/RIGHT review lists)
arm left elbow adj.	arm left elbow adj.	groupFile/Arms	groupFile/Arms/LeftArm	MOVED_LEFT	PHASE2_IMPORTED	token-based naming convention match (see full LEFT/RIGHT review lists)
arm right elbow adj. 3	arm right elbow adj. 3	groupFile/Arms	groupFile/Arms/RightArm	MOVED_RIGHT	PHASE2_IMPORTED	token-based naming convention match (see full LEFT/RIGHT review lists)
helper_elbow_r	helper_elbow_R	groupFile/Arms	groupFile/Arms/RightArm	MOVED_RIGHT	PHASE2_IMPORTED	token-based naming convention match (see full LEFT/RIGHT review lists)
forearm.r.001	forearm.R.001	groupFile/Arms	groupFile/Arms/RightArm	MOVED_RIGHT	PHASE2_IMPORTED	token-based naming convention match (see full LEFT/RIGHT review lists)
bip01_r_upperarm008	Bip01_R_UpperArm008	groupFile/Arms	groupFile/Arms/RightArm	MOVED_RIGHT	PHASE2_IMPORTED	token-based naming convention match (see full LEFT/RIGHT review lists)
l_elbow_inner_helper	l_elbow_inner_helper	groupFile/Arms	groupFile/Arms/LeftArm	MOVED_LEFT	PHASE2_IMPORTED	token-based naming convention match (see full LEFT/RIGHT review lists)
arm right wrist ctrl	arm right wrist ctrl	groupFile/Arms	groupFile/Arms/RightArm	MOVED_RIGHT	PHASE2_IMPORTED	token-based naming convention match (see full LEFT/RIGHT review lists)
wrist joint a	Wrist Joint A	groupFile/Arms	groupFile/Arms	REMAINED_UNSIDED	PHASE2_IMPORTED	genuinely unsided or no reliable side marker found
arm right wrist ctrl 2	arm right wrist ctrl 2	groupFile/Arms	groupFile/Arms/RightArm	MOVED_RIGHT	PHASE2_IMPORTED	token-based naming convention match (see full LEFT/RIGHT review lists)
sakotsu_rt_l__const_kata_l__rot_sakotsu_l__x0	sakotsu_rt_l__const_kata_l__rot_sakotsu_l__x0	groupFile/Arms	groupFile/Arms/LeftArm	MOVED_LEFT	PHASE2_IMPORTED	token-based naming convention match (see full LEFT/RIGHT review lists)
rarmtwist0	rArmTwist0	groupFile/Arms	groupFile/Arms/RightArm	MOVED_RIGHT	PHASE2_IMPORTED	token-based naming convention match (see full LEFT/RIGHT review lists)
arm	arm	groupFile/Arms	groupFile/Arms	REMAINED_UNSIDED	PHASE2_IMPORTED	genuinely unsided or no reliable side marker found
arm left lower 1	arm left lower 1	groupFile/Arms	groupFile/Arms/LeftArm	MOVED_LEFT	PHASE2_IMPORTED	token-based naming convention match (see full LEFT/RIGHT review lists)
bip01_r_forearm002	Bip01_R_Forearm002	groupFile/Arms	groupFile/Arms/RightArm	MOVED_RIGHT	PHASE2_IMPORTED	token-based naming convention match (see full LEFT/RIGHT review lists)
bone-r-upperarm-twist	Bone-R-UpperArm-Twist	groupFile/Arms	groupFile/Arms/RightArm	MOVED_RIGHT	PHASE2_IMPORTED	token-based naming convention match (see full LEFT/RIGHT review lists)
valvebiped.bip01_r_clavivle	ValveBiped.Bip01_R_Clavivle	groupFile/Arms	groupFile/Arms/RightArm	MOVED_RIGHT	PHASE2_IMPORTED	token-based naming convention match (see full LEFT/RIGHT review lists)
bip01_r_upperarm009	Bip01_R_UpperArm009	groupFile/Arms	groupFile/Arms/RightArm	MOVED_RIGHT	PHASE2_IMPORTED	token-based naming convention match (see full LEFT/RIGHT review lists)
bip01_l_forearm013	Bip01_L_Forearm013	groupFile/Arms	groupFile/Arms/LeftArm	MOVED_LEFT	PHASE2_IMPORTED	token-based naming convention match (see full LEFT/RIGHT review lists)
arm left shoulder 2 adj. 1	arm left shoulder 2 adj. 1	groupFile/Arms	groupFile/Arms/LeftArm	MOVED_LEFT	PHASE2_IMPORTED	token-based naming convention match (see full LEFT/RIGHT review lists)
bip01_l_upperarm003	Bip01_L_UpperArm003	groupFile/Arms	groupFile/Arms/LeftArm	MOVED_LEFT	PHASE2_IMPORTED	token-based naming convention match (see full LEFT/RIGHT review lists)
bip_l_arm_roll	bip_l_arm_roll	groupFile/Arms	groupFile/Arms/LeftArm	MOVED_LEFT	PHASE2_IMPORTED	token-based naming convention match (see full LEFT/RIGHT review lists)
handshide	HandsHide	groupFile/Arms	groupFile/Arms	REMAINED_UNSIDED	PHASE2_IMPORTED	genuinely unsided or no reliable side marker found
arm left upper	arm left upper	groupFile/Arms	groupFile/Arms/LeftArm	MOVED_LEFT	PHASE2_IMPORTED	token-based naming convention match (see full LEFT/RIGHT review lists)
arm.left_base	Arm.Left_Base	groupFile/Arms	groupFile/Arms/LeftArm	MOVED_LEFT	PHASE2_IMPORTED	token-based naming convention match (see full LEFT/RIGHT review lists)
hand_rotate_r	Hand_Rotate_R	groupFile/Arms	groupFile/Arms/RightArm	MOVED_RIGHT	PHASE2_IMPORTED	token-based naming convention match (see full LEFT/RIGHT review lists)
arm left elbow adj. 1	arm left elbow adj. 1	groupFile/Arms	groupFile/Arms/LeftArm	MOVED_LEFT	PHASE2_IMPORTED	token-based naming convention match (see full LEFT/RIGHT review lists)
valvebiped.bip01_l_shoulder_ctr	ValveBiped.Bip01_L_Shoulder_CTR	groupFile/Arms	groupFile/Arms/LeftArm	MOVED_LEFT	PHASE2_IMPORTED	token-based naming convention match (see full LEFT/RIGHT review lists)
kata_r_d__offset	kata_r_d__offset	groupFile/Arms	groupFile/Arms/RightArm	MOVED_RIGHT	PHASE2_IMPORTED	token-based naming convention match (see full LEFT/RIGHT review lists)
bip armpit l	bip armpit l	groupFile/Arms	groupFile/Arms/LeftArm	MOVED_LEFT	PHASE2_IMPORTED	token-based naming convention match (see full LEFT/RIGHT review lists)
arm left wrist twist 1	arm left wrist twist 1	groupFile/Arms	groupFile/Arms/LeftArm	MOVED_LEFT	PHASE2_IMPORTED	token-based naming convention match (see full LEFT/RIGHT review lists)
shoulder left	shoulder left	groupFile/Arms	groupFile/Arms/LeftArm	MOVED_LEFT	PHASE2_IMPORTED	token-based naming convention match (see full LEFT/RIGHT review lists)
bip01_r_upperarm010	Bip01_R_UpperArm010	groupFile/Arms	groupFile/Arms/RightArm	MOVED_RIGHT	PHASE2_IMPORTED	token-based naming convention match (see full LEFT/RIGHT review lists)
arm left wrist adjuster	Arm Left Wrist Adjuster	groupFile/Arms	groupFile/Arms/LeftArm	MOVED_LEFT	PHASE2_IMPORTED	token-based naming convention match (see full LEFT/RIGHT review lists)
bip01_r_clavicle018	Bip01_R_Clavicle018	groupFile/Arms	groupFile/Arms/RightArm	MOVED_RIGHT	PHASE2_IMPORTED	token-based naming convention match (see full LEFT/RIGHT review lists)
bip forearmtwistmiddle l	bip forearmtwistmiddle l	groupFile/Arms	groupFile/Arms/LeftArm	MOVED_LEFT	PHASE2_IMPORTED	token-based naming convention match (see full LEFT/RIGHT review lists)
arm_twist_l	arm_twist_l	groupFile/Arms	groupFile/Arms/LeftArm	MOVED_LEFT	PHASE2_IMPORTED	token-based naming convention match (see full LEFT/RIGHT review lists)
arm right upper	arm right upper	groupFile/Arms	groupFile/Arms/RightArm	MOVED_RIGHT	PHASE2_IMPORTED	token-based naming convention match (see full LEFT/RIGHT review lists)
lowerarm_twist_l_01	lowerarm_twist_l_01	groupFile/Arms	groupFile/Arms/LeftArm	MOVED_LEFT	PHASE2_IMPORTED	token-based naming convention match (see full LEFT/RIGHT review lists)
upperarm_right	upperarm_right	groupFile/Arms	groupFile/Arms/RightArm	MOVED_RIGHT	PHASE2_IMPORTED	token-based naming convention match (see full LEFT/RIGHT review lists)
arm right roll 2	arm right roll 2	groupFile/Arms	groupFile/Arms/RightArm	MOVED_RIGHT	PHASE2_IMPORTED	token-based naming convention match (see full LEFT/RIGHT review lists)
second_arms_r_1	Second_Arms_R_1	groupFile/Arms	groupFile/Arms/RightArm	MOVED_RIGHT	PHASE2_IMPORTED	token-based naming convention match (see full LEFT/RIGHT review lists)
l_wrist_upper_b_helper	l_wrist_upper_b_helper	groupFile/Arms	groupFile/Arms/LeftArm	MOVED_LEFT	PHASE2_IMPORTED	token-based naming convention match (see full LEFT/RIGHT review lists)
flexor radialis	Flexor Radialis	groupFile/Arms	groupFile/Arms	REMAINED_UNSIDED	PHASE2_IMPORTED	genuinely unsided or no reliable side marker found
arm right shoulder 2 ctr 2	arm right shoulder 2 ctr 2	groupFile/Arms	groupFile/Arms/RightArm	MOVED_RIGHT	PHASE2_IMPORTED	token-based naming convention match (see full LEFT/RIGHT review lists)
bip001-r-foretwist	Bip001-R-ForeTwist	groupFile/Arms	groupFile/Arms/RightArm	MOVED_RIGHT	PHASE2_IMPORTED	token-based naming convention match (see full LEFT/RIGHT review lists)
r_elbow_twist_b_base_helper	r_elbow_twist_b_base_helper	groupFile/Arms	groupFile/Arms/RightArm	MOVED_RIGHT	PHASE2_IMPORTED	token-based naming convention match (see full LEFT/RIGHT review lists)
upperarmtwist2left	UpperArmTwist2Left	groupFile/Arms	groupFile/Arms/LeftArm	MOVED_LEFT	PHASE2_IMPORTED	token-based naming convention match (see full LEFT/RIGHT review lists)
arm right shoulder 2 ctr 1	arm right shoulder 2 ctr 1	groupFile/Arms	groupFile/Arms/RightArm	MOVED_RIGHT	PHASE2_IMPORTED	token-based naming convention match (see full LEFT/RIGHT review lists)
valvebiped.bip01_r_shoulder_ctr	ValveBiped.Bip01_R_Shoulder_CTR	groupFile/Arms	groupFile/Arms/RightArm	MOVED_RIGHT	PHASE2_IMPORTED	token-based naming convention match (see full LEFT/RIGHT review lists)
helper_elbow_l	helper_elbow_L	groupFile/Arms	groupFile/Arms/LeftArm	MOVED_LEFT	PHASE2_IMPORTED	token-based naming convention match (see full LEFT/RIGHT review lists)
r deltoidb spo	R DeltoidB Spo	groupFile/Arms	groupFile/Arms/RightArm	MOVED_RIGHT	PHASE2_IMPORTED	token-based naming convention match (see full LEFT/RIGHT review lists)
valvebiped.bip01_r_upperarmtwist2	ValveBiped.Bip01_R_UpperarmTwist2	groupFile/Arms	groupFile/Arms/RightArm	MOVED_RIGHT	PHASE2_IMPORTED	token-based naming convention match (see full LEFT/RIGHT review lists)
arm.right_base	Arm.Right_Base	groupFile/Arms	groupFile/Arms/RightArm	MOVED_RIGHT	PHASE2_IMPORTED	token-based naming convention match (see full LEFT/RIGHT review lists)
bip01_r_hand008	Bip01_R_Hand008	groupFile/Arms	groupFile/Arms/RightArm	MOVED_RIGHT	PHASE2_IMPORTED	token-based naming convention match (see full LEFT/RIGHT review lists)
l_wrist_upper_a_helper	l_wrist_upper_a_helper	groupFile/Arms	groupFile/Arms/LeftArm	MOVED_LEFT	PHASE2_IMPORTED	token-based naming convention match (see full LEFT/RIGHT review lists)
arm left feathers	Arm Left Feathers	groupFile/Arms	groupFile/Arms/LeftArm	MOVED_LEFT	PHASE2_IMPORTED	token-based naming convention match (see full LEFT/RIGHT review lists)
bip_claw_f	bip_claw_f	groupFile/Arms	groupFile/Arms	REMAINED_UNSIDED	PHASE2_IMPORTED	genuinely unsided or no reliable side marker found
arm left shoulder 1 ctr3	arm left shoulder 1 ctr3	groupFile/Arms	groupFile/Arms/LeftArm	MOVED_LEFT	PHASE2_IMPORTED	token-based naming convention match (see full LEFT/RIGHT review lists)
l_elbow_twist_c_helper	l_elbow_twist_c_helper	groupFile/Arms	groupFile/Arms/LeftArm	MOVED_LEFT	PHASE2_IMPORTED	token-based naming convention match (see full LEFT/RIGHT review lists)
bip01_r_clavicle017	Bip01_R_Clavicle017	groupFile/Arms	groupFile/Arms/RightArm	MOVED_RIGHT	PHASE2_IMPORTED	token-based naming convention match (see full LEFT/RIGHT review lists)
adjust_shoulder_r	adjust_shoulder_R	groupFile/Arms	groupFile/Arms/RightArm	MOVED_RIGHT	PHASE2_IMPORTED	token-based naming convention match (see full LEFT/RIGHT review lists)
bip01_l_upperarm009	Bip01_L_UpperArm009	groupFile/Arms	groupFile/Arms/LeftArm	MOVED_LEFT	PHASE2_IMPORTED	token-based naming convention match (see full LEFT/RIGHT review lists)
rightupperforearm_helper	RightUpperForeArm_helper	groupFile/Arms	groupFile/Arms/RightArm	MOVED_RIGHT	PHASE2_IMPORTED	token-based naming convention match (see full LEFT/RIGHT review lists)
arm left shoulder 2 ctr 1	arm left shoulder 2 ctr 1	groupFile/Arms	groupFile/Arms/LeftArm	MOVED_LEFT	PHASE2_IMPORTED	token-based naming convention match (see full LEFT/RIGHT review lists)
bip01_r_forearm011	Bip01_R_Forearm011	groupFile/Arms	groupFile/Arms/RightArm	MOVED_RIGHT	PHASE2_IMPORTED	token-based naming convention match (see full LEFT/RIGHT review lists)
arm right shoulder 2 ctr.001	arm right shoulder 2 ctr.001	groupFile/Arms	groupFile/Arms/RightArm	MOVED_RIGHT	PHASE2_IMPORTED	token-based naming convention match (see full LEFT/RIGHT review lists)
hand_rotate1_r	Hand_Rotate1_R	groupFile/Arms	groupFile/Arms/RightArm	MOVED_RIGHT	PHASE2_IMPORTED	token-based naming convention match (see full LEFT/RIGHT review lists)
arm right shoulder ctrl 1	arm right shoulder ctrl 1	groupFile/Arms	groupFile/Arms/RightArm	MOVED_RIGHT	PHASE2_IMPORTED	token-based naming convention match (see full LEFT/RIGHT review lists)
arm right feathers	Arm Right Feathers	groupFile/Arms	groupFile/Arms/RightArm	MOVED_RIGHT	PHASE2_IMPORTED	token-based naming convention match (see full LEFT/RIGHT review lists)
bip_stone_l_uparmtwist1	Bip_STONE_L_UpArmTwist1	groupFile/Arms	groupFile/Arms/LeftArm	MOVED_LEFT	PHASE2_IMPORTED	token-based naming convention match (see full LEFT/RIGHT review lists)
def-shoulder.r	DEF-shoulder.R	groupFile/Arms	groupFile/Arms/RightArm	MOVED_RIGHT	PHASE2_IMPORTED	token-based naming convention match (see full LEFT/RIGHT review lists)
bip_bicep_twist_l	bip_bicep_twist_L	groupFile/Arms	groupFile/Arms/LeftArm	MOVED_LEFT	PHASE2_IMPORTED	token-based naming convention match (see full LEFT/RIGHT review lists)
flm-armb-arm-re	Flm-ArmB-Arm-RE	groupFile/Arms	groupFile/Arms/RightArm	MOVED_RIGHT	PHASE2_IMPORTED	verified mirrored Flm-ArmB-Arm-L/R lettered family (A-I complete on both sides)
carmup.l	CArmUp.L	groupFile/Arms	groupFile/Arms/LeftArm	MOVED_LEFT	PHASE2_IMPORTED	token-based naming convention match (see full LEFT/RIGHT review lists)
third_arms_r_2	Third_Arms_R_2	groupFile/Arms	groupFile/Arms/RightArm	MOVED_RIGHT	PHASE2_IMPORTED	token-based naming convention match (see full LEFT/RIGHT review lists)
bip01_l_upperarm007	Bip01_L_UpperArm007	groupFile/Arms	groupFile/Arms/LeftArm	MOVED_LEFT	PHASE2_IMPORTED	token-based naming convention match (see full LEFT/RIGHT review lists)
bipflm l foretwist1	BipFlm L ForeTwist1	groupFile/Arms	groupFile/Arms/LeftArm	MOVED_LEFT	PHASE2_IMPORTED	token-based naming convention match (see full LEFT/RIGHT review lists)
l__frontpaw	L__FrontPaw	groupFile/Arms	groupFile/Arms/LeftArm	MOVED_LEFT	PHASE2_IMPORTED	token-based naming convention match (see full LEFT/RIGHT review lists)
bip wristtwistbase r	bip wristtwistbase r	groupFile/Arms	groupFile/Arms/RightArm	MOVED_RIGHT	PHASE2_IMPORTED	token-based naming convention match (see full LEFT/RIGHT review lists)
arm right shoulder 2 adj. 1	arm right shoulder 2 adj. 1	groupFile/Arms	groupFile/Arms/RightArm	MOVED_RIGHT	PHASE2_IMPORTED	token-based naming convention match (see full LEFT/RIGHT review lists)
arm right shoulder 2 adj. 4	arm right shoulder 2 adj. 4	groupFile/Arms	groupFile/Arms/RightArm	MOVED_RIGHT	PHASE2_IMPORTED	token-based naming convention match (see full LEFT/RIGHT review lists)
arm right wrist a	arm right wrist a	groupFile/Arms	groupFile/Arms/RightArm	MOVED_RIGHT	PHASE2_IMPORTED	token-based naming convention match (see full LEFT/RIGHT review lists)
biceps_r	biceps_R	groupFile/Arms	groupFile/Arms/RightArm	MOVED_RIGHT	PHASE2_IMPORTED	token-based naming convention match (see full LEFT/RIGHT review lists)
collar_l1	Collar_L1	groupFile/Arms	groupFile/Arms	DEFERRED_UNCLEAR	PHASE2_IMPORTED	Only cross-domain 'Collar_R1' match is in Clothing, an unrelated domain -- not a genuine anatomical mirror.
bip01-r-hand001	Bip01-R-Hand001	groupFile/Arms	groupFile/Arms/RightArm	MOVED_RIGHT	PHASE2_IMPORTED	token-based naming convention match (see full LEFT/RIGHT review lists)
bip_arm_rotate1_r	bip_Arm_Rotate1_R	groupFile/Arms	groupFile/Arms/RightArm	MOVED_RIGHT	PHASE2_IMPORTED	token-based naming convention match (see full LEFT/RIGHT review lists)
arm_twist.r	arm_twist.r	groupFile/Arms	groupFile/Arms/RightArm	MOVED_RIGHT	PHASE2_IMPORTED	token-based naming convention match (see full LEFT/RIGHT review lists)
(flex) arms	(FLEX) Arms	groupFile/Arms	groupFile/Arms	REMAINED_UNSIDED	PHASE2_IMPORTED	genuinely unsided or no reliable side marker found
arm left shoulder adj 4	arm left shoulder adj 4	groupFile/Arms	groupFile/Arms/LeftArm	MOVED_LEFT	PHASE2_IMPORTED	token-based naming convention match (see full LEFT/RIGHT review lists)
bip01_r_forearm010	Bip01_R_Forearm010	groupFile/Arms	groupFile/Arms/RightArm	MOVED_RIGHT	PHASE2_IMPORTED	token-based naming convention match (see full LEFT/RIGHT review lists)
opt_as_r_armtwist_a	OPT_AS_R_ArmTwist_A	groupFile/Arms	groupFile/Arms/RightArm	MOVED_RIGHT	PHASE2_IMPORTED	token-based naming convention match (see full LEFT/RIGHT review lists)
palmrsred1	PalmRSred1	groupFile/Arms	groupFile/Arms/RightArm	MOVED_RIGHT	PHASE2_IMPORTED	token-based naming convention match (see full LEFT/RIGHT review lists)
larmj	LArmJ	groupFile/Arms	groupFile/Arms/LeftArm	MOVED_LEFT	PHASE2_IMPORTED	token-based naming convention match (see full LEFT/RIGHT review lists)
bip_hand_rotate1_l	bip_Hand_Rotate1_L	groupFile/Arms	groupFile/Arms/LeftArm	MOVED_LEFT	PHASE2_IMPORTED	token-based naming convention match (see full LEFT/RIGHT review lists)
bip_stone_r_uparmtwist	Bip_STONE_R_UpArmTwist	groupFile/Arms	groupFile/Arms/RightArm	MOVED_RIGHT	PHASE2_IMPORTED	token-based naming convention match (see full LEFT/RIGHT review lists)
r forearmrollc spo	R ForearmrollC Spo	groupFile/Arms	groupFile/Arms/RightArm	MOVED_RIGHT	PHASE2_IMPORTED	token-based naming convention match (see full LEFT/RIGHT review lists)
crow_2.humerus_r	Crow_2.Humerus_R	groupFile/Arms	groupFile/Arms/RightArm	MOVED_RIGHT	PHASE2_IMPORTED	token-based naming convention match (see full LEFT/RIGHT review lists)
l_elbow_twist_b_helper	l_elbow_twist_b_helper	groupFile/Arms	groupFile/Arms/LeftArm	MOVED_LEFT	PHASE2_IMPORTED	token-based naming convention match (see full LEFT/RIGHT review lists)
r_forearm_00001	r_forearm_00001	groupFile/Arms	groupFile/Arms/RightArm	MOVED_RIGHT	PHASE2_IMPORTED	token-based naming convention match (see full LEFT/RIGHT review lists)
bip01_l_clavicle002	Bip01_L_Clavicle002	groupFile/Arms	groupFile/Arms/LeftArm	MOVED_LEFT	PHASE2_IMPORTED	token-based naming convention match (see full LEFT/RIGHT review lists)
l forearmrollc spo	L ForearmrollC Spo	groupFile/Arms	groupFile/Arms/LeftArm	MOVED_LEFT	PHASE2_IMPORTED	token-based naming convention match (see full LEFT/RIGHT review lists)
l deltoidc spo	L DeltoidC Spo	groupFile/Arms	groupFile/Arms/LeftArm	MOVED_LEFT	PHASE2_IMPORTED	token-based naming convention match (see full LEFT/RIGHT review lists)
r_elbow_twist_a_base_helper	r_elbow_twist_a_base_helper	groupFile/Arms	groupFile/Arms/RightArm	MOVED_RIGHT	PHASE2_IMPORTED	token-based naming convention match (see full LEFT/RIGHT review lists)
bipqwn r foretwist1	BipQwn R ForeTwist1	groupFile/Arms	groupFile/Arms/RightArm	MOVED_RIGHT	PHASE2_IMPORTED	token-based naming convention match (see full LEFT/RIGHT review lists)
arm left wrist a	arm left wrist a	groupFile/Arms	groupFile/Arms/LeftArm	MOVED_LEFT	PHASE2_IMPORTED	token-based naming convention match (see full LEFT/RIGHT review lists)
armhandsuitraisecenteronly	ArmHandSuitRaiseCenterOnly	groupFile/Arms	groupFile/Arms	REMAINED_UNSIDED	PHASE2_IMPORTED	genuinely unsided or no reliable side marker found
pincer right root	Pincer Right Root	groupFile/Arms	groupFile/Arms/RightArm	MOVED_RIGHT	PHASE2_IMPORTED	token-based naming convention match (see full LEFT/RIGHT review lists)
arm right shoulder 1 ctr4	arm right shoulder 1 ctr4	groupFile/Arms	groupFile/Arms/RightArm	MOVED_RIGHT	PHASE2_IMPORTED	token-based naming convention match (see full LEFT/RIGHT review lists)
right_shoulderc	right_shoulderC	groupFile/Arms	groupFile/Arms/RightArm	MOVED_RIGHT	PHASE2_IMPORTED	token-based naming convention match (see full LEFT/RIGHT review lists)
elbowright	ElbowRight	groupFile/Arms	groupFile/Arms/RightArm	MOVED_RIGHT	PHASE2_IMPORTED	token-based naming convention match (see full LEFT/RIGHT review lists)
palmlsred	PalmLSred	groupFile/Arms	groupFile/Arms/LeftArm	MOVED_LEFT	PHASE2_IMPORTED	token-based naming convention match (see full LEFT/RIGHT review lists)
canine_rfrontleg2	Canine_RFrontLeg2	groupFile/Arms	groupFile/Arms/RightArm	MOVED_RIGHT	PHASE2_IMPORTED	token-based naming convention match (see full LEFT/RIGHT review lists)
arm left fist	arm left fist	groupFile/Arms	groupFile/Arms/LeftArm	MOVED_LEFT	PHASE2_IMPORTED	token-based naming convention match (see full LEFT/RIGHT review lists)
bip01_r_forearm004	Bip01_R_Forearm004	groupFile/Arms	groupFile/Arms/RightArm	MOVED_RIGHT	PHASE2_IMPORTED	token-based naming convention match (see full LEFT/RIGHT review lists)
palmlbezi1	PalmLBezi1	groupFile/Arms	groupFile/Arms/LeftArm	MOVED_LEFT	PHASE2_IMPORTED	token-based naming convention match (see full LEFT/RIGHT review lists)
left arm screw 1	Left arm screw 1	groupFile/Arms	groupFile/Arms/LeftArm	MOVED_LEFT	PHASE2_IMPORTED	token-based naming convention match (see full LEFT/RIGHT review lists)
arm right elbow adj.	arm right elbow adj.	groupFile/Arms	groupFile/Arms/RightArm	MOVED_RIGHT	PHASE2_IMPORTED	token-based naming convention match (see full LEFT/RIGHT review lists)
bip_bobby_r_uparmtwist1	Bip_BOBBY_R_UpArmTwist1	groupFile/Arms	groupFile/Arms/RightArm	MOVED_RIGHT	PHASE2_IMPORTED	token-based naming convention match (see full LEFT/RIGHT review lists)
rhandex	RHandEX	groupFile/Arms	groupFile/Arms/RightArm	MOVED_RIGHT	PHASE2_IMPORTED	token-based naming convention match (see full LEFT/RIGHT review lists)
mot14_rightarm	MOT14_RightArm	groupFile/Arms	groupFile/Arms/RightArm	MOVED_RIGHT	PHASE2_IMPORTED	token-based naming convention match (see full LEFT/RIGHT review lists)
bip01_l_forearm010	Bip01_L_Forearm010	groupFile/Arms	groupFile/Arms/LeftArm	MOVED_LEFT	PHASE2_IMPORTED	token-based naming convention match (see full LEFT/RIGHT review lists)
clav_left	clav_left	groupFile/Arms	groupFile/Arms/LeftArm	MOVED_LEFT	PHASE2_IMPORTED	token-based naming convention match (see full LEFT/RIGHT review lists)
l forearmrollb spo	L ForearmrollB Spo	groupFile/Arms	groupFile/Arms/LeftArm	MOVED_LEFT	PHASE2_IMPORTED	token-based naming convention match (see full LEFT/RIGHT review lists)
l deltoidb spo	L DeltoidB Spo	groupFile/Arms	groupFile/Arms/LeftArm	MOVED_LEFT	PHASE2_IMPORTED	token-based naming convention match (see full LEFT/RIGHT review lists)
bip01_r_upperarm007	Bip01_R_UpperArm007	groupFile/Arms	groupFile/Arms/RightArm	MOVED_RIGHT	PHASE2_IMPORTED	token-based naming convention match (see full LEFT/RIGHT review lists)
valvebiped.bip01_r_forearmtwist2	ValveBiped.Bip01_R_ForearmTwist2	groupFile/Arms	groupFile/Arms/RightArm	MOVED_RIGHT	PHASE2_IMPORTED	token-based naming convention match (see full LEFT/RIGHT review lists)
arm right wrist twist 2	arm right wrist twist 2	groupFile/Arms	groupFile/Arms/RightArm	MOVED_RIGHT	PHASE2_IMPORTED	token-based naming convention match (see full LEFT/RIGHT review lists)
hand_rotate_l	Hand_Rotate_L	groupFile/Arms	groupFile/Arms/LeftArm	MOVED_LEFT	PHASE2_IMPORTED	token-based naming convention match (see full LEFT/RIGHT review lists)
bip upperarmtwist2 l	bip upperarmtwist2 l	groupFile/Arms	groupFile/Arms/LeftArm	MOVED_LEFT	PHASE2_IMPORTED	token-based naming convention match (see full LEFT/RIGHT review lists)
bip shoulderbackin r	bip shoulderbackin r	groupFile/Arms	groupFile/Arms/RightArm	MOVED_RIGHT	PHASE2_IMPORTED	token-based naming convention match (see full LEFT/RIGHT review lists)
arm left shoulder ctr2	arm left shoulder ctr2	groupFile/Arms	groupFile/Arms/LeftArm	MOVED_LEFT	PHASE2_IMPORTED	token-based naming convention match (see full LEFT/RIGHT review lists)
bip_bobby_l_uparmtwist	Bip_BOBBY_L_UpArmTwist	groupFile/Arms	groupFile/Arms/LeftArm	MOVED_LEFT	PHASE2_IMPORTED	token-based naming convention match (see full LEFT/RIGHT review lists)
canine_lfrontleg2	Canine_LFrontLeg2	groupFile/Arms	groupFile/Arms/LeftArm	MOVED_LEFT	PHASE2_IMPORTED	token-based naming convention match (see full LEFT/RIGHT review lists)
arm left shoulder ctrl 1	arm left shoulder ctrl 1	groupFile/Arms	groupFile/Arms/LeftArm	MOVED_LEFT	PHASE2_IMPORTED	token-based naming convention match (see full LEFT/RIGHT review lists)
right_hand_twist3_end	right_hand_twist3_end	groupFile/Arms	groupFile/Arms/RightArm	MOVED_RIGHT	PHASE2_IMPORTED	token-based naming convention match (see full LEFT/RIGHT review lists)
arm left elbow adj. 3	arm left elbow adj. 3	groupFile/Arms	groupFile/Arms/LeftArm	MOVED_LEFT	PHASE2_IMPORTED	token-based naming convention match (see full LEFT/RIGHT review lists)
arm left elbow twist1	arm left elbow twist1	groupFile/Arms	groupFile/Arms/LeftArm	MOVED_LEFT	PHASE2_IMPORTED	token-based naming convention match (see full LEFT/RIGHT review lists)
arm right elbow adjust a	arm right elbow adjust a	groupFile/Arms	groupFile/Arms/RightArm	MOVED_RIGHT	PHASE2_IMPORTED	token-based naming convention match (see full LEFT/RIGHT review lists)
bip01_r_hand019	Bip01_R_Hand019	groupFile/Arms	groupFile/Arms/RightArm	MOVED_RIGHT	PHASE2_IMPORTED	token-based naming convention match (see full LEFT/RIGHT review lists)
arm_rotate_l	Arm_Rotate_L	groupFile/Arms	groupFile/Arms/LeftArm	MOVED_LEFT	PHASE2_IMPORTED	token-based naming convention match (see full LEFT/RIGHT review lists)
bip01_r_hand018	Bip01_R_Hand018	groupFile/Arms	groupFile/Arms/RightArm	MOVED_RIGHT	PHASE2_IMPORTED	token-based naming convention match (see full LEFT/RIGHT review lists)
bip forearmtwistbottom r	bip forearmtwistbottom r	groupFile/Arms	groupFile/Arms/RightArm	MOVED_RIGHT	PHASE2_IMPORTED	token-based naming convention match (see full LEFT/RIGHT review lists)
larmtwist3	lArmTwist3	groupFile/Arms	groupFile/Arms/LeftArm	MOVED_LEFT	PHASE2_IMPORTED	token-based naming convention match (see full LEFT/RIGHT review lists)
rshoulderjb	RShoulderJb	groupFile/Arms	groupFile/Arms/RightArm	MOVED_RIGHT	PHASE2_IMPORTED	token-based naming convention match (see full LEFT/RIGHT review lists)
bip01_l_clavicle008	Bip01_L_Clavicle008	groupFile/Arms	groupFile/Arms/LeftArm	MOVED_LEFT	PHASE2_IMPORTED	token-based naming convention match (see full LEFT/RIGHT review lists)
arm right elbow twist1	arm right elbow twist1	groupFile/Arms	groupFile/Arms/RightArm	MOVED_RIGHT	PHASE2_IMPORTED	token-based naming convention match (see full LEFT/RIGHT review lists)
adjust_wrist_l	adjust_wrist_L	groupFile/Arms	groupFile/Arms/LeftArm	MOVED_LEFT	PHASE2_IMPORTED	token-based naming convention match (see full LEFT/RIGHT review lists)
v_weapon.right_arm	v_weapon.Right_Arm	groupFile/Arms	groupFile/Arms/RightArm	MOVED_RIGHT	PHASE2_IMPORTED	token-based naming convention match (see full LEFT/RIGHT review lists)
larmtwist0	lArmTwist0	groupFile/Arms	groupFile/Arms/LeftArm	MOVED_LEFT	PHASE2_IMPORTED	token-based naming convention match (see full LEFT/RIGHT review lists)
r_shoulder_front_helper	r_shoulder_front_helper	groupFile/Arms	groupFile/Arms/RightArm	MOVED_RIGHT	PHASE2_IMPORTED	token-based naming convention match (see full LEFT/RIGHT review lists)
second_arms_r_wrist	Second_Arms_R_Wrist	groupFile/Arms	groupFile/Arms/RightArm	MOVED_RIGHT	PHASE2_IMPORTED	token-based naming convention match (see full LEFT/RIGHT review lists)
bip01_l_forearm002	Bip01_L_Forearm002	groupFile/Arms	groupFile/Arms/LeftArm	MOVED_LEFT	PHASE2_IMPORTED	token-based naming convention match (see full LEFT/RIGHT review lists)
flm-armb-arm-rg	Flm-ArmB-Arm-RG	groupFile/Arms	groupFile/Arms/RightArm	MOVED_RIGHT	PHASE2_IMPORTED	verified mirrored Flm-ArmB-Arm-L/R lettered family (A-I complete on both sides)
crow_1.humerus_r	Crow_1.Humerus_R	groupFile/Arms	groupFile/Arms/RightArm	MOVED_RIGHT	PHASE2_IMPORTED	token-based naming convention match (see full LEFT/RIGHT review lists)
bipqwn l foretwist	BipQwn L ForeTwist	groupFile/Arms	groupFile/Arms/LeftArm	MOVED_LEFT	PHASE2_IMPORTED	token-based naming convention match (see full LEFT/RIGHT review lists)
valvebiped.bip01_r_shoulder_twist	ValveBiped.Bip01_R_Shoulder_Twist	groupFile/Arms	groupFile/Arms/RightArm	MOVED_RIGHT	PHASE2_IMPORTED	token-based naming convention match (see full LEFT/RIGHT review lists)
shoulder right	shoulder right	groupFile/Arms	groupFile/Arms/RightArm	MOVED_RIGHT	PHASE2_IMPORTED	token-based naming convention match (see full LEFT/RIGHT review lists)
right lowerarm	Right LowerArm	groupFile/Arms	groupFile/Arms/RightArm	MOVED_RIGHT	PHASE2_IMPORTED	token-based naming convention match (see full LEFT/RIGHT review lists)
bip01_l_forearm009	Bip01_L_Forearm009	groupFile/Arms	groupFile/Arms/LeftArm	MOVED_LEFT	PHASE2_IMPORTED	token-based naming convention match (see full LEFT/RIGHT review lists)
bip_stone_l_uparmtwist	Bip_STONE_L_UpArmTwist	groupFile/Arms	groupFile/Arms/LeftArm	MOVED_LEFT	PHASE2_IMPORTED	token-based naming convention match (see full LEFT/RIGHT review lists)
r_tricep_helper	r_tricep_helper	groupFile/Arms	groupFile/Arms/RightArm	MOVED_RIGHT	PHASE2_IMPORTED	token-based naming convention match (see full LEFT/RIGHT review lists)
arm left shoulder adj a	arm left shoulder adj a	groupFile/Arms	groupFile/Arms/LeftArm	MOVED_LEFT	PHASE2_IMPORTED	token-based naming convention match (see full LEFT/RIGHT review lists)
bip01_l_hand017	Bip01_L_Hand017	groupFile/Arms	groupFile/Arms/LeftArm	MOVED_LEFT	PHASE2_IMPORTED	token-based naming convention match (see full LEFT/RIGHT review lists)
armbase	ArmBase	groupFile/Arms	groupFile/Arms	REMAINED_UNSIDED	PHASE2_IMPORTED	genuinely unsided or no reliable side marker found
bip01_r_clavicle007	Bip01_R_Clavicle007	groupFile/Arms	groupFile/Arms/RightArm	MOVED_RIGHT	PHASE2_IMPORTED	token-based naming convention match (see full LEFT/RIGHT review lists)
bip01-r-upperarm001	Bip01-R-UpperArm001	groupFile/Arms	groupFile/Arms/RightArm	MOVED_RIGHT	PHASE2_IMPORTED	token-based naming convention match (see full LEFT/RIGHT review lists)
arm pits	arm pits	groupFile/Arms	groupFile/Arms	REMAINED_UNSIDED	PHASE2_IMPORTED	genuinely unsided or no reliable side marker found
valvebiped.right_hand_trigger	ValveBiped.right_hand_trigger	groupFile/Arms	groupFile/Arms/RightArm	MOVED_RIGHT	PHASE2_IMPORTED	token-based naming convention match (see full LEFT/RIGHT review lists)
bip_upperarm_l_roll	bip_upperArm_L_roll	groupFile/Arms	groupFile/Arms/LeftArm	MOVED_LEFT	PHASE2_IMPORTED	token-based naming convention match (see full LEFT/RIGHT review lists)
flm-armb-arm-lc	Flm-ArmB-Arm-LC	groupFile/Arms	groupFile/Arms/LeftArm	MOVED_LEFT	PHASE2_IMPORTED	verified mirrored Flm-ArmB-Arm-L/R lettered family (A-I complete on both sides)
valvebiped.bip01_l_forearmtwist1	ValveBiped.Bip01_L_ForearmTwist1	groupFile/Arms	groupFile/Arms/LeftArm	MOVED_LEFT	PHASE2_IMPORTED	token-based naming convention match (see full LEFT/RIGHT review lists)
org-palm.04.r	ORG-palm.04.R	groupFile/Arms	groupFile/Arms/RightArm	MOVED_RIGHT	PHASE2_IMPORTED	token-based naming convention match (see full LEFT/RIGHT review lists)
arm left elbow ctr 2	arm left elbow ctr 2	groupFile/Arms	groupFile/Arms/LeftArm	MOVED_LEFT	PHASE2_IMPORTED	token-based naming convention match (see full LEFT/RIGHT review lists)
bip_lowerarm	bip_lowerArm	groupFile/Arms	groupFile/Arms	REMAINED_UNSIDED	PHASE2_IMPORTED	genuinely unsided or no reliable side marker found
opt_as_r_elbow	OPT_AS_R_Elbow	groupFile/Arms	groupFile/Arms/RightArm	MOVED_RIGHT	PHASE2_IMPORTED	token-based naming convention match (see full LEFT/RIGHT review lists)
r_elbow_outer_lower_helper	r_elbow_outer_lower_helper	groupFile/Arms	groupFile/Arms/RightArm	MOVED_RIGHT	PHASE2_IMPORTED	token-based naming convention match (see full LEFT/RIGHT review lists)
bip armpitbase r	bip armpitbase r	groupFile/Arms	groupFile/Arms/RightArm	MOVED_RIGHT	PHASE2_IMPORTED	token-based naming convention match (see full LEFT/RIGHT review lists)
arm right wrist_roll	arm right wrist_roll	groupFile/Arms	groupFile/Arms/RightArm	MOVED_RIGHT	PHASE2_IMPORTED	token-based naming convention match (see full LEFT/RIGHT review lists)
arm right elbow ctr3	arm right elbow ctr3	groupFile/Arms	groupFile/Arms/RightArm	MOVED_RIGHT	PHASE2_IMPORTED	token-based naming convention match (see full LEFT/RIGHT review lists)
musclebispts	MuscleBispts	groupFile/Arms	groupFile/Arms	REMAINED_UNSIDED	PHASE2_IMPORTED	genuinely unsided or no reliable side marker found
mot05_lefthand	MOT05_LeftHand	groupFile/Arms	groupFile/Arms/LeftArm	MOVED_LEFT	PHASE2_IMPORTED	token-based naming convention match (see full LEFT/RIGHT review lists)
arm left shoulder 2 twist	arm left shoulder 2 twist	groupFile/Arms	groupFile/Arms/LeftArm	MOVED_LEFT	PHASE2_IMPORTED	token-based naming convention match (see full LEFT/RIGHT review lists)
bip01_r_upperarm004	Bip01_R_UpperArm004	groupFile/Arms	groupFile/Arms/RightArm	MOVED_RIGHT	PHASE2_IMPORTED	token-based naming convention match (see full LEFT/RIGHT review lists)
bone-l-upperarm-twist1	Bone-L-UpperArm-Twist1	groupFile/Arms	groupFile/Arms/LeftArm	MOVED_LEFT	PHASE2_IMPORTED	token-based naming convention match (see full LEFT/RIGHT review lists)
r_wrist_lower_helper	r_wrist_lower_helper	groupFile/Arms	groupFile/Arms/RightArm	MOVED_RIGHT	PHASE2_IMPORTED	token-based naming convention match (see full LEFT/RIGHT review lists)
arm left forearm adj b	arm left forearm adj b	groupFile/Arms	groupFile/Arms/LeftArm	MOVED_LEFT	PHASE2_IMPORTED	token-based naming convention match (see full LEFT/RIGHT review lists)
arm right hand root	arm right hand root	groupFile/Arms	groupFile/Arms/RightArm	MOVED_RIGHT	PHASE2_IMPORTED	token-based naming convention match (see full LEFT/RIGHT review lists)
bip01_r_upperarm011	Bip01_R_UpperArm011	groupFile/Arms	groupFile/Arms/RightArm	MOVED_RIGHT	PHASE2_IMPORTED	token-based naming convention match (see full LEFT/RIGHT review lists)
r_shoulder_twist_b_helper	r_shoulder_twist_b_helper	groupFile/Arms	groupFile/Arms/RightArm	MOVED_RIGHT	PHASE2_IMPORTED	token-based naming convention match (see full LEFT/RIGHT review lists)
bip shoulderblade l	bip shoulderblade l	groupFile/Arms	groupFile/Arms/LeftArm	MOVED_LEFT	PHASE2_IMPORTED	token-based naming convention match (see full LEFT/RIGHT review lists)
arm right shoulder 1 ctr3	arm right shoulder 1 ctr3	groupFile/Arms	groupFile/Arms/RightArm	MOVED_RIGHT	PHASE2_IMPORTED	token-based naming convention match (see full LEFT/RIGHT review lists)
bip01_l_forearm004	Bip01_L_Forearm004	groupFile/Arms	groupFile/Arms/LeftArm	MOVED_LEFT	PHASE2_IMPORTED	token-based naming convention match (see full LEFT/RIGHT review lists)
biceps right	Biceps Right	groupFile/Arms	groupFile/Arms/RightArm	MOVED_RIGHT	PHASE2_IMPORTED	token-based naming convention match (see full LEFT/RIGHT review lists)
larmtwist2	lArmTwist2	groupFile/Arms	groupFile/Arms/LeftArm	MOVED_LEFT	PHASE2_IMPORTED	token-based naming convention match (see full LEFT/RIGHT review lists)
arm left shoulder 1 ctr	arm left shoulder 1 ctr	groupFile/Arms	groupFile/Arms/LeftArm	MOVED_LEFT	PHASE2_IMPORTED	token-based naming convention match (see full LEFT/RIGHT review lists)
arm right elbow adjuster	Arm Right Elbow Adjuster+arm right elbow adjuster	groupFile/Arms	groupFile/Arms/RightArm	MOVED_RIGHT	PHASE2_IMPORTED	token-based naming convention match (see full LEFT/RIGHT review lists)
lefthandweaponattach	LeftHandWeaponAttach	groupFile/Arms	groupFile/Arms/LeftArm	MOVED_LEFT	PHASE2_IMPORTED	token-based naming convention match (see full LEFT/RIGHT review lists)
r forearmrollb spo	R ForearmrollB Spo	groupFile/Arms	groupFile/Arms/RightArm	MOVED_RIGHT	PHASE2_IMPORTED	token-based naming convention match (see full LEFT/RIGHT review lists)
clav_right	clav_right	groupFile/Arms	groupFile/Arms/RightArm	MOVED_RIGHT	PHASE2_IMPORTED	token-based naming convention match (see full LEFT/RIGHT review lists)
bone-r-forearm-twist	Bone-R-ForeArm-Twist	groupFile/Arms	groupFile/Arms/RightArm	MOVED_RIGHT	PHASE2_IMPORTED	token-based naming convention match (see full LEFT/RIGHT review lists)
flm-armb-arm-rb	Flm-ArmB-Arm-RB	groupFile/Arms	groupFile/Arms/RightArm	MOVED_RIGHT	PHASE2_IMPORTED	verified mirrored Flm-ArmB-Arm-L/R lettered family (A-I complete on both sides)
forearmtwist1right	ForearmTwist1Right	groupFile/Arms	groupFile/Arms/RightArm	MOVED_RIGHT	PHASE2_IMPORTED	token-based naming convention match (see full LEFT/RIGHT review lists)
bip_stone_r_foretwist	Bip_STONE_R_ForeTwist	groupFile/Arms	groupFile/Arms/RightArm	MOVED_RIGHT	PHASE2_IMPORTED	token-based naming convention match (see full LEFT/RIGHT review lists)
opt_as_l_wrist_a	OPT_AS_L_Wrist_A	groupFile/Arms	groupFile/Arms/LeftArm	MOVED_LEFT	PHASE2_IMPORTED	token-based naming convention match (see full LEFT/RIGHT review lists)
arm left shoulder 2 ctr 2	arm left shoulder 2 ctr 2	groupFile/Arms	groupFile/Arms/LeftArm	MOVED_LEFT	PHASE2_IMPORTED	token-based naming convention match (see full LEFT/RIGHT review lists)
bip01 clavicle.l	Bip01 Clavicle.L	groupFile/Arms	groupFile/Arms/LeftArm	MOVED_LEFT	PHASE2_IMPORTED	token-based naming convention match (see full LEFT/RIGHT review lists)
l_wrist_lower_helper	l_wrist_lower_helper	groupFile/Arms	groupFile/Arms/LeftArm	MOVED_LEFT	PHASE2_IMPORTED	token-based naming convention match (see full LEFT/RIGHT review lists)
leftelbow_helper	LeftElbow_helper	groupFile/Arms	groupFile/Arms/LeftArm	MOVED_LEFT	PHASE2_IMPORTED	token-based naming convention match (see full LEFT/RIGHT review lists)
bip001-l-forearm	Bip001-L-Forearm	groupFile/Arms	groupFile/Arms/LeftArm	MOVED_LEFT	PHASE2_IMPORTED	token-based naming convention match (see full LEFT/RIGHT review lists)
left_shoulderc	left_shoulderC	groupFile/Arms	groupFile/Arms/LeftArm	MOVED_LEFT	PHASE2_IMPORTED	token-based naming convention match (see full LEFT/RIGHT review lists)
bip01_l_upperarm010	Bip01_L_UpperArm010	groupFile/Arms	groupFile/Arms/LeftArm	MOVED_LEFT	PHASE2_IMPORTED	token-based naming convention match (see full LEFT/RIGHT review lists)
rarmtwist3	rArmTwist3	groupFile/Arms	groupFile/Arms/RightArm	MOVED_RIGHT	PHASE2_IMPORTED	token-based naming convention match (see full LEFT/RIGHT review lists)
bip_r_arm_02_roll	bip_r_arm_02_roll	groupFile/Arms	groupFile/Arms/RightArm	MOVED_RIGHT	PHASE2_IMPORTED	token-based naming convention match (see full LEFT/RIGHT review lists)
bip upperarmtwistbottom l	bip upperarmtwistbottom l	groupFile/Arms	groupFile/Arms/LeftArm	MOVED_LEFT	PHASE2_IMPORTED	token-based naming convention match (see full LEFT/RIGHT review lists)
bipbrk l foretwist	BipBrk L ForeTwist	groupFile/Arms	groupFile/Arms/LeftArm	MOVED_LEFT	PHASE2_IMPORTED	token-based naming convention match (see full LEFT/RIGHT review lists)
crow_3.humerus_l	Crow_3.Humerus_L	groupFile/Arms	groupFile/Arms/LeftArm	MOVED_LEFT	PHASE2_IMPORTED	token-based naming convention match (see full LEFT/RIGHT review lists)
lowerarm_twist_l_02	lowerarm_twist_l_02	groupFile/Arms	groupFile/Arms/LeftArm	MOVED_LEFT	PHASE2_IMPORTED	token-based naming convention match (see full LEFT/RIGHT review lists)
bip01_r_upperarm003	Bip01_R_UpperArm003	groupFile/Arms	groupFile/Arms/RightArm	MOVED_RIGHT	PHASE2_IMPORTED	token-based naming convention match (see full LEFT/RIGHT review lists)
relbow	RElbow+rElbow+relbow	groupFile/Arms	groupFile/Arms/RightArm	MOVED_RIGHT	PHASE2_IMPORTED	token-based naming convention match (see full LEFT/RIGHT review lists)
bip_bobby_r_foretwist1	Bip_BOBBY_R_ForeTwist1	groupFile/Arms	groupFile/Arms/RightArm	MOVED_RIGHT	PHASE2_IMPORTED	token-based naming convention match (see full LEFT/RIGHT review lists)
rightarmroll_helper	RightArmRoll_helper	groupFile/Arms	groupFile/Arms/RightArm	MOVED_RIGHT	PHASE2_IMPORTED	token-based naming convention match (see full LEFT/RIGHT review lists)
forearmtwist2left	ForearmTwist2Left	groupFile/Arms	groupFile/Arms/LeftArm	MOVED_LEFT	PHASE2_IMPORTED	token-based naming convention match (see full LEFT/RIGHT review lists)
bip01_l_clavicle019	Bip01_L_Clavicle019	groupFile/Arms	groupFile/Arms/LeftArm	MOVED_LEFT	PHASE2_IMPORTED	token-based naming convention match (see full LEFT/RIGHT review lists)
valvebiped.bip01_l_elbow_ctr	ValveBiped.Bip01_L_Elbow_CTR	groupFile/Arms	groupFile/Arms/LeftArm	MOVED_LEFT	PHASE2_IMPORTED	token-based naming convention match (see full LEFT/RIGHT review lists)
flm-armb-arm-lh	Flm-ArmB-Arm-LH	groupFile/Arms	groupFile/Arms/LeftArm	MOVED_LEFT	PHASE2_IMPORTED	verified mirrored Flm-ArmB-Arm-L/R lettered family (A-I complete on both sides)
bip_bobby_l_foretwist	Bip_BOBBY_L_ForeTwist	groupFile/Arms	groupFile/Arms/LeftArm	MOVED_LEFT	PHASE2_IMPORTED	token-based naming convention match (see full LEFT/RIGHT review lists)
armsnew	ArmsNew	groupFile/Arms	groupFile/Arms	REMAINED_UNSIDED	PHASE2_IMPORTED	genuinely unsided or no reliable side marker found
arm right shoulder adj a	arm right shoulder adj a	groupFile/Arms	groupFile/Arms/RightArm	MOVED_RIGHT	PHASE2_IMPORTED	token-based naming convention match (see full LEFT/RIGHT review lists)
bippbg l foretwist1	BipPBG L ForeTwist1	groupFile/Arms	groupFile/Arms/LeftArm	MOVED_LEFT	PHASE2_IMPORTED	token-based naming convention match (see full LEFT/RIGHT review lists)
d_forearmmucle01_l	D_ForearmMucle01_L	groupFile/Arms	groupFile/Arms/LeftArm	MOVED_LEFT	PHASE2_IMPORTED	token-based naming convention match (see full LEFT/RIGHT review lists)
arm left palm ctr	arm left palm ctr	groupFile/Arms	groupFile/Arms/LeftArm	MOVED_LEFT	PHASE2_IMPORTED	token-based naming convention match (see full LEFT/RIGHT review lists)
armhandsuitraisemiddle	ArmHandSuitRaiseMiddle	groupFile/Arms	groupFile/Arms	REMAINED_UNSIDED	PHASE2_IMPORTED	genuinely unsided or no reliable side marker found
arm left shoulder 1 ctr4	arm left shoulder 1 ctr4	groupFile/Arms	groupFile/Arms/LeftArm	MOVED_LEFT	PHASE2_IMPORTED	token-based naming convention match (see full LEFT/RIGHT review lists)
bip001 luparmtwist	Bip001 LUpArmTwist	groupFile/Arms	groupFile/Arms/LeftArm	MOVED_LEFT	PHASE2_IMPORTED	token-based naming convention match (see full LEFT/RIGHT review lists)
rshoulderj	RShoulderJ	groupFile/Arms	groupFile/Arms/RightArm	MOVED_RIGHT	PHASE2_IMPORTED	token-based naming convention match (see full LEFT/RIGHT review lists)
arm right elbow_roll	arm right elbow_roll	groupFile/Arms	groupFile/Arms/RightArm	MOVED_RIGHT	PHASE2_IMPORTED	token-based naming convention match (see full LEFT/RIGHT review lists)
opt_as_l_elbow	OPT_AS_L_Elbow	groupFile/Arms	groupFile/Arms/LeftArm	MOVED_LEFT	PHASE2_IMPORTED	token-based naming convention match (see full LEFT/RIGHT review lists)
elbowleft	ElbowLeft	groupFile/Arms	groupFile/Arms/LeftArm	MOVED_LEFT	PHASE2_IMPORTED	token-based naming convention match (see full LEFT/RIGHT review lists)
bip forearmtwistbottom l	bip forearmtwistbottom l	groupFile/Arms	groupFile/Arms/LeftArm	MOVED_LEFT	PHASE2_IMPORTED	token-based naming convention match (see full LEFT/RIGHT review lists)
arm right shoulder 1 ctr5	arm right shoulder 1 ctr5	groupFile/Arms	groupFile/Arms/RightArm	MOVED_RIGHT	PHASE2_IMPORTED	token-based naming convention match (see full LEFT/RIGHT review lists)
bip01_r_clavicle003	Bip01_R_Clavicle003	groupFile/Arms	groupFile/Arms/RightArm	MOVED_RIGHT	PHASE2_IMPORTED	token-based naming convention match (see full LEFT/RIGHT review lists)
second_arms_l_1	Second_Arms_L_1	groupFile/Arms	groupFile/Arms/LeftArm	MOVED_LEFT	PHASE2_IMPORTED	token-based naming convention match (see full LEFT/RIGHT review lists)
bip elbowbacktopbase l	bip elbowbacktopbase l	groupFile/Arms	groupFile/Arms/LeftArm	MOVED_LEFT	PHASE2_IMPORTED	token-based naming convention match (see full LEFT/RIGHT review lists)
rarmj	RArmJ	groupFile/Arms	groupFile/Arms/RightArm	MOVED_RIGHT	PHASE2_IMPORTED	token-based naming convention match (see full LEFT/RIGHT review lists)
rightclav	RightClav	groupFile/Arms	groupFile/Arms/RightArm	MOVED_RIGHT	PHASE2_IMPORTED	token-based naming convention match (see full LEFT/RIGHT review lists)
bipmar r foretwist1	BipMar R ForeTwist1	groupFile/Arms	groupFile/Arms/RightArm	MOVED_RIGHT	PHASE2_IMPORTED	token-based naming convention match (see full LEFT/RIGHT review lists)
opt_as_l_armtwist_b	OPT_AS_L_ArmTwist_B	groupFile/Arms	groupFile/Arms/LeftArm	MOVED_LEFT	PHASE2_IMPORTED	token-based naming convention match (see full LEFT/RIGHT review lists)
hand_right	hand_right	groupFile/Arms	groupFile/Arms/RightArm	MOVED_RIGHT	PHASE2_IMPORTED	token-based naming convention match (see full LEFT/RIGHT review lists)
bip01_r_upperarm017	Bip01_R_UpperArm017	groupFile/Arms	groupFile/Arms/RightArm	MOVED_RIGHT	PHASE2_IMPORTED	token-based naming convention match (see full LEFT/RIGHT review lists)
flm-armb-arm-lg	Flm-ArmB-Arm-LG	groupFile/Arms	groupFile/Arms/LeftArm	MOVED_LEFT	PHASE2_IMPORTED	verified mirrored Flm-ArmB-Arm-L/R lettered family (A-I complete on both sides)
bip01_r_forearm007	Bip01_R_Forearm007	groupFile/Arms	groupFile/Arms/RightArm	MOVED_RIGHT	PHASE2_IMPORTED	token-based naming convention match (see full LEFT/RIGHT review lists)
kata_md_r__prot_x50__offset	kata_md_r__prot_x50__offset	groupFile/Arms	groupFile/Arms/RightArm	MOVED_RIGHT	PHASE2_IMPORTED	token-based naming convention match (see full LEFT/RIGHT review lists)
crow_1.ulna_r	Crow_1.Ulna_R	groupFile/Arms	groupFile/Arms/RightArm	MOVED_RIGHT	PHASE2_IMPORTED	token-based naming convention match (see full LEFT/RIGHT review lists)
left arm twist	Left arm twist	groupFile/Arms	groupFile/Arms/LeftArm	MOVED_LEFT	PHASE2_IMPORTED	token-based naming convention match (see full LEFT/RIGHT review lists)
valvebiped.l_uparm	Valvebiped.L_uparm	groupFile/Arms	groupFile/Arms/LeftArm	MOVED_LEFT	PHASE2_IMPORTED	token-based naming convention match (see full LEFT/RIGHT review lists)
bip upperarmbase r	bip upperarmbase r	groupFile/Arms	groupFile/Arms/RightArm	MOVED_RIGHT	PHASE2_IMPORTED	token-based naming convention match (see full LEFT/RIGHT review lists)
crow_1.ulna_l	Crow_1.Ulna_L	groupFile/Arms	groupFile/Arms/LeftArm	MOVED_LEFT	PHASE2_IMPORTED	token-based naming convention match (see full LEFT/RIGHT review lists)
arm right lower 2	arm right lower 2	groupFile/Arms	groupFile/Arms/RightArm	MOVED_RIGHT	PHASE2_IMPORTED	token-based naming convention match (see full LEFT/RIGHT review lists)
arm right shoulder 2 ctr 001	arm right shoulder 2 ctr 001	groupFile/Arms	groupFile/Arms/RightArm	MOVED_RIGHT	PHASE2_IMPORTED	token-based naming convention match (see full LEFT/RIGHT review lists)
upperarm_twist_r_02	upperarm_twist_r_02	groupFile/Arms	groupFile/Arms/RightArm	MOVED_RIGHT	PHASE2_IMPORTED	token-based naming convention match (see full LEFT/RIGHT review lists)
bip elbowfront l	bip elbowfront l	groupFile/Arms	groupFile/Arms/LeftArm	MOVED_LEFT	PHASE2_IMPORTED	token-based naming convention match (see full LEFT/RIGHT review lists)
bip01_l_forearm019	Bip01_L_Forearm019	groupFile/Arms	groupFile/Arms/LeftArm	MOVED_LEFT	PHASE2_IMPORTED	token-based naming convention match (see full LEFT/RIGHT review lists)
rhandn	RHandN	groupFile/Arms	groupFile/Arms/RightArm	MOVED_RIGHT	PHASE2_IMPORTED	token-based naming convention match (see full LEFT/RIGHT review lists)
r_elbow_outer_upper_helper	r_elbow_outer_upper_helper	groupFile/Arms	groupFile/Arms/RightArm	MOVED_RIGHT	PHASE2_IMPORTED	token-based naming convention match (see full LEFT/RIGHT review lists)
bip01_l_clavicle003	Bip01_L_Clavicle003	groupFile/Arms	groupFile/Arms/LeftArm	MOVED_LEFT	PHASE2_IMPORTED	token-based naming convention match (see full LEFT/RIGHT review lists)
bip01 forearm.l	Bip01 Forearm.L	groupFile/Arms	groupFile/Arms/LeftArm	MOVED_LEFT	PHASE2_IMPORTED	token-based naming convention match (see full LEFT/RIGHT review lists)
mot17_leftshoulder	MOT17_LeftShoulder	groupFile/Arms	groupFile/Arms/LeftArm	MOVED_LEFT	PHASE2_IMPORTED	token-based naming convention match (see full LEFT/RIGHT review lists)
valvebiped.bip01_l_hand_helperbone	ValveBiped.Bip01_L_Hand_Helperbone	groupFile/Arms	groupFile/Arms/LeftArm	MOVED_LEFT	PHASE2_IMPORTED	token-based naming convention match (see full LEFT/RIGHT review lists)
adjust_shoulder_l	adjust_shoulder_L	groupFile/Arms	groupFile/Arms/LeftArm	MOVED_LEFT	PHASE2_IMPORTED	token-based naming convention match (see full LEFT/RIGHT review lists)
arm right elbow ctr 1	arm right elbow ctr 1	groupFile/Arms	groupFile/Arms/RightArm	MOVED_RIGHT	PHASE2_IMPORTED	token-based naming convention match (see full LEFT/RIGHT review lists)
bip01_r_clavicle012	Bip01_R_Clavicle012	groupFile/Arms	groupFile/Arms/RightArm	MOVED_RIGHT	PHASE2_IMPORTED	token-based naming convention match (see full LEFT/RIGHT review lists)
bip01_l_upperarm004	Bip01_L_UpperArm004	groupFile/Arms	groupFile/Arms/LeftArm	MOVED_LEFT	PHASE2_IMPORTED	token-based naming convention match (see full LEFT/RIGHT review lists)
bip01 forearm.r	Bip01 Forearm.R	groupFile/Arms	groupFile/Arms/RightArm	MOVED_RIGHT	PHASE2_IMPORTED	token-based naming convention match (see full LEFT/RIGHT review lists)
bip01_r_upperarm018	Bip01_R_UpperArm018	groupFile/Arms	groupFile/Arms/RightArm	MOVED_RIGHT	PHASE2_IMPORTED	token-based naming convention match (see full LEFT/RIGHT review lists)
right hand	Right Hand	groupFile/Arms	groupFile/Arms/RightArm	MOVED_RIGHT	PHASE2_IMPORTED	token-based naming convention match (see full LEFT/RIGHT review lists)
bone-l-upperarm-twist	Bone-L-UpperArm-Twist	groupFile/Arms	groupFile/Arms/LeftArm	MOVED_LEFT	PHASE2_IMPORTED	token-based naming convention match (see full LEFT/RIGHT review lists)
def-upper_arm.r	DEF-upper_arm.R	groupFile/Arms	groupFile/Arms/RightArm	MOVED_RIGHT	PHASE2_IMPORTED	token-based naming convention match (see full LEFT/RIGHT review lists)
arm right elbow adjust b	arm right elbow adjust b	groupFile/Arms	groupFile/Arms/RightArm	MOVED_RIGHT	PHASE2_IMPORTED	token-based naming convention match (see full LEFT/RIGHT review lists)
bip01_l_forearm008	Bip01_L_Forearm008	groupFile/Arms	groupFile/Arms/LeftArm	MOVED_LEFT	PHASE2_IMPORTED	token-based naming convention match (see full LEFT/RIGHT review lists)
right_hand_twist1_end	right_hand_twist1_end	groupFile/Arms	groupFile/Arms/RightArm	MOVED_RIGHT	PHASE2_IMPORTED	token-based naming convention match (see full LEFT/RIGHT review lists)
arm right shoulder 2 adj. 2	arm right shoulder 2 adj. 2	groupFile/Arms	groupFile/Arms/RightArm	MOVED_RIGHT	PHASE2_IMPORTED	token-based naming convention match (see full LEFT/RIGHT review lists)
bip01-r-foretwist002	Bip01-R-ForeTwist002	groupFile/Arms	groupFile/Arms/RightArm	MOVED_RIGHT	PHASE2_IMPORTED	token-based naming convention match (see full LEFT/RIGHT review lists)
arm right shoulder ctrl 2	arm right shoulder ctrl 2	groupFile/Arms	groupFile/Arms/RightArm	MOVED_RIGHT	PHASE2_IMPORTED	token-based naming convention match (see full LEFT/RIGHT review lists)
valvebiped.bip01_r_hand_helperbone	ValveBiped.Bip01_R_Hand_Helperbone	groupFile/Arms	groupFile/Arms/RightArm	MOVED_RIGHT	PHASE2_IMPORTED	token-based naming convention match (see full LEFT/RIGHT review lists)
shouldertwist	ShoulderTwist	groupFile/Arms	groupFile/Arms	REMAINED_UNSIDED	PHASE2_IMPORTED	genuinely unsided or no reliable side marker found
bip01_l_upperarm013	Bip01_L_UpperArm013	groupFile/Arms	groupFile/Arms/LeftArm	MOVED_LEFT	PHASE2_IMPORTED	token-based naming convention match (see full LEFT/RIGHT review lists)
valvebiped.hip_r_ulna	ValveBiped.Hip_R_Ulna	groupFile/Arms	groupFile/Arms/RightArm	MOVED_RIGHT	PHASE2_IMPORTED	token-based naming convention match (see full LEFT/RIGHT review lists)
left_hand_twist2_end	left_hand_twist2_end	groupFile/Arms	groupFile/Arms/LeftArm	MOVED_LEFT	PHASE2_IMPORTED	token-based naming convention match (see full LEFT/RIGHT review lists)
valvebiped.right_hand	ValveBiped.right_hand	groupFile/Arms	groupFile/Arms/RightArm	MOVED_RIGHT	PHASE2_IMPORTED	token-based naming convention match (see full LEFT/RIGHT review lists)
r collara spo	R CollarA Spo	groupFile/Arms	groupFile/Arms/RightArm	MOVED_RIGHT	PHASE2_IMPORTED	token-based naming convention match (see full LEFT/RIGHT review lists)
triceps medial head	Triceps Medial Head	groupFile/Arms	groupFile/Arms	REMAINED_UNSIDED	PHASE2_IMPORTED	genuinely unsided or no reliable side marker found
bip_hand_rotate_l	bip_Hand_Rotate_L	groupFile/Arms	groupFile/Arms/LeftArm	MOVED_LEFT	PHASE2_IMPORTED	token-based naming convention match (see full LEFT/RIGHT review lists)
bip upperarmtwistbottom r	bip upperarmtwistbottom r	groupFile/Arms	groupFile/Arms/RightArm	MOVED_RIGHT	PHASE2_IMPORTED	token-based naming convention match (see full LEFT/RIGHT review lists)
opt_as_r_wrist_b	OPT_AS_R_Wrist_B	groupFile/Arms	groupFile/Arms/RightArm	MOVED_RIGHT	PHASE2_IMPORTED	token-based naming convention match (see full LEFT/RIGHT review lists)
arm right wrist ctrl 1	arm right wrist ctrl 1	groupFile/Arms	groupFile/Arms/RightArm	MOVED_RIGHT	PHASE2_IMPORTED	token-based naming convention match (see full LEFT/RIGHT review lists)
forearmtwist2right	ForearmTwist2Right	groupFile/Arms	groupFile/Arms/RightArm	MOVED_RIGHT	PHASE2_IMPORTED	token-based naming convention match (see full LEFT/RIGHT review lists)
flm-armb-arm-ld	Flm-ArmB-Arm-LD	groupFile/Arms	groupFile/Arms/LeftArm	MOVED_LEFT	PHASE2_IMPORTED	verified mirrored Flm-ArmB-Arm-L/R lettered family (A-I complete on both sides)
v_weapon.left_arm	v_weapon.Left_Arm	groupFile/Arms	groupFile/Arms/LeftArm	MOVED_LEFT	PHASE2_IMPORTED	token-based naming convention match (see full LEFT/RIGHT review lists)
valvebiped.bip01_l_shoulder_twist	ValveBiped.Bip01_L_Shoulder_Twist	groupFile/Arms	groupFile/Arms/LeftArm	MOVED_LEFT	PHASE2_IMPORTED	token-based naming convention match (see full LEFT/RIGHT review lists)
leftarmroll_helper	LeftArmRoll_helper	groupFile/Arms	groupFile/Arms/LeftArm	MOVED_LEFT	PHASE2_IMPORTED	token-based naming convention match (see full LEFT/RIGHT review lists)
bipflm r foretwist1	BipFlm R ForeTwist1	groupFile/Arms	groupFile/Arms/RightArm	MOVED_RIGHT	PHASE2_IMPORTED	token-based naming convention match (see full LEFT/RIGHT review lists)
d_forearmmucle02_l	D_ForearmMucle02_L	groupFile/Arms	groupFile/Arms/LeftArm	MOVED_LEFT	PHASE2_IMPORTED	token-based naming convention match (see full LEFT/RIGHT review lists)
opt_as_l_wrist_b	OPT_AS_L_Wrist_B	groupFile/Arms	groupFile/Arms/LeftArm	MOVED_LEFT	PHASE2_IMPORTED	token-based naming convention match (see full LEFT/RIGHT review lists)
bip01_l_forearm012	Bip01_L_Forearm012	groupFile/Arms	groupFile/Arms/LeftArm	MOVED_LEFT	PHASE2_IMPORTED	token-based naming convention match (see full LEFT/RIGHT review lists)
bip001-l-foretwist1	Bip001-L-ForeTwist1	groupFile/Arms	groupFile/Arms/LeftArm	MOVED_LEFT	PHASE2_IMPORTED	token-based naming convention match (see full LEFT/RIGHT review lists)
arm left arm twist 2	arm left arm twist 2	groupFile/Arms	groupFile/Arms/LeftArm	MOVED_LEFT	PHASE2_IMPORTED	token-based naming convention match (see full LEFT/RIGHT review lists)
sakotsu_rt_r_d__offset	sakotsu_rt_r_d__offset	groupFile/Arms	groupFile/Arms/RightArm	MOVED_RIGHT	PHASE2_IMPORTED	token-based naming convention match (see full LEFT/RIGHT review lists)
elbow fix.r	Elbow fix.R	groupFile/Arms	groupFile/Arms/RightArm	MOVED_RIGHT	PHASE2_IMPORTED	token-based naming convention match (see full LEFT/RIGHT review lists)
ude_md_r__rot_te_r__x50__offset	ude_md_r__rot_te_r__x50__offset	groupFile/Arms	groupFile/Arms/RightArm	MOVED_RIGHT	PHASE2_IMPORTED	token-based naming convention match (see full LEFT/RIGHT review lists)
palmrbezi1	PalmRBezi1	groupFile/Arms	groupFile/Arms/RightArm	MOVED_RIGHT	PHASE2_IMPORTED	token-based naming convention match (see full LEFT/RIGHT review lists)
flm-armb-arm-rc	Flm-ArmB-Arm-RC	groupFile/Arms	groupFile/Arms/RightArm	MOVED_RIGHT	PHASE2_IMPORTED	verified mirrored Flm-ArmB-Arm-L/R lettered family (A-I complete on both sides)
def-hand.l	DEF-hand.L	groupFile/Arms	groupFile/Arms/LeftArm	MOVED_LEFT	PHASE2_IMPORTED	token-based naming convention match (see full LEFT/RIGHT review lists)
arm left elbow adj. 4	arm left elbow adj. 4	groupFile/Arms	groupFile/Arms/LeftArm	MOVED_LEFT	PHASE2_IMPORTED	token-based naming convention match (see full LEFT/RIGHT review lists)
sakotsu_rt_r__const_kata_r__rot_sakotsu_r__x0	sakotsu_rt_r__const_kata_r__rot_sakotsu_r__x0	groupFile/Arms	groupFile/Arms/RightArm	MOVED_RIGHT	PHASE2_IMPORTED	token-based naming convention match (see full LEFT/RIGHT review lists)
bone_la1	bone_LA1	groupFile/Arms	groupFile/Arms	DEFERRED_UNCLEAR	PHASE2_IMPORTED	No 'bone_RA1' or similar counterpart anywhere in the Master.
mot11_righthand	MOT11_RightHand	groupFile/Arms	groupFile/Arms/RightArm	MOVED_RIGHT	PHASE2_IMPORTED	token-based naming convention match (see full LEFT/RIGHT review lists)
valvebiped.r_foarm	Valvebiped.R_foarm	groupFile/Arms	groupFile/Arms/RightArm	MOVED_RIGHT	PHASE2_IMPORTED	token-based naming convention match (see full LEFT/RIGHT review lists)
bip01 upperarmtwist.l	Bip01 UpperArmTwist.L	groupFile/Arms	groupFile/Arms/LeftArm	MOVED_LEFT	PHASE2_IMPORTED	token-based naming convention match (see full LEFT/RIGHT review lists)
left lowerarm	Left LowerArm	groupFile/Arms	groupFile/Arms/LeftArm	MOVED_LEFT	PHASE2_IMPORTED	token-based naming convention match (see full LEFT/RIGHT review lists)
right upperarm	Right UpperArm	groupFile/Arms	groupFile/Arms/RightArm	MOVED_RIGHT	PHASE2_IMPORTED	token-based naming convention match (see full LEFT/RIGHT review lists)
tekubi_r__rot_te_r__x100__offset	tekubi_r__rot_te_r__x100__offset	groupFile/Arms	groupFile/Arms/RightArm	MOVED_RIGHT	PHASE2_IMPORTED	token-based naming convention match (see full LEFT/RIGHT review lists)
bipmar r foretwist	BipMar R ForeTwist	groupFile/Arms	groupFile/Arms/RightArm	MOVED_RIGHT	PHASE2_IMPORTED	token-based naming convention match (see full LEFT/RIGHT review lists)
left hand	Left Hand	groupFile/Arms	groupFile/Arms/LeftArm	MOVED_LEFT	PHASE2_IMPORTED	token-based naming convention match (see full LEFT/RIGHT review lists)
lshouldern	LShoulderN	groupFile/Arms	groupFile/Arms/LeftArm	MOVED_LEFT	PHASE2_IMPORTED	token-based naming convention match (see full LEFT/RIGHT review lists)
arm right lower	arm right lower	groupFile/Arms	groupFile/Arms/RightArm	MOVED_RIGHT	PHASE2_IMPORTED	token-based naming convention match (see full LEFT/RIGHT review lists)
left_arm	Left_arm	groupFile/Arms	groupFile/Arms/LeftArm	MOVED_LEFT	PHASE2_IMPORTED	token-based naming convention match (see full LEFT/RIGHT review lists)
bip01_r_hand017	Bip01_R_Hand017	groupFile/Arms	groupFile/Arms/RightArm	MOVED_RIGHT	PHASE2_IMPORTED	token-based naming convention match (see full LEFT/RIGHT review lists)
d_bicepsmucle_l	D_bicepsMucle_L	groupFile/Arms	groupFile/Arms/LeftArm	MOVED_LEFT	PHASE2_IMPORTED	token-based naming convention match (see full LEFT/RIGHT review lists)
bip01_r_clavicle019	Bip01_R_Clavicle019	groupFile/Arms	groupFile/Arms/RightArm	MOVED_RIGHT	PHASE2_IMPORTED	token-based naming convention match (see full LEFT/RIGHT review lists)
bip01_r_clavicle011	Bip01_R_Clavicle011	groupFile/Arms	groupFile/Arms/RightArm	MOVED_RIGHT	PHASE2_IMPORTED	token-based naming convention match (see full LEFT/RIGHT review lists)
tekubi_l__rot_te_l__x100__offset	tekubi_l__rot_te_l__x100__offset	groupFile/Arms	groupFile/Arms/LeftArm	MOVED_LEFT	PHASE2_IMPORTED	token-based naming convention match (see full LEFT/RIGHT review lists)
valvebiped.left_hand	ValveBiped.left_hand	groupFile/Arms	groupFile/Arms/LeftArm	MOVED_LEFT	PHASE2_IMPORTED	token-based naming convention match (see full LEFT/RIGHT review lists)
org-palm.04.l	ORG-palm.04.L	groupFile/Arms	groupFile/Arms/LeftArm	MOVED_LEFT	PHASE2_IMPORTED	token-based naming convention match (see full LEFT/RIGHT review lists)
upperarmleft	UpperArmLeft	groupFile/Arms	groupFile/Arms/LeftArm	MOVED_LEFT	PHASE2_IMPORTED	token-based naming convention match (see full LEFT/RIGHT review lists)
bip01_r_upperarm002	Bip01_R_UpperArm002	groupFile/Arms	groupFile/Arms/RightArm	MOVED_RIGHT	PHASE2_IMPORTED	token-based naming convention match (see full LEFT/RIGHT review lists)
flm-armb-arm-rf	Flm-ArmB-Arm-RF	groupFile/Arms	groupFile/Arms/RightArm	MOVED_RIGHT	PHASE2_IMPORTED	verified mirrored Flm-ArmB-Arm-L/R lettered family (A-I complete on both sides)
biceps left	Biceps Left	groupFile/Arms	groupFile/Arms/LeftArm	MOVED_LEFT	PHASE2_IMPORTED	token-based naming convention match (see full LEFT/RIGHT review lists)
forearmtwist1left	ForearmTwist1Left	groupFile/Arms	groupFile/Arms/LeftArm	MOVED_LEFT	PHASE2_IMPORTED	token-based naming convention match (see full LEFT/RIGHT review lists)
rshouldern	RShoulderN	groupFile/Arms	groupFile/Arms/RightArm	MOVED_RIGHT	PHASE2_IMPORTED	token-based naming convention match (see full LEFT/RIGHT review lists)
r_deltoid_helper	r_deltoid_helper	groupFile/Arms	groupFile/Arms/RightArm	MOVED_RIGHT	PHASE2_IMPORTED	token-based naming convention match (see full LEFT/RIGHT review lists)
elbowbuff	ElbowBuff	groupFile/Arms	groupFile/Arms	REMAINED_UNSIDED	PHASE2_IMPORTED	genuinely unsided or no reliable side marker found
leftupperforearm_helper	LeftUpperForeArm_helper	groupFile/Arms	groupFile/Arms/LeftArm	MOVED_LEFT	PHASE2_IMPORTED	token-based naming convention match (see full LEFT/RIGHT review lists)
bip01_r_hand012	Bip01_R_Hand012	groupFile/Arms	groupFile/Arms/RightArm	MOVED_RIGHT	PHASE2_IMPORTED	token-based naming convention match (see full LEFT/RIGHT review lists)
bip_lowerarm_l_1	bip_lowerarm_l_1	groupFile/Arms	groupFile/Arms/LeftArm	MOVED_LEFT	PHASE2_IMPORTED	token-based naming convention match (see full LEFT/RIGHT review lists)
arm left shoulder ctrl 2	arm left shoulder ctrl 2	groupFile/Arms	groupFile/Arms/LeftArm	MOVED_LEFT	PHASE2_IMPORTED	token-based naming convention match (see full LEFT/RIGHT review lists)
bip01_l_hand003	Bip01_L_Hand003	groupFile/Arms	groupFile/Arms/LeftArm	MOVED_LEFT	PHASE2_IMPORTED	token-based naming convention match (see full LEFT/RIGHT review lists)
palmlbolsh	PalmLBolsh	groupFile/Arms	groupFile/Arms/LeftArm	MOVED_LEFT	PHASE2_IMPORTED	token-based naming convention match (see full LEFT/RIGHT review lists)
bip01_l_hand010	Bip01_L_Hand010	groupFile/Arms	groupFile/Arms/LeftArm	MOVED_LEFT	PHASE2_IMPORTED	token-based naming convention match (see full LEFT/RIGHT review lists)
bip armpit r	bip armpit r	groupFile/Arms	groupFile/Arms/RightArm	MOVED_RIGHT	PHASE2_IMPORTED	token-based naming convention match (see full LEFT/RIGHT review lists)
valvebiped.bip01_r_upperarmtwist1	ValveBiped.Bip01_R_UpperarmTwist1	groupFile/Arms	groupFile/Arms/RightArm	MOVED_RIGHT	PHASE2_IMPORTED	token-based naming convention match (see full LEFT/RIGHT review lists)
arm right shoulder ctr1	arm right shoulder ctr1	groupFile/Arms	groupFile/Arms/RightArm	MOVED_RIGHT	PHASE2_IMPORTED	token-based naming convention match (see full LEFT/RIGHT review lists)
forearmleft	ForearmLeft	groupFile/Arms	groupFile/Arms/LeftArm	MOVED_LEFT	PHASE2_IMPORTED	token-based naming convention match (see full LEFT/RIGHT review lists)
rightlowerforearm_helper	RightLowerForeArm_helper	groupFile/Arms	groupFile/Arms/RightArm	MOVED_RIGHT	PHASE2_IMPORTED	token-based naming convention match (see full LEFT/RIGHT review lists)
r_shoulder_rear_helper	r_shoulder_rear_helper	groupFile/Arms	groupFile/Arms/RightArm	MOVED_RIGHT	PHASE2_IMPORTED	token-based naming convention match (see full LEFT/RIGHT review lists)
arm right shoulder adjust a	arm right shoulder adjust a	groupFile/Arms	groupFile/Arms/RightArm	MOVED_RIGHT	PHASE2_IMPORTED	token-based naming convention match (see full LEFT/RIGHT review lists)
l_shoulder_rear_helper	l_shoulder_rear_helper	groupFile/Arms	groupFile/Arms/LeftArm	MOVED_LEFT	PHASE2_IMPORTED	token-based naming convention match (see full LEFT/RIGHT review lists)
arm left elbow ctr3	arm left elbow ctr3	groupFile/Arms	groupFile/Arms/LeftArm	MOVED_LEFT	PHASE2_IMPORTED	token-based naming convention match (see full LEFT/RIGHT review lists)
bipfio r foretwist1	BipFio R ForeTwist1	groupFile/Arms	groupFile/Arms/RightArm	MOVED_RIGHT	PHASE2_IMPORTED	token-based naming convention match (see full LEFT/RIGHT review lists)
shoulder_right	Shoulder_Right	groupFile/Arms	groupFile/Arms/RightArm	MOVED_RIGHT	PHASE2_IMPORTED	token-based naming convention match (see full LEFT/RIGHT review lists)
bip upperarmtwisttop l	bip upperarmtwisttop l	groupFile/Arms	groupFile/Arms/LeftArm	MOVED_LEFT	PHASE2_IMPORTED	token-based naming convention match (see full LEFT/RIGHT review lists)
arm right palm ctr	arm right palm ctr	groupFile/Arms	groupFile/Arms/RightArm	MOVED_RIGHT	PHASE2_IMPORTED	token-based naming convention match (see full LEFT/RIGHT review lists)
l shouldersub spo	L ShoulderSub Spo	groupFile/Arms	groupFile/Arms/LeftArm	MOVED_LEFT	PHASE2_IMPORTED	token-based naming convention match (see full LEFT/RIGHT review lists)
bipfin l foretwist1	BipFin L ForeTwist1	groupFile/Arms	groupFile/Arms/LeftArm	MOVED_LEFT	PHASE2_IMPORTED	token-based naming convention match (see full LEFT/RIGHT review lists)
valvebiped.r_uparm	Valvebiped.R_uparm	groupFile/Arms	groupFile/Arms/RightArm	MOVED_RIGHT	PHASE2_IMPORTED	token-based naming convention match (see full LEFT/RIGHT review lists)
valvebiped.bip01_l_hand_twist	ValveBiped.Bip01_L_Hand_Twist	groupFile/Arms	groupFile/Arms/LeftArm	MOVED_LEFT	PHASE2_IMPORTED	token-based naming convention match (see full LEFT/RIGHT review lists)
flm-armb-arm-rd	Flm-ArmB-Arm-RD	groupFile/Arms	groupFile/Arms/RightArm	MOVED_RIGHT	PHASE2_IMPORTED	verified mirrored Flm-ArmB-Arm-L/R lettered family (A-I complete on both sides)
flm-armb-arm-le	Flm-ArmB-Arm-LE	groupFile/Arms	groupFile/Arms/LeftArm	MOVED_LEFT	PHASE2_IMPORTED	verified mirrored Flm-ArmB-Arm-L/R lettered family (A-I complete on both sides)
armtwister	armTwister	groupFile/Arms	groupFile/Arms	REMAINED_UNSIDED	PHASE2_IMPORTED	genuinely unsided or no reliable side marker found
flm-armb-arm-li	Flm-ArmB-Arm-LI	groupFile/Arms	groupFile/Arms/LeftArm	MOVED_LEFT	PHASE2_IMPORTED	verified mirrored Flm-ArmB-Arm-L/R lettered family (A-I complete on both sides)
bone hand01	bone hand01	groupFile/Arms	groupFile/Arms	REMAINED_UNSIDED	PHASE2_IMPORTED	genuinely unsided or no reliable side marker found
bip collarhelper l	bip collarhelper l	groupFile/Arms	groupFile/Arms/LeftArm	MOVED_LEFT	PHASE2_IMPORTED	token-based naming convention match (see full LEFT/RIGHT review lists)
crow_2.ulna_l	Crow_2.Ulna_L	groupFile/Arms	groupFile/Arms/LeftArm	MOVED_LEFT	PHASE2_IMPORTED	token-based naming convention match (see full LEFT/RIGHT review lists)
bip_lowerarm_r_1	bip_lowerarm_r_1	groupFile/Arms	groupFile/Arms/RightArm	MOVED_RIGHT	PHASE2_IMPORTED	token-based naming convention match (see full LEFT/RIGHT review lists)
adjust_wrist_r	adjust_wrist_R	groupFile/Arms	groupFile/Arms/RightArm	MOVED_RIGHT	PHASE2_IMPORTED	token-based naming convention match (see full LEFT/RIGHT review lists)
arm right wrist adjust	arm right wrist adjust	groupFile/Arms	groupFile/Arms/RightArm	MOVED_RIGHT	PHASE2_IMPORTED	token-based naming convention match (see full LEFT/RIGHT review lists)
bip01_r_forearm012	Bip01_R_Forearm012	groupFile/Arms	groupFile/Arms/RightArm	MOVED_RIGHT	PHASE2_IMPORTED	token-based naming convention match (see full LEFT/RIGHT review lists)
bippbg r foretwist	BipPBG R ForeTwist	groupFile/Arms	groupFile/Arms/RightArm	MOVED_RIGHT	PHASE2_IMPORTED	token-based naming convention match (see full LEFT/RIGHT review lists)
arm right elbow adj. 4	arm right elbow adj. 4	groupFile/Arms	groupFile/Arms/RightArm	MOVED_RIGHT	PHASE2_IMPORTED	token-based naming convention match (see full LEFT/RIGHT review lists)
bip01_l_forearm003	Bip01_L_Forearm003	groupFile/Arms	groupFile/Arms/LeftArm	MOVED_LEFT	PHASE2_IMPORTED	token-based naming convention match (see full LEFT/RIGHT review lists)
bip01_r_clavicle013	Bip01_R_Clavicle013	groupFile/Arms	groupFile/Arms/RightArm	MOVED_RIGHT	PHASE2_IMPORTED	token-based naming convention match (see full LEFT/RIGHT review lists)
bip01 forearmtwist.r	Bip01 ForearmTwist.R	groupFile/Arms	groupFile/Arms/RightArm	MOVED_RIGHT	PHASE2_IMPORTED	token-based naming convention match (see full LEFT/RIGHT review lists)
palmrsred	PalmRSred	groupFile/Arms	groupFile/Arms/RightArm	MOVED_RIGHT	PHASE2_IMPORTED	token-based naming convention match (see full LEFT/RIGHT review lists)
bip01_l_clavicle009	Bip01_L_Clavicle009	groupFile/Arms	groupFile/Arms/LeftArm	MOVED_LEFT	PHASE2_IMPORTED	token-based naming convention match (see full LEFT/RIGHT review lists)
arm right wrist b	arm right wrist b	groupFile/Arms	groupFile/Arms/RightArm	MOVED_RIGHT	PHASE2_IMPORTED	token-based naming convention match (see full LEFT/RIGHT review lists)
bip_arm_rotate1_l	bip_Arm_Rotate1_L	groupFile/Arms	groupFile/Arms/LeftArm	MOVED_LEFT	PHASE2_IMPORTED	token-based naming convention match (see full LEFT/RIGHT review lists)
valvebiped.bip01_l_forearm_helperbone	ValveBiped.Bip01_L_Forearm_Helperbone	groupFile/Arms	groupFile/Arms/LeftArm	MOVED_LEFT	PHASE2_IMPORTED	token-based naming convention match (see full LEFT/RIGHT review lists)
bip01_l_upperarm012	Bip01_L_UpperArm012	groupFile/Arms	groupFile/Arms/LeftArm	MOVED_LEFT	PHASE2_IMPORTED	token-based naming convention match (see full LEFT/RIGHT review lists)
def-shoulder.l	DEF-shoulder.L	groupFile/Arms	groupFile/Arms/LeftArm	MOVED_LEFT	PHASE2_IMPORTED	token-based naming convention match (see full LEFT/RIGHT review lists)
bip collar r	bip collar r	groupFile/Arms	groupFile/Arms/RightArm	MOVED_RIGHT	PHASE2_IMPORTED	token-based naming convention match (see full LEFT/RIGHT review lists)
lowerarm_roll_right_0	lowerarm_roll_right_0	groupFile/Arms	groupFile/Arms/RightArm	MOVED_RIGHT	PHASE2_IMPORTED	token-based naming convention match (see full LEFT/RIGHT review lists)
bip001 ruparmtwist	Bip001 RUpArmTwist	groupFile/Arms	groupFile/Arms/RightArm	MOVED_RIGHT	PHASE2_IMPORTED	token-based naming convention match (see full LEFT/RIGHT review lists)
arm right shoulder twist1	arm right shoulder twist1	groupFile/Arms	groupFile/Arms/RightArm	MOVED_RIGHT	PHASE2_IMPORTED	token-based naming convention match (see full LEFT/RIGHT review lists)
arm right shoulder adjust b	arm right shoulder adjust b	groupFile/Arms	groupFile/Arms/RightArm	MOVED_RIGHT	PHASE2_IMPORTED	token-based naming convention match (see full LEFT/RIGHT review lists)
r wrist spo	R Wrist Spo	groupFile/Arms	groupFile/Arms/RightArm	MOVED_RIGHT	PHASE2_IMPORTED	token-based naming convention match (see full LEFT/RIGHT review lists)
r_wrist_upper_a_helper	r_wrist_upper_a_helper	groupFile/Arms	groupFile/Arms/RightArm	MOVED_RIGHT	PHASE2_IMPORTED	token-based naming convention match (see full LEFT/RIGHT review lists)
arm left adjuster	Arm Left Adjuster	groupFile/Arms	groupFile/Arms/LeftArm	MOVED_LEFT	PHASE2_IMPORTED	token-based naming convention match (see full LEFT/RIGHT review lists)
r deltoida spo	R DeltoidA Spo	groupFile/Arms	groupFile/Arms/RightArm	MOVED_RIGHT	PHASE2_IMPORTED	token-based naming convention match (see full LEFT/RIGHT review lists)
left_shoulder_c	left_shoulder_C	groupFile/Arms	groupFile/Arms/LeftArm	MOVED_LEFT	PHASE2_IMPORTED	token-based naming convention match (see full LEFT/RIGHT review lists)
flm-armb-arm-la	Flm-ArmB-Arm-LA	groupFile/Arms	groupFile/Arms/LeftArm	MOVED_LEFT	PHASE2_IMPORTED	verified mirrored Flm-ArmB-Arm-L/R lettered family (A-I complete on both sides)
l_elbow_outer_upper_helper	l_elbow_outer_upper_helper	groupFile/Arms	groupFile/Arms/LeftArm	MOVED_LEFT	PHASE2_IMPORTED	token-based naming convention match (see full LEFT/RIGHT review lists)
flm-armb-arm-ra	Flm-ArmB-Arm-RA	groupFile/Arms	groupFile/Arms/RightArm	MOVED_RIGHT	PHASE2_IMPORTED	verified mirrored Flm-ArmB-Arm-L/R lettered family (A-I complete on both sides)
r forearmrolla spo	R ForearmrollA Spo	groupFile/Arms	groupFile/Arms/RightArm	MOVED_RIGHT	PHASE2_IMPORTED	token-based naming convention match (see full LEFT/RIGHT review lists)
bip01_r_forearm008	Bip01_R_Forearm008	groupFile/Arms	groupFile/Arms/RightArm	MOVED_RIGHT	PHASE2_IMPORTED	token-based naming convention match (see full LEFT/RIGHT review lists)
arm left shoulder twist1	arm left shoulder twist1	groupFile/Arms	groupFile/Arms/LeftArm	MOVED_LEFT	PHASE2_IMPORTED	token-based naming convention match (see full LEFT/RIGHT review lists)
second_arms_l_2	Second_Arms_L_2	groupFile/Arms	groupFile/Arms/LeftArm	MOVED_LEFT	PHASE2_IMPORTED	token-based naming convention match (see full LEFT/RIGHT review lists)
bip001-r-hand	Bip001-R-Hand	groupFile/Arms	groupFile/Arms/RightArm	MOVED_RIGHT	PHASE2_IMPORTED	token-based naming convention match (see full LEFT/RIGHT review lists)
r deltoidc spo	R DeltoidC Spo	groupFile/Arms	groupFile/Arms/RightArm	MOVED_RIGHT	PHASE2_IMPORTED	token-based naming convention match (see full LEFT/RIGHT review lists)
bipflm r foretwist	BipFlm R ForeTwist	groupFile/Arms	groupFile/Arms/RightArm	MOVED_RIGHT	PHASE2_IMPORTED	token-based naming convention match (see full LEFT/RIGHT review lists)
brachioradialis	Brachioradialis	groupFile/Arms	groupFile/Arms	REMAINED_UNSIDED	PHASE2_IMPORTED	genuinely unsided or no reliable side marker found
arm left shoulder adjust b	arm left shoulder adjust b	groupFile/Arms	groupFile/Arms/LeftArm	MOVED_LEFT	PHASE2_IMPORTED	token-based naming convention match (see full LEFT/RIGHT review lists)
bip001 l foretwist	Bip001 L ForeTwist	groupFile/Arms	groupFile/Arms/LeftArm	MOVED_LEFT	PHASE2_IMPORTED	token-based naming convention match (see full LEFT/RIGHT review lists)
hiji_l__rot_ude_l__z50__offset	hiji_l__rot_ude_l__z50__offset	groupFile/Arms	groupFile/Arms/LeftArm	MOVED_LEFT	PHASE2_IMPORTED	token-based naming convention match (see full LEFT/RIGHT review lists)
arm right arm twist 1	arm right arm twist 1	groupFile/Arms	groupFile/Arms/RightArm	MOVED_RIGHT	PHASE2_IMPORTED	token-based naming convention match (see full LEFT/RIGHT review lists)
bip01-l-foretwist003	Bip01-L-ForeTwist003	groupFile/Arms	groupFile/Arms/LeftArm	MOVED_LEFT	PHASE2_IMPORTED	token-based naming convention match (see full LEFT/RIGHT review lists)
shoulderleft	ShoulderLeft	groupFile/Arms	groupFile/Arms/LeftArm	MOVED_LEFT	PHASE2_IMPORTED	token-based naming convention match (see full LEFT/RIGHT review lists)
l_shoulder_front_helper	l_shoulder_front_helper	groupFile/Arms	groupFile/Arms/LeftArm	MOVED_LEFT	PHASE2_IMPORTED	token-based naming convention match (see full LEFT/RIGHT review lists)
bip wristtwisthelper l	bip wristtwisthelper l	groupFile/Arms	groupFile/Arms/LeftArm	MOVED_LEFT	PHASE2_IMPORTED	token-based naming convention match (see full LEFT/RIGHT review lists)
arm.right_top	Arm.Right_Top	groupFile/Arms	groupFile/Arms/RightArm	MOVED_RIGHT	PHASE2_IMPORTED	token-based naming convention match (see full LEFT/RIGHT review lists)
bip01_l_clavicle012	Bip01_L_Clavicle012	groupFile/Arms	groupFile/Arms/LeftArm	MOVED_LEFT	PHASE2_IMPORTED	token-based naming convention match (see full LEFT/RIGHT review lists)
flm-armb-arm-rh	Flm-ArmB-Arm-RH	groupFile/Arms	groupFile/Arms/RightArm	MOVED_RIGHT	PHASE2_IMPORTED	verified mirrored Flm-ArmB-Arm-L/R lettered family (A-I complete on both sides)
bip01_r_hand002	Bip01_R_Hand002	groupFile/Arms	groupFile/Arms/RightArm	MOVED_RIGHT	PHASE2_IMPORTED	token-based naming convention match (see full LEFT/RIGHT review lists)
org-palm.03.l	ORG-palm.03.L	groupFile/Arms	groupFile/Arms/LeftArm	MOVED_LEFT	PHASE2_IMPORTED	token-based naming convention match (see full LEFT/RIGHT review lists)
arm_rotate_r	Arm_Rotate_R	groupFile/Arms	groupFile/Arms/RightArm	MOVED_RIGHT	PHASE2_IMPORTED	token-based naming convention match (see full LEFT/RIGHT review lists)
bip_stone_l_foretwist	Bip_STONE_L_ForeTwist	groupFile/Arms	groupFile/Arms/LeftArm	MOVED_LEFT	PHASE2_IMPORTED	token-based naming convention match (see full LEFT/RIGHT review lists)
org-palm.01.r	ORG-palm.01.R	groupFile/Arms	groupFile/Arms/RightArm	MOVED_RIGHT	PHASE2_IMPORTED	token-based naming convention match (see full LEFT/RIGHT review lists)
rightupperarm	RightUpperArm	groupFile/Arms	groupFile/Arms/RightArm	MOVED_RIGHT	PHASE2_IMPORTED	token-based naming convention match (see full LEFT/RIGHT review lists)
arm left wrist ctrl	arm left wrist ctrl	groupFile/Arms	groupFile/Arms/LeftArm	MOVED_LEFT	PHASE2_IMPORTED	token-based naming convention match (see full LEFT/RIGHT review lists)
rightelbow_helper	RightElbow_helper	groupFile/Arms	groupFile/Arms/RightArm	MOVED_RIGHT	PHASE2_IMPORTED	token-based naming convention match (see full LEFT/RIGHT review lists)
bip01 upperarm.l	Bip01 UpperArm.L	groupFile/Arms	groupFile/Arms/LeftArm	MOVED_LEFT	PHASE2_IMPORTED	token-based naming convention match (see full LEFT/RIGHT review lists)
r_upperarm_00003	r_upperarm_00003	groupFile/Arms	groupFile/Arms/RightArm	MOVED_RIGHT	PHASE2_IMPORTED	token-based naming convention match (see full LEFT/RIGHT review lists)
arm right elbow twist 	arm right elbow twist 	groupFile/Arms	groupFile/Arms/RightArm	MOVED_RIGHT	PHASE2_IMPORTED	token-based naming convention match (see full LEFT/RIGHT review lists)
opt_hand_left_root	OPT_Hand_Left_Root	groupFile/Arms	groupFile/Arms/LeftArm	MOVED_LEFT	PHASE2_IMPORTED	token-based naming convention match (see full LEFT/RIGHT review lists)
bip01_r_forearm018	Bip01_R_Forearm018	groupFile/Arms	groupFile/Arms/RightArm	MOVED_RIGHT	PHASE2_IMPORTED	token-based naming convention match (see full LEFT/RIGHT review lists)
armpit_r	Armpit_R	groupFile/Arms	groupFile/Arms/RightArm	MOVED_RIGHT	PHASE2_IMPORTED	token-based naming convention match (see full LEFT/RIGHT review lists)
left_arm_twist3_end	left_arm_twist3_end	groupFile/Arms	groupFile/Arms/LeftArm	MOVED_LEFT	PHASE2_IMPORTED	token-based naming convention match (see full LEFT/RIGHT review lists)
left arm screw 2	Left arm screw 2	groupFile/Arms	groupFile/Arms/LeftArm	MOVED_LEFT	PHASE2_IMPORTED	token-based naming convention match (see full LEFT/RIGHT review lists)
arm left shoulder adj b	arm left shoulder adj b	groupFile/Arms	groupFile/Arms/LeftArm	MOVED_LEFT	PHASE2_IMPORTED	token-based naming convention match (see full LEFT/RIGHT review lists)
bip_l_arm_01_sub	bip_l_arm_01_sub	groupFile/Arms	groupFile/Arms/LeftArm	MOVED_LEFT	PHASE2_IMPORTED	token-based naming convention match (see full LEFT/RIGHT review lists)
r_elbow_twist_c_helper	r_elbow_twist_c_helper	groupFile/Arms	groupFile/Arms/RightArm	MOVED_RIGHT	PHASE2_IMPORTED	token-based naming convention match (see full LEFT/RIGHT review lists)
l forearmrolla spo	L ForearmrollA Spo	groupFile/Arms	groupFile/Arms/LeftArm	MOVED_LEFT	PHASE2_IMPORTED	token-based naming convention match (see full LEFT/RIGHT review lists)
bip upperarmtwist1 r	bip upperarmtwist1 r	groupFile/Arms	groupFile/Arms/RightArm	MOVED_RIGHT	PHASE2_IMPORTED	token-based naming convention match (see full LEFT/RIGHT review lists)
arm_rotate1_l	Arm_Rotate1_L	groupFile/Arms	groupFile/Arms/LeftArm	MOVED_LEFT	PHASE2_IMPORTED	token-based naming convention match (see full LEFT/RIGHT review lists)
kata_rt_l__prot_x0__offset	kata_rt_l__prot_x0__offset	groupFile/Arms	groupFile/Arms/LeftArm	MOVED_LEFT	PHASE2_IMPORTED	token-based naming convention match (see full LEFT/RIGHT review lists)
arm left elbow adj. 2	arm left elbow adj. 2	groupFile/Arms	groupFile/Arms/LeftArm	MOVED_LEFT	PHASE2_IMPORTED	token-based naming convention match (see full LEFT/RIGHT review lists)
l_scapula_helper	l_scapula_helper	groupFile/Arms	groupFile/Arms/LeftArm	MOVED_LEFT	PHASE2_IMPORTED	token-based naming convention match (see full LEFT/RIGHT review lists)
bip_bobby_r_uparmtwist	Bip_BOBBY_R_UpArmTwist	groupFile/Arms	groupFile/Arms/RightArm	MOVED_RIGHT	PHASE2_IMPORTED	token-based naming convention match (see full LEFT/RIGHT review lists)
bip_stone_r_foretwist1	Bip_STONE_R_ForeTwist1	groupFile/Arms	groupFile/Arms/RightArm	MOVED_RIGHT	PHASE2_IMPORTED	token-based naming convention match (see full LEFT/RIGHT review lists)
arm_twist_r	arm_twist_r	groupFile/Arms	groupFile/Arms/RightArm	MOVED_RIGHT	PHASE2_IMPORTED	token-based naming convention match (see full LEFT/RIGHT review lists)
bip01_l_hand004	Bip01_L_Hand004	groupFile/Arms	groupFile/Arms/LeftArm	MOVED_LEFT	PHASE2_IMPORTED	token-based naming convention match (see full LEFT/RIGHT review lists)
bip armpitringbase l	bip armpitringbase l	groupFile/Arms	groupFile/Arms/LeftArm	MOVED_LEFT	PHASE2_IMPORTED	token-based naming convention match (see full LEFT/RIGHT review lists)
l_bicep_helper	l_bicep_helper	groupFile/Arms	groupFile/Arms/LeftArm	MOVED_LEFT	PHASE2_IMPORTED	token-based naming convention match (see full LEFT/RIGHT review lists)
arm left shoulder adj.	arm left shoulder adj.	groupFile/Arms	groupFile/Arms/LeftArm	MOVED_LEFT	PHASE2_IMPORTED	token-based naming convention match (see full LEFT/RIGHT review lists)
org-palm.02.l	ORG-palm.02.L	groupFile/Arms	groupFile/Arms/LeftArm	MOVED_LEFT	PHASE2_IMPORTED	token-based naming convention match (see full LEFT/RIGHT review lists)
helper_wrist_l	helper_wrist_L	groupFile/Arms	groupFile/Arms/LeftArm	MOVED_LEFT	PHASE2_IMPORTED	token-based naming convention match (see full LEFT/RIGHT review lists)
bip01_l_hand011	Bip01_L_Hand011	groupFile/Arms	groupFile/Arms/LeftArm	MOVED_LEFT	PHASE2_IMPORTED	token-based naming convention match (see full LEFT/RIGHT review lists)
adjust_elbowcap_r	adjust_elbowcap_R	groupFile/Arms	groupFile/Arms/RightArm	MOVED_RIGHT	PHASE2_IMPORTED	token-based naming convention match (see full LEFT/RIGHT review lists)
arm left lower 2	arm left lower 2	groupFile/Arms	groupFile/Arms/LeftArm	MOVED_LEFT	PHASE2_IMPORTED	token-based naming convention match (see full LEFT/RIGHT review lists)
arm right shoulder adj.	arm right shoulder adj.	groupFile/Arms	groupFile/Arms/RightArm	MOVED_RIGHT	PHASE2_IMPORTED	token-based naming convention match (see full LEFT/RIGHT review lists)
l_tricep_helper	l_tricep_helper	groupFile/Arms	groupFile/Arms/LeftArm	MOVED_LEFT	PHASE2_IMPORTED	token-based naming convention match (see full LEFT/RIGHT review lists)
bip armpitbase l	bip armpitbase l	groupFile/Arms	groupFile/Arms/LeftArm	MOVED_LEFT	PHASE2_IMPORTED	token-based naming convention match (see full LEFT/RIGHT review lists)
valvebiped.r_collar	Valvebiped.R_collar	groupFile/Arms	groupFile/Arms/RightArm	MOVED_RIGHT	PHASE2_IMPORTED	token-based naming convention match (see full LEFT/RIGHT review lists)
bip01_l_forearm016	Bip01_L_Forearm016	groupFile/Arms	groupFile/Arms/LeftArm	MOVED_LEFT	PHASE2_IMPORTED	token-based naming convention match (see full LEFT/RIGHT review lists)
bip01_r_forearm013	Bip01_R_Forearm013	groupFile/Arms	groupFile/Arms/RightArm	MOVED_RIGHT	PHASE2_IMPORTED	token-based naming convention match (see full LEFT/RIGHT review lists)
bip01_l_hand018	Bip01_L_Hand018	groupFile/Arms	groupFile/Arms/LeftArm	MOVED_LEFT	PHASE2_IMPORTED	token-based naming convention match (see full LEFT/RIGHT review lists)
collarrightmidlower	CollarRightMidLower	groupFile/Arms	groupFile/Arms/RightArm	MOVED_RIGHT	PHASE2_IMPORTED	token-based naming convention match (see full LEFT/RIGHT review lists)
bip forearmtwisttop l	bip forearmtwisttop l	groupFile/Arms	groupFile/Arms/LeftArm	MOVED_LEFT	PHASE2_IMPORTED	token-based naming convention match (see full LEFT/RIGHT review lists)
bip01_l_upperarm017	Bip01_L_UpperArm017	groupFile/Arms	groupFile/Arms/LeftArm	MOVED_LEFT	PHASE2_IMPORTED	token-based naming convention match (see full LEFT/RIGHT review lists)
arm right elbow adj. 1	arm right elbow adj. 1	groupFile/Arms	groupFile/Arms/RightArm	MOVED_RIGHT	PHASE2_IMPORTED	token-based naming convention match (see full LEFT/RIGHT review lists)
l_hand_00004	l_hand_00004	groupFile/Arms	groupFile/Arms/LeftArm	MOVED_LEFT	PHASE2_IMPORTED	token-based naming convention match (see full LEFT/RIGHT review lists)
l shoulder2	l shoulder2	groupFile/Arms	groupFile/Arms/LeftArm	MOVED_LEFT	PHASE2_IMPORTED	token-based naming convention match (see full LEFT/RIGHT review lists)
assist_spine0	Assist_spine0	groupFile/Legs	groupFile/Legs	REMAINED_UNSIDED	PRE_PHASE2_EXISTING	genuinely unsided or no reliable side marker found
assist_spine1	Assist_spine1	groupFile/Legs	groupFile/Legs	REMAINED_UNSIDED	PRE_PHASE2_EXISTING	genuinely unsided or no reliable side marker found
assist_spine2	Assist_spine2	groupFile/Legs	groupFile/Legs	REMAINED_UNSIDED	PRE_PHASE2_EXISTING	genuinely unsided or no reliable side marker found
assist_spine3	Assist_spine3	groupFile/Legs	groupFile/Legs	REMAINED_UNSIDED	PRE_PHASE2_EXISTING	genuinely unsided or no reliable side marker found
assist_spine4	Assist_spine4	groupFile/Legs	groupFile/Legs	REMAINED_UNSIDED	PRE_PHASE2_EXISTING	genuinely unsided or no reliable side marker found
assist_spine5	Assist_spine5	groupFile/Legs	groupFile/Legs	REMAINED_UNSIDED	PRE_PHASE2_EXISTING	genuinely unsided or no reliable side marker found
assist_spine6	Assist_spine6	groupFile/Legs	groupFile/Legs	REMAINED_UNSIDED	PRE_PHASE2_EXISTING	genuinely unsided or no reliable side marker found
assist_spine7	Assist_spine7	groupFile/Legs	groupFile/Legs	REMAINED_UNSIDED	PRE_PHASE2_EXISTING	genuinely unsided or no reliable side marker found
assist_spine8	Assist_spine8	groupFile/Legs	groupFile/Legs	REMAINED_UNSIDED	PRE_PHASE2_EXISTING	genuinely unsided or no reliable side marker found
assist_spine9	Assist_spine9	groupFile/Legs	groupFile/Legs	REMAINED_UNSIDED	PRE_PHASE2_EXISTING	genuinely unsided or no reliable side marker found
bip_hips_def	bip_hips_def	groupFile/Legs	groupFile/Legs	REMAINED_UNSIDED	PRE_PHASE2_EXISTING	genuinely unsided or no reliable side marker found
bip_hips_twist	bip_hips_twist	groupFile/Legs	groupFile/Legs	REMAINED_UNSIDED	PRE_PHASE2_EXISTING	genuinely unsided or no reliable side marker found
bip_leg	Bip_Leg+Bip_leg	groupFile/Legs	groupFile/Legs	REMAINED_UNSIDED	PRE_PHASE2_EXISTING	genuinely unsided or no reliable side marker found
bip_leg_extrabone	bip_leg_extrabone	groupFile/Legs	groupFile/Legs	REMAINED_UNSIDED	PRE_PHASE2_EXISTING	genuinely unsided or no reliable side marker found
bip_pelvis_hlp	bip_pelvis_hlp	groupFile/Legs	groupFile/Legs	REMAINED_UNSIDED	PRE_PHASE2_EXISTING	genuinely unsided or no reliable side marker found
body-helper-thighraise	Body-Helper-ThighRaise	groupFile/Legs	groupFile/Legs	REMAINED_UNSIDED	PRE_PHASE2_EXISTING	genuinely unsided or no reliable side marker found
body-helper-thighsraiseout	Body-Helper-ThighsRaiseOut	groupFile/Legs	groupFile/Legs	REMAINED_UNSIDED	PRE_PHASE2_EXISTING	genuinely unsided or no reliable side marker found
bodyhelperthighraise	BodyHelperThighRaise	groupFile/Legs	groupFile/Legs	REMAINED_UNSIDED	PRE_PHASE2_EXISTING	genuinely unsided or no reliable side marker found
bodyhelperthighsraiseout	BodyHelperThighsRaiseOut	groupFile/Legs	groupFile/Legs	REMAINED_UNSIDED	PRE_PHASE2_EXISTING	genuinely unsided or no reliable side marker found
hip_helper1	hip_helper1	groupFile/Legs	groupFile/Legs	REMAINED_UNSIDED	PRE_PHASE2_EXISTING	genuinely unsided or no reliable side marker found
hip_helper2	hip_helper2	groupFile/Legs	groupFile/Legs	REMAINED_UNSIDED	PRE_PHASE2_EXISTING	genuinely unsided or no reliable side marker found
leg back pelvis	leg back pelvis	groupFile/Legs	groupFile/Legs	REMAINED_UNSIDED	PRE_PHASE2_EXISTING	genuinely unsided or no reliable side marker found
rig_foothelper0	Rig_FootHelper0	groupFile/Legs	groupFile/Legs	REMAINED_UNSIDED	PRE_PHASE2_EXISTING	genuinely unsided or no reliable side marker found
rig_foothelper1	Rig_FootHelper1	groupFile/Legs	groupFile/Legs	REMAINED_UNSIDED	PRE_PHASE2_EXISTING	genuinely unsided or no reliable side marker found
rig_foothelper10	Rig_FootHelper10	groupFile/Legs	groupFile/Legs	REMAINED_UNSIDED	PRE_PHASE2_EXISTING	genuinely unsided or no reliable side marker found
rig_foothelper2	Rig_FootHelper2	groupFile/Legs	groupFile/Legs	REMAINED_UNSIDED	PRE_PHASE2_EXISTING	genuinely unsided or no reliable side marker found
rig_foothelper3	Rig_FootHelper3	groupFile/Legs	groupFile/Legs	REMAINED_UNSIDED	PRE_PHASE2_EXISTING	genuinely unsided or no reliable side marker found
rig_foothelper4	Rig_FootHelper4	groupFile/Legs	groupFile/Legs	REMAINED_UNSIDED	PRE_PHASE2_EXISTING	genuinely unsided or no reliable side marker found
rig_foothelper5	Rig_FootHelper5	groupFile/Legs	groupFile/Legs	REMAINED_UNSIDED	PRE_PHASE2_EXISTING	genuinely unsided or no reliable side marker found
rig_foothelper6	Rig_FootHelper6	groupFile/Legs	groupFile/Legs	REMAINED_UNSIDED	PRE_PHASE2_EXISTING	genuinely unsided or no reliable side marker found
rig_foothelper7	Rig_FootHelper7	groupFile/Legs	groupFile/Legs	REMAINED_UNSIDED	PRE_PHASE2_EXISTING	genuinely unsided or no reliable side marker found
rig_foothelper8	Rig_FootHelper8	groupFile/Legs	groupFile/Legs	REMAINED_UNSIDED	PRE_PHASE2_EXISTING	genuinely unsided or no reliable side marker found
rig_foothelper9	Rig_FootHelper9	groupFile/Legs	groupFile/Legs	REMAINED_UNSIDED	PRE_PHASE2_EXISTING	genuinely unsided or no reliable side marker found
tentacles	Tentacles	groupFile/Legs	groupFile/Legs	REMAINED_UNSIDED	PRE_PHASE2_EXISTING	genuinely unsided or no reliable side marker found
valvebiped.bip01_pelvis_adjust	ValveBiped.Bip01_Pelvis_adjust	groupFile/Legs	groupFile/Legs	REMAINED_UNSIDED	PRE_PHASE2_EXISTING	genuinely unsided or no reliable side marker found
crow_3.femur_r	Crow_3.Femur_R	groupFile/Legs	groupFile/Legs/RightLeg	MOVED_RIGHT	PHASE2_IMPORTED	token-based naming convention match (see full LEFT/RIGHT review lists)
helpthighbackr	HelpThighBackR	groupFile/Legs	groupFile/Legs/RightLeg	MOVED_RIGHT	PHASE2_IMPORTED	token-based naming convention match (see full LEFT/RIGHT review lists)
leg back ankle right	leg back ankle right	groupFile/Legs	groupFile/Legs/RightLeg	MOVED_RIGHT	PHASE2_IMPORTED	token-based naming convention match (see full LEFT/RIGHT review lists)
opt_as_l_upleg_b	OPT_AS_L_UpLeg_B	groupFile/Legs	groupFile/Legs/LeftLeg	MOVED_LEFT	PHASE2_IMPORTED	token-based naming convention match (see full LEFT/RIGHT review lists)
bip01_r_thigh011	Bip01_R_Thigh011	groupFile/Legs	groupFile/Legs/RightLeg	MOVED_RIGHT	PHASE2_IMPORTED	token-based naming convention match (see full LEFT/RIGHT review lists)
bip_r_hip	bip_r_hip	groupFile/Legs	groupFile/Legs/RightLeg	MOVED_RIGHT	PHASE2_IMPORTED	token-based naming convention match (see full LEFT/RIGHT review lists)
buffyleg	buffyLeg	groupFile/Legs	groupFile/Legs	REMAINED_UNSIDED	PHASE2_IMPORTED	genuinely unsided or no reliable side marker found
leg back ankle left	leg back ankle left	groupFile/Legs	groupFile/Legs/LeftLeg	MOVED_LEFT	PHASE2_IMPORTED	token-based naming convention match (see full LEFT/RIGHT review lists)
leg left stc	leg left StC	groupFile/Legs	groupFile/Legs/LeftLeg	MOVED_LEFT	PHASE2_IMPORTED	token-based naming convention match (see full LEFT/RIGHT review lists)
leg left thigh ctr4	leg left thigh ctr4	groupFile/Legs	groupFile/Legs/LeftLeg	MOVED_LEFT	PHASE2_IMPORTED	token-based naming convention match (see full LEFT/RIGHT review lists)
opt_as_r_knee	OPT_AS_R_Knee	groupFile/Legs	groupFile/Legs/RightLeg	MOVED_RIGHT	PHASE2_IMPORTED	token-based naming convention match (see full LEFT/RIGHT review lists)
sk_l_b_leg_1	SK_L_B_leg_1	groupFile/Legs	groupFile/Legs/LeftLeg	MOVED_LEFT	PHASE2_IMPORTED	token-based naming convention match (see full LEFT/RIGHT review lists)
bipbrk lthightwist	BipBrk LThighTwist	groupFile/Legs	groupFile/Legs/LeftLeg	MOVED_LEFT	PHASE2_IMPORTED	token-based naming convention match (see full LEFT/RIGHT review lists)
def-thigh.r.004	DEF-thigh.R.004	groupFile/Legs	groupFile/Legs/RightLeg	MOVED_RIGHT	PHASE2_IMPORTED	token-based naming convention match (see full LEFT/RIGHT review lists)
flm-armb-leg-rbc	Flm-ArmB-Leg-RBC	groupFile/Legs	groupFile/Legs/RightLeg	MOVED_RIGHT	PHASE2_IMPORTED	verified mirrored Bone_Leg/Flm-Arm[AB]/CKLegBendForward family
leftlowerleg	LeftLowerLeg	groupFile/Legs	groupFile/Legs/LeftLeg	MOVED_LEFT	PHASE2_IMPORTED	token-based naming convention match (see full LEFT/RIGHT review lists)
leg right knee_ctr	leg right knee_ctr	groupFile/Legs	groupFile/Legs/RightLeg	MOVED_RIGHT	PHASE2_IMPORTED	token-based naming convention match (see full LEFT/RIGHT review lists)
backlegs	backlegs	groupFile/Legs	groupFile/Legs	REMAINED_UNSIDED	PHASE2_IMPORTED	genuinely unsided or no reliable side marker found
l hip spo	L Hip Spo	groupFile/Legs	groupFile/Legs/LeftLeg	MOVED_LEFT	PHASE2_IMPORTED	token-based naming convention match (see full LEFT/RIGHT review lists)
leg left knee twist	leg left knee twist	groupFile/Legs	groupFile/Legs/LeftLeg	MOVED_LEFT	PHASE2_IMPORTED	token-based naming convention match (see full LEFT/RIGHT review lists)
leg right thigh ctr 3	leg right thigh ctr 3	groupFile/Legs	groupFile/Legs/RightLeg	MOVED_RIGHT	PHASE2_IMPORTED	token-based naming convention match (see full LEFT/RIGHT review lists)
leg right thigh ctrl 3	leg right thigh ctrl 3	groupFile/Legs	groupFile/Legs/RightLeg	MOVED_RIGHT	PHASE2_IMPORTED	token-based naming convention match (see full LEFT/RIGHT review lists)
bip01_r_thigh013	Bip01_R_Thigh013	groupFile/Legs	groupFile/Legs/RightLeg	MOVED_RIGHT	PHASE2_IMPORTED	token-based naming convention match (see full LEFT/RIGHT review lists)
bip_bobby_l_calftwist	Bip_BOBBY_L_CalfTwist	groupFile/Legs	groupFile/Legs/LeftLeg	MOVED_LEFT	PHASE2_IMPORTED	token-based naming convention match (see full LEFT/RIGHT review lists)
bip_leg.006	Bip_leg.006	groupFile/Legs	groupFile/Legs	REMAINED_UNSIDED	PHASE2_IMPORTED	genuinely unsided or no reliable side marker found
bipflm rcalftwist1	BipFlm RCalfTwist1	groupFile/Legs	groupFile/Legs/RightLeg	MOVED_RIGHT	PHASE2_IMPORTED	token-based naming convention match (see full LEFT/RIGHT review lists)
leg left footb	leg left footb	groupFile/Legs	groupFile/Legs/LeftLeg	MOVED_LEFT	PHASE2_IMPORTED	token-based naming convention match (see full LEFT/RIGHT review lists)
leg_3.middle	leg_3.middle	groupFile/Legs	groupFile/Legs	REMAINED_UNSIDED	PHASE2_IMPORTED	genuinely unsided or no reliable side marker found
helper.skin.r_quad	Helper.Skin.R_Quad	groupFile/Legs	groupFile/Legs/RightLeg	MOVED_RIGHT	PHASE2_IMPORTED	token-based naming convention match (see full LEFT/RIGHT review lists)
leg left ankle ctr	leg left ankle ctr	groupFile/Legs	groupFile/Legs/LeftLeg	MOVED_LEFT	PHASE2_IMPORTED	token-based naming convention match (see full LEFT/RIGHT review lists)
leg right thigh twist upper 2	leg right thigh twist upper 2	groupFile/Legs	groupFile/Legs/RightLeg	MOVED_RIGHT	PHASE2_IMPORTED	token-based naming convention match (see full LEFT/RIGHT review lists)
tarsalright	TarsalRight	groupFile/Legs	groupFile/Legs/RightLeg	MOVED_RIGHT	PHASE2_IMPORTED	token-based naming convention match (see full LEFT/RIGHT review lists)
lkakato01n	LKakato01N	groupFile/Legs	groupFile/Legs/LeftLeg	MOVED_LEFT	PHASE2_IMPORTED	token-based naming convention match (see full LEFT/RIGHT review lists)
footright	FootRight	groupFile/Legs	groupFile/Legs/RightLeg	MOVED_RIGHT	PHASE2_IMPORTED	token-based naming convention match (see full LEFT/RIGHT review lists)
bip thightwistbottom r	bip thightwistbottom r	groupFile/Legs	groupFile/Legs/RightLeg	MOVED_RIGHT	PHASE2_IMPORTED	token-based naming convention match (see full LEFT/RIGHT review lists)
def-foot.001.02.r	DEF-foot.001.02.R	groupFile/Legs	groupFile/Legs/RightLeg	MOVED_RIGHT	PHASE2_IMPORTED	token-based naming convention match (see full LEFT/RIGHT review lists)
bip01_r_thigh007	Bip01_R_Thigh007	groupFile/Legs	groupFile/Legs/RightLeg	MOVED_RIGHT	PHASE2_IMPORTED	token-based naming convention match (see full LEFT/RIGHT review lists)
r_upper_leg_twist_a_helper	r_upper_leg_twist_a_helper	groupFile/Legs	groupFile/Legs/RightLeg	MOVED_RIGHT	PHASE2_IMPORTED	token-based naming convention match (see full LEFT/RIGHT review lists)
bone_lefthipbuffer	bone_LeftHipbuffer	groupFile/Legs	groupFile/Legs/LeftLeg	MOVED_LEFT	PHASE2_IMPORTED	token-based naming convention match (see full LEFT/RIGHT review lists)
bip hipfront r	bip hipfront r	groupFile/Legs	groupFile/Legs/RightLeg	MOVED_RIGHT	PHASE2_IMPORTED	token-based naming convention match (see full LEFT/RIGHT review lists)
helpthighsider	HelpThighSideR	groupFile/Legs	groupFile/Legs/RightLeg	MOVED_RIGHT	PHASE2_IMPORTED	token-based naming convention match (see full LEFT/RIGHT review lists)
lowerleg_right	lowerleg_right	groupFile/Legs	groupFile/Legs/RightLeg	MOVED_RIGHT	PHASE2_IMPORTED	token-based naming convention match (see full LEFT/RIGHT review lists)
canine_lbacklegpalm	Canine_LBackLegPalm	groupFile/Legs	groupFile/Legs/LeftLeg	MOVED_LEFT	PHASE2_IMPORTED	token-based naming convention match (see full LEFT/RIGHT review lists)
bip01_l_thigh010	Bip01_L_Thigh010	groupFile/Legs	groupFile/Legs/LeftLeg	MOVED_LEFT	PHASE2_IMPORTED	token-based naming convention match (see full LEFT/RIGHT review lists)
lower_leg03	lower_leg03	groupFile/Legs	groupFile/Legs	REMAINED_UNSIDED	PHASE2_IMPORTED	genuinely unsided or no reliable side marker found
bone_legrr3	Bone_LegRR3	groupFile/Legs	groupFile/Legs/RightLeg	MOVED_RIGHT	PHASE2_IMPORTED	verified mirrored Bone_Leg/Flm-Arm[AB]/CKLegBendForward family
leg right knee adjust b	leg right knee adjust b	groupFile/Legs	groupFile/Legs/RightLeg	MOVED_RIGHT	PHASE2_IMPORTED	token-based naming convention match (see full LEFT/RIGHT review lists)
bipqwn lcalftwist	BipQwn LCalfTwist	groupFile/Legs	groupFile/Legs/LeftLeg	MOVED_LEFT	PHASE2_IMPORTED	token-based naming convention match (see full LEFT/RIGHT review lists)
bip01_l_thigh019	Bip01_L_Thigh019	groupFile/Legs	groupFile/Legs/LeftLeg	MOVED_LEFT	PHASE2_IMPORTED	token-based naming convention match (see full LEFT/RIGHT review lists)
l_knee_calf_helper	l_knee_calf_helper	groupFile/Legs	groupFile/Legs/LeftLeg	MOVED_LEFT	PHASE2_IMPORTED	token-based naming convention match (see full LEFT/RIGHT review lists)
thigh_twist_l_01	thigh_twist_l_01	groupFile/Legs	groupFile/Legs/LeftLeg	MOVED_LEFT	PHASE2_IMPORTED	token-based naming convention match (see full LEFT/RIGHT review lists)
bip_hip_r_1	bip_hip_r_1	groupFile/Legs	groupFile/Legs/RightLeg	MOVED_RIGHT	PHASE2_IMPORTED	token-based naming convention match (see full LEFT/RIGHT review lists)
hip base right	Hip base right	groupFile/Legs	groupFile/Legs/RightLeg	MOVED_RIGHT	PHASE2_IMPORTED	token-based naming convention match (see full LEFT/RIGHT review lists)
thighright	ThighRight	groupFile/Legs	groupFile/Legs/RightLeg	MOVED_RIGHT	PHASE2_IMPORTED	token-based naming convention match (see full LEFT/RIGHT review lists)
lfootj	LFootJ	groupFile/Legs	groupFile/Legs/LeftLeg	MOVED_LEFT	PHASE2_IMPORTED	token-based naming convention match (see full LEFT/RIGHT review lists)
r knee spo	R Knee Spo	groupFile/Legs	groupFile/Legs/RightLeg	MOVED_RIGHT	PHASE2_IMPORTED	token-based naming convention match (see full LEFT/RIGHT review lists)
leg left hip	leg left hip	groupFile/Legs	groupFile/Legs/LeftLeg	MOVED_LEFT	PHASE2_IMPORTED	token-based naming convention match (see full LEFT/RIGHT review lists)
leg right thigh ctrl 2	leg right thigh ctrl 2	groupFile/Legs	groupFile/Legs/RightLeg	MOVED_RIGHT	PHASE2_IMPORTED	token-based naming convention match (see full LEFT/RIGHT review lists)
shin.l.001	shin.L.001	groupFile/Legs	groupFile/Legs/LeftLeg	MOVED_LEFT	PHASE2_IMPORTED	token-based naming convention match (see full LEFT/RIGHT review lists)
bip01_r_thigh009	Bip01_R_Thigh009	groupFile/Legs	groupFile/Legs/RightLeg	MOVED_RIGHT	PHASE2_IMPORTED	token-based naming convention match (see full LEFT/RIGHT review lists)
+right_footd	+right_footD	groupFile/Legs	groupFile/Legs/RightLeg	MOVED_RIGHT	PHASE2_IMPORTED	token-based naming convention match (see full LEFT/RIGHT review lists)
left upperleg	Left UpperLeg	groupFile/Legs	groupFile/Legs/LeftLeg	MOVED_LEFT	PHASE2_IMPORTED	token-based naming convention match (see full LEFT/RIGHT review lists)
l_foot_00003	l_foot_00003	groupFile/Legs	groupFile/Legs/LeftLeg	MOVED_LEFT	PHASE2_IMPORTED	token-based naming convention match (see full LEFT/RIGHT review lists)
bip01_l_thigh012	Bip01_L_Thigh012	groupFile/Legs	groupFile/Legs/LeftLeg	MOVED_LEFT	PHASE2_IMPORTED	token-based naming convention match (see full LEFT/RIGHT review lists)
knee smooth	Knee Smooth	groupFile/Legs	groupFile/Legs	REMAINED_UNSIDED	PHASE2_IMPORTED	genuinely unsided or no reliable side marker found
right_hip_cancel_end	right_hip_cancel_end	groupFile/Legs	groupFile/Legs/RightLeg	MOVED_RIGHT	PHASE2_IMPORTED	token-based naming convention match (see full LEFT/RIGHT review lists)
bip legtwistbottom l	bip legtwistbottom l	groupFile/Legs	groupFile/Legs/LeftLeg	MOVED_LEFT	PHASE2_IMPORTED	token-based naming convention match (see full LEFT/RIGHT review lists)
llegj	LLegJ	groupFile/Legs	groupFile/Legs/LeftLeg	MOVED_LEFT	PHASE2_IMPORTED	token-based naming convention match (see full LEFT/RIGHT review lists)
flm-armb-leg-rm	Flm-ArmB-Leg-RM	groupFile/Legs	groupFile/Legs/RightLeg	MOVED_RIGHT	PHASE2_IMPORTED	verified mirrored Bone_Leg/Flm-Arm[AB]/CKLegBendForward family
tightthigh_lowerjigglecontrol	TightThigh_LowerJiggleControl	groupFile/Legs	groupFile/Legs	REMAINED_UNSIDED	PHASE2_IMPORTED	genuinely unsided or no reliable side marker found
bipbrk rcalftwist1	BipBrk RCalfTwist1	groupFile/Legs	groupFile/Legs/RightLeg	MOVED_RIGHT	PHASE2_IMPORTED	token-based naming convention match (see full LEFT/RIGHT review lists)
flm-arma-foot-l2	Flm-ArmA-Foot-L2	groupFile/Legs	groupFile/Legs/LeftLeg	MOVED_LEFT	PHASE2_IMPORTED	verified mirrored Bone_Leg/Flm-Arm[AB]/CKLegBendForward family
bone-r-calf-twist	Bone-R-Calf-Twist	groupFile/Legs	groupFile/Legs/RightLeg	MOVED_RIGHT	PHASE2_IMPORTED	token-based naming convention match (see full LEFT/RIGHT review lists)
flm-arma-foot-r4	Flm-ArmA-Foot-R4	groupFile/Legs	groupFile/Legs/RightLeg	MOVED_RIGHT	PHASE2_IMPORTED	verified mirrored Bone_Leg/Flm-Arm[AB]/CKLegBendForward family
bipfio lcalftwist1	BipFio LCalfTwist1	groupFile/Legs	groupFile/Legs/LeftLeg	MOVED_LEFT	PHASE2_IMPORTED	token-based naming convention match (see full LEFT/RIGHT review lists)
l_calf_00002	l_calf_00002	groupFile/Legs	groupFile/Legs/LeftLeg	MOVED_LEFT	PHASE2_IMPORTED	token-based naming convention match (see full LEFT/RIGHT review lists)
valvebiped.bip01_l_foot01	ValveBiped.Bip01_L_Foot01	groupFile/Legs	groupFile/Legs/LeftLeg	MOVED_LEFT	PHASE2_IMPORTED	token-based naming convention match (see full LEFT/RIGHT review lists)
leg right thigh ctr3	leg right thigh ctr3	groupFile/Legs	groupFile/Legs/RightLeg	MOVED_RIGHT	PHASE2_IMPORTED	token-based naming convention match (see full LEFT/RIGHT review lists)
bipfio rcalftwist	BipFio RCalfTwist	groupFile/Legs	groupFile/Legs/RightLeg	MOVED_RIGHT	PHASE2_IMPORTED	token-based naming convention match (see full LEFT/RIGHT review lists)
leg left thigh adj. 3	leg left thigh adj. 3	groupFile/Legs	groupFile/Legs/LeftLeg	MOVED_LEFT	PHASE2_IMPORTED	token-based naming convention match (see full LEFT/RIGHT review lists)
bip01_l_thigh011	Bip01_L_Thigh011	groupFile/Legs	groupFile/Legs/LeftLeg	MOVED_LEFT	PHASE2_IMPORTED	token-based naming convention match (see full LEFT/RIGHT review lists)
leg right ankle adj 1	leg right ankle adj 1	groupFile/Legs	groupFile/Legs/RightLeg	MOVED_RIGHT	PHASE2_IMPORTED	token-based naming convention match (see full LEFT/RIGHT review lists)
leftfemor	LeftFemor	groupFile/Legs	groupFile/Legs/LeftLeg	MOVED_LEFT	PHASE2_IMPORTED	token-based naming convention match (see full LEFT/RIGHT review lists)
bip01_l_thigh002	Bip01_L_Thigh002	groupFile/Legs	groupFile/Legs/LeftLeg	MOVED_LEFT	PHASE2_IMPORTED	token-based naming convention match (see full LEFT/RIGHT review lists)
bip kneein l	bip kneein l	groupFile/Legs	groupFile/Legs/LeftLeg	MOVED_LEFT	PHASE2_IMPORTED	token-based naming convention match (see full LEFT/RIGHT review lists)
rightthighupperjigglecontrol	RightThighUpperJiggleControl	groupFile/Legs	groupFile/Legs/RightLeg	MOVED_RIGHT	PHASE2_IMPORTED	token-based naming convention match (see full LEFT/RIGHT review lists)
jiggle leg right knee	jiggle leg right knee	groupFile/Legs	groupFile/Legs/RightLeg	MOVED_RIGHT	PHASE2_IMPORTED	token-based naming convention match (see full LEFT/RIGHT review lists)
foottip.l	FootTip.L	groupFile/Legs	groupFile/Legs/LeftLeg	MOVED_LEFT	PHASE2_IMPORTED	token-based naming convention match (see full LEFT/RIGHT review lists)
leg left upper	leg left upper	groupFile/Legs	groupFile/Legs/LeftLeg	MOVED_LEFT	PHASE2_IMPORTED	token-based naming convention match (see full LEFT/RIGHT review lists)
thigh_twist.r	thigh_twist.r	groupFile/Legs	groupFile/Legs/RightLeg	MOVED_RIGHT	PHASE2_IMPORTED	token-based naming convention match (see full LEFT/RIGHT review lists)
comaneci_l__slerp_momo_l__i70_x0__offset	comaneci_l__slerp_momo_l__i70_x0__offset	groupFile/Legs	groupFile/Legs/LeftLeg	MOVED_LEFT	PHASE2_IMPORTED	token-based naming convention match (see full LEFT/RIGHT review lists)
def-shin.02.l	DEF-shin.02.L	groupFile/Legs	groupFile/Legs/LeftLeg	MOVED_LEFT	PHASE2_IMPORTED	token-based naming convention match (see full LEFT/RIGHT review lists)
thigh03	thigh03	groupFile/Legs	groupFile/Legs	REMAINED_UNSIDED	PHASE2_IMPORTED	genuinely unsided or no reliable side marker found
momo_rt_r__prot_x0__offset	momo_rt_r__prot_x0__offset	groupFile/Legs	groupFile/Legs/RightLeg	MOVED_RIGHT	PHASE2_IMPORTED	token-based naming convention match (see full LEFT/RIGHT review lists)
leg left thigh adj. 2	leg left thigh adj. 2	groupFile/Legs	groupFile/Legs/LeftLeg	MOVED_LEFT	PHASE2_IMPORTED	token-based naming convention match (see full LEFT/RIGHT review lists)
jiggle_thigh_r	jiggle_thigh_R	groupFile/Legs	groupFile/Legs/RightLeg	MOVED_RIGHT	PHASE2_IMPORTED	token-based naming convention match (see full LEFT/RIGHT review lists)
r_pbone_knee	r_pbone_knee	groupFile/Legs	groupFile/Legs/RightLeg	MOVED_RIGHT	PHASE2_IMPORTED	token-based naming convention match (see full LEFT/RIGHT review lists)
leg right sta	leg right StA	groupFile/Legs	groupFile/Legs/RightLeg	MOVED_RIGHT	PHASE2_IMPORTED	token-based naming convention match (see full LEFT/RIGHT review lists)
right upperleg	Right UpperLeg	groupFile/Legs	groupFile/Legs/RightLeg	MOVED_RIGHT	PHASE2_IMPORTED	token-based naming convention match (see full LEFT/RIGHT review lists)
bip_leg.002	Bip_leg.002	groupFile/Legs	groupFile/Legs	REMAINED_UNSIDED	PHASE2_IMPORTED	genuinely unsided or no reliable side marker found
helpthighfwdl	HelpThighFwdL	groupFile/Legs	groupFile/Legs/LeftLeg	MOVED_LEFT	PHASE2_IMPORTED	token-based naming convention match (see full LEFT/RIGHT review lists)
sk_l_b_leg_2	SK_L_B_leg_2	groupFile/Legs	groupFile/Legs/LeftLeg	MOVED_LEFT	PHASE2_IMPORTED	token-based naming convention match (see full LEFT/RIGHT review lists)
bip thightwisttop r	bip thightwisttop r	groupFile/Legs	groupFile/Legs/RightLeg	MOVED_RIGHT	PHASE2_IMPORTED	token-based naming convention match (see full LEFT/RIGHT review lists)
(flex) foot	(FLEX) Foot	groupFile/Legs	groupFile/Legs	REMAINED_UNSIDED	PHASE2_IMPORTED	genuinely unsided or no reliable side marker found
valvebiped.bip01_r_calftwist2	ValveBiped.Bip01_R_CalfTwist2	groupFile/Legs	groupFile/Legs/RightLeg	MOVED_RIGHT	PHASE2_IMPORTED	token-based naming convention match (see full LEFT/RIGHT review lists)
r calfb spo	R CalfB Spo	groupFile/Legs	groupFile/Legs/RightLeg	MOVED_RIGHT	PHASE2_IMPORTED	token-based naming convention match (see full LEFT/RIGHT review lists)
thightwist1right	ThighTwist1Right	groupFile/Legs	groupFile/Legs/RightLeg	MOVED_RIGHT	PHASE2_IMPORTED	token-based naming convention match (see full LEFT/RIGHT review lists)
mot07_leftleg	MOT07_LeftLeg	groupFile/Legs	groupFile/Legs/LeftLeg	MOVED_LEFT	PHASE2_IMPORTED	token-based naming convention match (see full LEFT/RIGHT review lists)
jiggle leg left thigh 1	jiggle leg left thigh 1	groupFile/Legs	groupFile/Legs/LeftLeg	MOVED_LEFT	PHASE2_IMPORTED	token-based naming convention match (see full LEFT/RIGHT review lists)
leftcalfmuscle	LeftCalfMuscle	groupFile/Legs	groupFile/Legs/LeftLeg	MOVED_LEFT	PHASE2_IMPORTED	token-based naming convention match (see full LEFT/RIGHT review lists)
def-thigh.02.l	DEF-thigh.02.L	groupFile/Legs	groupFile/Legs/LeftLeg	MOVED_LEFT	PHASE2_IMPORTED	token-based naming convention match (see full LEFT/RIGHT review lists)
taurenleftfoot	taurenLeftFoot	groupFile/Legs	groupFile/Legs/LeftLeg	MOVED_LEFT	PHASE2_IMPORTED	token-based naming convention match (see full LEFT/RIGHT review lists)
def-foot.l.002	DEF-foot.L.002	groupFile/Legs	groupFile/Legs/LeftLeg	MOVED_LEFT	PHASE2_IMPORTED	token-based naming convention match (see full LEFT/RIGHT review lists)
bippbg rcalftwist1	BipPBG RCalfTwist1	groupFile/Legs	groupFile/Legs/RightLeg	MOVED_RIGHT	PHASE2_IMPORTED	token-based naming convention match (see full LEFT/RIGHT review lists)
heelfoot	heelfoot	groupFile/Legs	groupFile/Legs	REMAINED_UNSIDED	PHASE2_IMPORTED	genuinely unsided or no reliable side marker found
leg_2.middle	leg_2.middle	groupFile/Legs	groupFile/Legs	REMAINED_UNSIDED	PHASE2_IMPORTED	genuinely unsided or no reliable side marker found
bone_legfl3	Bone_LegFL3	groupFile/Legs	groupFile/Legs/LeftLeg	MOVED_LEFT	PHASE2_IMPORTED	verified mirrored Bone_Leg/Flm-Arm[AB]/CKLegBendForward family
jiggle leg left knee	jiggle leg left knee	groupFile/Legs	groupFile/Legs/LeftLeg	MOVED_LEFT	PHASE2_IMPORTED	token-based naming convention match (see full LEFT/RIGHT review lists)
bip01-r-foot001	Bip01-R-Foot001	groupFile/Legs	groupFile/Legs/RightLeg	MOVED_RIGHT	PHASE2_IMPORTED	token-based naming convention match (see full LEFT/RIGHT review lists)
leg2	leg2	groupFile/Legs	groupFile/Legs	REMAINED_UNSIDED	PHASE2_IMPORTED	genuinely unsided or no reliable side marker found
r_upper_leg_rear_helper	r_upper_leg_rear_helper	groupFile/Legs	groupFile/Legs/RightLeg	MOVED_RIGHT	PHASE2_IMPORTED	token-based naming convention match (see full LEFT/RIGHT review lists)
rkakato02n	RKakato02N	groupFile/Legs	groupFile/Legs/RightLeg	MOVED_RIGHT	PHASE2_IMPORTED	token-based naming convention match (see full LEFT/RIGHT review lists)
canine_rfrontlegpalm	Canine_RFrontLegPalm	groupFile/Legs	groupFile/Legs/RightLeg	MOVED_RIGHT	PHASE2_IMPORTED	token-based naming convention match (see full LEFT/RIGHT review lists)
bip01_r_thigh012	Bip01_R_Thigh012	groupFile/Legs	groupFile/Legs/RightLeg	MOVED_RIGHT	PHASE2_IMPORTED	token-based naming convention match (see full LEFT/RIGHT review lists)
+leg_l	+leg_l	groupFile/Legs	groupFile/Legs/LeftLeg	MOVED_LEFT	PHASE2_IMPORTED	token-based naming convention match (see full LEFT/RIGHT review lists)
foot_a_r	Foot_A_R	groupFile/Legs	groupFile/Legs/RightLeg	MOVED_RIGHT	PHASE2_IMPORTED	token-based naming convention match (see full LEFT/RIGHT review lists)
bip_leg.007	Bip_leg.007	groupFile/Legs	groupFile/Legs	REMAINED_UNSIDED	PHASE2_IMPORTED	genuinely unsided or no reliable side marker found
bip_faringleg_r	bip_faringLeg_r	groupFile/Legs	groupFile/Legs/RightLeg	MOVED_RIGHT	PHASE2_IMPORTED	token-based naming convention match (see full LEFT/RIGHT review lists)
bip001-l-foot	Bip001-L-Foot	groupFile/Legs	groupFile/Legs/LeftLeg	MOVED_LEFT	PHASE2_IMPORTED	token-based naming convention match (see full LEFT/RIGHT review lists)
leg left stb	leg left StB	groupFile/Legs	groupFile/Legs/LeftLeg	MOVED_LEFT	PHASE2_IMPORTED	token-based naming convention match (see full LEFT/RIGHT review lists)
leg right ankle adj 2	leg right ankle adj 2	groupFile/Legs	groupFile/Legs/RightLeg	MOVED_RIGHT	PHASE2_IMPORTED	token-based naming convention match (see full LEFT/RIGHT review lists)
leg back thigh left	leg back thigh left	groupFile/Legs	groupFile/Legs/LeftLeg	MOVED_LEFT	PHASE2_IMPORTED	token-based naming convention match (see full LEFT/RIGHT review lists)
legssit	LegsSit	groupFile/Legs	groupFile/Legs	REMAINED_UNSIDED	PHASE2_IMPORTED	genuinely unsided or no reliable side marker found
bipfin lthightwist	BipFin LThighTwist	groupFile/Legs	groupFile/Legs/LeftLeg	MOVED_LEFT	PHASE2_IMPORTED	token-based naming convention match (see full LEFT/RIGHT review lists)
flm-armb-leg-rbd	Flm-ArmB-Leg-RBD	groupFile/Legs	groupFile/Legs/RightLeg	MOVED_RIGHT	PHASE2_IMPORTED	verified mirrored Bone_Leg/Flm-Arm[AB]/CKLegBendForward family
thigh_bolt_l	Thigh_Bolt_L	groupFile/Legs	groupFile/Legs/LeftLeg	MOVED_LEFT	PHASE2_IMPORTED	token-based naming convention match (see full LEFT/RIGHT review lists)
rightcalfmuscle	RightCalfMuscle	groupFile/Legs	groupFile/Legs/RightLeg	MOVED_RIGHT	PHASE2_IMPORTED	token-based naming convention match (see full LEFT/RIGHT review lists)
leg left ankle adj 1	leg left ankle adj 1	groupFile/Legs	groupFile/Legs/LeftLeg	MOVED_LEFT	PHASE2_IMPORTED	token-based naming convention match (see full LEFT/RIGHT review lists)
flm-armb-leg-rba	Flm-ArmB-Leg-RBA	groupFile/Legs	groupFile/Legs/RightLeg	MOVED_RIGHT	PHASE2_IMPORTED	verified mirrored Bone_Leg/Flm-Arm[AB]/CKLegBendForward family
bipmar rthightwist	BipMar RThighTwist	groupFile/Legs	groupFile/Legs/RightLeg	MOVED_RIGHT	PHASE2_IMPORTED	token-based naming convention match (see full LEFT/RIGHT review lists)
lower_leg01	lower_leg01	groupFile/Legs	groupFile/Legs	REMAINED_UNSIDED	PHASE2_IMPORTED	genuinely unsided or no reliable side marker found
l knee spo	L Knee Spo	groupFile/Legs	groupFile/Legs/LeftLeg	MOVED_LEFT	PHASE2_IMPORTED	token-based naming convention match (see full LEFT/RIGHT review lists)
leg right roll 1	leg right roll 1	groupFile/Legs	groupFile/Legs/RightLeg	MOVED_RIGHT	PHASE2_IMPORTED	token-based naming convention match (see full LEFT/RIGHT review lists)
bip001 lcalftwist	Bip001 LCalfTwist	groupFile/Legs	groupFile/Legs/LeftLeg	MOVED_LEFT	PHASE2_IMPORTED	token-based naming convention match (see full LEFT/RIGHT review lists)
valvebiped.bip01_r_thightwist1	ValveBiped.Bip01_R_ThighTwist1	groupFile/Legs	groupFile/Legs/RightLeg	MOVED_RIGHT	PHASE2_IMPORTED	token-based naming convention match (see full LEFT/RIGHT review lists)
legbuffy	Legbuffy	groupFile/Legs	groupFile/Legs	REMAINED_UNSIDED	PHASE2_IMPORTED	genuinely unsided or no reliable side marker found
bip hiptwistbase l	bip hiptwistbase l	groupFile/Legs	groupFile/Legs/LeftLeg	MOVED_LEFT	PHASE2_IMPORTED	token-based naming convention match (see full LEFT/RIGHT review lists)
crow_2.femur_l	Crow_2.Femur_L	groupFile/Legs	groupFile/Legs/LeftLeg	MOVED_LEFT	PHASE2_IMPORTED	token-based naming convention match (see full LEFT/RIGHT review lists)
opt_as_r_upleg_a	OPT_AS_R_UpLeg_A	groupFile/Legs	groupFile/Legs/RightLeg	MOVED_RIGHT	PHASE2_IMPORTED	token-based naming convention match (see full LEFT/RIGHT review lists)
rfootj	RFootJ	groupFile/Legs	groupFile/Legs/RightLeg	MOVED_RIGHT	PHASE2_IMPORTED	token-based naming convention match (see full LEFT/RIGHT review lists)
bip_bobby_l_calftwist1	Bip_BOBBY_L_CalfTwist1	groupFile/Legs	groupFile/Legs/LeftLeg	MOVED_LEFT	PHASE2_IMPORTED	token-based naming convention match (see full LEFT/RIGHT review lists)
leg right back thigh adj 1	leg right back thigh adj 1	groupFile/Legs	groupFile/Legs/RightLeg	MOVED_RIGHT	PHASE2_IMPORTED	token-based naming convention match (see full LEFT/RIGHT review lists)
lthightwist2	lThighTwist2	groupFile/Legs	groupFile/Legs/LeftLeg	MOVED_LEFT	PHASE2_IMPORTED	token-based naming convention match (see full LEFT/RIGHT review lists)
r_knee_calf_helper	r_knee_calf_helper	groupFile/Legs	groupFile/Legs/RightLeg	MOVED_RIGHT	PHASE2_IMPORTED	token-based naming convention match (see full LEFT/RIGHT review lists)
canine_lbackleg2	Canine_LBackLeg2	groupFile/Legs	groupFile/Legs/LeftLeg	MOVED_LEFT	PHASE2_IMPORTED	token-based naming convention match (see full LEFT/RIGHT review lists)
leg4	leg4	groupFile/Legs	groupFile/Legs	REMAINED_UNSIDED	PHASE2_IMPORTED	genuinely unsided or no reliable side marker found
valvebiped.bip01_r_calftwist1	ValveBiped.Bip01_R_CalfTwist1	groupFile/Legs	groupFile/Legs/RightLeg	MOVED_RIGHT	PHASE2_IMPORTED	token-based naming convention match (see full LEFT/RIGHT review lists)
bone_legrl2	Bone_LegRL2	groupFile/Legs	groupFile/Legs/LeftLeg	MOVED_LEFT	PHASE2_IMPORTED	verified mirrored Bone_Leg/Flm-Arm[AB]/CKLegBendForward family
canine_rbackleg2	Canine_RBackLeg2	groupFile/Legs	groupFile/Legs/RightLeg	MOVED_RIGHT	PHASE2_IMPORTED	token-based naming convention match (see full LEFT/RIGHT review lists)
leg left knee adj. 2	leg left knee adj. 2	groupFile/Legs	groupFile/Legs/LeftLeg	MOVED_LEFT	PHASE2_IMPORTED	token-based naming convention match (see full LEFT/RIGHT review lists)
bip01-l-foot001	Bip01-L-Foot001	groupFile/Legs	groupFile/Legs/LeftLeg	MOVED_LEFT	PHASE2_IMPORTED	token-based naming convention match (see full LEFT/RIGHT review lists)
right foot d	Right foot D	groupFile/Legs	groupFile/Legs/RightLeg	MOVED_RIGHT	PHASE2_IMPORTED	token-based naming convention match (see full LEFT/RIGHT review lists)
leg right thigh adj. 1	leg right thigh adj. 1	groupFile/Legs	groupFile/Legs/RightLeg	MOVED_RIGHT	PHASE2_IMPORTED	token-based naming convention match (see full LEFT/RIGHT review lists)
flm-armb-leg-rbb	Flm-ArmB-Leg-RBB	groupFile/Legs	groupFile/Legs/RightLeg	MOVED_RIGHT	PHASE2_IMPORTED	verified mirrored Bone_Leg/Flm-Arm[AB]/CKLegBendForward family
leg left back knee adj 1	leg left back knee adj 1	groupFile/Legs	groupFile/Legs/LeftLeg	MOVED_LEFT	PHASE2_IMPORTED	token-based naming convention match (see full LEFT/RIGHT review lists)
flm-armb-leg-lub	Flm-ArmB-Leg-LUB	groupFile/Legs	groupFile/Legs/LeftLeg	MOVED_LEFT	PHASE2_IMPORTED	verified mirrored Bone_Leg/Flm-Arm[AB]/CKLegBendForward family
bone_legfl1	Bone_LegFL1	groupFile/Legs	groupFile/Legs/LeftLeg	MOVED_LEFT	PHASE2_IMPORTED	verified mirrored Bone_Leg/Flm-Arm[AB]/CKLegBendForward family
thighforward	ThighForward	groupFile/Legs	groupFile/Legs	REMAINED_UNSIDED	PHASE2_IMPORTED	genuinely unsided or no reliable side marker found
momo_md_r__prot_x50__offset	momo_md_r__prot_x50__offset	groupFile/Legs	groupFile/Legs/RightLeg	MOVED_RIGHT	PHASE2_IMPORTED	token-based naming convention match (see full LEFT/RIGHT review lists)
leg left ste	leg left StE	groupFile/Legs	groupFile/Legs/LeftLeg	MOVED_LEFT	PHASE2_IMPORTED	token-based naming convention match (see full LEFT/RIGHT review lists)
bipmar rcalftwist	BipMar RCalfTwist	groupFile/Legs	groupFile/Legs/RightLeg	MOVED_RIGHT	PHASE2_IMPORTED	token-based naming convention match (see full LEFT/RIGHT review lists)
sk_r_f_leg_4	SK_R_F_leg_4	groupFile/Legs	groupFile/Legs/RightLeg	MOVED_RIGHT	PHASE2_IMPORTED	token-based naming convention match (see full LEFT/RIGHT review lists)
def-foot.r.002	DEF-foot.R.002	groupFile/Legs	groupFile/Legs/RightLeg	MOVED_RIGHT	PHASE2_IMPORTED	token-based naming convention match (see full LEFT/RIGHT review lists)
lower_leg	lower_leg	groupFile/Legs	groupFile/Legs	REMAINED_UNSIDED	PHASE2_IMPORTED	genuinely unsided or no reliable side marker found
leg right ankle roll	leg right ankle roll	groupFile/Legs	groupFile/Legs/RightLeg	MOVED_RIGHT	PHASE2_IMPORTED	token-based naming convention match (see full LEFT/RIGHT review lists)
calf_twist_r_01	calf_twist_r_01	groupFile/Legs	groupFile/Legs/RightLeg	MOVED_RIGHT	PHASE2_IMPORTED	token-based naming convention match (see full LEFT/RIGHT review lists)
bipflm rthightwist1	BipFlm RThighTwist1	groupFile/Legs	groupFile/Legs/RightLeg	MOVED_RIGHT	PHASE2_IMPORTED	token-based naming convention match (see full LEFT/RIGHT review lists)
def-shin.l	DEF-shin.L	groupFile/Legs	groupFile/Legs/LeftLeg	MOVED_LEFT	PHASE2_IMPORTED	token-based naming convention match (see full LEFT/RIGHT review lists)
leftthighupperjigglecontrol	LeftThighUpperJiggleControl	groupFile/Legs	groupFile/Legs/LeftLeg	MOVED_LEFT	PHASE2_IMPORTED	token-based naming convention match (see full LEFT/RIGHT review lists)
leg right stg	leg right StG	groupFile/Legs	groupFile/Legs/RightLeg	MOVED_RIGHT	PHASE2_IMPORTED	token-based naming convention match (see full LEFT/RIGHT review lists)
legdead	LegDead	groupFile/Legs	groupFile/Legs	REMAINED_UNSIDED	PHASE2_IMPORTED	genuinely unsided or no reliable side marker found
bip01 calf.l	Bip01 Calf.L	groupFile/Legs	groupFile/Legs/LeftLeg	MOVED_LEFT	PHASE2_IMPORTED	token-based naming convention match (see full LEFT/RIGHT review lists)
+leg_r	+leg_r	groupFile/Legs	groupFile/Legs/RightLeg	MOVED_RIGHT	PHASE2_IMPORTED	token-based naming convention match (see full LEFT/RIGHT review lists)
leg right knee ctr 2	leg right knee ctr 2	groupFile/Legs	groupFile/Legs/RightLeg	MOVED_RIGHT	PHASE2_IMPORTED	token-based naming convention match (see full LEFT/RIGHT review lists)
leg_1.lower	leg_1.lower	groupFile/Legs	groupFile/Legs	REMAINED_UNSIDED	PHASE2_IMPORTED	genuinely unsided or no reliable side marker found
thigh	thigh	groupFile/Legs	groupFile/Legs	REMAINED_UNSIDED	PHASE2_IMPORTED	genuinely unsided or no reliable side marker found
leg back thigh right	leg back thigh right	groupFile/Legs	groupFile/Legs/RightLeg	MOVED_RIGHT	PHASE2_IMPORTED	token-based naming convention match (see full LEFT/RIGHT review lists)
flm-armb-foot-lb	Flm-ArmB-Foot-LB	groupFile/Legs	groupFile/Legs/LeftLeg	MOVED_LEFT	PHASE2_IMPORTED	verified mirrored Bone_Leg/Flm-Arm[AB]/CKLegBendForward family
lower_leg02	lower_leg02	groupFile/Legs	groupFile/Legs	REMAINED_UNSIDED	PHASE2_IMPORTED	genuinely unsided or no reliable side marker found
ankle_left	ankle_left	groupFile/Legs	groupFile/Legs/LeftLeg	MOVED_LEFT	PHASE2_IMPORTED	token-based naming convention match (see full LEFT/RIGHT review lists)
l calfb spo	L CalfB Spo	groupFile/Legs	groupFile/Legs/LeftLeg	MOVED_LEFT	PHASE2_IMPORTED	token-based naming convention match (see full LEFT/RIGHT review lists)
sk_r_f_leg_3	SK_R_F_leg_3	groupFile/Legs	groupFile/Legs/RightLeg	MOVED_RIGHT	PHASE2_IMPORTED	token-based naming convention match (see full LEFT/RIGHT review lists)
right knee d	Right knee D	groupFile/Legs	groupFile/Legs/RightLeg	MOVED_RIGHT	PHASE2_IMPORTED	token-based naming convention match (see full LEFT/RIGHT review lists)
bipfio rcalftwist1	BipFio RCalfTwist1	groupFile/Legs	groupFile/Legs/RightLeg	MOVED_RIGHT	PHASE2_IMPORTED	token-based naming convention match (see full LEFT/RIGHT review lists)
bip_leg.001	Bip_leg.001	groupFile/Legs	groupFile/Legs	REMAINED_UNSIDED	PHASE2_IMPORTED	genuinely unsided or no reliable side marker found
lkakato02n	LKakato02N	groupFile/Legs	groupFile/Legs/LeftLeg	MOVED_LEFT	PHASE2_IMPORTED	token-based naming convention match (see full LEFT/RIGHT review lists)
crow_2.femur_r	Crow_2.Femur_R	groupFile/Legs	groupFile/Legs/RightLeg	MOVED_RIGHT	PHASE2_IMPORTED	token-based naming convention match (see full LEFT/RIGHT review lists)
bone_legfl2	Bone_LegFL2	groupFile/Legs	groupFile/Legs/LeftLeg	MOVED_LEFT	PHASE2_IMPORTED	verified mirrored Bone_Leg/Flm-Arm[AB]/CKLegBendForward family
opt_as_l_upleg_a	OPT_AS_L_UpLeg_A	groupFile/Legs	groupFile/Legs/LeftLeg	MOVED_LEFT	PHASE2_IMPORTED	token-based naming convention match (see full LEFT/RIGHT review lists)
leg right thigh twist b	leg right thigh twist b	groupFile/Legs	groupFile/Legs/RightLeg	MOVED_RIGHT	PHASE2_IMPORTED	token-based naming convention match (see full LEFT/RIGHT review lists)
bip legtwisttop l	bip legtwisttop l	groupFile/Legs	groupFile/Legs/LeftLeg	MOVED_LEFT	PHASE2_IMPORTED	token-based naming convention match (see full LEFT/RIGHT review lists)
leg left thigh ctr 2	leg left thigh ctr 2	groupFile/Legs	groupFile/Legs/LeftLeg	MOVED_LEFT	PHASE2_IMPORTED	token-based naming convention match (see full LEFT/RIGHT review lists)
leg right knee adj. 2	leg right knee adj. 2	groupFile/Legs	groupFile/Legs/RightLeg	MOVED_RIGHT	PHASE2_IMPORTED	token-based naming convention match (see full LEFT/RIGHT review lists)
bip01-l-calf001	Bip01-L-Calf001	groupFile/Legs	groupFile/Legs/LeftLeg	MOVED_LEFT	PHASE2_IMPORTED	token-based naming convention match (see full LEFT/RIGHT review lists)
upperleg_right	upperleg_right	groupFile/Legs	groupFile/Legs/RightLeg	MOVED_RIGHT	PHASE2_IMPORTED	token-based naming convention match (see full LEFT/RIGHT review lists)
bipmar lcalftwist1	BipMar LCalfTwist1	groupFile/Legs	groupFile/Legs/LeftLeg	MOVED_LEFT	PHASE2_IMPORTED	token-based naming convention match (see full LEFT/RIGHT review lists)
leg back knee right	leg back knee right	groupFile/Legs	groupFile/Legs/RightLeg	MOVED_RIGHT	PHASE2_IMPORTED	token-based naming convention match (see full LEFT/RIGHT review lists)
cklegbendforwardl120	CKLegBendForwardL120	groupFile/Legs	groupFile/Legs/LeftLeg	MOVED_LEFT	PHASE2_IMPORTED	verified mirrored Bone_Leg/Flm-Arm[AB]/CKLegBendForward family
sk_l_f_leg_1	SK_L_F_leg_1	groupFile/Legs	groupFile/Legs/LeftLeg	MOVED_LEFT	PHASE2_IMPORTED	token-based naming convention match (see full LEFT/RIGHT review lists)
leg left stf	leg left StF	groupFile/Legs	groupFile/Legs/LeftLeg	MOVED_LEFT	PHASE2_IMPORTED	token-based naming convention match (see full LEFT/RIGHT review lists)
righttibea	RightTibea	groupFile/Legs	groupFile/Legs/RightLeg	MOVED_RIGHT	PHASE2_IMPORTED	token-based naming convention match (see full LEFT/RIGHT review lists)
bipbrk rthightwist1	BipBrk RThighTwist1	groupFile/Legs	groupFile/Legs/RightLeg	MOVED_RIGHT	PHASE2_IMPORTED	token-based naming convention match (see full LEFT/RIGHT review lists)
leg left thigh twist a	leg left thigh twist a	groupFile/Legs	groupFile/Legs/LeftLeg	MOVED_LEFT	PHASE2_IMPORTED	token-based naming convention match (see full LEFT/RIGHT review lists)
r_upper_leg_thigh_helper	r_upper_leg_thigh_helper	groupFile/Legs	groupFile/Legs/RightLeg	MOVED_RIGHT	PHASE2_IMPORTED	token-based naming convention match (see full LEFT/RIGHT review lists)
bipbrk rthightwist	BipBrk RThighTwist	groupFile/Legs	groupFile/Legs/RightLeg	MOVED_RIGHT	PHASE2_IMPORTED	token-based naming convention match (see full LEFT/RIGHT review lists)
bip01_r_thigh003	Bip01_R_Thigh003	groupFile/Legs	groupFile/Legs/RightLeg	MOVED_RIGHT	PHASE2_IMPORTED	token-based naming convention match (see full LEFT/RIGHT review lists)
flm-armb-leg-ruc	Flm-ArmB-Leg-RUC	groupFile/Legs	groupFile/Legs/RightLeg	MOVED_RIGHT	PHASE2_IMPORTED	verified mirrored Bone_Leg/Flm-Arm[AB]/CKLegBendForward family
bipfin rthightwist	BipFin RThighTwist	groupFile/Legs	groupFile/Legs/RightLeg	MOVED_RIGHT	PHASE2_IMPORTED	token-based naming convention match (see full LEFT/RIGHT review lists)
leg right knee adjust a	leg right knee adjust a	groupFile/Legs	groupFile/Legs/RightLeg	MOVED_RIGHT	PHASE2_IMPORTED	token-based naming convention match (see full LEFT/RIGHT review lists)
bip01_r_thigh019	Bip01_R_Thigh019	groupFile/Legs	groupFile/Legs/RightLeg	MOVED_RIGHT	PHASE2_IMPORTED	token-based naming convention match (see full LEFT/RIGHT review lists)
rightfemor	RightFemor	groupFile/Legs	groupFile/Legs/RightLeg	MOVED_RIGHT	PHASE2_IMPORTED	token-based naming convention match (see full LEFT/RIGHT review lists)
thigh_twist_r_02	thigh_twist_r_02	groupFile/Legs	groupFile/Legs/RightLeg	MOVED_RIGHT	PHASE2_IMPORTED	token-based naming convention match (see full LEFT/RIGHT review lists)
bone_legfr1	Bone_LegFR1	groupFile/Legs	groupFile/Legs/RightLeg	MOVED_RIGHT	PHASE2_IMPORTED	verified mirrored Bone_Leg/Flm-Arm[AB]/CKLegBendForward family
opt_as_l_knee	OPT_AS_L_Knee	groupFile/Legs	groupFile/Legs/LeftLeg	MOVED_LEFT	PHASE2_IMPORTED	token-based naming convention match (see full LEFT/RIGHT review lists)
bip_bobby_l_thightwist	Bip_BOBBY_L_ThighTwist	groupFile/Legs	groupFile/Legs/LeftLeg	MOVED_LEFT	PHASE2_IMPORTED	token-based naming convention match (see full LEFT/RIGHT review lists)
bip hiptwistbase r	bip hiptwistbase r	groupFile/Legs	groupFile/Legs/RightLeg	MOVED_RIGHT	PHASE2_IMPORTED	token-based naming convention match (see full LEFT/RIGHT review lists)
upperleg_left	upperleg_left	groupFile/Legs	groupFile/Legs/LeftLeg	MOVED_LEFT	PHASE2_IMPORTED	token-based naming convention match (see full LEFT/RIGHT review lists)
bip_hip_l_1	bip_hip_l_1	groupFile/Legs	groupFile/Legs/LeftLeg	MOVED_LEFT	PHASE2_IMPORTED	token-based naming convention match (see full LEFT/RIGHT review lists)
r_knee_front_lower_helper	r_knee_front_lower_helper	groupFile/Legs	groupFile/Legs/RightLeg	MOVED_RIGHT	PHASE2_IMPORTED	token-based naming convention match (see full LEFT/RIGHT review lists)
leg right ankle ctr2	leg right ankle ctr2	groupFile/Legs	groupFile/Legs/RightLeg	MOVED_RIGHT	PHASE2_IMPORTED	token-based naming convention match (see full LEFT/RIGHT review lists)
def-thigh.02.r	DEF-thigh.02.R	groupFile/Legs	groupFile/Legs/RightLeg	MOVED_RIGHT	PHASE2_IMPORTED	token-based naming convention match (see full LEFT/RIGHT review lists)
bip hiptwistfront l	bip hiptwistfront l	groupFile/Legs	groupFile/Legs/LeftLeg	MOVED_LEFT	PHASE2_IMPORTED	token-based naming convention match (see full LEFT/RIGHT review lists)
rfoot0	rFoot0	groupFile/Legs	groupFile/Legs/RightLeg	MOVED_RIGHT	PHASE2_IMPORTED	token-based naming convention match (see full LEFT/RIGHT review lists)
valvebiped.l_calf	Valvebiped.L_calf	groupFile/Legs	groupFile/Legs/LeftLeg	MOVED_LEFT	PHASE2_IMPORTED	token-based naming convention match (see full LEFT/RIGHT review lists)
bip01-r-thigh001	Bip01-R-Thigh001	groupFile/Legs	groupFile/Legs/RightLeg	MOVED_RIGHT	PHASE2_IMPORTED	token-based naming convention match (see full LEFT/RIGHT review lists)
calfright	CalfRight	groupFile/Legs	groupFile/Legs/RightLeg	MOVED_RIGHT	PHASE2_IMPORTED	token-based naming convention match (see full LEFT/RIGHT review lists)
bip_stone_r_thightwist	Bip_STONE_R_ThighTwist	groupFile/Legs	groupFile/Legs/RightLeg	MOVED_RIGHT	PHASE2_IMPORTED	token-based naming convention match (see full LEFT/RIGHT review lists)
r_thigh_001	r_thigh_001	groupFile/Legs	groupFile/Legs/RightLeg	MOVED_RIGHT	PHASE2_IMPORTED	token-based naming convention match (see full LEFT/RIGHT review lists)
left_footd	left_footD	groupFile/Legs	groupFile/Legs/LeftLeg	MOVED_LEFT	PHASE2_IMPORTED	token-based naming convention match (see full LEFT/RIGHT review lists)
rankle	RAnkle	groupFile/Legs	groupFile/Legs/RightLeg	MOVED_RIGHT	PHASE2_IMPORTED	token-based naming convention match (see full LEFT/RIGHT review lists)
adjust_kneecap_r	adjust_kneecap_R	groupFile/Legs	groupFile/Legs/RightLeg	MOVED_RIGHT	PHASE2_IMPORTED	token-based naming convention match (see full LEFT/RIGHT review lists)
bip_stone_l_calftwist	Bip_STONE_L_CalfTwist	groupFile/Legs	groupFile/Legs/LeftLeg	MOVED_LEFT	PHASE2_IMPORTED	token-based naming convention match (see full LEFT/RIGHT review lists)
hiza_l_d__offset	hiza_l_d__offset	groupFile/Legs	groupFile/Legs/LeftLeg	MOVED_LEFT	PHASE2_IMPORTED	token-based naming convention match (see full LEFT/RIGHT review lists)
bippbg lthightwist1	BipPBG LThighTwist1	groupFile/Legs	groupFile/Legs/LeftLeg	MOVED_LEFT	PHASE2_IMPORTED	token-based naming convention match (see full LEFT/RIGHT review lists)
r_knee_front_upper_helper	r_knee_front_upper_helper	groupFile/Legs	groupFile/Legs/RightLeg	MOVED_RIGHT	PHASE2_IMPORTED	token-based naming convention match (see full LEFT/RIGHT review lists)
leg front thigh left	leg front thigh left	groupFile/Legs	groupFile/Legs/LeftLeg	MOVED_LEFT	PHASE2_IMPORTED	token-based naming convention match (see full LEFT/RIGHT review lists)
l_upper_leg_twist_b_helper	l_upper_leg_twist_b_helper	groupFile/Legs	groupFile/Legs/LeftLeg	MOVED_LEFT	PHASE2_IMPORTED	token-based naming convention match (see full LEFT/RIGHT review lists)
bipfin lthightwist1	BipFin LThighTwist1	groupFile/Legs	groupFile/Legs/LeftLeg	MOVED_LEFT	PHASE2_IMPORTED	token-based naming convention match (see full LEFT/RIGHT review lists)
rthighex	RThighEX	groupFile/Legs	groupFile/Legs/RightLeg	MOVED_RIGHT	PHASE2_IMPORTED	token-based naming convention match (see full LEFT/RIGHT review lists)
leg left lower	leg left lower	groupFile/Legs	groupFile/Legs/LeftLeg	MOVED_LEFT	PHASE2_IMPORTED	token-based naming convention match (see full LEFT/RIGHT review lists)
leg right thigh ctr1	leg right thigh ctr1	groupFile/Legs	groupFile/Legs/RightLeg	MOVED_RIGHT	PHASE2_IMPORTED	token-based naming convention match (see full LEFT/RIGHT review lists)
bipfin rcalftwist	BipFin RCalfTwist	groupFile/Legs	groupFile/Legs/RightLeg	MOVED_RIGHT	PHASE2_IMPORTED	token-based naming convention match (see full LEFT/RIGHT review lists)
canine_rfrontleg1	Canine_RFrontLeg1	groupFile/Legs	groupFile/Legs/RightLeg	MOVED_RIGHT	PHASE2_IMPORTED	token-based naming convention match (see full LEFT/RIGHT review lists)
legs	legs	groupFile/Legs	groupFile/Legs	REMAINED_UNSIDED	PHASE2_IMPORTED	genuinely unsided or no reliable side marker found
hip left	hip left	groupFile/Legs	groupFile/Legs/LeftLeg	MOVED_LEFT	PHASE2_IMPORTED	token-based naming convention match (see full LEFT/RIGHT review lists)
leg right knee adj.	leg right knee adj.	groupFile/Legs	groupFile/Legs/RightLeg	MOVED_RIGHT	PHASE2_IMPORTED	token-based naming convention match (see full LEFT/RIGHT review lists)
leg right knee twist	leg right knee twist	groupFile/Legs	groupFile/Legs/RightLeg	MOVED_RIGHT	PHASE2_IMPORTED	token-based naming convention match (see full LEFT/RIGHT review lists)
knee_twist_r	knee_twist_r	groupFile/Legs	groupFile/Legs/RightLeg	MOVED_RIGHT	PHASE2_IMPORTED	token-based naming convention match (see full LEFT/RIGHT review lists)
bippbg lcalftwist1	BipPBG LCalfTwist1	groupFile/Legs	groupFile/Legs/LeftLeg	MOVED_LEFT	PHASE2_IMPORTED	token-based naming convention match (see full LEFT/RIGHT review lists)
sk_l_f_leg_3	SK_L_F_leg_3	groupFile/Legs	groupFile/Legs/LeftLeg	MOVED_LEFT	PHASE2_IMPORTED	token-based naming convention match (see full LEFT/RIGHT review lists)
hip base left	Hip base left	groupFile/Legs	groupFile/Legs/LeftLeg	MOVED_LEFT	PHASE2_IMPORTED	token-based naming convention match (see full LEFT/RIGHT review lists)
leg left roll 1	leg left roll 1	groupFile/Legs	groupFile/Legs/LeftLeg	MOVED_LEFT	PHASE2_IMPORTED	token-based naming convention match (see full LEFT/RIGHT review lists)
flm-arma-foot-l1	Flm-ArmA-Foot-L1	groupFile/Legs	groupFile/Legs/LeftLeg	MOVED_LEFT	PHASE2_IMPORTED	verified mirrored Bone_Leg/Flm-Arm[AB]/CKLegBendForward family
bip01-r-calf001	Bip01-R-Calf001	groupFile/Legs	groupFile/Legs/RightLeg	MOVED_RIGHT	PHASE2_IMPORTED	token-based naming convention match (see full LEFT/RIGHT review lists)
leg right knee ctr 1	leg right knee ctr 1	groupFile/Legs	groupFile/Legs/RightLeg	MOVED_RIGHT	PHASE2_IMPORTED	token-based naming convention match (see full LEFT/RIGHT review lists)
valvebiped.bip01_l_calftwist2	ValveBiped.Bip01_L_CalfTwist2	groupFile/Legs	groupFile/Legs/LeftLeg	MOVED_LEFT	PHASE2_IMPORTED	token-based naming convention match (see full LEFT/RIGHT review lists)
bipqwn lthightwist1	BipQwn LThighTwist1	groupFile/Legs	groupFile/Legs/LeftLeg	MOVED_LEFT	PHASE2_IMPORTED	token-based naming convention match (see full LEFT/RIGHT review lists)
leg right lower	leg right lower	groupFile/Legs	groupFile/Legs/RightLeg	MOVED_RIGHT	PHASE2_IMPORTED	token-based naming convention match (see full LEFT/RIGHT review lists)
flm-armb-leg-lbc	Flm-ArmB-Leg-LBC	groupFile/Legs	groupFile/Legs/LeftLeg	MOVED_LEFT	PHASE2_IMPORTED	verified mirrored Bone_Leg/Flm-Arm[AB]/CKLegBendForward family
leg front knee left	leg front knee left	groupFile/Legs	groupFile/Legs/LeftLeg	MOVED_LEFT	PHASE2_IMPORTED	token-based naming convention match (see full LEFT/RIGHT review lists)
leg right thigh ctrl 1	leg right thigh ctrl 1	groupFile/Legs	groupFile/Legs/RightLeg	MOVED_RIGHT	PHASE2_IMPORTED	token-based naming convention match (see full LEFT/RIGHT review lists)
bip01 thigh.l	Bip01 Thigh.L	groupFile/Legs	groupFile/Legs/LeftLeg	MOVED_LEFT	PHASE2_IMPORTED	token-based naming convention match (see full LEFT/RIGHT review lists)
leg right ankle adjust	leg right ankle adjust	groupFile/Legs	groupFile/Legs/RightLeg	MOVED_RIGHT	PHASE2_IMPORTED	token-based naming convention match (see full LEFT/RIGHT review lists)
bip01_l_thigh009	Bip01_L_Thigh009	groupFile/Legs	groupFile/Legs/LeftLeg	MOVED_LEFT	PHASE2_IMPORTED	token-based naming convention match (see full LEFT/RIGHT review lists)
bipbrk lcalftwist	BipBrk LCalfTwist	groupFile/Legs	groupFile/Legs/LeftLeg	MOVED_LEFT	PHASE2_IMPORTED	token-based naming convention match (see full LEFT/RIGHT review lists)
leg right thigh helper	leg right thigh helper	groupFile/Legs	groupFile/Legs/RightLeg	MOVED_RIGHT	PHASE2_IMPORTED	token-based naming convention match (see full LEFT/RIGHT review lists)
flm-armb-leg-luc	Flm-ArmB-Leg-LUC	groupFile/Legs	groupFile/Legs/LeftLeg	MOVED_LEFT	PHASE2_IMPORTED	verified mirrored Bone_Leg/Flm-Arm[AB]/CKLegBendForward family
leg right butt 2	leg right butt 2	groupFile/Legs	groupFile/Legs/RightLeg	MOVED_RIGHT	PHASE2_IMPORTED	token-based naming convention match (see full LEFT/RIGHT review lists)
valvebiped.bip01_r_foot01	ValveBiped.Bip01_R_Foot01	groupFile/Legs	groupFile/Legs/RightLeg	MOVED_RIGHT	PHASE2_IMPORTED	token-based naming convention match (see full LEFT/RIGHT review lists)
bone-l-thigh-twist	Bone-L-Thigh-Twist	groupFile/Legs	groupFile/Legs/LeftLeg	MOVED_LEFT	PHASE2_IMPORTED	token-based naming convention match (see full LEFT/RIGHT review lists)
lknee	LKnee+lKnee+lknee	groupFile/Legs	groupFile/Legs/LeftLeg	MOVED_LEFT	PHASE2_IMPORTED	token-based naming convention match (see full LEFT/RIGHT review lists)
biped_foot_l	Biped_Foot_L	groupFile/Legs	groupFile/Legs/LeftLeg	MOVED_LEFT	PHASE2_IMPORTED	token-based naming convention match (see full LEFT/RIGHT review lists)
rthightwist2	rThighTwist2	groupFile/Legs	groupFile/Legs/RightLeg	MOVED_RIGHT	PHASE2_IMPORTED	token-based naming convention match (see full LEFT/RIGHT review lists)
clawfootleft	ClawFootLeft	groupFile/Legs	groupFile/Legs/LeftLeg	MOVED_LEFT	PHASE2_IMPORTED	token-based naming convention match (see full LEFT/RIGHT review lists)
bip_r_foot_middle_01	bip_r_foot_middle_01	groupFile/Legs	groupFile/Legs/RightLeg	MOVED_RIGHT	PHASE2_IMPORTED	token-based naming convention match (see full LEFT/RIGHT review lists)
leg left knee ctr2	leg left knee ctr2	groupFile/Legs	groupFile/Legs/LeftLeg	MOVED_LEFT	PHASE2_IMPORTED	token-based naming convention match (see full LEFT/RIGHT review lists)
rkakato03n	RKakato03N	groupFile/Legs	groupFile/Legs/RightLeg	MOVED_RIGHT	PHASE2_IMPORTED	token-based naming convention match (see full LEFT/RIGHT review lists)
bip ankle l	bip ankle l	groupFile/Legs	groupFile/Legs/LeftLeg	MOVED_LEFT	PHASE2_IMPORTED	token-based naming convention match (see full LEFT/RIGHT review lists)
leg right thigh_adj	leg right thigh_adj	groupFile/Legs	groupFile/Legs/RightLeg	MOVED_RIGHT	PHASE2_IMPORTED	token-based naming convention match (see full LEFT/RIGHT review lists)
bippbg rcalftwist	BipPBG RCalfTwist	groupFile/Legs	groupFile/Legs/RightLeg	MOVED_RIGHT	PHASE2_IMPORTED	token-based naming convention match (see full LEFT/RIGHT review lists)
left knee d	Left knee D	groupFile/Legs	groupFile/Legs/LeftLeg	MOVED_LEFT	PHASE2_IMPORTED	token-based naming convention match (see full LEFT/RIGHT review lists)
knee02	knee02	groupFile/Legs	groupFile/Legs	REMAINED_UNSIDED	PHASE2_IMPORTED	genuinely unsided or no reliable side marker found
frontthigh.l	FrontThigh.L	groupFile/Legs	groupFile/Legs/LeftLeg	MOVED_LEFT	PHASE2_IMPORTED	token-based naming convention match (see full LEFT/RIGHT review lists)
flm-arma-foot-l5	Flm-ArmA-Foot-L5	groupFile/Legs	groupFile/Legs/LeftLeg	MOVED_LEFT	PHASE2_IMPORTED	verified mirrored Bone_Leg/Flm-Arm[AB]/CKLegBendForward family
bip kneetwisttopout r	bip kneetwisttopout r	groupFile/Legs	groupFile/Legs/RightLeg	MOVED_RIGHT	PHASE2_IMPORTED	token-based naming convention match (see full LEFT/RIGHT review lists)
hip right	hip right	groupFile/Legs	groupFile/Legs/RightLeg	MOVED_RIGHT	PHASE2_IMPORTED	token-based naming convention match (see full LEFT/RIGHT review lists)
flm-armb-foot-rb	Flm-ArmB-Foot-RB	groupFile/Legs	groupFile/Legs/RightLeg	MOVED_RIGHT	PHASE2_IMPORTED	verified mirrored Bone_Leg/Flm-Arm[AB]/CKLegBendForward family
thigh01	thigh01	groupFile/Legs	groupFile/Legs	REMAINED_UNSIDED	PHASE2_IMPORTED	genuinely unsided or no reliable side marker found
leg right buttock	leg right buttock	groupFile/Legs	groupFile/Legs/RightLeg	MOVED_RIGHT	PHASE2_IMPORTED	token-based naming convention match (see full LEFT/RIGHT review lists)
bip hiphelper r	bip hiphelper r	groupFile/Legs	groupFile/Legs/RightLeg	MOVED_RIGHT	PHASE2_IMPORTED	token-based naming convention match (see full LEFT/RIGHT review lists)
calf_twist_r_02	calf_twist_r_02	groupFile/Legs	groupFile/Legs/RightLeg	MOVED_RIGHT	PHASE2_IMPORTED	token-based naming convention match (see full LEFT/RIGHT review lists)
leg right thigh adj.	leg right thigh adj.	groupFile/Legs	groupFile/Legs/RightLeg	MOVED_RIGHT	PHASE2_IMPORTED	token-based naming convention match (see full LEFT/RIGHT review lists)
bip_bobby_r_thightwist	Bip_BOBBY_R_ThighTwist	groupFile/Legs	groupFile/Legs/RightLeg	MOVED_RIGHT	PHASE2_IMPORTED	token-based naming convention match (see full LEFT/RIGHT review lists)
bip01_r_thigh017	Bip01_R_Thigh017	groupFile/Legs	groupFile/Legs/RightLeg	MOVED_RIGHT	PHASE2_IMPORTED	token-based naming convention match (see full LEFT/RIGHT review lists)
taurenrightfoot	taurenRightFoot	groupFile/Legs	groupFile/Legs/RightLeg	MOVED_RIGHT	PHASE2_IMPORTED	token-based naming convention match (see full LEFT/RIGHT review lists)
bone_legml3	Bone_LegML3	groupFile/Legs	groupFile/Legs/LeftLeg	MOVED_LEFT	PHASE2_IMPORTED	verified mirrored Bone_Leg/Flm-Arm[AB]/CKLegBendForward family
bip hipside r	bip hipside r	groupFile/Legs	groupFile/Legs/RightLeg	MOVED_RIGHT	PHASE2_IMPORTED	token-based naming convention match (see full LEFT/RIGHT review lists)
valvebiped.l_thigh	Valvebiped.L_thigh	groupFile/Legs	groupFile/Legs/LeftLeg	MOVED_LEFT	PHASE2_IMPORTED	token-based naming convention match (see full LEFT/RIGHT review lists)
l_knee_front_upper_helper	l_knee_front_upper_helper	groupFile/Legs	groupFile/Legs/LeftLeg	MOVED_LEFT	PHASE2_IMPORTED	token-based naming convention match (see full LEFT/RIGHT review lists)
leftfootball	LeftFootBall	groupFile/Legs	groupFile/Legs/LeftLeg	MOVED_LEFT	PHASE2_IMPORTED	token-based naming convention match (see full LEFT/RIGHT review lists)
leg right thigh adjuster	Leg Right Thigh Adjuster	groupFile/Legs	groupFile/Legs/RightLeg	MOVED_RIGHT	PHASE2_IMPORTED	token-based naming convention match (see full LEFT/RIGHT review lists)
leg_3.root	leg_3.root	groupFile/Legs	groupFile/Legs	REMAINED_UNSIDED	PHASE2_IMPORTED	genuinely unsided or no reliable side marker found
bipmar lthightwist	BipMar LThighTwist	groupFile/Legs	groupFile/Legs/LeftLeg	MOVED_LEFT	PHASE2_IMPORTED	token-based naming convention match (see full LEFT/RIGHT review lists)
+left_foot_d	+left_foot_D	groupFile/Legs	groupFile/Legs/LeftLeg	MOVED_LEFT	PHASE2_IMPORTED	token-based naming convention match (see full LEFT/RIGHT review lists)
thigh02	thigh02	groupFile/Legs	groupFile/Legs	REMAINED_UNSIDED	PHASE2_IMPORTED	genuinely unsided or no reliable side marker found
bone_legfr2	Bone_LegFR2	groupFile/Legs	groupFile/Legs/RightLeg	MOVED_RIGHT	PHASE2_IMPORTED	verified mirrored Bone_Leg/Flm-Arm[AB]/CKLegBendForward family
l shinroll	l shinRoll	groupFile/Legs	groupFile/Legs/LeftLeg	MOVED_LEFT	PHASE2_IMPORTED	token-based naming convention match (see full LEFT/RIGHT review lists)
leg right std	leg right StD	groupFile/Legs	groupFile/Legs/RightLeg	MOVED_RIGHT	PHASE2_IMPORTED	token-based naming convention match (see full LEFT/RIGHT review lists)
leg right ste	leg right StE	groupFile/Legs	groupFile/Legs/RightLeg	MOVED_RIGHT	PHASE2_IMPORTED	token-based naming convention match (see full LEFT/RIGHT review lists)
r_calf_00001	r_calf_00001	groupFile/Legs	groupFile/Legs/RightLeg	MOVED_RIGHT	PHASE2_IMPORTED	token-based naming convention match (see full LEFT/RIGHT review lists)
leg left knee adjust b	leg left knee adjust b	groupFile/Legs	groupFile/Legs/LeftLeg	MOVED_LEFT	PHASE2_IMPORTED	token-based naming convention match (see full LEFT/RIGHT review lists)
leg left thigh ctr3	leg left thigh ctr3	groupFile/Legs	groupFile/Legs/LeftLeg	MOVED_LEFT	PHASE2_IMPORTED	token-based naming convention match (see full LEFT/RIGHT review lists)
flm-arma-leg-r1	Flm-ArmA-Leg-R1	groupFile/Legs	groupFile/Legs/RightLeg	MOVED_RIGHT	PHASE2_IMPORTED	verified mirrored Bone_Leg/Flm-Arm[AB]/CKLegBendForward family
leg right footb	leg right footb	groupFile/Legs	groupFile/Legs/RightLeg	MOVED_RIGHT	PHASE2_IMPORTED	token-based naming convention match (see full LEFT/RIGHT review lists)
r_foot_00003	r_foot_00003	groupFile/Legs	groupFile/Legs/RightLeg	MOVED_RIGHT	PHASE2_IMPORTED	token-based naming convention match (see full LEFT/RIGHT review lists)
leg left thigh twist upper 2	leg left thigh twist upper 2	groupFile/Legs	groupFile/Legs/LeftLeg	MOVED_LEFT	PHASE2_IMPORTED	token-based naming convention match (see full LEFT/RIGHT review lists)
canine_lfrontleg1	Canine_LFrontLeg1	groupFile/Legs	groupFile/Legs/LeftLeg	MOVED_LEFT	PHASE2_IMPORTED	token-based naming convention match (see full LEFT/RIGHT review lists)
foot_middle_1_l	foot_middle_1_L	groupFile/Legs	groupFile/Legs/LeftLeg	MOVED_LEFT	PHASE2_IMPORTED	token-based naming convention match (see full LEFT/RIGHT review lists)
def-foot.001.02.l	DEF-foot.001.02.L	groupFile/Legs	groupFile/Legs/LeftLeg	MOVED_LEFT	PHASE2_IMPORTED	token-based naming convention match (see full LEFT/RIGHT review lists)
leftmetatarsus	LeftMetatarsus	groupFile/Legs	groupFile/Legs/LeftLeg	MOVED_LEFT	PHASE2_IMPORTED	token-based naming convention match (see full LEFT/RIGHT review lists)
bone_legfr3	Bone_LegFR3	groupFile/Legs	groupFile/Legs/RightLeg	MOVED_RIGHT	PHASE2_IMPORTED	verified mirrored Bone_Leg/Flm-Arm[AB]/CKLegBendForward family
foot_left	foot_left	groupFile/Legs	groupFile/Legs/LeftLeg	MOVED_LEFT	PHASE2_IMPORTED	token-based naming convention match (see full LEFT/RIGHT review lists)
bip01_l_thigh013	Bip01_L_Thigh013	groupFile/Legs	groupFile/Legs/LeftLeg	MOVED_LEFT	PHASE2_IMPORTED	token-based naming convention match (see full LEFT/RIGHT review lists)
bip thightwisttop l	bip thightwisttop l	groupFile/Legs	groupFile/Legs/LeftLeg	MOVED_LEFT	PHASE2_IMPORTED	token-based naming convention match (see full LEFT/RIGHT review lists)
bip01_r_thigh016	Bip01_R_Thigh016	groupFile/Legs	groupFile/Legs/RightLeg	MOVED_RIGHT	PHASE2_IMPORTED	token-based naming convention match (see full LEFT/RIGHT review lists)
leg right knee adj. 1	leg right knee adj. 1	groupFile/Legs	groupFile/Legs/RightLeg	MOVED_RIGHT	PHASE2_IMPORTED	token-based naming convention match (see full LEFT/RIGHT review lists)
l_upper_leg_rear_helper	l_upper_leg_rear_helper	groupFile/Legs	groupFile/Legs/LeftLeg	MOVED_LEFT	PHASE2_IMPORTED	token-based naming convention match (see full LEFT/RIGHT review lists)
bipmar lcalftwist	BipMar LCalfTwist	groupFile/Legs	groupFile/Legs/LeftLeg	MOVED_LEFT	PHASE2_IMPORTED	token-based naming convention match (see full LEFT/RIGHT review lists)
thightwist1left	ThighTwist1Left	groupFile/Legs	groupFile/Legs/LeftLeg	MOVED_LEFT	PHASE2_IMPORTED	token-based naming convention match (see full LEFT/RIGHT review lists)
sk_l_b_leg_4	SK_L_B_leg_4	groupFile/Legs	groupFile/Legs/LeftLeg	MOVED_LEFT	PHASE2_IMPORTED	token-based naming convention match (see full LEFT/RIGHT review lists)
jiggle leg right thigh 1	jiggle leg right thigh 1	groupFile/Legs	groupFile/Legs/RightLeg	MOVED_RIGHT	PHASE2_IMPORTED	token-based naming convention match (see full LEFT/RIGHT review lists)
thighforwardback	ThighForwardBack	groupFile/Legs	groupFile/Legs	REMAINED_UNSIDED	PHASE2_IMPORTED	genuinely unsided or no reliable side marker found
sk_l_f_leg_2	SK_L_F_leg_2	groupFile/Legs	groupFile/Legs/LeftLeg	MOVED_LEFT	PHASE2_IMPORTED	token-based naming convention match (see full LEFT/RIGHT review lists)
bone_legrr2	Bone_LegRR2	groupFile/Legs	groupFile/Legs/RightLeg	MOVED_RIGHT	PHASE2_IMPORTED	verified mirrored Bone_Leg/Flm-Arm[AB]/CKLegBendForward family
leg left knee_ctr	leg left knee_ctr	groupFile/Legs	groupFile/Legs/LeftLeg	MOVED_LEFT	PHASE2_IMPORTED	token-based naming convention match (see full LEFT/RIGHT review lists)
l femorisa spo	L FemorisA Spo	groupFile/Legs	groupFile/Legs/LeftLeg	MOVED_LEFT	PHASE2_IMPORTED	token-based naming convention match (see full LEFT/RIGHT review lists)
bip001-r-calf	Bip001-R-Calf	groupFile/Legs	groupFile/Legs/RightLeg	MOVED_RIGHT	PHASE2_IMPORTED	token-based naming convention match (see full LEFT/RIGHT review lists)
flm-armb-foot-ra	Flm-ArmB-Foot-RA	groupFile/Legs	groupFile/Legs/RightLeg	MOVED_RIGHT	PHASE2_IMPORTED	verified mirrored Bone_Leg/Flm-Arm[AB]/CKLegBendForward family
bone_legml1	Bone_LegML1	groupFile/Legs	groupFile/Legs/LeftLeg	MOVED_LEFT	PHASE2_IMPORTED	verified mirrored Bone_Leg/Flm-Arm[AB]/CKLegBendForward family
def-thigh.l.004	DEF-thigh.L.004	groupFile/Legs	groupFile/Legs/LeftLeg	MOVED_LEFT	PHASE2_IMPORTED	token-based naming convention match (see full LEFT/RIGHT review lists)
bone-l-calf-twist	Bone-L-Calf-Twist	groupFile/Legs	groupFile/Legs/LeftLeg	MOVED_LEFT	PHASE2_IMPORTED	token-based naming convention match (see full LEFT/RIGHT review lists)
flm-arma-leg-l1	Flm-ArmA-Leg-L1	groupFile/Legs	groupFile/Legs/LeftLeg	MOVED_LEFT	PHASE2_IMPORTED	verified mirrored Bone_Leg/Flm-Arm[AB]/CKLegBendForward family
bone_legmr2	Bone_LegMR2	groupFile/Legs	groupFile/Legs/RightLeg	MOVED_RIGHT	PHASE2_IMPORTED	verified mirrored Bone_Leg/Flm-Arm[AB]/CKLegBendForward family
foot_right	foot_right	groupFile/Legs	groupFile/Legs/RightLeg	MOVED_RIGHT	PHASE2_IMPORTED	token-based naming convention match (see full LEFT/RIGHT review lists)
leg left thigh ctr1	leg left thigh ctr1	groupFile/Legs	groupFile/Legs/LeftLeg	MOVED_LEFT	PHASE2_IMPORTED	token-based naming convention match (see full LEFT/RIGHT review lists)
sk_r_b_leg_2	SK_R_B_leg_2	groupFile/Legs	groupFile/Legs/RightLeg	MOVED_RIGHT	PHASE2_IMPORTED	token-based naming convention match (see full LEFT/RIGHT review lists)
ashikubi_l__rot_ashi_l__x100__offset	ashikubi_l__rot_ashi_l__x100__offset	groupFile/Legs	groupFile/Legs/LeftLeg	MOVED_LEFT	PHASE2_IMPORTED	token-based naming convention match (see full LEFT/RIGHT review lists)
bip_leg.008	Bip_leg.008	groupFile/Legs	groupFile/Legs	REMAINED_UNSIDED	PHASE2_IMPORTED	genuinely unsided or no reliable side marker found
leg left thigh ctrl 1	leg left thigh ctrl 1	groupFile/Legs	groupFile/Legs/LeftLeg	MOVED_LEFT	PHASE2_IMPORTED	token-based naming convention match (see full LEFT/RIGHT review lists)
leg left knee adj. 4	leg left knee adj. 4	groupFile/Legs	groupFile/Legs/LeftLeg	MOVED_LEFT	PHASE2_IMPORTED	token-based naming convention match (see full LEFT/RIGHT review lists)
root hips_l.002	root hips_L.002	groupFile/Legs	groupFile/Legs/LeftLeg	MOVED_LEFT	PHASE2_IMPORTED	token-based naming convention match (see full LEFT/RIGHT review lists)
lowerleg_left	lowerleg_left	groupFile/Legs	groupFile/Legs/LeftLeg	MOVED_LEFT	PHASE2_IMPORTED	token-based naming convention match (see full LEFT/RIGHT review lists)
cklegbendforwardr120	CKLegBendForwardR120	groupFile/Legs	groupFile/Legs/RightLeg	MOVED_RIGHT	PHASE2_IMPORTED	verified mirrored Bone_Leg/Flm-Arm[AB]/CKLegBendForward family
flm-arma-foot-r1	Flm-ArmA-Foot-R1	groupFile/Legs	groupFile/Legs/RightLeg	MOVED_RIGHT	PHASE2_IMPORTED	verified mirrored Bone_Leg/Flm-Arm[AB]/CKLegBendForward family
foot_s_l	Foot_S_L	groupFile/Legs	groupFile/Legs/LeftLeg	MOVED_LEFT	PHASE2_IMPORTED	token-based naming convention match (see full LEFT/RIGHT review lists)
bip001-l-thigh	Bip001-L-Thigh	groupFile/Legs	groupFile/Legs/LeftLeg	MOVED_LEFT	PHASE2_IMPORTED	token-based naming convention match (see full LEFT/RIGHT review lists)
opt_as_r_hip	OPT_AS_R_Hip	groupFile/Legs	groupFile/Legs/RightLeg	MOVED_RIGHT	PHASE2_IMPORTED	token-based naming convention match (see full LEFT/RIGHT review lists)
leg3	leg3	groupFile/Legs	groupFile/Legs	REMAINED_UNSIDED	PHASE2_IMPORTED	genuinely unsided or no reliable side marker found
bip01 foot.l	Bip01 Foot.L	groupFile/Legs	groupFile/Legs/LeftLeg	MOVED_LEFT	PHASE2_IMPORTED	token-based naming convention match (see full LEFT/RIGHT review lists)
bip thightwistbottom l	bip thightwistbottom l	groupFile/Legs	groupFile/Legs/LeftLeg	MOVED_LEFT	PHASE2_IMPORTED	token-based naming convention match (see full LEFT/RIGHT review lists)
rkneej	RKneeJ	groupFile/Legs	groupFile/Legs/RightLeg	MOVED_RIGHT	PHASE2_IMPORTED	token-based naming convention match (see full LEFT/RIGHT review lists)
leg left thigh adjuster	Leg Left Thigh Adjuster	groupFile/Legs	groupFile/Legs/LeftLeg	MOVED_LEFT	PHASE2_IMPORTED	token-based naming convention match (see full LEFT/RIGHT review lists)
leg right sth	leg right StH	groupFile/Legs	groupFile/Legs/RightLeg	MOVED_RIGHT	PHASE2_IMPORTED	token-based naming convention match (see full LEFT/RIGHT review lists)
bip01_l_thigh018	Bip01_L_Thigh018	groupFile/Legs	groupFile/Legs/LeftLeg	MOVED_LEFT	PHASE2_IMPORTED	token-based naming convention match (see full LEFT/RIGHT review lists)
+left_footd	+left_footD	groupFile/Legs	groupFile/Legs/LeftLeg	MOVED_LEFT	PHASE2_IMPORTED	token-based naming convention match (see full LEFT/RIGHT review lists)
leg right knee adj. 3	leg right knee adj. 3	groupFile/Legs	groupFile/Legs/RightLeg	MOVED_RIGHT	PHASE2_IMPORTED	token-based naming convention match (see full LEFT/RIGHT review lists)
calf_twist_l_02	calf_twist_l_02	groupFile/Legs	groupFile/Legs/LeftLeg	MOVED_LEFT	PHASE2_IMPORTED	token-based naming convention match (see full LEFT/RIGHT review lists)
bippbg lthightwist	BipPBG LThighTwist	groupFile/Legs	groupFile/Legs/LeftLeg	MOVED_LEFT	PHASE2_IMPORTED	token-based naming convention match (see full LEFT/RIGHT review lists)
bip kneetwisttopout l	bip kneetwisttopout l	groupFile/Legs	groupFile/Legs/LeftLeg	MOVED_LEFT	PHASE2_IMPORTED	token-based naming convention match (see full LEFT/RIGHT review lists)
bip legtwistbottom r	bip legtwistbottom r	groupFile/Legs	groupFile/Legs/RightLeg	MOVED_RIGHT	PHASE2_IMPORTED	token-based naming convention match (see full LEFT/RIGHT review lists)
llegex	LLegEX	groupFile/Legs	groupFile/Legs/LeftLeg	MOVED_LEFT	PHASE2_IMPORTED	token-based naming convention match (see full LEFT/RIGHT review lists)
bone_legmr3	Bone_LegMR3	groupFile/Legs	groupFile/Legs/RightLeg	MOVED_RIGHT	PHASE2_IMPORTED	verified mirrored Bone_Leg/Flm-Arm[AB]/CKLegBendForward family
leg right upper	leg right upper	groupFile/Legs	groupFile/Legs/RightLeg	MOVED_RIGHT	PHASE2_IMPORTED	token-based naming convention match (see full LEFT/RIGHT review lists)
leg right thigh twist a	leg right thigh twist a	groupFile/Legs	groupFile/Legs/RightLeg	MOVED_RIGHT	PHASE2_IMPORTED	token-based naming convention match (see full LEFT/RIGHT review lists)
bipmar lthightwist1	BipMar LThighTwist1	groupFile/Legs	groupFile/Legs/LeftLeg	MOVED_LEFT	PHASE2_IMPORTED	token-based naming convention match (see full LEFT/RIGHT review lists)
flm-armb-leg-rub	Flm-ArmB-Leg-RUB	groupFile/Legs	groupFile/Legs/RightLeg	MOVED_RIGHT	PHASE2_IMPORTED	verified mirrored Bone_Leg/Flm-Arm[AB]/CKLegBendForward family
leg left calf	leg left calf	groupFile/Legs	groupFile/Legs/LeftLeg	MOVED_LEFT	PHASE2_IMPORTED	token-based naming convention match (see full LEFT/RIGHT review lists)
leg right thigh ctr 1	leg right thigh ctr 1	groupFile/Legs	groupFile/Legs/RightLeg	MOVED_RIGHT	PHASE2_IMPORTED	token-based naming convention match (see full LEFT/RIGHT review lists)
ankle_right	ankle_right	groupFile/Legs	groupFile/Legs/RightLeg	MOVED_RIGHT	PHASE2_IMPORTED	token-based naming convention match (see full LEFT/RIGHT review lists)
bip_knee_r_1	bip_knee_r_1	groupFile/Legs	groupFile/Legs/RightLeg	MOVED_RIGHT	PHASE2_IMPORTED	token-based naming convention match (see full LEFT/RIGHT review lists)
foot_b_r	Foot_B_R	groupFile/Legs	groupFile/Legs/RightLeg	MOVED_RIGHT	PHASE2_IMPORTED	token-based naming convention match (see full LEFT/RIGHT review lists)
leg right ankle ctr	leg right ankle ctr	groupFile/Legs	groupFile/Legs/RightLeg	MOVED_RIGHT	PHASE2_IMPORTED	token-based naming convention match (see full LEFT/RIGHT review lists)
leg left knee adjust a	leg left knee adjust a	groupFile/Legs	groupFile/Legs/LeftLeg	MOVED_LEFT	PHASE2_IMPORTED	token-based naming convention match (see full LEFT/RIGHT review lists)
r femorisa spo	R FemorisA Spo	groupFile/Legs	groupFile/Legs/RightLeg	MOVED_RIGHT	PHASE2_IMPORTED	token-based naming convention match (see full LEFT/RIGHT review lists)
canine_rbacklegpalm	Canine_RBackLegPalm	groupFile/Legs	groupFile/Legs/RightLeg	MOVED_RIGHT	PHASE2_IMPORTED	token-based naming convention match (see full LEFT/RIGHT review lists)
leg_2.lower	leg_2.lower	groupFile/Legs	groupFile/Legs	REMAINED_UNSIDED	PHASE2_IMPORTED	genuinely unsided or no reliable side marker found
left foot d	Left foot D	groupFile/Legs	groupFile/Legs/LeftLeg	MOVED_LEFT	PHASE2_IMPORTED	token-based naming convention match (see full LEFT/RIGHT review lists)
bip_bobby_r_calftwist1	Bip_BOBBY_R_CalfTwist1	groupFile/Legs	groupFile/Legs/RightLeg	MOVED_RIGHT	PHASE2_IMPORTED	token-based naming convention match (see full LEFT/RIGHT review lists)
left_hip_cancel	left_hip_cancel	groupFile/Legs	groupFile/Legs/LeftLeg	MOVED_LEFT	PHASE2_IMPORTED	token-based naming convention match (see full LEFT/RIGHT review lists)
bip_stone_l_thightwist1	Bip_STONE_L_ThighTwist1	groupFile/Legs	groupFile/Legs/LeftLeg	MOVED_LEFT	PHASE2_IMPORTED	token-based naming convention match (see full LEFT/RIGHT review lists)
upleg_l	UpLeg_L	groupFile/Legs	groupFile/Legs/LeftLeg	MOVED_LEFT	PHASE2_IMPORTED	token-based naming convention match (see full LEFT/RIGHT review lists)
helpthighfwdr	HelpThighFwdR	groupFile/Legs	groupFile/Legs/RightLeg	MOVED_RIGHT	PHASE2_IMPORTED	token-based naming convention match (see full LEFT/RIGHT review lists)
valvebiped.bip02_l_foot	ValveBiped.Bip02_L_Foot	groupFile/Legs	groupFile/Legs/LeftLeg	MOVED_LEFT	PHASE2_IMPORTED	token-based naming convention match (see full LEFT/RIGHT review lists)
bip_l_hip	bip_l_hip	groupFile/Legs	groupFile/Legs/LeftLeg	MOVED_LEFT	PHASE2_IMPORTED	token-based naming convention match (see full LEFT/RIGHT review lists)
bip hiphelper l	bip hiphelper l	groupFile/Legs	groupFile/Legs/LeftLeg	MOVED_LEFT	PHASE2_IMPORTED	token-based naming convention match (see full LEFT/RIGHT review lists)
bipflm rcalftwist	BipFlm RCalfTwist	groupFile/Legs	groupFile/Legs/RightLeg	MOVED_RIGHT	PHASE2_IMPORTED	token-based naming convention match (see full LEFT/RIGHT review lists)
bip_knee_l_1	bip_knee_l_1	groupFile/Legs	groupFile/Legs/LeftLeg	MOVED_LEFT	PHASE2_IMPORTED	token-based naming convention match (see full LEFT/RIGHT review lists)
bip kneein r	bip kneein r	groupFile/Legs	groupFile/Legs/RightLeg	MOVED_RIGHT	PHASE2_IMPORTED	token-based naming convention match (see full LEFT/RIGHT review lists)
flm-arma-leg-r0	Flm-ArmA-Leg-R0	groupFile/Legs	groupFile/Legs/RightLeg	MOVED_RIGHT	PHASE2_IMPORTED	verified mirrored Bone_Leg/Flm-Arm[AB]/CKLegBendForward family
leg left ankle adj 2	leg left ankle adj 2	groupFile/Legs	groupFile/Legs/LeftLeg	MOVED_LEFT	PHASE2_IMPORTED	token-based naming convention match (see full LEFT/RIGHT review lists)
root hips_r.002	root hips_R.002	groupFile/Legs	groupFile/Legs/RightLeg	MOVED_RIGHT	PHASE2_IMPORTED	token-based naming convention match (see full LEFT/RIGHT review lists)
leg left hip adj	leg left hip adj	groupFile/Legs	groupFile/Legs/LeftLeg	MOVED_LEFT	PHASE2_IMPORTED	token-based naming convention match (see full LEFT/RIGHT review lists)
bipfin rcalftwist1	BipFin RCalfTwist1	groupFile/Legs	groupFile/Legs/RightLeg	MOVED_RIGHT	PHASE2_IMPORTED	token-based naming convention match (see full LEFT/RIGHT review lists)
leg right calf	leg right calf	groupFile/Legs	groupFile/Legs/RightLeg	MOVED_RIGHT	PHASE2_IMPORTED	token-based naming convention match (see full LEFT/RIGHT review lists)
leg right thigh adj a	leg right thigh adj a	groupFile/Legs	groupFile/Legs/RightLeg	MOVED_RIGHT	PHASE2_IMPORTED	token-based naming convention match (see full LEFT/RIGHT review lists)
flm-armb-leg-lbd	Flm-ArmB-Leg-LBD	groupFile/Legs	groupFile/Legs/LeftLeg	MOVED_LEFT	PHASE2_IMPORTED	verified mirrored Bone_Leg/Flm-Arm[AB]/CKLegBendForward family
leg left knee adj. 3	leg left knee adj. 3	groupFile/Legs	groupFile/Legs/LeftLeg	MOVED_LEFT	PHASE2_IMPORTED	token-based naming convention match (see full LEFT/RIGHT review lists)
lefttibea	LeftTibea	groupFile/Legs	groupFile/Legs/LeftLeg	MOVED_LEFT	PHASE2_IMPORTED	token-based naming convention match (see full LEFT/RIGHT review lists)
thighleft	ThighLeft	groupFile/Legs	groupFile/Legs/LeftLeg	MOVED_LEFT	PHASE2_IMPORTED	token-based naming convention match (see full LEFT/RIGHT review lists)
leg front knee right	leg front knee right	groupFile/Legs	groupFile/Legs/RightLeg	MOVED_RIGHT	PHASE2_IMPORTED	token-based naming convention match (see full LEFT/RIGHT review lists)
bip_bobby_r_calftwist	Bip_BOBBY_R_CalfTwist	groupFile/Legs	groupFile/Legs/RightLeg	MOVED_RIGHT	PHASE2_IMPORTED	token-based naming convention match (see full LEFT/RIGHT review lists)
bip01_r_thigh002	Bip01_R_Thigh002	groupFile/Legs	groupFile/Legs/RightLeg	MOVED_RIGHT	PHASE2_IMPORTED	token-based naming convention match (see full LEFT/RIGHT review lists)
flm-armb-leg-lm	Flm-ArmB-Leg-LM	groupFile/Legs	groupFile/Legs/LeftLeg	MOVED_LEFT	PHASE2_IMPORTED	verified mirrored Bone_Leg/Flm-Arm[AB]/CKLegBendForward family
valvebiped.bip01_r_thightwist	ValveBiped.Bip01_R_ThighTwist	groupFile/Legs	groupFile/Legs/RightLeg	MOVED_RIGHT	PHASE2_IMPORTED	token-based naming convention match (see full LEFT/RIGHT review lists)
lfoot0	lFoot0	groupFile/Legs	groupFile/Legs/LeftLeg	MOVED_LEFT	PHASE2_IMPORTED	token-based naming convention match (see full LEFT/RIGHT review lists)
knee03	knee03	groupFile/Legs	groupFile/Legs	REMAINED_UNSIDED	PHASE2_IMPORTED	genuinely unsided or no reliable side marker found
sk_r_b_leg_4	SK_R_B_leg_4	groupFile/Legs	groupFile/Legs/RightLeg	MOVED_RIGHT	PHASE2_IMPORTED	token-based naming convention match (see full LEFT/RIGHT review lists)
knee01	knee01	groupFile/Legs	groupFile/Legs	REMAINED_UNSIDED	PHASE2_IMPORTED	genuinely unsided or no reliable side marker found
flm-armb-leg-lua	Flm-ArmB-Leg-LUA	groupFile/Legs	groupFile/Legs/LeftLeg	MOVED_LEFT	PHASE2_IMPORTED	verified mirrored Bone_Leg/Flm-Arm[AB]/CKLegBendForward family
def-thigh.l.005	DEF-thigh.L.005	groupFile/Legs	groupFile/Legs/LeftLeg	MOVED_LEFT	PHASE2_IMPORTED	token-based naming convention match (see full LEFT/RIGHT review lists)
bone_legml2	Bone_LegML2	groupFile/Legs	groupFile/Legs/LeftLeg	MOVED_LEFT	PHASE2_IMPORTED	verified mirrored Bone_Leg/Flm-Arm[AB]/CKLegBendForward family
r_knee_rear_helper	r_knee_rear_helper	groupFile/Legs	groupFile/Legs/RightLeg	MOVED_RIGHT	PHASE2_IMPORTED	token-based naming convention match (see full LEFT/RIGHT review lists)
leg left roll 2	leg left roll 2	groupFile/Legs	groupFile/Legs/LeftLeg	MOVED_LEFT	PHASE2_IMPORTED	token-based naming convention match (see full LEFT/RIGHT review lists)
leg left thigh helper	leg left thigh helper	groupFile/Legs	groupFile/Legs/LeftLeg	MOVED_LEFT	PHASE2_IMPORTED	token-based naming convention match (see full LEFT/RIGHT review lists)
bone_rrl2	bone_RRL2	groupFile/Legs	groupFile/Legs	DEFERRED_UNCLEAR	PHASE2_IMPORTED	No confirmed mirrored counterpart; ambiguous 2-letter+digit scheme distinct from the confirmed Bone_Leg[FMR][LR]# family.
def-thigh.r	DEF-thigh.R	groupFile/Legs	groupFile/Legs/RightLeg	MOVED_RIGHT	PHASE2_IMPORTED	token-based naming convention match (see full LEFT/RIGHT review lists)
bip_r_foot_middle	bip_r_foot_middle	groupFile/Legs	groupFile/Legs/RightLeg	MOVED_RIGHT	PHASE2_IMPORTED	token-based naming convention match (see full LEFT/RIGHT review lists)
bip01 calf.r	Bip01 Calf.R	groupFile/Legs	groupFile/Legs/RightLeg	MOVED_RIGHT	PHASE2_IMPORTED	token-based naming convention match (see full LEFT/RIGHT review lists)
bip_stone_l_thightwist	Bip_STONE_L_ThighTwist	groupFile/Legs	groupFile/Legs/LeftLeg	MOVED_LEFT	PHASE2_IMPORTED	token-based naming convention match (see full LEFT/RIGHT review lists)
mot12_rightupleg	MOT12_RightUpLeg	groupFile/Legs	groupFile/Legs/RightLeg	MOVED_RIGHT	PHASE2_IMPORTED	token-based naming convention match (see full LEFT/RIGHT review lists)
leg left knee ctr 2	leg left knee ctr 2	groupFile/Legs	groupFile/Legs/LeftLeg	MOVED_LEFT	PHASE2_IMPORTED	token-based naming convention match (see full LEFT/RIGHT review lists)
bip hipside l	bip hipside l	groupFile/Legs	groupFile/Legs/LeftLeg	MOVED_LEFT	PHASE2_IMPORTED	token-based naming convention match (see full LEFT/RIGHT review lists)
leg left thigh ctr 3	leg left thigh ctr 3	groupFile/Legs	groupFile/Legs/LeftLeg	MOVED_LEFT	PHASE2_IMPORTED	token-based naming convention match (see full LEFT/RIGHT review lists)
canine_lbackleg1	Canine_LBackLeg1	groupFile/Legs	groupFile/Legs/LeftLeg	MOVED_LEFT	PHASE2_IMPORTED	token-based naming convention match (see full LEFT/RIGHT review lists)
bip01 foot.r	Bip01 Foot.R	groupFile/Legs	groupFile/Legs/RightLeg	MOVED_RIGHT	PHASE2_IMPORTED	token-based naming convention match (see full LEFT/RIGHT review lists)
lkakato03n	LKakato03N	groupFile/Legs	groupFile/Legs/LeftLeg	MOVED_LEFT	PHASE2_IMPORTED	token-based naming convention match (see full LEFT/RIGHT review lists)
bipqwn lthightwist	BipQwn LThighTwist	groupFile/Legs	groupFile/Legs/LeftLeg	MOVED_LEFT	PHASE2_IMPORTED	token-based naming convention match (see full LEFT/RIGHT review lists)
calfleft	CalfLeft	groupFile/Legs	groupFile/Legs/LeftLeg	MOVED_LEFT	PHASE2_IMPORTED	token-based naming convention match (see full LEFT/RIGHT review lists)
sk_l_b_leg_3	SK_L_B_leg_3	groupFile/Legs	groupFile/Legs/LeftLeg	MOVED_LEFT	PHASE2_IMPORTED	token-based naming convention match (see full LEFT/RIGHT review lists)
knee fix.r	Knee Fix.R	groupFile/Legs	groupFile/Legs/RightLeg	MOVED_RIGHT	PHASE2_IMPORTED	token-based naming convention match (see full LEFT/RIGHT review lists)
momo_l_d__offset	momo_l_d__offset	groupFile/Legs	groupFile/Legs/LeftLeg	MOVED_LEFT	PHASE2_IMPORTED	token-based naming convention match (see full LEFT/RIGHT review lists)
l_upper_leg_thigh_helper	l_upper_leg_thigh_helper	groupFile/Legs	groupFile/Legs/LeftLeg	MOVED_LEFT	PHASE2_IMPORTED	token-based naming convention match (see full LEFT/RIGHT review lists)
frontthigh.r	FrontThigh.R	groupFile/Legs	groupFile/Legs/RightLeg	MOVED_RIGHT	PHASE2_IMPORTED	token-based naming convention match (see full LEFT/RIGHT review lists)
leg right thigh adj. 2	leg right thigh adj. 2	groupFile/Legs	groupFile/Legs/RightLeg	MOVED_RIGHT	PHASE2_IMPORTED	token-based naming convention match (see full LEFT/RIGHT review lists)
legfix90sw r	LegFix90SW R	groupFile/Legs	groupFile/Legs/RightLeg	MOVED_RIGHT	PHASE2_IMPORTED	token-based naming convention match (see full LEFT/RIGHT review lists)
r footroll	r footRoll	groupFile/Legs	groupFile/Legs/RightLeg	MOVED_RIGHT	PHASE2_IMPORTED	token-based naming convention match (see full LEFT/RIGHT review lists)
sk_r_f_leg_1	SK_R_F_leg_1	groupFile/Legs	groupFile/Legs/RightLeg	MOVED_RIGHT	PHASE2_IMPORTED	token-based naming convention match (see full LEFT/RIGHT review lists)
leg left ankle adjust	leg left ankle adjust	groupFile/Legs	groupFile/Legs/LeftLeg	MOVED_LEFT	PHASE2_IMPORTED	token-based naming convention match (see full LEFT/RIGHT review lists)
l_upper_leg_twist_a_helper	l_upper_leg_twist_a_helper	groupFile/Legs	groupFile/Legs/LeftLeg	MOVED_LEFT	PHASE2_IMPORTED	token-based naming convention match (see full LEFT/RIGHT review lists)
leg left thigh adj.	leg left thigh adj.	groupFile/Legs	groupFile/Legs/LeftLeg	MOVED_LEFT	PHASE2_IMPORTED	token-based naming convention match (see full LEFT/RIGHT review lists)
leg right stb	leg right StB	groupFile/Legs	groupFile/Legs/RightLeg	MOVED_RIGHT	PHASE2_IMPORTED	token-based naming convention match (see full LEFT/RIGHT review lists)
leg left stg	leg left StG	groupFile/Legs	groupFile/Legs/LeftLeg	MOVED_LEFT	PHASE2_IMPORTED	token-based naming convention match (see full LEFT/RIGHT review lists)
leg left sth	leg left StH	groupFile/Legs	groupFile/Legs/LeftLeg	MOVED_LEFT	PHASE2_IMPORTED	token-based naming convention match (see full LEFT/RIGHT review lists)
sk_r_b_leg_6	SK_R_B_leg_6	groupFile/Legs	groupFile/Legs/RightLeg	MOVED_RIGHT	PHASE2_IMPORTED	token-based naming convention match (see full LEFT/RIGHT review lists)
bip01_r_thigh008	Bip01_R_Thigh008	groupFile/Legs	groupFile/Legs/RightLeg	MOVED_RIGHT	PHASE2_IMPORTED	token-based naming convention match (see full LEFT/RIGHT review lists)
ashi_r_d__offset	ashi_r_d__offset	groupFile/Legs	groupFile/Legs/RightLeg	MOVED_RIGHT	PHASE2_IMPORTED	token-based naming convention match (see full LEFT/RIGHT review lists)
bone-r-thigh-twist	Bone-R-Thigh-Twist	groupFile/Legs	groupFile/Legs/RightLeg	MOVED_RIGHT	PHASE2_IMPORTED	token-based naming convention match (see full LEFT/RIGHT review lists)
r_upper_leg_front_helper	r_upper_leg_front_helper	groupFile/Legs	groupFile/Legs/RightLeg	MOVED_RIGHT	PHASE2_IMPORTED	token-based naming convention match (see full LEFT/RIGHT review lists)
l_knee_front_lower_helper	l_knee_front_lower_helper	groupFile/Legs	groupFile/Legs/LeftLeg	MOVED_LEFT	PHASE2_IMPORTED	token-based naming convention match (see full LEFT/RIGHT review lists)
momo_md_l__prot_x50__offset	momo_md_l__prot_x50__offset	groupFile/Legs	groupFile/Legs/LeftLeg	MOVED_LEFT	PHASE2_IMPORTED	token-based naming convention match (see full LEFT/RIGHT review lists)
canine_lfrontlegpalm	Canine_LFrontLegPalm	groupFile/Legs	groupFile/Legs/LeftLeg	MOVED_LEFT	PHASE2_IMPORTED	token-based naming convention match (see full LEFT/RIGHT review lists)
def-thigh.r.005	DEF-thigh.R.005	groupFile/Legs	groupFile/Legs/RightLeg	MOVED_RIGHT	PHASE2_IMPORTED	token-based naming convention match (see full LEFT/RIGHT review lists)
llotwist0	lLoTwist0	groupFile/Legs	groupFile/Legs/LeftLeg	MOVED_LEFT	PHASE2_IMPORTED	token-based naming convention match (see full LEFT/RIGHT review lists)
leftthigh_lowerjigglecontrol	LeftThigh_LowerJiggleControl	groupFile/Legs	groupFile/Legs/LeftLeg	MOVED_LEFT	PHASE2_IMPORTED	token-based naming convention match (see full LEFT/RIGHT review lists)
helpthighsyaxisfix	HelpThighsYAxisFix	groupFile/Legs	groupFile/Legs	REMAINED_UNSIDED	PHASE2_IMPORTED	genuinely unsided or no reliable side marker found
helpthighbackl	HelpThighBackL	groupFile/Legs	groupFile/Legs/LeftLeg	MOVED_LEFT	PHASE2_IMPORTED	token-based naming convention match (see full LEFT/RIGHT review lists)
foot_s_r	Foot_S_R	groupFile/Legs	groupFile/Legs/RightLeg	MOVED_RIGHT	PHASE2_IMPORTED	token-based naming convention match (see full LEFT/RIGHT review lists)
bone_lfl2	bone_LFL2	groupFile/Legs	groupFile/Legs	DEFERRED_UNCLEAR	PHASE2_IMPORTED	No confirmed mirrored counterpart; ambiguous 2-letter+digit scheme distinct from the confirmed Bone_Leg[FMR][LR]# family.
bip001 rthightwist	Bip001 RThighTwist	groupFile/Legs	groupFile/Legs/RightLeg	MOVED_RIGHT	PHASE2_IMPORTED	token-based naming convention match (see full LEFT/RIGHT review lists)
bipbrk lthightwist1	BipBrk LThighTwist1	groupFile/Legs	groupFile/Legs/LeftLeg	MOVED_LEFT	PHASE2_IMPORTED	token-based naming convention match (see full LEFT/RIGHT review lists)
thightwist2right	ThighTwist2Right	groupFile/Legs	groupFile/Legs/RightLeg	MOVED_RIGHT	PHASE2_IMPORTED	token-based naming convention match (see full LEFT/RIGHT review lists)
leg left thigh ctrl 3	leg left thigh ctrl 3	groupFile/Legs	groupFile/Legs/LeftLeg	MOVED_LEFT	PHASE2_IMPORTED	token-based naming convention match (see full LEFT/RIGHT review lists)
thigh_twist_r_01	thigh_twist_r_01	groupFile/Legs	groupFile/Legs/RightLeg	MOVED_RIGHT	PHASE2_IMPORTED	token-based naming convention match (see full LEFT/RIGHT review lists)
heeltoe	heeltoe	groupFile/Legs	groupFile/Legs	REMAINED_UNSIDED	PHASE2_IMPORTED	genuinely unsided or no reliable side marker found
bone_legrl3	Bone_LegRL3	groupFile/Legs	groupFile/Legs/LeftLeg	MOVED_LEFT	PHASE2_IMPORTED	verified mirrored Bone_Leg/Flm-Arm[AB]/CKLegBendForward family
bone_rrl1	bone_RRL1	groupFile/Legs	groupFile/Legs	DEFERRED_UNCLEAR	PHASE2_IMPORTED	No confirmed mirrored counterpart; ambiguous 2-letter+digit scheme distinct from the confirmed Bone_Leg[FMR][LR]# family.
bippbg lcalftwist	BipPBG LCalfTwist	groupFile/Legs	groupFile/Legs/LeftLeg	MOVED_LEFT	PHASE2_IMPORTED	token-based naming convention match (see full LEFT/RIGHT review lists)
flm-arma-foot-r3	Flm-ArmA-Foot-R3	groupFile/Legs	groupFile/Legs/RightLeg	MOVED_RIGHT	PHASE2_IMPORTED	verified mirrored Bone_Leg/Flm-Arm[AB]/CKLegBendForward family
bip01_l_thigh007	Bip01_L_Thigh007	groupFile/Legs	groupFile/Legs/LeftLeg	MOVED_LEFT	PHASE2_IMPORTED	token-based naming convention match (see full LEFT/RIGHT review lists)
ashi_l_d__offset	ashi_l_d__offset	groupFile/Legs	groupFile/Legs/LeftLeg	MOVED_LEFT	PHASE2_IMPORTED	token-based naming convention match (see full LEFT/RIGHT review lists)
leg right hip	leg right hip	groupFile/Legs	groupFile/Legs/RightLeg	MOVED_RIGHT	PHASE2_IMPORTED	token-based naming convention match (see full LEFT/RIGHT review lists)
hizakozo_r__rot_hiza_r__z50__offset	hizakozo_r__rot_hiza_r__z50__offset	groupFile/Legs	groupFile/Legs/RightLeg	MOVED_RIGHT	PHASE2_IMPORTED	token-based naming convention match (see full LEFT/RIGHT review lists)
leg right knee ctrl	leg right knee ctrl	groupFile/Legs	groupFile/Legs/RightLeg	MOVED_RIGHT	PHASE2_IMPORTED	token-based naming convention match (see full LEFT/RIGHT review lists)
l femorisc spo	L FemorisC Spo	groupFile/Legs	groupFile/Legs/LeftLeg	MOVED_LEFT	PHASE2_IMPORTED	token-based naming convention match (see full LEFT/RIGHT review lists)
bipflm lcalftwist	BipFlm LCalfTwist	groupFile/Legs	groupFile/Legs/LeftLeg	MOVED_LEFT	PHASE2_IMPORTED	token-based naming convention match (see full LEFT/RIGHT review lists)
bipbrk lcalftwist1	BipBrk LCalfTwist1	groupFile/Legs	groupFile/Legs/LeftLeg	MOVED_LEFT	PHASE2_IMPORTED	token-based naming convention match (see full LEFT/RIGHT review lists)
right ankle d	Right ankle D	groupFile/Legs	groupFile/Legs/RightLeg	MOVED_RIGHT	PHASE2_IMPORTED	token-based naming convention match (see full LEFT/RIGHT review lists)
bip hipfront l	bip hipfront l	groupFile/Legs	groupFile/Legs/LeftLeg	MOVED_LEFT	PHASE2_IMPORTED	token-based naming convention match (see full LEFT/RIGHT review lists)
hiza_r_d__offset	hiza_r_d__offset	groupFile/Legs	groupFile/Legs/RightLeg	MOVED_RIGHT	PHASE2_IMPORTED	token-based naming convention match (see full LEFT/RIGHT review lists)
clawfootright	ClawFootRight	groupFile/Legs	groupFile/Legs/RightLeg	MOVED_RIGHT	PHASE2_IMPORTED	token-based naming convention match (see full LEFT/RIGHT review lists)
right_hip_cancel	right_hip_cancel	groupFile/Legs	groupFile/Legs/RightLeg	MOVED_RIGHT	PHASE2_IMPORTED	token-based naming convention match (see full LEFT/RIGHT review lists)
bippbg rthightwist	BipPBG RThighTwist	groupFile/Legs	groupFile/Legs/RightLeg	MOVED_RIGHT	PHASE2_IMPORTED	token-based naming convention match (see full LEFT/RIGHT review lists)
helper.skin.l_quad	Helper.Skin.L_Quad	groupFile/Legs	groupFile/Legs/LeftLeg	MOVED_LEFT	PHASE2_IMPORTED	token-based naming convention match (see full LEFT/RIGHT review lists)
bone_legrl1	Bone_LegRL1	groupFile/Legs	groupFile/Legs/LeftLeg	MOVED_LEFT	PHASE2_IMPORTED	verified mirrored Bone_Leg/Flm-Arm[AB]/CKLegBendForward family
leg right thigh ctr4	leg right thigh ctr4	groupFile/Legs	groupFile/Legs/RightLeg	MOVED_RIGHT	PHASE2_IMPORTED	token-based naming convention match (see full LEFT/RIGHT review lists)
sk_r_b_leg_3	SK_R_B_leg_3	groupFile/Legs	groupFile/Legs/RightLeg	MOVED_RIGHT	PHASE2_IMPORTED	token-based naming convention match (see full LEFT/RIGHT review lists)
leg left thigh adj a	leg left thigh adj a	groupFile/Legs	groupFile/Legs/LeftLeg	MOVED_LEFT	PHASE2_IMPORTED	token-based naming convention match (see full LEFT/RIGHT review lists)
valvebiped.bip01_l_foot02	ValveBiped.Bip01_L_Foot02	groupFile/Legs	groupFile/Legs/LeftLeg	MOVED_LEFT	PHASE2_IMPORTED	token-based naming convention match (see full LEFT/RIGHT review lists)
stomp-5	stomp-5	groupFile/Legs	groupFile/Legs	REMAINED_UNSIDED	PHASE2_IMPORTED	genuinely unsided or no reliable side marker found
flm-armb-foot-la	Flm-ArmB-Foot-LA	groupFile/Legs	groupFile/Legs/LeftLeg	MOVED_LEFT	PHASE2_IMPORTED	verified mirrored Bone_Leg/Flm-Arm[AB]/CKLegBendForward family
bip_bobby_r_thightwist1	Bip_BOBBY_R_ThighTwist1	groupFile/Legs	groupFile/Legs/RightLeg	MOVED_RIGHT	PHASE2_IMPORTED	token-based naming convention match (see full LEFT/RIGHT review lists)
bip01_l_thigh016	Bip01_L_Thigh016	groupFile/Legs	groupFile/Legs/LeftLeg	MOVED_LEFT	PHASE2_IMPORTED	token-based naming convention match (see full LEFT/RIGHT review lists)
bip kneetwisttopoutbase l	bip kneetwisttopoutbase l	groupFile/Legs	groupFile/Legs/LeftLeg	MOVED_LEFT	PHASE2_IMPORTED	token-based naming convention match (see full LEFT/RIGHT review lists)
bip001 lthightwist	Bip001 LThighTwist	groupFile/Legs	groupFile/Legs/LeftLeg	MOVED_LEFT	PHASE2_IMPORTED	token-based naming convention match (see full LEFT/RIGHT review lists)
flm-armb-leg-lbb	Flm-ArmB-Leg-LBB	groupFile/Legs	groupFile/Legs/LeftLeg	MOVED_LEFT	PHASE2_IMPORTED	verified mirrored Bone_Leg/Flm-Arm[AB]/CKLegBendForward family
leg right stf	leg right StF	groupFile/Legs	groupFile/Legs/RightLeg	MOVED_RIGHT	PHASE2_IMPORTED	token-based naming convention match (see full LEFT/RIGHT review lists)
backthigh.l	BackThigh.L	groupFile/Legs	groupFile/Legs/LeftLeg	MOVED_LEFT	PHASE2_IMPORTED	token-based naming convention match (see full LEFT/RIGHT review lists)
leg left knee ctrl	leg left knee ctrl	groupFile/Legs	groupFile/Legs/LeftLeg	MOVED_LEFT	PHASE2_IMPORTED	token-based naming convention match (see full LEFT/RIGHT review lists)
leg right knee adj. 4	leg right knee adj. 4	groupFile/Legs	groupFile/Legs/RightLeg	MOVED_RIGHT	PHASE2_IMPORTED	token-based naming convention match (see full LEFT/RIGHT review lists)
leg_1.middle	leg_1.middle	groupFile/Legs	groupFile/Legs	REMAINED_UNSIDED	PHASE2_IMPORTED	genuinely unsided or no reliable side marker found
leg right thigh adj b	leg right thigh adj b	groupFile/Legs	groupFile/Legs/RightLeg	MOVED_RIGHT	PHASE2_IMPORTED	token-based naming convention match (see full LEFT/RIGHT review lists)
bip_bobby_l_thightwist1	Bip_BOBBY_L_ThighTwist1	groupFile/Legs	groupFile/Legs/LeftLeg	MOVED_LEFT	PHASE2_IMPORTED	token-based naming convention match (see full LEFT/RIGHT review lists)
foottip.r	FootTip.R	groupFile/Legs	groupFile/Legs/RightLeg	MOVED_RIGHT	PHASE2_IMPORTED	token-based naming convention match (see full LEFT/RIGHT review lists)
leg left thigh adj b	leg left thigh adj b	groupFile/Legs	groupFile/Legs/LeftLeg	MOVED_LEFT	PHASE2_IMPORTED	token-based naming convention match (see full LEFT/RIGHT review lists)
foot_a_l	Foot_A_L	groupFile/Legs	groupFile/Legs/LeftLeg	MOVED_LEFT	PHASE2_IMPORTED	token-based naming convention match (see full LEFT/RIGHT review lists)
bip_l_foot_middle	bip_l_foot_middle	groupFile/Legs	groupFile/Legs/LeftLeg	MOVED_LEFT	PHASE2_IMPORTED	token-based naming convention match (see full LEFT/RIGHT review lists)
bipmar rthightwist1	BipMar RThighTwist1	groupFile/Legs	groupFile/Legs/RightLeg	MOVED_RIGHT	PHASE2_IMPORTED	token-based naming convention match (see full LEFT/RIGHT review lists)
helpthighsidel	HelpThighSideL	groupFile/Legs	groupFile/Legs/LeftLeg	MOVED_LEFT	PHASE2_IMPORTED	token-based naming convention match (see full LEFT/RIGHT review lists)
bipfin lcalftwist1	BipFin LCalfTwist1	groupFile/Legs	groupFile/Legs/LeftLeg	MOVED_LEFT	PHASE2_IMPORTED	token-based naming convention match (see full LEFT/RIGHT review lists)
bone_legrr1	Bone_LegRR1	groupFile/Legs	groupFile/Legs/RightLeg	MOVED_RIGHT	PHASE2_IMPORTED	verified mirrored Bone_Leg/Flm-Arm[AB]/CKLegBendForward family
sk_l_f_leg_4	SK_L_F_leg_4	groupFile/Legs	groupFile/Legs/LeftLeg	MOVED_LEFT	PHASE2_IMPORTED	token-based naming convention match (see full LEFT/RIGHT review lists)
rfoot1	rFoot1	groupFile/Legs	groupFile/Legs/RightLeg	MOVED_RIGHT	PHASE2_IMPORTED	token-based naming convention match (see full LEFT/RIGHT review lists)
bip kneetwisttopoutbase r	bip kneetwisttopoutbase r	groupFile/Legs	groupFile/Legs/RightLeg	MOVED_RIGHT	PHASE2_IMPORTED	token-based naming convention match (see full LEFT/RIGHT review lists)
bipqwn rcalftwist	BipQwn RCalfTwist	groupFile/Legs	groupFile/Legs/RightLeg	MOVED_RIGHT	PHASE2_IMPORTED	token-based naming convention match (see full LEFT/RIGHT review lists)
adjust_kneecap_l	adjust_kneecap_L	groupFile/Legs	groupFile/Legs/LeftLeg	MOVED_LEFT	PHASE2_IMPORTED	token-based naming convention match (see full LEFT/RIGHT review lists)
bip01_l_thigh003	Bip01_L_Thigh003	groupFile/Legs	groupFile/Legs/LeftLeg	MOVED_LEFT	PHASE2_IMPORTED	token-based naming convention match (see full LEFT/RIGHT review lists)
r femorisc spo	R FemorisC Spo	groupFile/Legs	groupFile/Legs/RightLeg	MOVED_RIGHT	PHASE2_IMPORTED	token-based naming convention match (see full LEFT/RIGHT review lists)
bipflm lthightwist1	BipFlm LThighTwist1	groupFile/Legs	groupFile/Legs/LeftLeg	MOVED_LEFT	PHASE2_IMPORTED	token-based naming convention match (see full LEFT/RIGHT review lists)
bip_kneemid_r	bip_kneeMid_R	groupFile/Legs	groupFile/Legs/RightLeg	MOVED_RIGHT	PHASE2_IMPORTED	token-based naming convention match (see full LEFT/RIGHT review lists)
foot_b_l	Foot_B_L	groupFile/Legs	groupFile/Legs/LeftLeg	MOVED_LEFT	PHASE2_IMPORTED	token-based naming convention match (see full LEFT/RIGHT review lists)
calf_twist_l_01	calf_twist_l_01	groupFile/Legs	groupFile/Legs/LeftLeg	MOVED_LEFT	PHASE2_IMPORTED	token-based naming convention match (see full LEFT/RIGHT review lists)
l_pbone_knee	l_pbone_knee	groupFile/Legs	groupFile/Legs/LeftLeg	MOVED_LEFT	PHASE2_IMPORTED	token-based naming convention match (see full LEFT/RIGHT review lists)
rkakato01n	RKakato01N	groupFile/Legs	groupFile/Legs/RightLeg	MOVED_RIGHT	PHASE2_IMPORTED	token-based naming convention match (see full LEFT/RIGHT review lists)
leg left thigh ctrl 2	leg left thigh ctrl 2	groupFile/Legs	groupFile/Legs/LeftLeg	MOVED_LEFT	PHASE2_IMPORTED	token-based naming convention match (see full LEFT/RIGHT review lists)
l femorisb spo	L FemorisB Spo	groupFile/Legs	groupFile/Legs/LeftLeg	MOVED_LEFT	PHASE2_IMPORTED	token-based naming convention match (see full LEFT/RIGHT review lists)
bip01_r_thigh004	Bip01_R_Thigh004	groupFile/Legs	groupFile/Legs/RightLeg	MOVED_RIGHT	PHASE2_IMPORTED	token-based naming convention match (see full LEFT/RIGHT review lists)
leg_2.root	leg_2.root	groupFile/Legs	groupFile/Legs	REMAINED_UNSIDED	PHASE2_IMPORTED	genuinely unsided or no reliable side marker found
leg right roll 2	leg right roll 2	groupFile/Legs	groupFile/Legs/RightLeg	MOVED_RIGHT	PHASE2_IMPORTED	token-based naming convention match (see full LEFT/RIGHT review lists)
bip01_l_thigh008	Bip01_L_Thigh008	groupFile/Legs	groupFile/Legs/LeftLeg	MOVED_LEFT	PHASE2_IMPORTED	token-based naming convention match (see full LEFT/RIGHT review lists)
rlegj	RLegJ	groupFile/Legs	groupFile/Legs/RightLeg	MOVED_RIGHT	PHASE2_IMPORTED	token-based naming convention match (see full LEFT/RIGHT review lists)
stomp-6	stomp-6	groupFile/Legs	groupFile/Legs	REMAINED_UNSIDED	PHASE2_IMPORTED	genuinely unsided or no reliable side marker found
upleg_r	UpLeg_R	groupFile/Legs	groupFile/Legs/RightLeg	MOVED_RIGHT	PHASE2_IMPORTED	token-based naming convention match (see full LEFT/RIGHT review lists)
def-shin.r	DEF-shin.R	groupFile/Legs	groupFile/Legs/RightLeg	MOVED_RIGHT	PHASE2_IMPORTED	token-based naming convention match (see full LEFT/RIGHT review lists)
crow_3.femur_l	Crow_3.Femur_L	groupFile/Legs	groupFile/Legs/LeftLeg	MOVED_LEFT	PHASE2_IMPORTED	token-based naming convention match (see full LEFT/RIGHT review lists)
bip01_l_thigh017	Bip01_L_Thigh017	groupFile/Legs	groupFile/Legs/LeftLeg	MOVED_LEFT	PHASE2_IMPORTED	token-based naming convention match (see full LEFT/RIGHT review lists)
rightmetatarsus	RightMetatarsus	groupFile/Legs	groupFile/Legs/RightLeg	MOVED_RIGHT	PHASE2_IMPORTED	token-based naming convention match (see full LEFT/RIGHT review lists)
mot03_leftfoot	MOT03_LeftFoot	groupFile/Legs	groupFile/Legs/LeftLeg	MOVED_LEFT	PHASE2_IMPORTED	token-based naming convention match (see full LEFT/RIGHT review lists)
leg left sta	leg left StA	groupFile/Legs	groupFile/Legs/LeftLeg	MOVED_LEFT	PHASE2_IMPORTED	token-based naming convention match (see full LEFT/RIGHT review lists)
jiggle leg right thigh 2	jiggle leg right thigh 2	groupFile/Legs	groupFile/Legs/RightLeg	MOVED_RIGHT	PHASE2_IMPORTED	token-based naming convention match (see full LEFT/RIGHT review lists)
canine_rbackleg1	Canine_RBackLeg1	groupFile/Legs	groupFile/Legs/RightLeg	MOVED_RIGHT	PHASE2_IMPORTED	token-based naming convention match (see full LEFT/RIGHT review lists)
leg1	leg1	groupFile/Legs	groupFile/Legs	REMAINED_UNSIDED	PHASE2_IMPORTED	genuinely unsided or no reliable side marker found
bipfio lcalftwist	BipFio LCalfTwist	groupFile/Legs	groupFile/Legs/LeftLeg	MOVED_LEFT	PHASE2_IMPORTED	token-based naming convention match (see full LEFT/RIGHT review lists)
thightwist2left	ThighTwist2Left	groupFile/Legs	groupFile/Legs/LeftLeg	MOVED_LEFT	PHASE2_IMPORTED	token-based naming convention match (see full LEFT/RIGHT review lists)
bip_stone_r_thightwist1	Bip_STONE_R_ThighTwist1	groupFile/Legs	groupFile/Legs/RightLeg	MOVED_RIGHT	PHASE2_IMPORTED	token-based naming convention match (see full LEFT/RIGHT review lists)
l_upper_leg_front_helper	l_upper_leg_front_helper	groupFile/Legs	groupFile/Legs/LeftLeg	MOVED_LEFT	PHASE2_IMPORTED	token-based naming convention match (see full LEFT/RIGHT review lists)
flm-arma-foot-r5	Flm-ArmA-Foot-R5	groupFile/Legs	groupFile/Legs/RightLeg	MOVED_RIGHT	PHASE2_IMPORTED	verified mirrored Bone_Leg/Flm-Arm[AB]/CKLegBendForward family
valvebiped.bip02_r_foot	ValveBiped.Bip02_R_Foot	groupFile/Legs	groupFile/Legs/RightLeg	MOVED_RIGHT	PHASE2_IMPORTED	token-based naming convention match (see full LEFT/RIGHT review lists)
r femorisb spo	R FemorisB Spo	groupFile/Legs	groupFile/Legs/RightLeg	MOVED_RIGHT	PHASE2_IMPORTED	token-based naming convention match (see full LEFT/RIGHT review lists)
bip01 thigh.r	Bip01 Thigh.R	groupFile/Legs	groupFile/Legs/RightLeg	MOVED_RIGHT	PHASE2_IMPORTED	token-based naming convention match (see full LEFT/RIGHT review lists)
valvebiped.r_calf	Valvebiped.R_calf	groupFile/Legs	groupFile/Legs/RightLeg	MOVED_RIGHT	PHASE2_IMPORTED	token-based naming convention match (see full LEFT/RIGHT review lists)
crow_1.femur_l	Crow_1.Femur_L	groupFile/Legs	groupFile/Legs/LeftLeg	MOVED_LEFT	PHASE2_IMPORTED	token-based naming convention match (see full LEFT/RIGHT review lists)
r_upper_leg_twist_b_helper	r_upper_leg_twist_b_helper	groupFile/Legs	groupFile/Legs/RightLeg	MOVED_RIGHT	PHASE2_IMPORTED	token-based naming convention match (see full LEFT/RIGHT review lists)
shin.r.001	shin.R.001	groupFile/Legs	groupFile/Legs/RightLeg	MOVED_RIGHT	PHASE2_IMPORTED	token-based naming convention match (see full LEFT/RIGHT review lists)
leg right hip adj	leg right hip adj	groupFile/Legs	groupFile/Legs/RightLeg	MOVED_RIGHT	PHASE2_IMPORTED	token-based naming convention match (see full LEFT/RIGHT review lists)
bip_faringleg_l	bip_faringLeg_l	groupFile/Legs	groupFile/Legs/LeftLeg	MOVED_LEFT	PHASE2_IMPORTED	token-based naming convention match (see full LEFT/RIGHT review lists)
jiggle_thigh_l	jiggle_thigh_L	groupFile/Legs	groupFile/Legs/LeftLeg	MOVED_LEFT	PHASE2_IMPORTED	token-based naming convention match (see full LEFT/RIGHT review lists)
rightfootball	RightFootBall	groupFile/Legs	groupFile/Legs/RightLeg	MOVED_RIGHT	PHASE2_IMPORTED	token-based naming convention match (see full LEFT/RIGHT review lists)
lkneej	LKneeJ	groupFile/Legs	groupFile/Legs/LeftLeg	MOVED_LEFT	PHASE2_IMPORTED	token-based naming convention match (see full LEFT/RIGHT review lists)
valvebiped.bip01_r_calf_twist	ValveBiped.Bip01_R_Calf_Twist	groupFile/Legs	groupFile/Legs/RightLeg	MOVED_RIGHT	PHASE2_IMPORTED	token-based naming convention match (see full LEFT/RIGHT review lists)
flm-arma-foot-l3	Flm-ArmA-Foot-L3	groupFile/Legs	groupFile/Legs/LeftLeg	MOVED_LEFT	PHASE2_IMPORTED	verified mirrored Bone_Leg/Flm-Arm[AB]/CKLegBendForward family
bipbrk rcalftwist	BipBrk RCalfTwist	groupFile/Legs	groupFile/Legs/RightLeg	MOVED_RIGHT	PHASE2_IMPORTED	token-based naming convention match (see full LEFT/RIGHT review lists)
opt_as_l_hip	OPT_AS_L_Hip	groupFile/Legs	groupFile/Legs/LeftLeg	MOVED_LEFT	PHASE2_IMPORTED	token-based naming convention match (see full LEFT/RIGHT review lists)
bip001-r-thigh	Bip001-R-Thigh	groupFile/Legs	groupFile/Legs/RightLeg	MOVED_RIGHT	PHASE2_IMPORTED	token-based naming convention match (see full LEFT/RIGHT review lists)
leg left std	leg left StD	groupFile/Legs	groupFile/Legs/LeftLeg	MOVED_LEFT	PHASE2_IMPORTED	token-based naming convention match (see full LEFT/RIGHT review lists)
bip_l_foot_ring_01	bip_l_foot_ring_01	groupFile/Legs	groupFile/Legs/LeftLeg	MOVED_LEFT	PHASE2_IMPORTED	token-based naming convention match (see full LEFT/RIGHT review lists)
left foot	Left Foot	groupFile/Legs	groupFile/Legs/LeftLeg	MOVED_LEFT	PHASE2_IMPORTED	token-based naming convention match (see full LEFT/RIGHT review lists)
biped_foot_r	Biped_Foot_R	groupFile/Legs	groupFile/Legs/RightLeg	MOVED_RIGHT	PHASE2_IMPORTED	token-based naming convention match (see full LEFT/RIGHT review lists)
right foot	Right Foot	groupFile/Legs	groupFile/Legs/RightLeg	MOVED_RIGHT	PHASE2_IMPORTED	token-based naming convention match (see full LEFT/RIGHT review lists)
bip ankle r	bip ankle r	groupFile/Legs	groupFile/Legs/RightLeg	MOVED_RIGHT	PHASE2_IMPORTED	token-based naming convention match (see full LEFT/RIGHT review lists)
jiggle leg left thigh 2	jiggle leg left thigh 2	groupFile/Legs	groupFile/Legs/LeftLeg	MOVED_LEFT	PHASE2_IMPORTED	token-based naming convention match (see full LEFT/RIGHT review lists)
l calff spo	L CalfF Spo	groupFile/Legs	groupFile/Legs/LeftLeg	MOVED_LEFT	PHASE2_IMPORTED	token-based naming convention match (see full LEFT/RIGHT review lists)
leg right back knee adj 1	leg right back knee adj 1	groupFile/Legs	groupFile/Legs/RightLeg	MOVED_RIGHT	PHASE2_IMPORTED	token-based naming convention match (see full LEFT/RIGHT review lists)
thigh_twist.l	thigh_twist.l	groupFile/Legs	groupFile/Legs/LeftLeg	MOVED_LEFT	PHASE2_IMPORTED	token-based naming convention match (see full LEFT/RIGHT review lists)
leg left knee adj. 1	leg left knee adj. 1	groupFile/Legs	groupFile/Legs/LeftLeg	MOVED_LEFT	PHASE2_IMPORTED	token-based naming convention match (see full LEFT/RIGHT review lists)
bip_r_foot_ring_01	bip_r_foot_ring_01	groupFile/Legs	groupFile/Legs/RightLeg	MOVED_RIGHT	PHASE2_IMPORTED	token-based naming convention match (see full LEFT/RIGHT review lists)
leg right thigh adj. 3	leg right thigh adj. 3	groupFile/Legs	groupFile/Legs/RightLeg	MOVED_RIGHT	PHASE2_IMPORTED	token-based naming convention match (see full LEFT/RIGHT review lists)
leg left knee ctr 1	leg left knee ctr 1	groupFile/Legs	groupFile/Legs/LeftLeg	MOVED_LEFT	PHASE2_IMPORTED	token-based naming convention match (see full LEFT/RIGHT review lists)
sk_r_f_leg_2	SK_R_F_leg_2	groupFile/Legs	groupFile/Legs/RightLeg	MOVED_RIGHT	PHASE2_IMPORTED	token-based naming convention match (see full LEFT/RIGHT review lists)
bip001-r-foot	Bip001-R-Foot	groupFile/Legs	groupFile/Legs/RightLeg	MOVED_RIGHT	PHASE2_IMPORTED	token-based naming convention match (see full LEFT/RIGHT review lists)
flm-arma-foot-l4	Flm-ArmA-Foot-L4	groupFile/Legs	groupFile/Legs/LeftLeg	MOVED_LEFT	PHASE2_IMPORTED	verified mirrored Bone_Leg/Flm-Arm[AB]/CKLegBendForward family
leg left thigh twist b	leg left thigh twist b	groupFile/Legs	groupFile/Legs/LeftLeg	MOVED_LEFT	PHASE2_IMPORTED	token-based naming convention match (see full LEFT/RIGHT review lists)
bone_righthip	bone_RightHip	groupFile/Legs	groupFile/Legs/RightLeg	MOVED_RIGHT	PHASE2_IMPORTED	token-based naming convention match (see full LEFT/RIGHT review lists)
bip01_r_thigh018	Bip01_R_Thigh018	groupFile/Legs	groupFile/Legs/RightLeg	MOVED_RIGHT	PHASE2_IMPORTED	token-based naming convention match (see full LEFT/RIGHT review lists)
flm-arma-foot-r2	Flm-ArmA-Foot-R2	groupFile/Legs	groupFile/Legs/RightLeg	MOVED_RIGHT	PHASE2_IMPORTED	verified mirrored Bone_Leg/Flm-Arm[AB]/CKLegBendForward family
leg left knee adj.	leg left knee adj.	groupFile/Legs	groupFile/Legs/LeftLeg	MOVED_LEFT	PHASE2_IMPORTED	token-based naming convention match (see full LEFT/RIGHT review lists)
backthigh.r	BackThigh.R	groupFile/Legs	groupFile/Legs/RightLeg	MOVED_RIGHT	PHASE2_IMPORTED	token-based naming convention match (see full LEFT/RIGHT review lists)
bip001-l-calf	Bip001-L-Calf	groupFile/Legs	groupFile/Legs/LeftLeg	MOVED_LEFT	PHASE2_IMPORTED	token-based naming convention match (see full LEFT/RIGHT review lists)
leg left back thigh adj 1	leg left back thigh adj 1	groupFile/Legs	groupFile/Legs/LeftLeg	MOVED_LEFT	PHASE2_IMPORTED	token-based naming convention match (see full LEFT/RIGHT review lists)
mot06_leftupleg	MOT06_LeftUpLeg	groupFile/Legs	groupFile/Legs/LeftLeg	MOVED_LEFT	PHASE2_IMPORTED	token-based naming convention match (see full LEFT/RIGHT review lists)
bip_leg.004	Bip_leg.004	groupFile/Legs	groupFile/Legs	REMAINED_UNSIDED	PHASE2_IMPORTED	genuinely unsided or no reliable side marker found
bip_stone_l_calftwist1	Bip_STONE_L_CalfTwist1	groupFile/Legs	groupFile/Legs/LeftLeg	MOVED_LEFT	PHASE2_IMPORTED	token-based naming convention match (see full LEFT/RIGHT review lists)
r shinroll	r shinRoll	groupFile/Legs	groupFile/Legs/RightLeg	MOVED_RIGHT	PHASE2_IMPORTED	token-based naming convention match (see full LEFT/RIGHT review lists)
bipfin rthightwist1	BipFin RThighTwist1	groupFile/Legs	groupFile/Legs/RightLeg	MOVED_RIGHT	PHASE2_IMPORTED	token-based naming convention match (see full LEFT/RIGHT review lists)
flm-arma-leg-r2	Flm-ArmA-Leg-R2	groupFile/Legs	groupFile/Legs/RightLeg	MOVED_RIGHT	PHASE2_IMPORTED	verified mirrored Bone_Leg/Flm-Arm[AB]/CKLegBendForward family
leg front thigh right	leg front thigh right	groupFile/Legs	groupFile/Legs/RightLeg	MOVED_RIGHT	PHASE2_IMPORTED	token-based naming convention match (see full LEFT/RIGHT review lists)
flm-arma-leg-l0	Flm-ArmA-Leg-L0	groupFile/Legs	groupFile/Legs/LeftLeg	MOVED_LEFT	PHASE2_IMPORTED	verified mirrored Bone_Leg/Flm-Arm[AB]/CKLegBendForward family
momo_r_d__offset	momo_r_d__offset	groupFile/Legs	groupFile/Legs/RightLeg	MOVED_RIGHT	PHASE2_IMPORTED	token-based naming convention match (see full LEFT/RIGHT review lists)
leg left knee ctr1	leg left knee ctr1	groupFile/Legs	groupFile/Legs/LeftLeg	MOVED_LEFT	PHASE2_IMPORTED	token-based naming convention match (see full LEFT/RIGHT review lists)
leg_1.root	leg_1.root	groupFile/Legs	groupFile/Legs	REMAINED_UNSIDED	PHASE2_IMPORTED	genuinely unsided or no reliable side marker found
leg right thigh ctr 2	leg right thigh ctr 2	groupFile/Legs	groupFile/Legs/RightLeg	MOVED_RIGHT	PHASE2_IMPORTED	token-based naming convention match (see full LEFT/RIGHT review lists)
lthighex	LThighEX	groupFile/Legs	groupFile/Legs/LeftLeg	MOVED_LEFT	PHASE2_IMPORTED	token-based naming convention match (see full LEFT/RIGHT review lists)
l footroll	l footRoll	groupFile/Legs	groupFile/Legs/LeftLeg	MOVED_LEFT	PHASE2_IMPORTED	token-based naming convention match (see full LEFT/RIGHT review lists)
footleft	FootLeft	groupFile/Legs	groupFile/Legs/LeftLeg	MOVED_LEFT	PHASE2_IMPORTED	token-based naming convention match (see full LEFT/RIGHT review lists)
r hip spo	R Hip Spo	groupFile/Legs	groupFile/Legs/RightLeg	MOVED_RIGHT	PHASE2_IMPORTED	token-based naming convention match (see full LEFT/RIGHT review lists)
thigh_twist_l_02	thigh_twist_l_02	groupFile/Legs	groupFile/Legs/LeftLeg	MOVED_LEFT	PHASE2_IMPORTED	token-based naming convention match (see full LEFT/RIGHT review lists)
kicklowoutter	KickLowOutter	groupFile/Legs	groupFile/Legs	REMAINED_UNSIDED	PHASE2_IMPORTED	genuinely unsided or no reliable side marker found
leg right knee ctr2	leg right knee ctr2	groupFile/Legs	groupFile/Legs/RightLeg	MOVED_RIGHT	PHASE2_IMPORTED	token-based naming convention match (see full LEFT/RIGHT review lists)
kicklowout	KickLowOut	groupFile/Legs	groupFile/Legs	REMAINED_UNSIDED	PHASE2_IMPORTED	genuinely unsided or no reliable side marker found
bip legtwisttop r	bip legtwisttop r	groupFile/Legs	groupFile/Legs/RightLeg	MOVED_RIGHT	PHASE2_IMPORTED	token-based naming convention match (see full LEFT/RIGHT review lists)
bip01_l_thigh004	Bip01_L_Thigh004	groupFile/Legs	groupFile/Legs/LeftLeg	MOVED_LEFT	PHASE2_IMPORTED	token-based naming convention match (see full LEFT/RIGHT review lists)
body-legs-hide	Body-Legs-Hide	groupFile/Legs	groupFile/Legs	REMAINED_UNSIDED	PHASE2_IMPORTED	genuinely unsided or no reliable side marker found
leg back knee left	leg back knee left	groupFile/Legs	groupFile/Legs/LeftLeg	MOVED_LEFT	PHASE2_IMPORTED	token-based naming convention match (see full LEFT/RIGHT review lists)
left ankle d	Left ankle D	groupFile/Legs	groupFile/Legs/LeftLeg	MOVED_LEFT	PHASE2_IMPORTED	token-based naming convention match (see full LEFT/RIGHT review lists)
bip_leg.003	Bip_leg.003	groupFile/Legs	groupFile/Legs	REMAINED_UNSIDED	PHASE2_IMPORTED	genuinely unsided or no reliable side marker found
bip_kneemid_l	bip_kneeMid_L	groupFile/Legs	groupFile/Legs/LeftLeg	MOVED_LEFT	PHASE2_IMPORTED	token-based naming convention match (see full LEFT/RIGHT review lists)
def-shin.02.r	DEF-shin.02.R	groupFile/Legs	groupFile/Legs/RightLeg	MOVED_RIGHT	PHASE2_IMPORTED	token-based naming convention match (see full LEFT/RIGHT review lists)
bipqwn rcalftwist1	BipQwn RCalfTwist1	groupFile/Legs	groupFile/Legs/RightLeg	MOVED_RIGHT	PHASE2_IMPORTED	token-based naming convention match (see full LEFT/RIGHT review lists)
bipfin lcalftwist	BipFin LCalfTwist	groupFile/Legs	groupFile/Legs/LeftLeg	MOVED_LEFT	PHASE2_IMPORTED	token-based naming convention match (see full LEFT/RIGHT review lists)
mot09_rightfoot	MOT09_RightFoot	groupFile/Legs	groupFile/Legs/RightLeg	MOVED_RIGHT	PHASE2_IMPORTED	token-based naming convention match (see full LEFT/RIGHT review lists)
hizakozo_l__rot_hiza_l__z50__offset	hizakozo_l__rot_hiza_l__z50__offset	groupFile/Legs	groupFile/Legs/LeftLeg	MOVED_LEFT	PHASE2_IMPORTED	token-based naming convention match (see full LEFT/RIGHT review lists)
right_footd	right_footD	groupFile/Legs	groupFile/Legs/RightLeg	MOVED_RIGHT	PHASE2_IMPORTED	token-based naming convention match (see full LEFT/RIGHT review lists)
leg left thigh adj. 1	leg left thigh adj. 1	groupFile/Legs	groupFile/Legs/LeftLeg	MOVED_LEFT	PHASE2_IMPORTED	token-based naming convention match (see full LEFT/RIGHT review lists)
valvebiped.bip01_l_thightwist1	ValveBiped.Bip01_L_ThighTwist1	groupFile/Legs	groupFile/Legs/LeftLeg	MOVED_LEFT	PHASE2_IMPORTED	token-based naming convention match (see full LEFT/RIGHT review lists)
bip001 rcalftwist	Bip001 RCalfTwist	groupFile/Legs	groupFile/Legs/RightLeg	MOVED_RIGHT	PHASE2_IMPORTED	token-based naming convention match (see full LEFT/RIGHT review lists)
bipqwn lcalftwist1	BipQwn LCalfTwist1	groupFile/Legs	groupFile/Legs/LeftLeg	MOVED_LEFT	PHASE2_IMPORTED	token-based naming convention match (see full LEFT/RIGHT review lists)
flm-armb-leg-lba	Flm-ArmB-Leg-LBA	groupFile/Legs	groupFile/Legs/LeftLeg	MOVED_LEFT	PHASE2_IMPORTED	verified mirrored Bone_Leg/Flm-Arm[AB]/CKLegBendForward family
leg left thigh ctr 1	leg left thigh ctr 1	groupFile/Legs	groupFile/Legs/LeftLeg	MOVED_LEFT	PHASE2_IMPORTED	token-based naming convention match (see full LEFT/RIGHT review lists)
valvebiped.r_thigh	Valvebiped.R_thigh	groupFile/Legs	groupFile/Legs/RightLeg	MOVED_RIGHT	PHASE2_IMPORTED	token-based naming convention match (see full LEFT/RIGHT review lists)
bone_lefthip	bone_LeftHip	groupFile/Legs	groupFile/Legs/LeftLeg	MOVED_LEFT	PHASE2_IMPORTED	token-based naming convention match (see full LEFT/RIGHT review lists)
bone_righthipbuffer	bone_RightHipbuffer	groupFile/Legs	groupFile/Legs/RightLeg	MOVED_RIGHT	PHASE2_IMPORTED	token-based naming convention match (see full LEFT/RIGHT review lists)
flm-arma-leg-l2	Flm-ArmA-Leg-L2	groupFile/Legs	groupFile/Legs/LeftLeg	MOVED_LEFT	PHASE2_IMPORTED	verified mirrored Bone_Leg/Flm-Arm[AB]/CKLegBendForward family
bip_stone_r_calftwist	Bip_STONE_R_CalfTwist	groupFile/Legs	groupFile/Legs/RightLeg	MOVED_RIGHT	PHASE2_IMPORTED	token-based naming convention match (see full LEFT/RIGHT review lists)
valvebiped.bip01_r_foot02	ValveBiped.Bip01_R_Foot02	groupFile/Legs	groupFile/Legs/RightLeg	MOVED_RIGHT	PHASE2_IMPORTED	token-based naming convention match (see full LEFT/RIGHT review lists)
root hips_r	root hips_R	groupFile/Legs	groupFile/Legs/RightLeg	MOVED_RIGHT	PHASE2_IMPORTED	token-based naming convention match (see full LEFT/RIGHT review lists)
mot13_rightleg	MOT13_RightLeg	groupFile/Legs	groupFile/Legs/RightLeg	MOVED_RIGHT	PHASE2_IMPORTED	token-based naming convention match (see full LEFT/RIGHT review lists)
bippbg rthightwist1	BipPBG RThighTwist1	groupFile/Legs	groupFile/Legs/RightLeg	MOVED_RIGHT	PHASE2_IMPORTED	token-based naming convention match (see full LEFT/RIGHT review lists)
bipqwn rthightwist1	BipQwn RThighTwist1	groupFile/Legs	groupFile/Legs/RightLeg	MOVED_RIGHT	PHASE2_IMPORTED	token-based naming convention match (see full LEFT/RIGHT review lists)
bone_legmr1	Bone_LegMR1	groupFile/Legs	groupFile/Legs/RightLeg	MOVED_RIGHT	PHASE2_IMPORTED	verified mirrored Bone_Leg/Flm-Arm[AB]/CKLegBendForward family
foot_middle_0_l	foot_middle_0_L	groupFile/Legs	groupFile/Legs/LeftLeg	MOVED_LEFT	PHASE2_IMPORTED	token-based naming convention match (see full LEFT/RIGHT review lists)
valvebiped.bip01_l_thightwist	ValveBiped.Bip01_L_ThighTwist	groupFile/Legs	groupFile/Legs/LeftLeg	MOVED_LEFT	PHASE2_IMPORTED	token-based naming convention match (see full LEFT/RIGHT review lists)
knee	knee	groupFile/Legs	groupFile/Legs	REMAINED_UNSIDED	PHASE2_IMPORTED	genuinely unsided or no reliable side marker found
bip01-l-thigh001	Bip01-L-Thigh001	groupFile/Legs	groupFile/Legs/LeftLeg	MOVED_LEFT	PHASE2_IMPORTED	token-based naming convention match (see full LEFT/RIGHT review lists)
rknee	RKnee+rKnee+rknee	groupFile/Legs	groupFile/Legs/RightLeg	MOVED_RIGHT	PHASE2_IMPORTED	token-based naming convention match (see full LEFT/RIGHT review lists)
root hips_l	root hips_L	groupFile/Legs	groupFile/Legs/LeftLeg	MOVED_LEFT	PHASE2_IMPORTED	token-based naming convention match (see full LEFT/RIGHT review lists)
leg left ankle ctr2	leg left ankle ctr2	groupFile/Legs	groupFile/Legs/LeftLeg	MOVED_LEFT	PHASE2_IMPORTED	token-based naming convention match (see full LEFT/RIGHT review lists)
(flex) bottom + foot	(FLEX) Bottom + Foot	groupFile/Legs	groupFile/Legs	REMAINED_UNSIDED	PHASE2_IMPORTED	genuinely unsided or no reliable side marker found
valvebiped.bip01_l_calftwist1	ValveBiped.Bip01_L_CalfTwist1	groupFile/Legs	groupFile/Legs/LeftLeg	MOVED_LEFT	PHASE2_IMPORTED	token-based naming convention match (see full LEFT/RIGHT review lists)
bipflm lcalftwist1	BipFlm LCalfTwist1	groupFile/Legs	groupFile/Legs/LeftLeg	MOVED_LEFT	PHASE2_IMPORTED	token-based naming convention match (see full LEFT/RIGHT review lists)
leg left thigh_adj	leg left thigh_adj	groupFile/Legs	groupFile/Legs/LeftLeg	MOVED_LEFT	PHASE2_IMPORTED	token-based naming convention match (see full LEFT/RIGHT review lists)
opt_as_r_upleg_b	OPT_AS_R_UpLeg_B	groupFile/Legs	groupFile/Legs/RightLeg	MOVED_RIGHT	PHASE2_IMPORTED	token-based naming convention match (see full LEFT/RIGHT review lists)
rlegex	RLegEX	groupFile/Legs	groupFile/Legs/RightLeg	MOVED_RIGHT	PHASE2_IMPORTED	token-based naming convention match (see full LEFT/RIGHT review lists)
bip_stone_r_calftwist1	Bip_STONE_R_CalfTwist1	groupFile/Legs	groupFile/Legs/RightLeg	MOVED_RIGHT	PHASE2_IMPORTED	token-based naming convention match (see full LEFT/RIGHT review lists)
rightlowerleg	RightLowerLeg	groupFile/Legs	groupFile/Legs/RightLeg	MOVED_RIGHT	PHASE2_IMPORTED	token-based naming convention match (see full LEFT/RIGHT review lists)
ashikubi_r__rot_ashi_r__x100__offset	ashikubi_r__rot_ashi_r__x100__offset	groupFile/Legs	groupFile/Legs/RightLeg	MOVED_RIGHT	PHASE2_IMPORTED	token-based naming convention match (see full LEFT/RIGHT review lists)
r calff spo	R CalfF Spo	groupFile/Legs	groupFile/Legs/RightLeg	MOVED_RIGHT	PHASE2_IMPORTED	token-based naming convention match (see full LEFT/RIGHT review lists)
crow_1.femur_r	Crow_1.Femur_R	groupFile/Legs	groupFile/Legs/RightLeg	MOVED_RIGHT	PHASE2_IMPORTED	token-based naming convention match (see full LEFT/RIGHT review lists)
leg_3.lower	leg_3.lower	groupFile/Legs	groupFile/Legs	REMAINED_UNSIDED	PHASE2_IMPORTED	genuinely unsided or no reliable side marker found
leg left ankle roll	leg left ankle roll	groupFile/Legs	groupFile/Legs/LeftLeg	MOVED_LEFT	PHASE2_IMPORTED	token-based naming convention match (see full LEFT/RIGHT review lists)
bipqwn rthightwist	BipQwn RThighTwist	groupFile/Legs	groupFile/Legs/RightLeg	MOVED_RIGHT	PHASE2_IMPORTED	token-based naming convention match (see full LEFT/RIGHT review lists)
bipflm rthightwist	BipFlm RThighTwist	groupFile/Legs	groupFile/Legs/RightLeg	MOVED_RIGHT	PHASE2_IMPORTED	token-based naming convention match (see full LEFT/RIGHT review lists)
bipmar rcalftwist1	BipMar RCalfTwist1	groupFile/Legs	groupFile/Legs/RightLeg	MOVED_RIGHT	PHASE2_IMPORTED	token-based naming convention match (see full LEFT/RIGHT review lists)
valvebiped.bip01_l_calf_twist	ValveBiped.Bip01_L_Calf_Twist	groupFile/Legs	groupFile/Legs/LeftLeg	MOVED_LEFT	PHASE2_IMPORTED	token-based naming convention match (see full LEFT/RIGHT review lists)
lfoot1	lFoot1	groupFile/Legs	groupFile/Legs/LeftLeg	MOVED_LEFT	PHASE2_IMPORTED	token-based naming convention match (see full LEFT/RIGHT review lists)
bipflm lthightwist	BipFlm LThighTwist	groupFile/Legs	groupFile/Legs/LeftLeg	MOVED_LEFT	PHASE2_IMPORTED	token-based naming convention match (see full LEFT/RIGHT review lists)
knee_twist_l	knee_twist_l	groupFile/Legs	groupFile/Legs/LeftLeg	MOVED_LEFT	PHASE2_IMPORTED	token-based naming convention match (see full LEFT/RIGHT review lists)
flm-armb-leg-rua	Flm-ArmB-Leg-RUA	groupFile/Legs	groupFile/Legs/RightLeg	MOVED_RIGHT	PHASE2_IMPORTED	verified mirrored Bone_Leg/Flm-Arm[AB]/CKLegBendForward family
bip_leg.005	Bip_leg.005	groupFile/Legs	groupFile/Legs	REMAINED_UNSIDED	PHASE2_IMPORTED	genuinely unsided or no reliable side marker found
leg right stc	leg right StC	groupFile/Legs	groupFile/Legs/RightLeg	MOVED_RIGHT	PHASE2_IMPORTED	token-based naming convention match (see full LEFT/RIGHT review lists)
lankle	LAnkle	groupFile/Legs	groupFile/Legs/LeftLeg	MOVED_LEFT	PHASE2_IMPORTED	token-based naming convention match (see full LEFT/RIGHT review lists)
bip01_r_thigh010	Bip01_R_Thigh010	groupFile/Legs	groupFile/Legs/RightLeg	MOVED_RIGHT	PHASE2_IMPORTED	token-based naming convention match (see full LEFT/RIGHT review lists)
