sexual_bones_order_position	exact_literal	source_provenance	prior_body_morphs_presentation_type
1	Left Anus	Anus Bones	BONE
2	Right Anus	Anus Bones	BONE
3	left breast	Breast Bones	BONE
4	right breast	Breast Bones	BONE
5	Left Breast 0	Breast Bones	BONE
6	Right Breast 0	Breast Bones	BONE
7	Left Breast 1	Breast Bones	BONE
8	Right Breast 1	Breast Bones	BONE
9	Left Breast 2	Breast Bones	BONE
10	Right Breast 2	Breast Bones	BONE
11	Left Breast Base	Breast Bones	BONE
12	Right Breast Base	Breast Bones	BONE
13	Left Breast Right	Breast Bones	BONE
14	Right Breast Right	Breast Bones	BONE
15	Left Breast Root	Breast Bones	BONE
16	Right Breast Root	Breast Bones	BONE
17	Left Breast Top	Breast Bones	BONE
18	Right Breast Top	Breast Bones	BONE
19	left breast.001	Breast Bones	BONE
20	right breast.001	Breast Bones	BONE
21	left breast.002	Breast Bones	BONE
22	right breast.002	Breast Bones	BONE
23	Left Butt	Butt Bones	BONE
24	Right Butt	Butt Bones	BONE
25	 Small Labia 1 R	Vagina Bones	BONE
26	Left Small Labia 2	Vagina Bones	BONE
27	Right Small Labia 2	Vagina Bones	BONE
28	Left Small Labia 3	Vagina Bones	BONE
29	Right Small Labia 3	Vagina Bones	BONE
30	Left Small Labia 4	Vagina Bones	BONE
31	Right Small Labia 4	Vagina Bones	BONE
32	Left Testicle	Balls Bones	BONE
33	Right Testicle	Balls Bones	BONE
34	Left Testicle Jiggle	Balls Bones	BONE
35	Right Testicle Jiggle	Balls Bones	BONE
36	Left Vag Lower	Vagina Bones	BONE
37	Right Vag Lower	Vagina Bones	BONE
38	Left Vag Skin Lower	Vagina Bones	BONE
39	Right Vag Skin Lower	Vagina Bones	BONE
40	Left Vag Skin Upper	Vagina Bones	BONE
41	Right Vag Skin Upper	Vagina Bones	BONE
42	Left Vag Upper	Vagina Bones	BONE
43	Right Vag Upper	Vagina Bones	BONE
44	_Breast_L	Breast Bones	BONE
45	_Breast_R	Breast Bones	BONE
46	Ab-L-Breast	Breast Bones	BONE
47	Ab-L-Breast-Link	Breast Bones	BONE
48	Ab-R-Breast	Breast Bones	BONE
49	Ab-R-Breast-Link	Breast Bones	BONE
50	anus_L	Anus Bones	BONE
51	anus_R	Anus Bones	BONE
52	Anus	Anus Bones	BONE
53	anus	Anus Bones	BONE
54	anus1.L	Anus Bones	BONE
55	anus1.R	Anus Bones	BONE
56	anus1.L.001	Anus Bones	BONE
57	anus1.L.002	Anus Bones	BONE
58	anus1.R.001	Anus Bones	BONE
59	anus1.R.002	Anus Bones	BONE
60	Anus2.l	Anus Bones	BONE
61	Anus2.r	Anus Bones	BONE
62	Anus3.l	Anus Bones	BONE
63	Anus3.r	Anus Bones	BONE
64	anus left	Anus Bones	BONE
65	anus right	Anus Bones	BONE
66	Anus B	Anus Bones	BONE
67	anus bone	Anus Bones	BONE
68	Anus Bot	Anus Bones	BONE
69	Anus F	Anus Bones	BONE
70	Anus L	Anus Bones	BONE
71	Anus lower	Anus Bones	BONE
72	anus main	Anus Bones	BONE
73	Anus Master	Anus Bones	BONE
74	anus mov	Anus Bones	BONE
75	Anus R	Anus Bones	BONE
76	Anus Top	Anus Bones	BONE
77	Anus Upper	Anus Bones	BONE
78	anus-bot	Anus Bones	BONE
79	anus-main	Anus Bones	BONE
80	anus-top	Anus Bones	BONE
81	Anus.Inner	Anus Bones	BONE
82	Anus.L	Anus Bones	FLEX
83	Anus.l	Anus Bones	BONE
84	Anus.Master	Anus Bones	BONE
85	Anus.R	Anus Bones	FLEX
86	Anus.r	Anus Bones	BONE
87	anus.wiggle	Anus Bones	BONE
88	Anus_.L	Anus Bones	BONE
89	Anus_.R	Anus Bones	BONE
90	ANUS_00	Anus Bones	BONE
91	ANUS_01	Anus Bones	BONE
92	Anus_1	Anus Bones	BONE
93	ANUS_02	Anus Bones	BONE
94	ANUS_03	Anus Bones	BONE
95	ANUS_04	Anus Bones	BONE
96	ANUS_05	Anus Bones	BONE
97	ANUS_06	Anus Bones	BONE
98	ANUS_07	Anus Bones	BONE
99	ANUS_08	Anus Bones	BONE
100	ANUS_09	Anus Bones	BONE
101	ANUS_10	Anus Bones	BONE
102	ANUS_11	Anus Bones	BONE
103	ANUS_12	Anus Bones	BONE
104	ANUS_13	Anus Bones	BONE
105	ANUS_14	Anus Bones	BONE
106	ANUS_15	Anus Bones	BONE
107	ANUS_16	Anus Bones	BONE
108	ANUS_17	Anus Bones	BONE
109	ANUS_18	Anus Bones	BONE
110	ANUS_19	Anus Bones	BONE
111	ANUS_20	Anus Bones	BONE
112	anus_B	Anus Bones	BONE
113	anus_Back	Anus Bones	BONE
114	Anus_Center_L	Anus Bones	BONE
115	Anus_Center_R	Anus Bones	BONE
116	Anus_control	Anus Bones	BONE
117	anus_Front	Anus Bones	BONE
118	Anus_Left	Anus Bones	BONE
119	Anus_Lower_L	Anus Bones	BONE
120	Anus_Lower_R	Anus Bones	BONE
121	Anus_Right	Anus Bones	BONE
122	anus_T	Anus Bones	BONE
123	Anus_Top	Anus Bones	BONE
124	Anus_Top.001	Anus Bones	BONE
125	Anus_Upper_L	Anus Bones	BONE
126	Anus_Upper_R	Anus Bones	BONE
127	anusback	Anus Bones	BONE
128	AnusBigger	Anus Bones	BONE
129	AnusBone	Anus Bones	BONE
130	AnusBot.l	Anus Bones	BONE
131	AnusBot.r	Anus Bones	BONE
132	AnusBot	Anus Bones	BONE
133	AnusDeep_L	Anus Bones	BONE
134	AnusDeep_R	Anus Bones	BONE
135	anusfront	Anus Bones	BONE
136	AnusInterior	Anus Bones	BONE
137	anusside.L	Anus Bones	BONE
138	anusside.R	Anus Bones	BONE
139	AnusTop.l	Anus Bones	BONE
140	AnusTop.r	Anus Bones	BONE
141	AnusTop	Anus Bones	BONE
142	L_Areola	Breast Bones	BONE
143	R_Areola	Breast Bones	BONE
144	ass.L	Butt Bones	BONE
145	ass.R	Butt Bones	BONE
146	Ass2.L	Butt Bones	BONE
147	Ass2.R	Butt Bones	BONE
148	Ass L	Butt Bones	BONE
149	Ass R	Butt Bones	BONE
150	Ass.000.L	Butt Bones	BONE
151	Ass.000.R	Butt Bones	BONE
152	Ass.001.L	Butt Bones	BONE
153	Ass.001.R	Butt Bones	BONE
154	Ass.001	Anus Bones	BONE
155	Ass.002.L	Butt Bones	BONE
156	Ass.002.R	Butt Bones	BONE
157	Ass.003.L	Butt Bones	BONE
158	Ass.003.R	Butt Bones	BONE
159	Ass.004.L	Butt Bones	BONE
160	Ass.004.R	Butt Bones	BONE
161	Ass.005.L	Butt Bones	BONE
162	Ass.005.R	Butt Bones	BONE
163	Ass.006.L	Butt Bones	BONE
164	Ass.006.R	Butt Bones	BONE
165	Ass.007.L	Butt Bones	BONE
166	Ass.007.R	Butt Bones	BONE
167	Ass.008.L	Butt Bones	BONE
168	Ass.008.R	Butt Bones	BONE
169	Ass.009.L	Butt Bones	BONE
170	Ass.009.R	Butt Bones	BONE
171	Ass.010.L	Butt Bones	BONE
172	Ass.010.R	Butt Bones	BONE
173	Ass.011.L	Butt Bones	BONE
174	Ass.011.R	Butt Bones	BONE
175	Ass.012.L	Butt Bones	BONE
176	Ass.012.R	Butt Bones	BONE
177	Ass.013.L	Butt Bones	BONE
178	Ass.013.R	Butt Bones	BONE
179	Ass.014.L	Butt Bones	BONE
180	Ass.014.R	Butt Bones	BONE
181	Ass.015.L	Butt Bones	BONE
182	Ass.015.R	Butt Bones	BONE
183	Ass.016.L	Butt Bones	BONE
184	Ass.016.R	Butt Bones	BONE
185	Ass.017.L	Butt Bones	BONE
186	Ass.017.R	Butt Bones	BONE
187	Ass.018.L	Butt Bones	BONE
188	Ass.018.R	Butt Bones	BONE
189	Ass.019.L	Butt Bones	BONE
190	Ass.019.R	Butt Bones	BONE
191	Ass.020.L	Butt Bones	BONE
192	Ass.020.R	Butt Bones	BONE
193	Ass.021.L	Butt Bones	BONE
194	Ass.021.R	Butt Bones	BONE
195	Ass.022.L	Butt Bones	BONE
196	Ass.022.R	Butt Bones	BONE
197	Ass.023.L	Butt Bones	BONE
198	Ass.023.R	Butt Bones	BONE
199	Ass.024.L	Butt Bones	BONE
200	Ass.024.R	Butt Bones	BONE
201	Ass.025.L	Butt Bones	BONE
202	Ass.025.R	Butt Bones	BONE
203	Ass.026.L	Butt Bones	BONE
204	Ass.026.R	Butt Bones	BONE
205	Ass.027.L	Butt Bones	BONE
206	Ass.027.R	Butt Bones	BONE
207	Ass.028.L	Butt Bones	BONE
208	Ass.028.R	Butt Bones	BONE
209	Ass.029.L	Butt Bones	BONE
210	Ass.029.R	Butt Bones	BONE
211	Ass.030.L	Butt Bones	BONE
212	Ass.030.R	Butt Bones	BONE
213	Ass.L	Butt Bones	BONE
214	Ass.R	Butt Bones	BONE
215	ass_00_l	Butt Bones	BONE
216	ass_00_R	Butt Bones	BONE
217	ass_0.L	Butt Bones	BONE
218	ass_0.R	Butt Bones	BONE
219	ass_0_l	Butt Bones	BONE
220	ass_0_R	Butt Bones	BONE
221	ass_01_l	Butt Bones	BONE
222	ass_01_R	Butt Bones	BONE
223	ass_1.L	Butt Bones	BONE
224	ass_1.R	Butt Bones	BONE
225	ass_1_l	Butt Bones	BONE
226	ass_1_R	Butt Bones	BONE
227	ass_02_l	Butt Bones	BONE
228	ass_02_R	Butt Bones	BONE
229	ass_2	Butt Bones	BONE
230	ass_2.L	Butt Bones	BONE
231	ass_2.R	Butt Bones	BONE
232	ass_2_l	Butt Bones	BONE
233	ass_2_R	Butt Bones	BONE
234	ass_03_l	Butt Bones	BONE
235	ass_03_R	Butt Bones	BONE
236	ass_3.L	Butt Bones	BONE
237	ass_3.R	Butt Bones	BONE
238	ass_3_l	Butt Bones	BONE
239	ass_3_R	Butt Bones	BONE
240	ass_04_l	Butt Bones	BONE
241	ass_04_R	Butt Bones	BONE
242	ass_4.L	Butt Bones	BONE
243	ass_4.R	Butt Bones	BONE
244	ass_4_l	Butt Bones	BONE
245	ass_4_R	Butt Bones	BONE
246	ass_05_l	Butt Bones	BONE
247	ass_05_R	Butt Bones	BONE
248	ass_5.L	Butt Bones	BONE
249	ass_5.R	Butt Bones	BONE
250	ass_5_l	Butt Bones	BONE
251	ass_5_R	Butt Bones	BONE
252	ass_06_l	Butt Bones	BONE
253	ass_06_R	Butt Bones	BONE
254	ass_6.L	Butt Bones	BONE
255	ass_6.R	Butt Bones	BONE
256	ass_6_l	Butt Bones	BONE
257	ass_6_R	Butt Bones	BONE
258	ass_07_l	Butt Bones	BONE
259	ass_07_R	Butt Bones	BONE
260	ass_7.L	Butt Bones	BONE
261	ass_7.R	Butt Bones	BONE
262	ass_7_l	Butt Bones	BONE
263	ass_7_R	Butt Bones	BONE
264	ass_08_l	Butt Bones	BONE
265	ass_08_R	Butt Bones	BONE
266	ass_8.L	Butt Bones	BONE
267	ass_8.R	Butt Bones	BONE
268	ass_8_l	Butt Bones	BONE
269	ass_8_R	Butt Bones	BONE
270	ass_09_l	Butt Bones	BONE
271	ass_09_R	Butt Bones	BONE
272	ass_9.L	Butt Bones	BONE
273	ass_9.R	Butt Bones	BONE
274	ass_9_l	Butt Bones	BONE
275	ass_9_R	Butt Bones	BONE
276	ass_10.L	Butt Bones	BONE
277	ass_10.R	Butt Bones	BONE
278	ass_10_l	Butt Bones	BONE
279	ass_10_R	Butt Bones	BONE
280	ASS__a.L	Butt Bones	BONE
281	ASS__a.R	Butt Bones	BONE
282	ASS__c.L	Butt Bones	BONE
283	ASS__c.R	Butt Bones	BONE
284	ass_base.L	Butt Bones	BONE
285	ass_base.R	Butt Bones	BONE
286	ass_base_L	Butt Bones	BONE
287	ass_base_R	Butt Bones	BONE
288	Ass_l	Butt Bones	BONE
289	ass_L_1	Butt Bones	BONE
290	ass_L_2	Butt Bones	BONE
291	ass_left	Butt Bones	BONE
292	Ass_Master_L	Butt Bones	BONE
293	Ass_Master_R	Butt Bones	BONE
294	Ass_r	Butt Bones	BONE
295	ass_R_1	Butt Bones	BONE
296	ass_R_2	Butt Bones	BONE
297	ass_right	Butt Bones	BONE
298	Ass_Wiggle.1_L	Butt Bones	BONE
299	Ass_Wiggle.1_R	Butt Bones	BONE
300	Asshole	Anus Bones	BONE
301	AssHole1.L	Anus Bones	BONE
302	AssHole1.R	Anus Bones	BONE
303	AssHole2.L	Anus Bones	BONE
304	AssHole2.R	Anus Bones	BONE
305	AssHole2.C	Anus Bones	BONE
306	Back anus	Anus Bones	BONE
307	Back pussy	Vagina Bones	BONE
308	Back_VolHipJiggle_L	Butt Bones	BONE
309	Back_VolHipJiggle_R	Butt Bones	BONE
310	ball_l	Balls Bones	BONE
311	ball_r	Balls Bones	BONE
312	Ball2.L	Balls Bones	BONE
313	Ball2.R	Balls Bones	BONE
314	Ball left	Balls Bones	BONE
315	Ball right	Balls Bones	BONE
316	ball left 1	Balls Bones	BONE
317	ball right 1	Balls Bones	BONE
318	ball left 2	Balls Bones	BONE
319	ball right 2	Balls Bones	BONE
320	Ball.L	Balls Bones	BONE
321	Ball.L.000	Balls Bones	BONE
322	Ball.L.001	Balls Bones	BONE
323	Ball.L.002	Balls Bones	BONE
324	Ball.L.003	Balls Bones	BONE
325	Ball.L.004	Balls Bones	BONE
326	Ball.L.005	Balls Bones	BONE
327	Ball.L.006	Balls Bones	BONE
328	Ball.L.007	Balls Bones	BONE
329	Ball.L.008	Balls Bones	BONE
330	Ball.L.009	Balls Bones	BONE
331	Ball.L.010	Balls Bones	BONE
332	Ball.L.011	Balls Bones	BONE
333	Ball.L.012	Balls Bones	BONE
334	Ball.L.013	Balls Bones	BONE
335	Ball.L.014	Balls Bones	BONE
336	Ball.L.015	Balls Bones	BONE
337	Ball.L.016	Balls Bones	BONE
338	Ball.L.017	Balls Bones	BONE
339	Ball.L.018	Balls Bones	BONE
340	Ball.L.019	Balls Bones	BONE
341	Ball.L.020	Balls Bones	BONE
342	Ball.R	Balls Bones	BONE
343	Ball.R.000	Balls Bones	BONE
344	Ball.R.001	Balls Bones	BONE
345	Ball.R.002	Balls Bones	BONE
346	Ball.R.003	Balls Bones	BONE
347	Ball.R.004	Balls Bones	BONE
348	Ball.R.005	Balls Bones	BONE
349	Ball.R.006	Balls Bones	BONE
350	Ball.R.007	Balls Bones	BONE
351	Ball.R.008	Balls Bones	BONE
352	Ball.R.009	Balls Bones	BONE
353	Ball.R.010	Balls Bones	BONE
354	Ball.R.011	Balls Bones	BONE
355	Ball.R.012	Balls Bones	BONE
356	Ball.R.013	Balls Bones	BONE
357	Ball.R.014	Balls Bones	BONE
358	Ball.R.015	Balls Bones	BONE
359	Ball.R.016	Balls Bones	BONE
360	Ball.R.017	Balls Bones	BONE
361	Ball.R.018	Balls Bones	BONE
362	Ball.R.019	Balls Bones	BONE
363	Ball.R.020	Balls Bones	BONE
364	ball_0_L	Balls Bones	BONE
365	ball_0_R	Balls Bones	BONE
366	Ball_01_L	Balls Bones	BONE
367	Ball_01_R	Balls Bones	BONE
368	ball_1_L	Balls Bones	BONE
369	ball_1_R	Balls Bones	BONE
370	Ball_02_L	Balls Bones	BONE
371	Ball_02_R	Balls Bones	BONE
372	Ball_2_l	Balls Bones	BONE
373	Ball_2_r	Balls Bones	BONE
374	Ball_L	Balls Bones	BONE
375	Ball_L0	Balls Bones	BONE
376	Ball_L1	Balls Bones	BONE
377	Ball_L2	Balls Bones	BONE
378	Ball_L3	Balls Bones	BONE
379	Ball_L4	Balls Bones	BONE
380	Ball_L5	Balls Bones	BONE
381	Ball_L6	Balls Bones	BONE
382	Ball_L7	Balls Bones	BONE
383	Ball_L8	Balls Bones	BONE
384	Ball_L9	Balls Bones	BONE
385	Ball_L10	Balls Bones	BONE
386	ball_L_0	Balls Bones	BONE
387	ball_L_00	Balls Bones	BONE
388	ball_L_01	Balls Bones	BONE
389	ball_L_1	Balls Bones	BONE
390	ball_L_02	Balls Bones	BONE
391	ball_L_2	Balls Bones	BONE
392	ball_L_03	Balls Bones	BONE
393	ball_L_3	Balls Bones	BONE
394	ball_L_04	Balls Bones	BONE
395	ball_L_4	Balls Bones	BONE
396	ball_L_05	Balls Bones	BONE
397	ball_L_5	Balls Bones	BONE
398	ball_L_06	Balls Bones	BONE
399	ball_L_6	Balls Bones	BONE
400	ball_L_07	Balls Bones	BONE
401	ball_L_7	Balls Bones	BONE
402	ball_L_08	Balls Bones	BONE
403	ball_L_8	Balls Bones	BONE
404	ball_L_09	Balls Bones	BONE
405	ball_L_9	Balls Bones	BONE
406	ball_L_10	Balls Bones	BONE
407	ball_L_11	Balls Bones	BONE
408	ball_L_12	Balls Bones	BONE
409	ball_L_13	Balls Bones	BONE
410	ball_L_14	Balls Bones	BONE
411	ball_L_15	Balls Bones	BONE
412	ball_L_16	Balls Bones	BONE
413	ball_L_17	Balls Bones	BONE
414	ball_L_18	Balls Bones	BONE
415	ball_L_19	Balls Bones	BONE
416	ball_L_20	Balls Bones	BONE
417	Ball_Lower	Balls Bones	BONE
418	Ball_Master	Balls Bones	BONE
419	Ball_R	Balls Bones	BONE
420	Ball_R0	Balls Bones	BONE
421	Ball_R1	Balls Bones	BONE
422	Ball_R2	Balls Bones	BONE
423	Ball_R3	Balls Bones	BONE
424	Ball_R4	Balls Bones	BONE
425	Ball_R5	Balls Bones	BONE
426	Ball_R6	Balls Bones	BONE
427	Ball_R7	Balls Bones	BONE
428	Ball_R8	Balls Bones	BONE
429	Ball_R9	Balls Bones	BONE
430	Ball_R10	Balls Bones	BONE
431	ball_R_0	Balls Bones	BONE
432	ball_R_00	Balls Bones	BONE
433	ball_R_01	Balls Bones	BONE
434	ball_R_1	Balls Bones	BONE
435	ball_R_02	Balls Bones	BONE
436	ball_R_2	Balls Bones	BONE
437	ball_R_03	Balls Bones	BONE
438	ball_R_3	Balls Bones	BONE
439	ball_R_04	Balls Bones	BONE
440	ball_R_4	Balls Bones	BONE
441	ball_R_05	Balls Bones	BONE
442	ball_R_5	Balls Bones	BONE
443	ball_R_06	Balls Bones	BONE
444	ball_R_6	Balls Bones	BONE
445	ball_R_07	Balls Bones	BONE
446	ball_R_7	Balls Bones	BONE
447	ball_R_08	Balls Bones	BONE
448	ball_R_8	Balls Bones	BONE
449	ball_R_09	Balls Bones	BONE
450	ball_R_9	Balls Bones	BONE
451	ball_R_10	Balls Bones	BONE
452	ball_R_11	Balls Bones	BONE
453	ball_R_12	Balls Bones	BONE
454	ball_R_13	Balls Bones	BONE
455	ball_R_14	Balls Bones	BONE
456	ball_R_15	Balls Bones	BONE
457	ball_R_16	Balls Bones	BONE
458	ball_R_17	Balls Bones	BONE
459	ball_R_18	Balls Bones	BONE
460	ball_R_19	Balls Bones	BONE
461	ball_R_20	Balls Bones	BONE
462	BallBase	Balls Bones	BONE
463	BallJiggle.L	Balls Bones	BONE
464	BallJiggle.R	Balls Bones	BONE
465	BallL	Balls Bones	BONE
466	BallR	Balls Bones	BONE
467	Balls	Balls Bones	BONE
468	Balls00	Balls Bones	BONE
469	Balls1.L	Balls Bones	BONE
470	Balls1.R	Balls Bones	BONE
471	Balls01	Balls Bones	BONE
472	Balls1	Balls Bones	BONE
473	balls2_L	Balls Bones	BONE
474	balls2_R	Balls Bones	BONE
475	Balls02	Balls Bones	BONE
476	Balls03	Balls Bones	BONE
477	Balls04	Balls Bones	BONE
478	Balls05	Balls Bones	BONE
479	Balls06	Balls Bones	BONE
480	Balls07	Balls Bones	BONE
481	Balls08	Balls Bones	BONE
482	Balls09	Balls Bones	BONE
483	Balls10	Balls Bones	BONE
484	balls 1	Balls Bones	BONE
485	balls 2	Balls Bones	BONE
486	balls 3	Balls Bones	BONE
487	balls L	Balls Bones	BONE
488	balls R	Balls Bones	BONE
489	balls root	Balls Bones	BONE
490	Balls.000	Balls Bones	BONE
491	Balls.001	Balls Bones	BONE
492	Balls.002	Balls Bones	BONE
493	Balls.003	Balls Bones	BONE
494	Balls.004	Balls Bones	BONE
495	Balls.005	Balls Bones	BONE
496	Balls.006	Balls Bones	BONE
497	Balls.007	Balls Bones	BONE
498	Balls.008	Balls Bones	BONE
499	Balls.009	Balls Bones	BONE
500	Balls.010	Balls Bones	BONE
501	Balls.011	Balls Bones	BONE
502	Balls.012	Balls Bones	BONE
503	Balls.013	Balls Bones	BONE
504	Balls.014	Balls Bones	BONE
505	Balls.015	Balls Bones	BONE
506	Balls.016	Balls Bones	BONE
507	Balls.017	Balls Bones	BONE
508	Balls.018	Balls Bones	BONE
509	Balls.019	Balls Bones	BONE
510	Balls.020	Balls Bones	BONE
511	Balls.021	Balls Bones	BONE
512	Balls.022	Balls Bones	BONE
513	Balls.023	Balls Bones	BONE
514	Balls.024	Balls Bones	BONE
515	Balls.025	Balls Bones	BONE
516	Balls.026	Balls Bones	BONE
517	Balls.027	Balls Bones	BONE
518	Balls.028	Balls Bones	BONE
519	Balls.029	Balls Bones	BONE
520	Balls.030	Balls Bones	BONE
521	Balls.Base.00	Balls Bones	BONE
522	Balls.Base.01	Balls Bones	BONE
523	Balls.L	Balls Bones	BONE
524	Balls.R	Balls Bones	BONE
525	Balls_Base	Balls Bones	BONE
526	Balls_Base_2	Balls Bones	BONE
527	Balls_Flesh	Balls Bones	BONE
528	Balls_L	Balls Bones	BONE
529	Balls_L_Jiggle	Balls Bones	BONE
530	Balls_R	Balls Bones	BONE
531	Balls_R_Jiggle	Balls Bones	BONE
532	Balls_root	Balls Bones	BONE
533	Balls_Swing	Balls Bones	BONE
534	Ballsack.L	Balls Bones	BONE
535	Ballsack.R	Balls Bones	BONE
536	BallsL	Balls Bones	BONE
537	BallsMain_Bone	Balls Bones	BONE
538	BallsMaster	Balls Bones	BONE
539	BallsR	Balls Bones	BONE
540	ballsroot	Balls Bones	BONE
541	BallStretch	Balls Bones	BONE
542	Base Balls Large	Balls Bones	BONE
543	Base Balls Saggy	Balls Bones	BONE
544	BaseBreast.L	Breast Bones	BONE
545	BaseBreast.R	Breast Bones	BONE
546	BaseTesticles	Balls Bones	BONE
547	Benis_00	Penis Bones	BONE
548	Benis_01	Penis Bones	BONE
549	Benis_02	Penis Bones	BONE
550	Benis_03	Penis Bones	BONE
551	Benis_04	Penis Bones	BONE
552	Benis_05	Penis Bones	BONE
553	Benis_06	Penis Bones	BONE
554	Benis_07	Penis Bones	BONE
555	Benis_08	Penis Bones	BONE
556	Benis_09	Penis Bones	BONE
557	Benis_10	Penis Bones	BONE
558	Bent	Breast Bones	BONE
559	Bent_2	Breast Bones	BONE
560	bewbs_base_L	Breast Bones	BONE
561	bewbs_base_R	Breast Bones	BONE
562	bewbs_Middle_L	Breast Bones	BONE
563	bewbs_Middle_R	Breast Bones	BONE
564	bib_boob_0_L	Breast Bones	BONE
565	bib_boob_1_L	Breast Bones	BONE
566	big_Breast_L	Breast Bones	BONE
567	big_Breast_R	Breast Bones	BONE
568	bignatural1	Breast Bones	BONE
569	bignatural2	Breast Bones	BONE
570	Bip.BallCont.01	Balls Bones	BONE
571	Bip.BallCont.02	Balls Bones	BONE
572	bip_anal	Anus Bones	BONE
573	bip_anus_L	Anus Bones	BONE
574	bip_anus_R	Anus Bones	BONE
575	Bip_Anus	Anus Bones	BONE
576	bip_anus2_L	Anus Bones	BONE
577	bip_anus2_R	Anus Bones	BONE
578	bip_anus3_L	Anus Bones	BONE
579	bip_anus3_R	Anus Bones	BONE
580	bip_anus_0_L	Anus Bones	BONE
581	bip_anus_0_R	Anus Bones	BONE
582	bip_anus_0	Anus Bones	BONE
583	bip_anus_00	Anus Bones	BONE
584	bip_anus_1_L	Anus Bones	BONE
585	bip_anus_1_R	Anus Bones	BONE
586	bip_anus_01	Anus Bones	BONE
587	bip_anus_1	Anus Bones	BONE
588	bip_anus_2_L	Anus Bones	BONE
589	bip_anus_2_R	Anus Bones	BONE
590	bip_anus_02	Anus Bones	BONE
591	bip_anus_2	Anus Bones	BONE
592	bip_anus_03	Anus Bones	BONE
593	bip_anus_04	Anus Bones	BONE
594	bip_anus_4	Anus Bones	BONE
595	bip_anus_05	Anus Bones	BONE
596	bip_anus_5	Anus Bones	BONE
597	bip_anus_06	Anus Bones	BONE
598	bip_anus_6	Anus Bones	BONE
599	bip_anus_07	Anus Bones	BONE
600	bip_anus_7	Anus Bones	BONE
601	bip_anus_08	Anus Bones	BONE
602	bip_anus_8	Anus Bones	BONE
603	bip_anus_09	Anus Bones	BONE
604	bip_anus_9	Anus Bones	BONE
605	bip_anus_10	Anus Bones	BONE
606	bip_anus_11	Anus Bones	BONE
607	bip_anus_12	Anus Bones	BONE
608	bip_anus_13	Anus Bones	BONE
609	bip_anus_14	Anus Bones	BONE
610	bip_anus_15	Anus Bones	BONE
611	bip_anus_16	Anus Bones	BONE
612	bip_anus_17	Anus Bones	BONE
613	bip_anus_18	Anus Bones	BONE
614	bip_anus_19	Anus Bones	BONE
615	bip_anus_20	Anus Bones	BONE
616	bip_anus_21	Anus Bones	BONE
617	bip_anus_22	Anus Bones	BONE
618	bip_anus_23	Anus Bones	BONE
619	bip_anus_24	Anus Bones	BONE
620	bip_anus_25	Anus Bones	BONE
621	bip_anus_26	Anus Bones	BONE
622	bip_anus_27	Anus Bones	BONE
623	bip_anus_28	Anus Bones	BONE
624	bip_anus_29	Anus Bones	BONE
625	bip_anus_30	Anus Bones	BONE
626	bip_anus_b	Anus Bones	BONE
627	bip_anus_base	Anus Bones	BONE
628	bip_Anus_Deep2	Anus Bones	BONE
629	bip_anus_f	Anus Bones	BONE
630	bip_anus_mid_L	Anus Bones	BONE
631	bip_anus_mid_R	Anus Bones	BONE
632	bip_anus_T	Anus Bones	BONE
633	bip_anus_tweak	Anus Bones	BONE
634	bip_anusroot	Anus Bones	BONE
635	bip_Ass_L	Butt Bones	BONE
636	bip_Ass_R	Butt Bones	BONE
637	Bip_Ass	Butt Bones	BONE
638	bip_ass_0_L	Butt Bones	BONE
639	bip_ass_0_R	Butt Bones	BONE
640	bip_ass_1_L	Butt Bones	BONE
641	bip_ass_1_R	Butt Bones	BONE
642	bip_ass_2_L	Butt Bones	BONE
643	bip_ass_2_R	Butt Bones	BONE
644	bip_ass_3_L	Butt Bones	BONE
645	bip_ass_3_R	Butt Bones	BONE
646	bip_ass_4_L	Butt Bones	BONE
647	bip_ass_4_R	Butt Bones	BONE
648	bip_AssRoot	Butt Bones	BONE
649	bip_Back_Inner_Pussy	Vagina Bones	BONE
650	bip_Back_Pussy_Outside	Vagina Bones	BONE
651	bip_ball_L	Balls Bones	BONE
652	bip_ball_R	Balls Bones	BONE
653	Bip_Ball01_L	Balls Bones	BONE
654	Bip_Ball01_R	Balls Bones	BONE
655	Bip_Ball02_L	Balls Bones	BONE
656	Bip_Ball02_R	Balls Bones	BONE
657	Bip_Ball.01_L	Balls Bones	BONE
658	Bip_Ball.01_R	Balls Bones	BONE
659	Bip_Ball.02_R	Balls Bones	BONE
660	bip_ball_ctrl_L	Balls Bones	BONE
661	Bip_Ball_L.001	Balls Bones	BONE
662	bip_ball_main	Balls Bones	BONE
663	Bip_BallCont.01	Balls Bones	BONE
664	Bip_BallCont.02	Balls Bones	BONE
665	bip_ballL	Balls Bones	BONE
666	bip_ballR	Balls Bones	BONE
667	Bip_Balls_L	Balls Bones	BONE
668	Bip_Balls_R	Balls Bones	BONE
669	bip_balls	Balls Bones	BONE
670	bip_Balls1.L	Balls Bones	BONE
671	bip_Balls1.R	Balls Bones	BONE
672	bip_Balls2.L	Balls Bones	BONE
673	bip_Balls2.R	Balls Bones	BONE
674	bip_Balls3.L	Balls Bones	BONE
675	bip_Balls3.R	Balls Bones	BONE
676	bip_balls_0_L	Balls Bones	BONE
677	bip_balls_0_R	Balls Bones	BONE
678	Bip_Balls_0	Balls Bones	BONE
679	bip_balls_1_L	Balls Bones	BONE
680	bip_balls_1_R	Balls Bones	BONE
681	Bip_Balls_1	Balls Bones	BONE
682	Bip_Balls_2	Balls Bones	BONE
683	Bip_Balls_3	Balls Bones	BONE
684	Bip_Balls_4	Balls Bones	BONE
685	Bip_Balls_5	Balls Bones	BONE
686	Bip_Balls_6	Balls Bones	BONE
687	Bip_Balls_7	Balls Bones	BONE
688	Bip_Balls_8	Balls Bones	BONE
689	Bip_Balls_9	Balls Bones	BONE
690	Bip_Balls_10	Balls Bones	BONE
691	Bip_BallsM	Balls Bones	BONE
692	Bip_BallsMaster	Balls Bones	BONE
693	Bip_BallsRoot	Balls Bones	BONE
694	bip_bJiggle_L	Balls Bones	BONE
695	bip_bJiggle_R	Balls Bones	BONE
696	bip_bJiggle0	Breast Bones	BONE
697	bip_bJiggle_0	Balls Bones	BONE
698	bip_Boob_L	Breast Bones	BONE
699	bip_Boob_R	Breast Bones	BONE
700	bip_Boob1_L	Breast Bones	BONE
701	bip_Boob1_R	Breast Bones	BONE
702	Bip_Boob_0_L	Breast Bones	BONE
703	bip_boob_0_R	Breast Bones	BONE
704	bip_Boob_1_L	Breast Bones	BONE
705	bip_Boob_1_R	Breast Bones	BONE
706	bip_Boob_2_L	Breast Bones	BONE
707	bip_Boob_2_R	Breast Bones	BONE
708	bip_Boob_Root_l	Breast Bones	BONE
709	bip_Boob_Root_r	Breast Bones	BONE
710	bip_booba_0_L	Breast Bones	BONE
711	bip_booba_0_R	Breast Bones	BONE
712	bip_booba_1_L	Breast Bones	BONE
713	bip_booba_1_R	Breast Bones	BONE
714	bip_booba_2_L	Breast Bones	BONE
715	bip_booba_2_R	Breast Bones	BONE
716	bip_Booba_3_L	Breast Bones	BONE
717	bip_Booba_3_R	Breast Bones	BONE
718	bip_booty	Butt Bones	BONE
719	bip_breast_L	Breast Bones	BONE
720	bip_breast_R	Breast Bones	BONE
721	bip_Breast	Breast Bones	BONE
722	Bip_Breast00_L	Breast Bones	BONE
723	Bip_Breast00_R	Breast Bones	BONE
724	Bip_Breast01_L	Breast Bones	BONE
725	Bip_Breast01_R	Breast Bones	BONE
726	bip_Breast1_L	Breast Bones	BONE
727	bip_Breast1_R	Breast Bones	BONE
728	Bip_Breast02_L	Breast Bones	BONE
729	Bip_Breast02_R	Breast Bones	BONE
730	bip_breast2_L	Breast Bones	BONE
731	bip_breast2_R	Breast Bones	BONE
732	Bip_Breast03_L	Breast Bones	BONE
733	Bip_Breast03_R	Breast Bones	BONE
734	Bip_Breast04_L	Breast Bones	BONE
735	Bip_Breast04_R	Breast Bones	BONE
736	Bip_Breast05_L	Breast Bones	BONE
737	Bip_Breast05_R	Breast Bones	BONE
738	Bip_Breast06_L	Breast Bones	BONE
739	Bip_Breast06_R	Breast Bones	BONE
740	Bip_Breast07_L	Breast Bones	BONE
741	Bip_Breast07_R	Breast Bones	BONE
742	Bip_Breast08_L	Breast Bones	BONE
743	Bip_Breast08_R	Breast Bones	BONE
744	Bip_Breast09_L	Breast Bones	BONE
745	Bip_Breast09_R	Breast Bones	BONE
746	Bip_Breast10_L	Breast Bones	BONE
747	Bip_Breast10_R	Breast Bones	BONE
748	Bip_Breast.00_L	Breast Bones	BONE
749	Bip_Breast.00_R	Breast Bones	BONE
750	Bip_Breast.01_L	Breast Bones	BONE
751	Bip_Breast.01_R	Breast Bones	BONE
752	Bip_Breast.02_L	Breast Bones	BONE
753	Bip_Breast.02_R	Breast Bones	BONE
754	Bip_Breast.03_L	Breast Bones	BONE
755	Bip_Breast.03_R	Breast Bones	BONE
756	Bip_Breast_00_L	Breast Bones	BONE
757	Bip_Breast_00_R	Breast Bones	BONE
758	Bip_Breast_0_L	Breast Bones	BONE
759	Bip_Breast_0_R	Breast Bones	BONE
760	Bip_Breast_01_L	Breast Bones	BONE
761	Bip_Breast_01_R	Breast Bones	BONE
762	Bip_Breast_1_L	Breast Bones	BONE
763	Bip_Breast_1_R	Breast Bones	BONE
764	bip_breast_01_l	Breast Bones	BONE
765	bip_breast_01_r	Breast Bones	BONE
766	Bip_Breast_02_L	Breast Bones	BONE
767	Bip_Breast_02_R	Breast Bones	BONE
768	Bip_Breast_2_L	Breast Bones	BONE
769	Bip_Breast_2_R	Breast Bones	BONE
770	bip_breast_02_l	Breast Bones	BONE
771	bip_breast_02_r	Breast Bones	BONE
772	Bip_Breast_03_L	Breast Bones	BONE
773	Bip_Breast_03_R	Breast Bones	BONE
774	Bip_Breast_3_L	Breast Bones	BONE
775	Bip_Breast_3_R	Breast Bones	BONE
776	bip_breast_03_l	Breast Bones	BONE
777	bip_breast_03_r	Breast Bones	BONE
778	Bip_Breast_04_L	Breast Bones	BONE
779	Bip_Breast_04_R	Breast Bones	BONE
780	Bip_Breast_4_L	Breast Bones	BONE
781	Bip_Breast_4_R	Breast Bones	BONE
782	bip_breast_04_l	Breast Bones	BONE
783	bip_breast_04_r	Breast Bones	BONE
784	Bip_Breast_05_L	Breast Bones	BONE
785	Bip_Breast_05_R	Breast Bones	BONE
786	bip_breast_05_l	Breast Bones	BONE
787	bip_breast_05_r	Breast Bones	BONE
788	Bip_Breast_06_L	Breast Bones	BONE
789	Bip_Breast_06_R	Breast Bones	BONE
790	bip_breast_06_l	Breast Bones	BONE
791	bip_breast_06_r	Breast Bones	BONE
792	Bip_Breast_07_L	Breast Bones	BONE
793	Bip_Breast_07_R	Breast Bones	BONE
794	Bip_Breast_08_L	Breast Bones	BONE
795	Bip_Breast_08_R	Breast Bones	BONE
796	Bip_Breast_09_L	Breast Bones	BONE
797	Bip_Breast_09_R	Breast Bones	BONE
798	Bip_Breast_10_L	Breast Bones	BONE
799	Bip_Breast_10_R	Breast Bones	BONE
800	bip_breast_B_L	Breast Bones	BONE
801	bip_breast_B_R	Breast Bones	BONE
802	bip_breast_base_L	Breast Bones	BONE
803	bip_breast_base_R	Breast Bones	BONE
804	bip_Breast_C_root	Breast Bones	BONE
805	bip_breast_front_L	Breast Bones	BONE
806	bip_breast_front_R	Breast Bones	BONE
807	bip_breast_inn_L	Breast Bones	BONE
808	bip_breast_inn_R	Breast Bones	BONE
809	bip_breast_jiggle_00_L	Breast Bones	BONE
810	bip_breast_jiggle_00_R	Breast Bones	BONE
811	bip_breast_jiggle_01_L	Breast Bones	BONE
812	bip_breast_jiggle_01_R	Breast Bones	BONE
813	bip_breast_jiggle_02_L	Breast Bones	BONE
814	bip_breast_jiggle_02_R	Breast Bones	BONE
815	bip_breast_jiggle_03_L	Breast Bones	BONE
816	bip_breast_jiggle_03_R	Breast Bones	BONE
817	bip_breast_jiggle_04_L	Breast Bones	BONE
818	bip_breast_jiggle_04_R	Breast Bones	BONE
819	bip_breast_jiggle_05_L	Breast Bones	BONE
820	bip_breast_jiggle_05_R	Breast Bones	BONE
821	bip_breast_jiggle_06_L	Breast Bones	BONE
822	bip_breast_jiggle_06_R	Breast Bones	BONE
823	bip_breast_jiggle_07_L	Breast Bones	BONE
824	bip_breast_jiggle_07_R	Breast Bones	BONE
825	bip_breast_jiggle_08_L	Breast Bones	BONE
826	bip_breast_jiggle_08_R	Breast Bones	BONE
827	bip_breast_jiggle_09_L	Breast Bones	BONE
828	bip_breast_jiggle_09_R	Breast Bones	BONE
829	bip_breast_jiggle_10_L	Breast Bones	BONE
830	bip_breast_jiggle_10_R	Breast Bones	BONE
831	bip_breast_L0	Breast Bones	BONE
832	bip_breast_L1	Breast Bones	BONE
833	bip_breast_L2	Breast Bones	BONE
834	bip_breast_L3	Breast Bones	BONE
835	bip_breast_L4	Breast Bones	BONE
836	bip_breast_L5	Breast Bones	BONE
837	bip_breast_L_root	Breast Bones	BONE
838	bip_breast_nip_L	Breast Bones	BONE
839	bip_breast_nip_R	Breast Bones	BONE
840	bip_breast_out_L	Breast Bones	BONE
841	bip_breast_out_R	Breast Bones	BONE
842	bip_breast_R0	Breast Bones	BONE
843	bip_breast_R1	Breast Bones	BONE
844	bip_breast_R2	Breast Bones	BONE
845	bip_breast_R3	Breast Bones	BONE
846	bip_breast_R4	Breast Bones	BONE
847	bip_breast_R5	Breast Bones	BONE
848	bip_breast_R_root	Breast Bones	BONE
849	Bip_breast_Root_L	Breast Bones	BONE
850	Bip_breast_Root_R	Breast Bones	BONE
851	bip_Breast_Root	Breast Bones	BONE
852	bip_breast_T_L	Breast Bones	BONE
853	bip_breast_T_R	Breast Bones	BONE
854	bip_BreastAerola_L	Breast Bones	BONE
855	bip_BreastAerola_R	Breast Bones	BONE
856	bip_BreastBase_L	Breast Bones	BONE
857	bip_BreastBase_R	Breast Bones	BONE
858	bip_BreastInner_L	Breast Bones	BONE
859	bip_BreastInner_R	Breast Bones	BONE
860	bip_BreastNipple_L	Breast Bones	BONE
861	bip_BreastNipple_R	Breast Bones	BONE
862	bip_BreastRoot	Breast Bones	BONE
863	bip_breasts_L	Breast Bones	BONE
864	bip_breasts_R	Breast Bones	BONE
865	bip_breasts	Breast Bones	BONE
866	bip_breasts_0_L	Breast Bones	BONE
867	bip_breasts_0_R	Breast Bones	BONE
868	bip_breasts_1_L	Breast Bones	BONE
869	bip_breasts_1_R	Breast Bones	BONE
870	bip_breasts_2_L	Breast Bones	BONE
871	bip_breasts_2_R	Breast Bones	BONE
872	bip_breasts_3_L	Breast Bones	BONE
873	bip_breasts_3_R	Breast Bones	BONE
874	bip_BreastsRoot	Breast Bones	BONE
875	bip_BreastTwist_0_L	Breast Bones	BONE
876	bip_BreastTwist_0_R	Breast Bones	BONE
877	bip_BreastTwist_1_L	Breast Bones	BONE
878	bip_BreastTwist_1_R	Breast Bones	BONE
879	bip_BreastUpper_L	Breast Bones	BONE
880	bip_BreastUpper_R	Breast Bones	BONE
881	bip_brest_L_0	Breast Bones	BONE
882	bip_brest_L_1	Breast Bones	BONE
883	bip_brest_R_0	Breast Bones	BONE
884	bip_brest_R_1	Breast Bones	BONE
885	bip_but_L	Butt Bones	BONE
886	bip_but_R	Butt Bones	BONE
887	bip_but_L.000	Butt Bones	BONE
888	bip_but_L.001	Butt Bones	BONE
889	bip_but_L.002	Butt Bones	BONE
890	bip_but_L.003	Butt Bones	BONE
891	bip_but_L.004	Butt Bones	BONE
892	bip_but_L.005	Butt Bones	BONE
893	bip_but_L.006	Butt Bones	BONE
894	bip_but_L.007	Butt Bones	BONE
895	bip_but_L.008	Butt Bones	BONE
896	bip_but_L.009	Butt Bones	BONE
897	bip_but_L.010	Butt Bones	BONE
898	bip_but_R.000	Butt Bones	BONE
899	bip_but_R.001	Butt Bones	BONE
900	bip_but_R.002	Butt Bones	BONE
901	bip_but_R.003	Butt Bones	BONE
902	bip_but_R.004	Butt Bones	BONE
903	bip_but_R.005	Butt Bones	BONE
904	bip_but_R.006	Butt Bones	BONE
905	bip_but_R.007	Butt Bones	BONE
906	bip_but_R.008	Butt Bones	BONE
907	bip_but_R.009	Butt Bones	BONE
908	bip_but_R.010	Butt Bones	BONE
909	Bip_Butt_l	Butt Bones	BONE
910	Bip_Butt_r	Butt Bones	BONE
911	bip_butt_l	Butt Bones	BONE
912	bip_butt_r	Butt Bones	BONE
913	Bip_Butt	Butt Bones	BONE
914	bip_butt00_L	Butt Bones	BONE
915	bip_butt00_R	Butt Bones	BONE
916	bip_Butt1_L	Butt Bones	BONE
917	bip_Butt1_R	Butt Bones	BONE
918	bip_butt01_L	Butt Bones	BONE
919	bip_butt01_R	Butt Bones	BONE
920	bip_butt02_L	Butt Bones	BONE
921	bip_butt02_R	Butt Bones	BONE
922	bip_butt2_L	Butt Bones	BONE
923	bip_butt2_R	Butt Bones	BONE
924	bip_butt03_L	Butt Bones	BONE
925	bip_butt03_R	Butt Bones	BONE
926	bip_butt3_L	Butt Bones	BONE
927	bip_butt3_R	Butt Bones	BONE
928	bip_butt04_L	Butt Bones	BONE
929	bip_butt04_R	Butt Bones	BONE
930	bip_butt05_L	Butt Bones	BONE
931	bip_butt05_R	Butt Bones	BONE
932	bip_butt06_L	Butt Bones	BONE
933	bip_butt06_R	Butt Bones	BONE
934	Bip_Butt.00_L	Butt Bones	BONE
935	Bip_Butt.00_R	Butt Bones	BONE
936	Bip_Butt.01_L	Butt Bones	BONE
937	Bip_Butt.01_R	Butt Bones	BONE
938	Bip_Butt.02_L	Butt Bones	BONE
939	Bip_Butt.02_R	Butt Bones	BONE
940	bip_butt_0_L	Butt Bones	BONE
941	bip_butt_0_R	Butt Bones	BONE
942	bip_butt_1_L	Butt Bones	BONE
943	bip_butt_1_R	Butt Bones	BONE
944	bip_butt_2_L	Butt Bones	BONE
945	bip_butt_2_R	Butt Bones	BONE
946	bip_butt_B_L	Butt Bones	BONE
947	bip_butt_B_R	Butt Bones	BONE
948	bip_butt_base_L	Butt Bones	BONE
949	bip_butt_base_R	Butt Bones	BONE
950	bip_butt_inn_L	Butt Bones	BONE
951	bip_butt_inn_R	Butt Bones	BONE
952	bip_butt_L0	Butt Bones	BONE
953	bip_butt_L1	Butt Bones	BONE
954	bip_butt_out_L	Butt Bones	BONE
955	bip_butt_out_R	Butt Bones	BONE
956	bip_butt_R0	Butt Bones	BONE
957	bip_butt_R1	Butt Bones	BONE
958	bip_Butt_root_l	Butt Bones	BONE
959	bip_Butt_root_r	Butt Bones	BONE
960	bip_butt_T_L	Butt Bones	BONE
961	bip_butt_T_R	Butt Bones	BONE
962	bip_ButtCheak_L	Butt Bones	BONE
963	bip_ButtCheak_R	Butt Bones	BONE
964	bip_buttcheak_0_L	Butt Bones	BONE
965	bip_buttcheak_1_L	Butt Bones	BONE
966	bip_buttcheak_2_L	Butt Bones	BONE
967	bip_buttcheak_3_L	Butt Bones	BONE
968	bip_buttcheak_4_L	Butt Bones	BONE
969	bip_ButtCheak_R_1	Butt Bones	BONE
970	bip_ButtCheak_R_2	Butt Bones	BONE
971	bip_ButtCheak_R_3	Butt Bones	BONE
972	bip_ButtCheak_R_4	Butt Bones	BONE
973	bip_ButtCheak_R_5	Butt Bones	BONE
974	Bip_ButtCont.L	Butt Bones	BONE
975	Bip_ButtCont.R	Butt Bones	BONE
976	Bip_ButtCont_L	Butt Bones	BONE
977	Bip_ButtCont_R	Butt Bones	BONE
978	bip_buttcrack	Butt Bones	BONE
979	Bip_ButtHelper_L	Butt Bones	BONE
980	Bip_ButtHelper_R	Butt Bones	BONE
981	bip_ButtJiggle_L	Butt Bones	BONE
982	bip_ButtJiggle_R	Butt Bones	BONE
983	bip_ButtRoot_L	Butt Bones	BONE
984	bip_ButtRoot_R	Butt Bones	BONE
985	bip_ButtTwist_L	Butt Bones	BONE
986	bip_ButtTwist_R	Butt Bones	BONE
987	bip_cadera_L	Butt Bones	BONE
988	bip_cadera_R	Butt Bones	BONE
989	bip_chest_L	Breast Bones	BONE
990	bip_chest_R	Breast Bones	BONE
991	bip_clit	Vagina Bones	BONE
992	bip_Clitoral1	Vagina Bones	BONE
993	bip_clitt	Vagina Bones	BONE
994	bip_ContTesticle	Balls Bones	BONE
995	bip_crotch	Genital Bones	BONE
996	Bip_Dick_0	Penis Bones	BONE
997	Bip_Dick_00	Penis Bones	BONE
998	Bip_Dick_01	Penis Bones	BONE
999	Bip_Dick_1	Penis Bones	BONE
1000	Bip_Dick_02	Penis Bones	BONE
1001	Bip_Dick_2	Penis Bones	BONE
1002	Bip_Dick_03	Penis Bones	BONE
1003	Bip_Dick_3	Penis Bones	BONE
1004	Bip_Dick_04	Penis Bones	BONE
1005	Bip_Dick_4	Penis Bones	BONE
1006	Bip_Dick_05	Penis Bones	BONE
1007	Bip_Dick_5	Penis Bones	BONE
1008	Bip_Dick_06	Penis Bones	BONE
1009	Bip_Dick_6	Penis Bones	BONE
1010	Bip_Dick_07	Penis Bones	BONE
1011	Bip_Dick_7	Penis Bones	BONE
1012	Bip_Dick_08	Penis Bones	BONE
1013	Bip_Dick_8	Penis Bones	BONE
1014	Bip_Dick_09	Penis Bones	BONE
1015	Bip_Dick_9	Penis Bones	BONE
1016	Bip_Dick_10	Penis Bones	BONE
1017	Bip_Dick_11	Penis Bones	BONE
1018	Bip_Dick_12	Penis Bones	BONE
1019	Bip_Dick_13	Penis Bones	BONE
1020	Bip_Dick_14	Penis Bones	BONE
1021	Bip_Dick_15	Penis Bones	BONE
1022	Bip_Dick_16	Penis Bones	BONE
1023	Bip_Dick_17	Penis Bones	BONE
1024	Bip_Dick_18	Penis Bones	BONE
1025	Bip_Dick_19	Penis Bones	BONE
1026	Bip_Dick_20	Penis Bones	BONE
1027	Bip_Dick_root	Penis Bones	BONE
1028	bip_DickBalls_L	Balls Bones	BONE
1029	bip_DickBalls_R	Balls Bones	BONE
1030	Bip_Dinkie.00	Penis Bones	BONE
1031	Bip_Dinkie.000	Penis Bones	BONE
1032	Bip_Dinkie.001	Penis Bones	BONE
1033	Bip_Dinkie.01	Penis Bones	BONE
1034	Bip_Dinkie.002	Penis Bones	BONE
1035	Bip_Dinkie.02	Penis Bones	BONE
1036	Bip_Dinkie.003	Penis Bones	BONE
1037	Bip_Dinkie.03	Penis Bones	BONE
1038	Bip_Dinkie.004	Penis Bones	BONE
1039	Bip_Dinkie.04	Penis Bones	BONE
1040	Bip_Dinkie.005	Penis Bones	BONE
1041	Bip_Dinkie.05	Penis Bones	BONE
1042	Bip_Dinkie.006	Penis Bones	BONE
1043	Bip_Dinkie.06	Penis Bones	BONE
1044	Bip_Dinkie.007	Penis Bones	BONE
1045	Bip_Dinkie.07	Penis Bones	BONE
1046	Bip_Dinkie.008	Penis Bones	BONE
1047	Bip_Dinkie.08	Penis Bones	BONE
1048	Bip_Dinkie.009	Penis Bones	BONE
1049	Bip_Dinkie.09	Penis Bones	BONE
1050	Bip_Dinkie.010	Penis Bones	BONE
1051	Bip_Dinkie.10	Penis Bones	BONE
1052	Bip_Dong00	Penis Bones	BONE
1053	Bip_Dong01	Penis Bones	BONE
1054	Bip_Dong02	Penis Bones	BONE
1055	Bip_Dong03	Penis Bones	BONE
1056	Bip_Dong04	Penis Bones	BONE
1057	Bip_Dong05	Penis Bones	BONE
1058	Bip_Dong06	Penis Bones	BONE
1059	Bip_Dong07	Penis Bones	BONE
1060	Bip_Dong08	Penis Bones	BONE
1061	Bip_Dong09	Penis Bones	BONE
1062	Bip_Dong10	Penis Bones	BONE
1063	Bip_Dong.000	Penis Bones	BONE
1064	Bip_Dong.001	Penis Bones	BONE
1065	Bip_Dong.002	Penis Bones	BONE
1066	Bip_Dong.003	Penis Bones	BONE
1067	Bip_Dong.004	Penis Bones	BONE
1068	Bip_Dong.005	Penis Bones	BONE
1069	Bip_Dong.006	Penis Bones	BONE
1070	Bip_Dong.007	Penis Bones	BONE
1071	Bip_Dong.008	Penis Bones	BONE
1072	Bip_Dong.009	Penis Bones	BONE
1073	Bip_Dong.010	Penis Bones	BONE
1074	bip_Front_Inner_Pussy	Vagina Bones	BONE
1075	bip_Front_Pussy_Outside	Vagina Bones	BONE
1076	bip_genitals	Genital Bones	BONE
1077	bip_glute_L	Butt Bones	BONE
1078	bip_glute_R	Butt Bones	BONE
1079	Bip_HipCont_L	Butt Bones	BONE
1080	Bip_HipCont_R	Butt Bones	BONE
1081	bip_L_Boob	Breast Bones	BONE
1082	bip_L_Inner_Pussy	Vagina Bones	BONE
1083	bip_l_nalga_0	Butt Bones	BONE
1084	bip_l_nalga_00	Butt Bones	BONE
1085	bip_l_nalga_01	Butt Bones	BONE
1086	bip_l_nalga_1	Butt Bones	BONE
1087	bip_l_nalga_02	Butt Bones	BONE
1088	bip_l_nalga_2	Butt Bones	BONE
1089	bip_l_nalga_03	Butt Bones	BONE
1090	bip_l_nalga_3	Butt Bones	BONE
1091	bip_l_nalga_04	Butt Bones	BONE
1092	bip_l_nalga_4	Butt Bones	BONE
1093	bip_l_nalga_05	Butt Bones	BONE
1094	bip_l_nalga_5	Butt Bones	BONE
1095	bip_l_nalga_06	Butt Bones	BONE
1096	bip_l_nalga_6	Butt Bones	BONE
1097	bip_l_nalga_07	Butt Bones	BONE
1098	bip_l_nalga_7	Butt Bones	BONE
1099	bip_l_nalga_08	Butt Bones	BONE
1100	bip_l_nalga_8	Butt Bones	BONE
1101	bip_l_nalga_09	Butt Bones	BONE
1102	bip_l_nalga_9	Butt Bones	BONE
1103	bip_l_nalga_10	Butt Bones	BONE
1104	bip_L_Pussy_Outside	Vagina Bones	BONE
1105	bip_LB_Anus2	Anus Bones	BONE
1106	bip_LT_Anus2	Anus Bones	BONE
1107	bip_Nipple_L	Breast Bones	BONE
1108	bip_Nipple_R	Breast Bones	BONE
1109	Bip_Nipples_L	Breast Bones	BONE
1110	Bip_Nipples_R	Breast Bones	BONE
1111	bip_NPC_RT_Anus2	Anus Bones	BONE
1112	Bip_Nut_L	Balls Bones	BONE
1113	Bip_Nut_R	Balls Bones	BONE
1114	bip_pec_00_L	Breast Bones	BONE
1115	bip_pec_00_R	Breast Bones	BONE
1116	bip_pec_0_L	Breast Bones	BONE
1117	bip_pec_0_R	Breast Bones	BONE
1118	bip_pec_01_L	Breast Bones	BONE
1119	bip_pec_01_R	Breast Bones	BONE
1120	bip_pec_1_L	Breast Bones	BONE
1121	bip_pec_1_R	Breast Bones	BONE
1122	bip_pec_02_L	Breast Bones	BONE
1123	bip_pec_02_R	Breast Bones	BONE
1124	bip_pec_2_L	Breast Bones	BONE
1125	bip_pec_2_R	Breast Bones	BONE
1126	bip_pec_03_L	Breast Bones	BONE
1127	bip_pec_03_R	Breast Bones	BONE
1128	bip_pec_3_L	Breast Bones	BONE
1129	bip_pec_3_R	Breast Bones	BONE
1130	bip_pec_04_L	Breast Bones	BONE
1131	bip_pec_04_R	Breast Bones	BONE
1132	bip_pec_4_L	Breast Bones	BONE
1133	bip_pec_4_R	Breast Bones	BONE
1134	bip_pec_05_L	Breast Bones	BONE
1135	bip_pec_05_R	Breast Bones	BONE
1136	bip_pec_5_L	Breast Bones	BONE
1137	bip_pec_5_R	Breast Bones	BONE
1138	bip_pec_06_L	Breast Bones	BONE
1139	bip_pec_06_R	Breast Bones	BONE
1140	bip_pec_6_L	Breast Bones	BONE
1141	bip_pec_6_R	Breast Bones	BONE
1142	bip_pec_07_L	Breast Bones	BONE
1143	bip_pec_07_R	Breast Bones	BONE
1144	bip_pec_7_L	Breast Bones	BONE
1145	bip_pec_7_R	Breast Bones	BONE
1146	bip_pec_08_L	Breast Bones	BONE
1147	bip_pec_08_R	Breast Bones	BONE
1148	bip_pec_8_L	Breast Bones	BONE
1149	bip_pec_8_R	Breast Bones	BONE
1150	bip_pec_09_L	Breast Bones	BONE
1151	bip_pec_09_R	Breast Bones	BONE
1152	bip_pec_9_L	Breast Bones	BONE
1153	bip_pec_9_R	Breast Bones	BONE
1154	bip_pec_10_L	Breast Bones	BONE
1155	bip_pec_10_R	Breast Bones	BONE
1156	bip_Pectoral_L_1	Breast Bones	BONE
1157	bip_Pectoral_L_2	Breast Bones	BONE
1158	bip_Pectoral_R_1	Breast Bones	BONE
1159	bip_Pectoral_R_2	Breast Bones	BONE
1160	Bip_Pelvis_L	Butt Bones	BONE
1161	Bip_Pelvis_R	Butt Bones	BONE
1162	bip_penis0	Penis Bones	BONE
1163	bip_penis00	Penis Bones	BONE
1164	Bip_Penis01_L	Penis Bones	BONE
1165	Bip_Penis01_R	Penis Bones	BONE
1166	bip_penis01	Penis Bones	BONE
1167	bip_penis1	Penis Bones	BONE
1168	Bip_Penis02_L	Penis Bones	BONE
1169	Bip_Penis02_R	Penis Bones	BONE
1170	bip_penis02	Penis Bones	BONE
1171	bip_penis2	Penis Bones	BONE
1172	Bip_Penis03_L	Penis Bones	BONE
1173	Bip_Penis03_R	Penis Bones	BONE
1174	bip_penis03	Penis Bones	BONE
1175	bip_penis3	Penis Bones	BONE
1176	Bip_Penis04_L	Penis Bones	BONE
1177	Bip_Penis04_R	Penis Bones	BONE
1178	bip_penis04	Penis Bones	BONE
1179	bip_penis4	Penis Bones	BONE
1180	Bip_Penis05_L	Penis Bones	BONE
1181	Bip_Penis05_R	Penis Bones	BONE
1182	bip_penis05	Penis Bones	BONE
1183	bip_penis5	Penis Bones	BONE
1184	Bip_Penis06_L	Penis Bones	BONE
1185	Bip_Penis06_R	Penis Bones	BONE
1186	bip_penis06	Penis Bones	BONE
1187	bip_penis6	Penis Bones	BONE
1188	Bip_Penis07_L	Penis Bones	BONE
1189	Bip_Penis07_R	Penis Bones	BONE
1190	bip_penis07	Penis Bones	BONE
1191	bip_penis7	Penis Bones	BONE
1192	Bip_Penis08_L	Penis Bones	BONE
1193	Bip_Penis08_R	Penis Bones	BONE
1194	bip_penis08	Penis Bones	BONE
1195	bip_penis8	Penis Bones	BONE
1196	Bip_Penis09_L	Penis Bones	BONE
1197	Bip_Penis09_R	Penis Bones	BONE
1198	bip_penis09	Penis Bones	BONE
1199	bip_penis9	Penis Bones	BONE
1200	bip_penis10	Penis Bones	BONE
1201	Bip_Penis_00	Penis Bones	BONE
1202	bip_penis_0	Penis Bones	BONE
1203	bip_penis_0.000	Penis Bones	BONE
1204	bip_penis_0.001	Penis Bones	BONE
1205	bip_penis_0.002	Penis Bones	BONE
1206	bip_penis_0.003	Penis Bones	BONE
1207	bip_penis_0.004	Penis Bones	BONE
1208	bip_penis_0.005	Penis Bones	BONE
1209	bip_penis_0.006	Penis Bones	BONE
1210	bip_penis_0.007	Penis Bones	BONE
1211	bip_penis_0.008	Penis Bones	BONE
1212	bip_penis_0.009	Penis Bones	BONE
1213	bip_penis_0.010	Penis Bones	BONE
1214	Bip_Penis_01	Penis Bones	BONE
1215	bip_penis_1	Penis Bones	BONE
1216	bip_penis_1.000	Penis Bones	BONE
1217	bip_penis_1.001	Penis Bones	BONE
1218	bip_penis_1.002	Penis Bones	BONE
1219	bip_penis_1.003	Penis Bones	BONE
1220	bip_penis_1.004	Penis Bones	BONE
1221	bip_penis_1.005	Penis Bones	BONE
1222	bip_penis_1.006	Penis Bones	BONE
1223	bip_penis_1.007	Penis Bones	BONE
1224	bip_penis_1.008	Penis Bones	BONE
1225	bip_penis_1.009	Penis Bones	BONE
1226	bip_penis_1.010	Penis Bones	BONE
1227	Bip_Penis_02	Penis Bones	BONE
1228	bip_penis_2	Penis Bones	BONE
1229	bip_penis_2.000	Penis Bones	BONE
1230	bip_penis_2.001	Penis Bones	BONE
1231	bip_penis_2.002	Penis Bones	BONE
1232	bip_penis_2.003	Penis Bones	BONE
1233	bip_penis_2.004	Penis Bones	BONE
1234	bip_penis_2.005	Penis Bones	BONE
1235	bip_penis_2.006	Penis Bones	BONE
1236	bip_penis_2.007	Penis Bones	BONE
1237	bip_penis_2.008	Penis Bones	BONE
1238	bip_penis_2.009	Penis Bones	BONE
1239	bip_penis_2.010	Penis Bones	BONE
1240	Bip_Penis_03	Penis Bones	BONE
1241	bip_penis_3	Penis Bones	BONE
1242	bip_penis_3.000	Penis Bones	BONE
1243	bip_penis_3.001	Penis Bones	BONE
1244	bip_penis_3.002	Penis Bones	BONE
1245	bip_penis_3.003	Penis Bones	BONE
1246	bip_penis_3.004	Penis Bones	BONE
1247	bip_penis_3.005	Penis Bones	BONE
1248	bip_penis_3.006	Penis Bones	BONE
1249	bip_penis_3.007	Penis Bones	BONE
1250	bip_penis_3.008	Penis Bones	BONE
1251	bip_penis_3.009	Penis Bones	BONE
1252	bip_penis_3.010	Penis Bones	BONE
1253	Bip_Penis_04	Penis Bones	BONE
1254	bip_penis_4	Penis Bones	BONE
1255	bip_penis_4.000	Penis Bones	BONE
1256	bip_penis_4.001	Penis Bones	BONE
1257	bip_penis_4.002	Penis Bones	BONE
1258	bip_penis_4.003	Penis Bones	BONE
1259	bip_penis_4.004	Penis Bones	BONE
1260	bip_penis_4.005	Penis Bones	BONE
1261	bip_penis_4.006	Penis Bones	BONE
1262	bip_penis_4.007	Penis Bones	BONE
1263	bip_penis_4.008	Penis Bones	BONE
1264	bip_penis_4.009	Penis Bones	BONE
1265	bip_penis_4.010	Penis Bones	BONE
1266	Bip_Penis_05	Penis Bones	BONE
1267	bip_penis_5	Penis Bones	BONE
1268	bip_penis_5.000	Penis Bones	BONE
1269	bip_penis_5.001	Penis Bones	BONE
1270	bip_penis_5.002	Penis Bones	BONE
1271	bip_penis_5.003	Penis Bones	BONE
1272	bip_penis_5.004	Penis Bones	BONE
1273	bip_penis_5.005	Penis Bones	BONE
1274	bip_penis_5.006	Penis Bones	BONE
1275	bip_penis_5.007	Penis Bones	BONE
1276	bip_penis_5.008	Penis Bones	BONE
1277	bip_penis_5.009	Penis Bones	BONE
1278	bip_penis_5.010	Penis Bones	BONE
1279	Bip_Penis_06	Penis Bones	BONE
1280	bip_penis_6	Penis Bones	BONE
1281	bip_penis_6.000	Penis Bones	BONE
1282	bip_penis_6.001	Penis Bones	BONE
1283	bip_penis_6.002	Penis Bones	BONE
1284	bip_penis_6.003	Penis Bones	BONE
1285	bip_penis_6.004	Penis Bones	BONE
1286	bip_penis_6.005	Penis Bones	BONE
1287	bip_penis_6.006	Penis Bones	BONE
1288	bip_penis_6.007	Penis Bones	BONE
1289	bip_penis_6.008	Penis Bones	BONE
1290	bip_penis_6.009	Penis Bones	BONE
1291	bip_penis_6.010	Penis Bones	BONE
1292	Bip_Penis_07	Penis Bones	BONE
1293	bip_penis_7	Penis Bones	BONE
1294	bip_penis_7.000	Penis Bones	BONE
1295	bip_penis_7.001	Penis Bones	BONE
1296	bip_penis_7.002	Penis Bones	BONE
1297	bip_penis_7.003	Penis Bones	BONE
1298	bip_penis_7.004	Penis Bones	BONE
1299	bip_penis_7.005	Penis Bones	BONE
1300	bip_penis_7.006	Penis Bones	BONE
1301	bip_penis_7.007	Penis Bones	BONE
1302	bip_penis_7.008	Penis Bones	BONE
1303	bip_penis_7.009	Penis Bones	BONE
1304	bip_penis_7.010	Penis Bones	BONE
1305	Bip_Penis_08	Penis Bones	BONE
1306	bip_penis_8	Penis Bones	BONE
1307	bip_penis_8.000	Penis Bones	BONE
1308	bip_penis_8.001	Penis Bones	BONE
1309	bip_penis_8.002	Penis Bones	BONE
1310	bip_penis_8.003	Penis Bones	BONE
1311	bip_penis_8.004	Penis Bones	BONE
1312	bip_penis_8.005	Penis Bones	BONE
1313	bip_penis_8.006	Penis Bones	BONE
1314	bip_penis_8.007	Penis Bones	BONE
1315	bip_penis_8.008	Penis Bones	BONE
1316	bip_penis_8.009	Penis Bones	BONE
1317	bip_penis_8.010	Penis Bones	BONE
1318	Bip_Penis_09	Penis Bones	BONE
1319	bip_penis_9	Penis Bones	BONE
1320	bip_penis_9.000	Penis Bones	BONE
1321	bip_penis_9.001	Penis Bones	BONE
1322	bip_penis_9.002	Penis Bones	BONE
1323	bip_penis_9.003	Penis Bones	BONE
1324	bip_penis_9.004	Penis Bones	BONE
1325	bip_penis_9.005	Penis Bones	BONE
1326	bip_penis_9.006	Penis Bones	BONE
1327	bip_penis_9.007	Penis Bones	BONE
1328	bip_penis_9.008	Penis Bones	BONE
1329	bip_penis_9.009	Penis Bones	BONE
1330	bip_penis_9.010	Penis Bones	BONE
1331	Bip_Penis_10	Penis Bones	BONE
1332	bip_penis_10	Penis Bones	BONE
1333	bip_penis_10.000	Penis Bones	BONE
1334	bip_penis_10.001	Penis Bones	BONE
1335	bip_penis_10.002	Penis Bones	BONE
1336	bip_penis_10.003	Penis Bones	BONE
1337	bip_penis_10.004	Penis Bones	BONE
1338	bip_penis_10.005	Penis Bones	BONE
1339	bip_penis_10.006	Penis Bones	BONE
1340	bip_penis_10.007	Penis Bones	BONE
1341	bip_penis_10.008	Penis Bones	BONE
1342	bip_penis_10.009	Penis Bones	BONE
1343	bip_penis_10.010	Penis Bones	BONE
1344	Bip_Penis_11	Penis Bones	BONE
1345	Bip_Penis_12	Penis Bones	BONE
1346	Bip_Penis_13	Penis Bones	BONE
1347	Bip_Penis_14	Penis Bones	BONE
1348	Bip_Penis_15	Penis Bones	BONE
1349	Bip_Penis_16	Penis Bones	BONE
1350	Bip_Penis_17	Penis Bones	BONE
1351	Bip_Penis_18	Penis Bones	BONE
1352	Bip_Penis_19	Penis Bones	BONE
1353	Bip_Penis_20	Penis Bones	BONE
1354	bip_penis_base	Penis Bones	BONE
1355	bip_penis_Head	Penis Bones	BONE
1356	Bip_PenisHead	Penis Bones	BONE
1357	Bip_PenisHead00	Penis Bones	BONE
1358	Bip_PenisHead01	Penis Bones	BONE
1359	bip_ppMain	Penis Bones	BONE
1360	bip_privates	Genital Bones	BONE
1361	bip_puss_L	Vagina Bones	BONE
1362	bip_puss_R	Vagina Bones	BONE
1363	bip_puss_B	Vagina Bones	BONE
1364	bip_puss_root	Vagina Bones	BONE
1365	bip_puss_T	Vagina Bones	BONE
1366	bip_pussy_L	Vagina Bones	BONE
1367	bip_pussy_R	Vagina Bones	BONE
1368	Bip_Pussy	Vagina Bones	BONE
1369	bip_Pussy02_l	Vagina Bones	BONE
1370	bip_Pussy02_r	Vagina Bones	BONE
1371	bip_Pussy_00_L	Vagina Bones	BONE
1372	bip_Pussy_00_R	Vagina Bones	BONE
1373	bip_Pussy_0_L	Vagina Bones	BONE
1374	bip_Pussy_0_R	Vagina Bones	BONE
1375	bip_Pussy_01_L	Vagina Bones	BONE
1376	bip_Pussy_01_R	Vagina Bones	BONE
1377	bip_Pussy_1_L	Vagina Bones	BONE
1378	bip_Pussy_1_R	Vagina Bones	BONE
1379	bip_Pussy_02_L	Vagina Bones	BONE
1380	bip_Pussy_02_R	Vagina Bones	BONE
1381	bip_Pussy_2_L	Vagina Bones	BONE
1382	bip_Pussy_2_R	Vagina Bones	BONE
1383	bip_Pussy_03_L	Vagina Bones	BONE
1384	bip_Pussy_03_R	Vagina Bones	BONE
1385	bip_Pussy_3_L	Vagina Bones	BONE
1386	bip_Pussy_3_R	Vagina Bones	BONE
1387	bip_Pussy_04_L	Vagina Bones	BONE
1388	bip_Pussy_04_R	Vagina Bones	BONE
1389	bip_Pussy_4_L	Vagina Bones	BONE
1390	bip_Pussy_4_R	Vagina Bones	BONE
1391	bip_Pussy_05_L	Vagina Bones	BONE
1392	bip_Pussy_05_R	Vagina Bones	BONE
1393	bip_Pussy_5_L	Vagina Bones	BONE
1394	bip_Pussy_5_R	Vagina Bones	BONE
1395	bip_Pussy_06_L	Vagina Bones	BONE
1396	bip_Pussy_06_R	Vagina Bones	BONE
1397	bip_Pussy_6_L	Vagina Bones	BONE
1398	bip_Pussy_6_R	Vagina Bones	BONE
1399	bip_Pussy_07_L	Vagina Bones	BONE
1400	bip_Pussy_07_R	Vagina Bones	BONE
1401	bip_Pussy_7_L	Vagina Bones	BONE
1402	bip_Pussy_7_R	Vagina Bones	BONE
1403	bip_Pussy_08_L	Vagina Bones	BONE
1404	bip_Pussy_08_R	Vagina Bones	BONE
1405	bip_Pussy_8_L	Vagina Bones	BONE
1406	bip_Pussy_8_R	Vagina Bones	BONE
1407	bip_Pussy_09_L	Vagina Bones	BONE
1408	bip_Pussy_09_R	Vagina Bones	BONE
1409	bip_Pussy_9_L	Vagina Bones	BONE
1410	bip_Pussy_9_R	Vagina Bones	BONE
1411	bip_Pussy_10_L	Vagina Bones	BONE
1412	bip_Pussy_10_R	Vagina Bones	BONE
1413	bip_Pussy_11_L	Vagina Bones	BONE
1414	bip_Pussy_11_R	Vagina Bones	BONE
1415	bip_Pussy_12_L	Vagina Bones	BONE
1416	bip_Pussy_12_R	Vagina Bones	BONE
1417	bip_Pussy_13_L	Vagina Bones	BONE
1418	bip_Pussy_13_R	Vagina Bones	BONE
1419	bip_Pussy_14_L	Vagina Bones	BONE
1420	bip_Pussy_14_R	Vagina Bones	BONE
1421	bip_Pussy_15_L	Vagina Bones	BONE
1422	bip_Pussy_15_R	Vagina Bones	BONE
1423	bip_Pussy_16_L	Vagina Bones	BONE
1424	bip_Pussy_16_R	Vagina Bones	BONE
1425	bip_Pussy_17_L	Vagina Bones	BONE
1426	bip_Pussy_17_R	Vagina Bones	BONE
1427	bip_Pussy_18_L	Vagina Bones	BONE
1428	bip_Pussy_18_R	Vagina Bones	BONE
1429	bip_Pussy_19_L	Vagina Bones	BONE
1430	bip_Pussy_19_R	Vagina Bones	BONE
1431	bip_Pussy_20_L	Vagina Bones	BONE
1432	bip_Pussy_20_R	Vagina Bones	BONE
1433	bip_pussy_back_L	Vagina Bones	BONE
1434	bip_pussy_back_R	Vagina Bones	BONE
1435	bip_pussy_f	Vagina Bones	BONE
1436	bip_pussy_front_L	Vagina Bones	BONE
1437	bip_pussy_front_R	Vagina Bones	BONE
1438	bip_Pussy_Front	Vagina Bones	BONE
1439	Bip_Pussy_Inner_Back_L	Vagina Bones	BONE
1440	Bip_Pussy_Inner_Back_R	Vagina Bones	BONE
1441	Bip_Pussy_Inner_Front_L	Vagina Bones	BONE
1442	Bip_Pussy_Inner_Front_R	Vagina Bones	BONE
1443	bip_pussy_mid_L	Vagina Bones	BONE
1444	bip_pussy_mid_R	Vagina Bones	BONE
1445	Bip_Pussy_outer_Back_L	Vagina Bones	BONE
1446	Bip_Pussy_outer_Back_R	Vagina Bones	BONE
1447	Bip_Pussy_outer_Front_L	Vagina Bones	BONE
1448	Bip_Pussy_outer_Front_R	Vagina Bones	BONE
1449	bip_pussyMain	Vagina Bones	BONE
1450	bip_pussyroot	Vagina Bones	BONE
1451	bip_PussyUpper	Vagina Bones	BONE
1452	bip_R_Boob	Breast Bones	BONE
1453	bip_R_Inner_Pussy	Vagina Bones	BONE
1454	bip_r_nalga_0	Butt Bones	BONE
1455	bip_r_nalga_00	Butt Bones	BONE
1456	bip_r_nalga_01	Butt Bones	BONE
1457	bip_r_nalga_1	Butt Bones	BONE
1458	bip_r_nalga_02	Butt Bones	BONE
1459	bip_r_nalga_2	Butt Bones	BONE
1460	bip_r_nalga_03	Butt Bones	BONE
1461	bip_r_nalga_3	Butt Bones	BONE
1462	bip_r_nalga_04	Butt Bones	BONE
1463	bip_r_nalga_4	Butt Bones	BONE
1464	bip_r_nalga_05	Butt Bones	BONE
1465	bip_r_nalga_5	Butt Bones	BONE
1466	bip_r_nalga_06	Butt Bones	BONE
1467	bip_r_nalga_6	Butt Bones	BONE
1468	bip_r_nalga_07	Butt Bones	BONE
1469	bip_r_nalga_7	Butt Bones	BONE
1470	bip_r_nalga_08	Butt Bones	BONE
1471	bip_r_nalga_8	Butt Bones	BONE
1472	bip_r_nalga_09	Butt Bones	BONE
1473	bip_r_nalga_9	Butt Bones	BONE
1474	bip_r_nalga_10	Butt Bones	BONE
1475	bip_R_Pussy_Outside	Vagina Bones	BONE
1476	bip_RB_Anus2	Anus Bones	BONE
1477	Bip_RoboDick_Base	Penis Bones	BONE
1478	Bip_Sack_0_L	Balls Bones	BONE
1479	Bip_Sack_0_R	Balls Bones	BONE
1480	Bip_Sack_1_L	Balls Bones	BONE
1481	Bip_Sack_1_R	Balls Bones	BONE
1482	bip_shaft_0	Penis Bones	BONE
1483	bip_shaft_00	Penis Bones	BONE
1484	bip_shaft_01	Penis Bones	BONE
1485	bip_shaft_1	Penis Bones	BONE
1486	bip_shaft_1.000	Penis Bones	BONE
1487	bip_shaft_1.001	Penis Bones	BONE
1488	bip_shaft_1.002	Penis Bones	BONE
1489	bip_shaft_1.003	Penis Bones	BONE
1490	bip_shaft_1.004	Penis Bones	BONE
1491	bip_shaft_1.005	Penis Bones	BONE
1492	bip_shaft_1.006	Penis Bones	BONE
1493	bip_shaft_1.007	Penis Bones	BONE
1494	bip_shaft_1.008	Penis Bones	BONE
1495	bip_shaft_1.009	Penis Bones	BONE
1496	bip_shaft_1.010	Penis Bones	BONE
1497	bip_shaft_1.011	Penis Bones	BONE
1498	bip_shaft_1.012	Penis Bones	BONE
1499	bip_shaft_1.013	Penis Bones	BONE
1500	bip_shaft_1.014	Penis Bones	BONE
1501	bip_shaft_1.015	Penis Bones	BONE
1502	bip_shaft_1.016	Penis Bones	BONE
1503	bip_shaft_1.017	Penis Bones	BONE
1504	bip_shaft_1.018	Penis Bones	BONE
1505	bip_shaft_1.019	Penis Bones	BONE
1506	bip_shaft_1.020	Penis Bones	BONE
1507	bip_shaft_02	Penis Bones	BONE
1508	bip_shaft_2	Penis Bones	BONE
1509	bip_shaft_03	Penis Bones	BONE
1510	bip_shaft_3	Penis Bones	BONE
1511	bip_shaft_04	Penis Bones	BONE
1512	bip_shaft_4	Penis Bones	BONE
1513	bip_shaft_05	Penis Bones	BONE
1514	bip_shaft_5	Penis Bones	BONE
1515	bip_shaft_06	Penis Bones	BONE
1516	bip_shaft_6	Penis Bones	BONE
1517	bip_shaft_07	Penis Bones	BONE
1518	bip_shaft_7	Penis Bones	BONE
1519	bip_shaft_08	Penis Bones	BONE
1520	bip_shaft_8	Penis Bones	BONE
1521	bip_shaft_09	Penis Bones	BONE
1522	bip_shaft_9	Penis Bones	BONE
1523	bip_shaft_10	Penis Bones	BONE
1524	bip_shaft_11	Penis Bones	BONE
1525	bip_shaft_12	Penis Bones	BONE
1526	bip_shaft_13	Penis Bones	BONE
1527	bip_shaft_14	Penis Bones	BONE
1528	bip_shaft_15	Penis Bones	BONE
1529	bip_shaft_16	Penis Bones	BONE
1530	bip_shaft_17	Penis Bones	BONE
1531	bip_shaft_18	Penis Bones	BONE
1532	bip_shaft_19	Penis Bones	BONE
1533	bip_shaft_20	Penis Bones	BONE
1534	Bip_TestacleCont	Balls Bones	BONE
1535	bip_teste_ctrl	Balls Bones	BONE
1536	bip_Testicals	Balls Bones	BONE
1537	bip_Testicals2	Balls Bones	BONE
1538	bip_Testicals3	Balls Bones	BONE
1539	bip_Testicle_L	Balls Bones	BONE
1540	bip_Testicle_R	Balls Bones	BONE
1541	bip_testicle	Balls Bones	BONE
1542	Bip_TesticleCont	Balls Bones	BONE
1543	Bip_Testicles_L	Balls Bones	BONE
1544	Bip_Testicles_R	Balls Bones	BONE
1545	Bip_Testicles	Balls Bones	BONE
1546	Bip_TestyCont00	Balls Bones	BONE
1547	Bip_TestyCont01	Balls Bones	BONE
1548	Bip_TestyCont02	Balls Bones	BONE
1549	Bip_TestyCont03	Balls Bones	BONE
1550	Bip_TestyCont04	Balls Bones	BONE
1551	Bip_TestyCont05	Balls Bones	BONE
1552	Bip_TestyCont06	Balls Bones	BONE
1553	Bip_TestyCont07	Balls Bones	BONE
1554	Bip_TestyCont08	Balls Bones	BONE
1555	Bip_TestyCont09	Balls Bones	BONE
1556	Bip_TestyCont10	Balls Bones	BONE
1557	bip_tit_L	Breast Bones	BONE
1558	bip_tit_R	Breast Bones	BONE
1559	bip_tit_00_L	Breast Bones	BONE
1560	bip_tit_00_r	Breast Bones	BONE
1561	bip_tit_0_L	Breast Bones	BONE
1562	bip_tit_0_R	Breast Bones	BONE
1563	bip_tit_01_L	Breast Bones	BONE
1564	bip_tit_01_r	Breast Bones	BONE
1565	bip_tit_1_L	Breast Bones	BONE
1566	bip_tit_1_R	Breast Bones	BONE
1567	bip_tit_02_L	Breast Bones	BONE
1568	bip_tit_02_r	Breast Bones	BONE
1569	bip_tit_2_L	Breast Bones	BONE
1570	bip_tit_2_R	Breast Bones	BONE
1571	bip_tit_03_L	Breast Bones	BONE
1572	bip_tit_03_r	Breast Bones	BONE
1573	bip_tit_3_L	Breast Bones	BONE
1574	bip_tit_3_R	Breast Bones	BONE
1575	bip_tit_04_L	Breast Bones	BONE
1576	bip_tit_04_r	Breast Bones	BONE
1577	bip_tit_4_L	Breast Bones	BONE
1578	bip_tit_4_R	Breast Bones	BONE
1579	bip_tit_05_L	Breast Bones	BONE
1580	bip_tit_05_r	Breast Bones	BONE
1581	bip_tit_5_L	Breast Bones	BONE
1582	bip_tit_5_R	Breast Bones	BONE
1583	bip_tit_06_L	Breast Bones	BONE
1584	bip_tit_06_r	Breast Bones	BONE
1585	bip_tit_6_L	Breast Bones	BONE
1586	bip_tit_6_R	Breast Bones	BONE
1587	bip_tit_07_L	Breast Bones	BONE
1588	bip_tit_07_r	Breast Bones	BONE
1589	bip_tit_7_L	Breast Bones	BONE
1590	bip_tit_7_R	Breast Bones	BONE
1591	bip_tit_08_L	Breast Bones	BONE
1592	bip_tit_08_r	Breast Bones	BONE
1593	bip_tit_8_L	Breast Bones	BONE
1594	bip_tit_8_R	Breast Bones	BONE
1595	bip_tit_09_L	Breast Bones	BONE
1596	bip_tit_09_r	Breast Bones	BONE
1597	bip_tit_9_L	Breast Bones	BONE
1598	bip_tit_9_R	Breast Bones	BONE
1599	bip_tit_10_L	Breast Bones	BONE
1600	bip_tit_10_r	Breast Bones	BONE
1601	bip_Titty_L	Breast Bones	BONE
1602	bip_Titty_R	Breast Bones	BONE
1603	bip_vag_L	Vagina Bones	BONE
1604	bip_vag_R	Vagina Bones	BONE
1605	bip_vag	Vagina Bones	BONE
1606	bip_Vag0_L	Vagina Bones	BONE
1607	bip_Vag0_R	Vagina Bones	BONE
1608	bip_Vag1_L	Vagina Bones	BONE
1609	bip_Vag1_R	Vagina Bones	BONE
1610	bip_Vag1	Vagina Bones	BONE
1611	bip_Vag2_L	Vagina Bones	BONE
1612	bip_Vag2_R	Vagina Bones	BONE
1613	bip_Vag2	Vagina Bones	BONE
1614	bip_Vag3_L	Vagina Bones	BONE
1615	bip_Vag3_R	Vagina Bones	BONE
1616	bip_Vag4_L	Vagina Bones	BONE
1617	bip_Vag4_R	Vagina Bones	BONE
1618	bip_Vag5_L	Vagina Bones	BONE
1619	bip_Vag5_R	Vagina Bones	BONE
1620	bip_Vag6_L	Vagina Bones	BONE
1621	bip_Vag6_R	Vagina Bones	BONE
1622	bip_Vag7_L	Vagina Bones	BONE
1623	bip_Vag7_R	Vagina Bones	BONE
1624	bip_Vag8_L	Vagina Bones	BONE
1625	bip_Vag8_R	Vagina Bones	BONE
1626	bip_Vag9_L	Vagina Bones	BONE
1627	bip_Vag9_R	Vagina Bones	BONE
1628	bip_Vag_0_L	Vagina Bones	BONE
1629	bip_Vag_0_R	Vagina Bones	BONE
1630	bip_Vag_1_L	Vagina Bones	BONE
1631	bip_Vag_1_R	Vagina Bones	BONE
1632	bip_Vag_2_L	Vagina Bones	BONE
1633	bip_Vag_2_R	Vagina Bones	BONE
1634	bip_Vag_3_L	Vagina Bones	BONE
1635	bip_Vag_3_R	Vagina Bones	BONE
1636	bip_Vag_B	Vagina Bones	BONE
1637	bip_vag_base	Vagina Bones	BONE
1638	bip_Vag_F	Vagina Bones	BONE
1639	bip_vag_inner_0_L	Vagina Bones	BONE
1640	bip_vag_inner_0_R	Vagina Bones	BONE
1641	bip_vag_inner_1_L	Vagina Bones	BONE
1642	bip_vag_inner_1_R	Vagina Bones	BONE
1643	bip_vag_inner_2_L	Vagina Bones	BONE
1644	bip_vag_inner_2_R	Vagina Bones	BONE
1645	bip_vag_inner_B	Vagina Bones	BONE
1646	bip_vag_inner_T	Vagina Bones	BONE
1647	bip_vag_outer_0_L	Vagina Bones	BONE
1648	bip_vag_outer_0_R	Vagina Bones	BONE
1649	bip_vag_outer_1_L	Vagina Bones	BONE
1650	bip_vag_outer_1_R	Vagina Bones	BONE
1651	bip_vag_outer_2_L	Vagina Bones	BONE
1652	bip_vag_outer_2_R	Vagina Bones	BONE
1653	bip_vag_outer_B	Vagina Bones	BONE
1654	bip_vag_outer_T	Vagina Bones	BONE
1655	Bip_Vagaina_L	Vagina Bones	BONE
1656	Bip_Vagaina_R	Vagina Bones	BONE
1657	Bip_Vagaina_L.000	Vagina Bones	BONE
1658	Bip_Vagaina_L.001	Vagina Bones	BONE
1659	Bip_Vagaina_L.002	Vagina Bones	BONE
1660	Bip_Vagaina_L.003	Vagina Bones	BONE
1661	Bip_Vagaina_L.004	Vagina Bones	BONE
1662	Bip_Vagaina_L.005	Vagina Bones	BONE
1663	Bip_Vagaina_L.006	Vagina Bones	BONE
1664	Bip_Vagaina_L.007	Vagina Bones	BONE
1665	Bip_Vagaina_L.008	Vagina Bones	BONE
1666	Bip_Vagaina_L.009	Vagina Bones	BONE
1667	Bip_Vagaina_L.010	Vagina Bones	BONE
1668	Bip_Vagaina_R.000	Vagina Bones	BONE
1669	Bip_Vagaina_R.001	Vagina Bones	BONE
1670	Bip_Vagaina_R.002	Vagina Bones	BONE
1671	Bip_Vagaina_R.003	Vagina Bones	BONE
1672	Bip_Vagaina_R.004	Vagina Bones	BONE
1673	Bip_Vagaina_R.005	Vagina Bones	BONE
1674	Bip_Vagaina_R.006	Vagina Bones	BONE
1675	Bip_Vagaina_R.007	Vagina Bones	BONE
1676	Bip_Vagaina_R.008	Vagina Bones	BONE
1677	Bip_Vagaina_R.009	Vagina Bones	BONE
1678	Bip_Vagaina_R.010	Vagina Bones	BONE
1679	Bip_Vagina_L	Vagina Bones	BONE
1680	Bip_Vagina_R	Vagina Bones	BONE
1681	bip_Vagina	Vagina Bones	BONE
1682	bip_vagina_0_L	Vagina Bones	BONE
1683	bip_vagina_0_R	Vagina Bones	BONE
1684	bip_vagina_0_B	Vagina Bones	BONE
1685	bip_vagina_0_F	Vagina Bones	BONE
1686	bip_vagina_1_L	Vagina Bones	BONE
1687	bip_vagina_1_R	Vagina Bones	BONE
1688	bip_vagina_1_B	Vagina Bones	BONE
1689	bip_vagina_1_F	Vagina Bones	BONE
1690	bip_Vagina_Bottom	Vagina Bones	BONE
1691	bip_Vagina_Clit	Vagina Bones	BONE
1692	bip_Vagina_L_1	Vagina Bones	BONE
1693	bip_Vagina_L_2	Vagina Bones	BONE
1694	bip_Vagina_Mast_R	Vagina Bones	BONE
1695	bip_Vagina_R_1	Vagina Bones	BONE
1696	bip_Vagina_R_2	Vagina Bones	BONE
1697	bip_Vagina_Top	Vagina Bones	BONE
1698	bip_VagRoot	Vagina Bones	BONE
1699	Bone.002_L.022	Vagina Bones	BONE
1700	Bone.002_L.023	Vagina Bones	BONE
1701	Bone.002_L.024	Vagina Bones	BONE
1702	Bone.002_L.025	Vagina Bones	BONE
1703	Bone.002_L.026	Vagina Bones	BONE
1704	Bone.002_R.022	Vagina Bones	BONE
1705	Bone.002_R.023	Vagina Bones	BONE
1706	Bone.002_R.024	Vagina Bones	BONE
1707	Bone.002_R.025	Vagina Bones	BONE
1708	Bone.002_R.026	Vagina Bones	BONE
1709	boob_L	Breast Bones	BONE
1710	boob_R	Breast Bones	BONE
1711	Boob01.L	Breast Bones	BONE
1712	Boob01.R	Breast Bones	BONE
1713	boob1	Breast Bones	BONE
1714	Boob02.L	Breast Bones	BONE
1715	Boob02.R	Breast Bones	BONE
1716	boob2	Breast Bones	BONE
1717	Boob03.L	Breast Bones	BONE
1718	Boob03.R	Breast Bones	BONE
1719	Boob04.L	Breast Bones	BONE
1720	Boob04.R	Breast Bones	BONE
1721	Boob 1.L	Breast Bones	BONE
1722	Boob 1.R	Breast Bones	BONE
1723	Boob 1 L	Breast Bones	BONE
1724	Boob 1 R	Breast Bones	BONE
1725	Boob 2.L	Breast Bones	BONE
1726	Boob 2.R	Breast Bones	BONE
1727	Boob 2 L	Breast Bones	BONE
1728	Boob 2 R	Breast Bones	BONE
1729	Boob 3 L	Breast Bones	BONE
1730	Boob 3 R	Breast Bones	BONE
1731	Boob L	Breast Bones	BONE
1732	Boob R	Breast Bones	BONE
1733	Boob.000.L	Breast Bones	BONE
1734	Boob.000.R	Breast Bones	BONE
1735	Boob.001.L	Breast Bones	BONE
1736	Boob.001.R	Breast Bones	BONE
1737	Boob.002.L	Breast Bones	BONE
1738	Boob.002.R	Breast Bones	BONE
1739	Boob.003.L	Breast Bones	BONE
1740	Boob.003.R	Breast Bones	BONE
1741	Boob.004.L	Breast Bones	BONE
1742	Boob.004.R	Breast Bones	BONE
1743	Boob.005.L	Breast Bones	BONE
1744	Boob.005.R	Breast Bones	BONE
1745	Boob.006.L	Breast Bones	BONE
1746	Boob.006.R	Breast Bones	BONE
1747	Boob.007.L	Breast Bones	BONE
1748	Boob.007.R	Breast Bones	BONE
1749	Boob.008.L	Breast Bones	BONE
1750	Boob.008.R	Breast Bones	BONE
1751	Boob.009.L	Breast Bones	BONE
1752	Boob.009.R	Breast Bones	BONE
1753	Boob.010.L	Breast Bones	BONE
1754	Boob.010.R	Breast Bones	BONE
1755	Boob.011.L	Breast Bones	BONE
1756	Boob.011.R	Breast Bones	BONE
1757	Boob.012.L	Breast Bones	BONE
1758	Boob.012.R	Breast Bones	BONE
1759	Boob.013.L	Breast Bones	BONE
1760	Boob.013.R	Breast Bones	BONE
1761	Boob.014.L	Breast Bones	BONE
1762	Boob.014.R	Breast Bones	BONE
1763	Boob.015.L	Breast Bones	BONE
1764	Boob.015.R	Breast Bones	BONE
1765	Boob.016.L	Breast Bones	BONE
1766	Boob.016.R	Breast Bones	BONE
1767	Boob.017.L	Breast Bones	BONE
1768	Boob.017.R	Breast Bones	BONE
1769	Boob.018.L	Breast Bones	BONE
1770	Boob.018.R	Breast Bones	BONE
1771	Boob.019.L	Breast Bones	BONE
1772	Boob.019.R	Breast Bones	BONE
1773	Boob.020.L	Breast Bones	BONE
1774	Boob.020.R	Breast Bones	BONE
1775	Boob.021.L	Breast Bones	BONE
1776	Boob.021.R	Breast Bones	BONE
1777	Boob.022.L	Breast Bones	BONE
1778	Boob.022.R	Breast Bones	BONE
1779	Boob.023.L	Breast Bones	BONE
1780	Boob.023.R	Breast Bones	BONE
1781	Boob.024.L	Breast Bones	BONE
1782	Boob.024.R	Breast Bones	BONE
1783	Boob.025.L	Breast Bones	BONE
1784	Boob.025.R	Breast Bones	BONE
1785	Boob.026.L	Breast Bones	BONE
1786	Boob.026.R	Breast Bones	BONE
1787	Boob.027.L	Breast Bones	BONE
1788	Boob.027.R	Breast Bones	BONE
1789	Boob.028.L	Breast Bones	BONE
1790	Boob.028.R	Breast Bones	BONE
1791	Boob.029.L	Breast Bones	BONE
1792	Boob.029.R	Breast Bones	BONE
1793	Boob.030.L	Breast Bones	BONE
1794	Boob.030.R	Breast Bones	BONE
1795	Boob.L	Breast Bones	BONE
1796	Boob.R	Breast Bones	BONE
1797	Boob_000_L	Breast Bones	BONE
1798	Boob_000_R	Breast Bones	BONE
1799	Boob_0_L	Breast Bones	BONE
1800	Boob_0_R	Breast Bones	BONE
1801	Boob_001_L	Breast Bones	BONE
1802	Boob_001_R	Breast Bones	BONE
1803	Boob_1_L	Breast Bones	BONE
1804	Boob_1_R	Breast Bones	BONE
1805	Boob_002_L	Breast Bones	BONE
1806	Boob_002_R	Breast Bones	BONE
1807	Boob_2_L	Breast Bones	BONE
1808	Boob_2_R	Breast Bones	BONE
1809	L_boob_2	Breast Bones	BONE
1810	R_boob_2	Breast Bones	BONE
1811	Boob_003_L	Breast Bones	BONE
1812	Boob_003_R	Breast Bones	BONE
1813	Boob_3_L	Breast Bones	BONE
1814	Boob_3_R	Breast Bones	BONE
1815	Boob_004_L	Breast Bones	BONE
1816	Boob_004_R	Breast Bones	BONE
1817	Boob_4_L	Breast Bones	BONE
1818	Boob_4_R	Breast Bones	BONE
1819	Boob_005_L	Breast Bones	BONE
1820	Boob_005_R	Breast Bones	BONE
1821	Boob_5_L	Breast Bones	BONE
1822	Boob_5_R	Breast Bones	BONE
1823	Boob_006_L	Breast Bones	BONE
1824	Boob_006_R	Breast Bones	BONE
1825	Boob_6_L	Breast Bones	BONE
1826	Boob_6_R	Breast Bones	BONE
1827	Boob_007_L	Breast Bones	BONE
1828	Boob_007_R	Breast Bones	BONE
1829	Boob_7_L	Breast Bones	BONE
1830	Boob_7_R	Breast Bones	BONE
1831	Boob_008_L	Breast Bones	BONE
1832	Boob_008_R	Breast Bones	BONE
1833	Boob_8_L	Breast Bones	BONE
1834	Boob_8_R	Breast Bones	BONE
1835	Boob_009_L	Breast Bones	BONE
1836	Boob_009_R	Breast Bones	BONE
1837	Boob_9_L	Breast Bones	BONE
1838	Boob_9_R	Breast Bones	BONE
1839	Boob_010_L	Breast Bones	BONE
1840	Boob_010_R	Breast Bones	BONE
1841	Boob_10_L	Breast Bones	BONE
1842	Boob_10_R	Breast Bones	BONE
1843	Boob_011_L	Breast Bones	BONE
1844	Boob_011_R	Breast Bones	BONE
1845	Boob_012_L	Breast Bones	BONE
1846	Boob_012_R	Breast Bones	BONE
1847	Boob_013_L	Breast Bones	BONE
1848	Boob_013_R	Breast Bones	BONE
1849	Boob_014_L	Breast Bones	BONE
1850	Boob_014_R	Breast Bones	BONE
1851	Boob_015_L	Breast Bones	BONE
1852	Boob_015_R	Breast Bones	BONE
1853	Boob_016_L	Breast Bones	BONE
1854	Boob_016_R	Breast Bones	BONE
1855	Boob_017_L	Breast Bones	BONE
1856	Boob_017_R	Breast Bones	BONE
1857	Boob_018_L	Breast Bones	BONE
1858	Boob_018_R	Breast Bones	BONE
1859	Boob_019_L	Breast Bones	BONE
1860	Boob_019_R	Breast Bones	BONE
1861	Boob_020_L	Breast Bones	BONE
1862	Boob_020_R	Breast Bones	BONE
1863	Boob_021_L	Breast Bones	BONE
1864	Boob_021_R	Breast Bones	BONE
1865	Boob_022_L	Breast Bones	BONE
1866	Boob_022_R	Breast Bones	BONE
1867	Boob_023_L	Breast Bones	BONE
1868	Boob_023_R	Breast Bones	BONE
1869	Boob_024_L	Breast Bones	BONE
1870	Boob_024_R	Breast Bones	BONE
1871	Boob_025_L	Breast Bones	BONE
1872	Boob_025_R	Breast Bones	BONE
1873	Boob_026_L	Breast Bones	BONE
1874	Boob_026_R	Breast Bones	BONE
1875	Boob_027_L	Breast Bones	BONE
1876	Boob_027_R	Breast Bones	BONE
1877	Boob_028_L	Breast Bones	BONE
1878	Boob_028_R	Breast Bones	BONE
1879	Boob_029_L	Breast Bones	BONE
1880	Boob_029_R	Breast Bones	BONE
1881	Boob_030_L	Breast Bones	BONE
1882	Boob_030_R	Breast Bones	BONE
1883	boob_base_L	Breast Bones	BONE
1884	boob_base_R	Breast Bones	BONE
1885	L_boob_bottem	Breast Bones	BONE
1886	R_boob_bottem	Breast Bones	BONE
1887	Boob_L	Breast Bones	BONE
1888	boob_L2	Breast Bones	BONE
1889	Boob_L.001	Breast Bones	BONE
1890	Boob_L_0	Breast Bones	BONE
1891	Boob_L_1	Breast Bones	BONE
1892	Boob_L_2	Breast Bones	BONE
1893	Boob_L_3	Breast Bones	BONE
1894	Boob_L_4	Breast Bones	BONE
1895	Boob_L_5	Breast Bones	BONE
1896	Boob_L_6	Breast Bones	BONE
1897	Boob_L_7	Breast Bones	BONE
1898	Boob_L_8	Breast Bones	BONE
1899	Boob_L_9	Breast Bones	BONE
1900	Boob_L_10	Breast Bones	BONE
1901	L_boob_left	Breast Bones	BONE
1902	R_boob_left	Breast Bones	BONE
1903	Boob_M_L	Breast Bones	BONE
1904	Boob_M_R	Breast Bones	BONE
1905	Boob_M0_L	Breast Bones	BONE
1906	Boob_M0_R	Breast Bones	BONE
1907	Boob_M1_L	Breast Bones	BONE
1908	Boob_M1_R	Breast Bones	BONE
1909	Boob_M2_L	Breast Bones	BONE
1910	Boob_M2_R	Breast Bones	BONE
1911	Boob_M3_L	Breast Bones	BONE
1912	Boob_M3_R	Breast Bones	BONE
1913	Boob_M4_L	Breast Bones	BONE
1914	Boob_M4_R	Breast Bones	BONE
1915	Boob_M5_L	Breast Bones	BONE
1916	Boob_M5_R	Breast Bones	BONE
1917	Boob_M6_L	Breast Bones	BONE
1918	Boob_M6_R	Breast Bones	BONE
1919	Boob_M7_L	Breast Bones	BONE
1920	Boob_M7_R	Breast Bones	BONE
1921	Boob_M8_L	Breast Bones	BONE
1922	Boob_M8_R	Breast Bones	BONE
1923	Boob_M9_L	Breast Bones	BONE
1924	Boob_M9_R	Breast Bones	BONE
1925	Boob_M10_L	Breast Bones	BONE
1926	Boob_M10_R	Breast Bones	BONE
1927	Boob_R	Breast Bones	BONE
1928	boob_R2	Breast Bones	BONE
1929	Boob_R.001	Breast Bones	BONE
1930	Boob_R_0	Breast Bones	BONE
1931	Boob_R_1	Breast Bones	BONE
1932	Boob_R_2	Breast Bones	BONE
1933	Boob_R_3	Breast Bones	BONE
1934	Boob_R_4	Breast Bones	BONE
1935	Boob_R_5	Breast Bones	BONE
1936	Boob_R_6	Breast Bones	BONE
1937	Boob_R_7	Breast Bones	BONE
1938	Boob_R_8	Breast Bones	BONE
1939	Boob_R_9	Breast Bones	BONE
1940	Boob_R_10	Breast Bones	BONE
1941	L_boob_right	Breast Bones	BONE
1942	R_boob_right	Breast Bones	BONE
1943	Boob_ROOT_L	Breast Bones	BONE
1944	Boob_ROOT_R	Breast Bones	BONE
1945	Boob_Root	Breast Bones	BONE
1946	L_boob_top	Breast Bones	BONE
1947	R_boob_top	Breast Bones	BONE
1948	booba.L	Breast Bones	BONE
1949	booba.R	Breast Bones	BONE
1950	booba2.L	Breast Bones	BONE
1951	booba2.R	Breast Bones	BONE
1952	boobl	Breast Bones	BONE
1953	BoobL0	Breast Bones	BONE
1954	BoobL1	Breast Bones	BONE
1955	BoobL2	Breast Bones	BONE
1956	BoobL3	Breast Bones	BONE
1957	BoobL4	Breast Bones	BONE
1958	BoobL5	Breast Bones	BONE
1959	BoobL6	Breast Bones	BONE
1960	BoobL7	Breast Bones	BONE
1961	BoobL8	Breast Bones	BONE
1962	BoobL9	Breast Bones	BONE
1963	BoobL10	Breast Bones	BONE
1964	boobr	Breast Bones	BONE
1965	BoobR0	Breast Bones	BONE
1966	BoobR1	Breast Bones	BONE
1967	BoobR2	Breast Bones	BONE
1968	BoobR3	Breast Bones	BONE
1969	BoobR4	Breast Bones	BONE
1970	BoobR5	Breast Bones	BONE
1971	BoobR6	Breast Bones	BONE
1972	BoobR7	Breast Bones	BONE
1973	BoobR8	Breast Bones	BONE
1974	BoobR9	Breast Bones	BONE
1975	BoobR10	Breast Bones	BONE
1976	Boobs_L	Breast Bones	BONE
1977	Boobs_R	Breast Bones	BONE
1978	Boobs_0.L	Breast Bones	BONE
1979	Boobs_0.R	Breast Bones	BONE
1980	Boobs_0_L	Breast Bones	BONE
1981	Boobs_0_R	Breast Bones	BONE
1982	Boobs_1.L	Breast Bones	BONE
1983	Boobs_1.R	Breast Bones	BONE
1984	Boobs_2.L	Breast Bones	BONE
1985	Boobs_2.R	Breast Bones	BONE
1986	Boobs_Base	Breast Bones	BONE
1987	BoobsRoot	Breast Bones	BONE
1988	booty_L	Butt Bones	BONE
1989	booty_R	Butt Bones	BONE
1990	Bottom Pussy	Vagina Bones	BONE
1991	braceanus	Anus Bones	BONE
1992	braceanusB	Anus Bones	BONE
1993	bracevagina	Vagina Bones	BONE
1994	bracevaginaL	Vagina Bones	BONE
1995	bracevaginaR	Vagina Bones	BONE
1996	breast.L	Breast Bones	BONE
1997	breast.R	Breast Bones	BONE
1998	breast	Breast Bones	BONE
1999	Breast00_L	Breast Bones	BONE
2000	Breast00_R	Breast Bones	BONE
2001	Breast00_L.000	Breast Bones	BONE
2002	Breast00_L.001	Breast Bones	BONE
2003	Breast00_L.002	Breast Bones	BONE
2004	Breast00_L.003	Breast Bones	BONE
2005	Breast00_L.004	Breast Bones	BONE
2006	Breast00_L.005	Breast Bones	BONE
2007	Breast00_L.006	Breast Bones	BONE
2008	Breast00_L.007	Breast Bones	BONE
2009	Breast00_L.008	Breast Bones	BONE
2010	Breast00_L.009	Breast Bones	BONE
2011	Breast00_L.010	Breast Bones	BONE
2012	Breast00_R.000	Breast Bones	BONE
2013	Breast00_R.001	Breast Bones	BONE
2014	Breast00_R.002	Breast Bones	BONE
2015	Breast00_R.003	Breast Bones	BONE
2016	Breast00_R.004	Breast Bones	BONE
2017	Breast00_R.005	Breast Bones	BONE
2018	Breast00_R.006	Breast Bones	BONE
2019	Breast00_R.007	Breast Bones	BONE
2020	Breast00_R.008	Breast Bones	BONE
2021	Breast00_R.009	Breast Bones	BONE
2022	Breast00_R.010	Breast Bones	BONE
2023	breast01.L	Breast Bones	BONE
2024	breast01.R	Breast Bones	BONE
2025	Breast1.L	Breast Bones	BONE
2026	Breast1.R	Breast Bones	BONE
2027	Breast1_L	Breast Bones	BONE
2028	Breast1_L_J	Breast Bones	BONE
2029	Breast1_R	Breast Bones	BONE
2030	Breast1_R_J	Breast Bones	BONE
2031	breast02.L	Breast Bones	BONE
2032	breast02.R	Breast Bones	BONE
2033	Breast2.L	Breast Bones	BONE
2034	Breast2.R	Breast Bones	BONE
2035	Breast2_L	Breast Bones	BONE
2036	Breast2_L_J	Breast Bones	BONE
2037	Breast2_R	Breast Bones	BONE
2038	Breast2_R.001	Breast Bones	BONE
2039	Breast2_R_J	Breast Bones	BONE
2040	breast03.L	Breast Bones	BONE
2041	breast03.R	Breast Bones	BONE
2042	Breast3.L	Breast Bones	BONE
2043	Breast3.R	Breast Bones	BONE
2044	Breast3_L	Breast Bones	BONE
2045	Breast3_R	Breast Bones	BONE
2046	Breast4.L	Breast Bones	BONE
2047	Breast4.R	Breast Bones	BONE
2048	Breast4_L	Breast Bones	BONE
2049	Breast4_R	Breast Bones	BONE
2050	Breast5_L	Breast Bones	BONE
2051	Breast5_R	Breast Bones	BONE
2052	Breast6_L	Breast Bones	BONE
2053	Breast6_R	Breast Bones	BONE
2054	Breast7_L	Breast Bones	BONE
2055	Breast7_R	Breast Bones	BONE
2056	Breast8_L	Breast Bones	BONE
2057	Breast8_R	Breast Bones	BONE
2058	Breast9_L	Breast Bones	BONE
2059	Breast9_R	Breast Bones	BONE
2060	Breast10_L	Breast Bones	BONE
2061	Breast10_R	Breast Bones	BONE
2062	Breast Left	Breast Bones	BONE
2063	Breast Right	Breast Bones	BONE
2064	breast left 1	Breast Bones	BONE
2065	breast right 1	Breast Bones	BONE
2066	breast left 2	Breast Bones	BONE
2067	breast right 2	Breast Bones	BONE
2068	breast left 3	Breast Bones	BONE
2069	breast right 3	Breast Bones	BONE
2070	breast left 3a	Breast Bones	BONE
2071	breast right 3a	Breast Bones	BONE
2072	breast left 3b	Breast Bones	BONE
2073	breast right 3b	Breast Bones	BONE
2074	breast left 3c	Breast Bones	BONE
2075	breast right 3c	Breast Bones	BONE
2076	breast left 3d	Breast Bones	BONE
2077	breast right 3d	Breast Bones	BONE
2078	breast left 3e	Breast Bones	BONE
2079	breast right 3e	Breast Bones	BONE
2080	breast left 4	Breast Bones	BONE
2081	breast right 4	Breast Bones	BONE
2082	breast left 5	Breast Bones	BONE
2083	breast right 5	Breast Bones	BONE
2084	breast left a	Breast Bones	BONE
2085	breast right a	Breast Bones	BONE
2086	breast left adjB	Breast Bones	BONE
2087	breast right adjB	Breast Bones	BONE
2088	breast left adjL	Breast Bones	BONE
2089	breast right adjL	Breast Bones	BONE
2090	breast left adjR	Breast Bones	BONE
2091	breast right adjR	Breast Bones	BONE
2092	breast left adjU	Breast Bones	BONE
2093	breast right adjU	Breast Bones	BONE
2094	breast left b	Breast Bones	BONE
2095	breast right b	Breast Bones	BONE
2096	breast left base	Breast Bones	BONE
2097	breast right base	Breast Bones	BONE
2098	breast left c	Breast Bones	BONE
2099	breast right c	Breast Bones	BONE
2100	breast left d	Breast Bones	BONE
2101	breast right d	Breast Bones	BONE
2102	breast left e	Breast Bones	BONE
2103	breast right e	Breast Bones	BONE
2104	breast left nipple	Breast Bones	BONE
2105	breast right nipple	Breast Bones	BONE
2106	breast left nipple 1	Breast Bones	BONE
2107	breast right nipple 1	Breast Bones	BONE
2108	breast left nipple 2	Breast Bones	BONE
2109	breast right nipple 2	Breast Bones	BONE
2110	breast left root	Breast Bones	BONE
2111	breast right root	Breast Bones	BONE
2112	breast left tip	Breast Bones	BONE
2113	breast right tip	Breast Bones	BONE
2114	breast left top 1	Breast Bones	BONE
2115	breast right top 1	Breast Bones	BONE
2116	breast left top 2	Breast Bones	BONE
2117	breast right top 2	Breast Bones	BONE
2118	breast a left	Breast Bones	BONE
2119	breast a right	Breast Bones	BONE
2120	breast b left	Breast Bones	BONE
2121	breast b right	Breast Bones	BONE
2122	breast c left	Breast Bones	BONE
2123	breast c right	Breast Bones	BONE
2124	breast d left	Breast Bones	BONE
2125	breast d right	Breast Bones	BONE
2126	breast e left	Breast Bones	BONE
2127	breast e right	Breast Bones	BONE
2128	Breast L	Breast Bones	BONE
2129	Breast L1	Breast Bones	BONE
2130	Breast L.000	Breast Bones	BONE
2131	Breast L.001	Breast Bones	BONE
2132	Breast L.002	Breast Bones	BONE
2133	Breast L.003	Breast Bones	BONE
2134	Breast L.004	Breast Bones	BONE
2135	Breast L.005	Breast Bones	BONE
2136	Breast L.006	Breast Bones	BONE
2137	Breast L.007	Breast Bones	BONE
2138	Breast L.008	Breast Bones	BONE
2139	Breast L.009	Breast Bones	BONE
2140	Breast L.010	Breast Bones	BONE
2141	Breast Left0	Breast Bones	BONE
2142	Breast Left1	Breast Bones	BONE
2143	Breast Left2	Breast Bones	BONE
2144	Breast Left3	Breast Bones	BONE
2145	Breast Left4	Breast Bones	BONE
2146	Breast Left5	Breast Bones	BONE
2147	Breast Left6	Breast Bones	BONE
2148	Breast Left7	Breast Bones	BONE
2149	Breast Left8	Breast Bones	BONE
2150	Breast Left9	Breast Bones	BONE
2151	BREAST MUSCLE.L	Breast Bones	BONE
2152	BREAST MUSCLE.R	Breast Bones	BONE
2153	Breast R	Breast Bones	BONE
2154	Breast R1	Breast Bones	BONE
2155	Breast R.000	Breast Bones	BONE
2156	Breast R.001	Breast Bones	BONE
2157	Breast R.002	Breast Bones	BONE
2158	Breast R.003	Breast Bones	BONE
2159	Breast R.004	Breast Bones	BONE
2160	Breast R.005	Breast Bones	BONE
2161	Breast R.006	Breast Bones	BONE
2162	Breast R.007	Breast Bones	BONE
2163	Breast R.008	Breast Bones	BONE
2164	Breast R.009	Breast Bones	BONE
2165	Breast R.010	Breast Bones	BONE
2166	Breast Right0	Breast Bones	BONE
2167	Breast Right1	Breast Bones	BONE
2168	Breast Right2	Breast Bones	BONE
2169	Breast Right3	Breast Bones	BONE
2170	Breast Right4	Breast Bones	BONE
2171	Breast Right5	Breast Bones	BONE
2172	Breast Right6	Breast Bones	BONE
2173	Breast Right7	Breast Bones	BONE
2174	Breast Right8	Breast Bones	BONE
2175	Breast Right9	Breast Bones	BONE
2176	breast.000.L	Breast Bones	BONE
2177	breast.000.R	Breast Bones	BONE
2178	Breast.00.l	Breast Bones	BONE
2179	Breast.00.R	Breast Bones	BONE
2180	Breast.00_L	Breast Bones	BONE
2181	Breast.00_R	Breast Bones	BONE
2182	breast.001.L	Breast Bones	BONE
2183	breast.001.R	Breast Bones	BONE
2184	Breast.01.l	Breast Bones	BONE
2185	Breast.01.R	Breast Bones	BONE
2186	Breast.01_L	Breast Bones	BONE
2187	Breast.01_R	Breast Bones	BONE
2188	breast.002.L	Breast Bones	BONE
2189	breast.002.R	Breast Bones	BONE
2190	Breast.02.l	Breast Bones	BONE
2191	Breast.02.R	Breast Bones	BONE
2192	Breast.02_L	Breast Bones	BONE
2193	Breast.02_R	Breast Bones	BONE
2194	breast.003.L	Breast Bones	BONE
2195	breast.003.R	Breast Bones	BONE
2196	Breast.03.l	Breast Bones	BONE
2197	Breast.03.R	Breast Bones	BONE
2198	Breast.03_L	Breast Bones	BONE
2199	Breast.03_R	Breast Bones	BONE
2200	breast.004.L	Breast Bones	BONE
2201	breast.004.R	Breast Bones	BONE
2202	Breast.04.l	Breast Bones	BONE
2203	Breast.04.R	Breast Bones	BONE
2204	Breast.04_L	Breast Bones	BONE
2205	Breast.04_R	Breast Bones	BONE
2206	breast.005.L	Breast Bones	BONE
2207	breast.005.R	Breast Bones	BONE
2208	Breast.05.l	Breast Bones	BONE
2209	Breast.05.R	Breast Bones	BONE
2210	Breast.05_L	Breast Bones	BONE
2211	Breast.05_R	Breast Bones	BONE
2212	breast.006.L	Breast Bones	BONE
2213	breast.006.R	Breast Bones	BONE
2214	Breast.06.l	Breast Bones	BONE
2215	Breast.06.R	Breast Bones	BONE
2216	Breast.06_L	Breast Bones	BONE
2217	Breast.06_R	Breast Bones	BONE
2218	breast.007.L	Breast Bones	BONE
2219	breast.007.R	Breast Bones	BONE
2220	Breast.07.l	Breast Bones	BONE
2221	Breast.07.R	Breast Bones	BONE
2222	Breast.07_L	Breast Bones	BONE
2223	Breast.07_R	Breast Bones	BONE
2224	breast.008.L	Breast Bones	BONE
2225	breast.008.R	Breast Bones	BONE
2226	Breast.08.l	Breast Bones	BONE
2227	Breast.08.R	Breast Bones	BONE
2228	Breast.08_L	Breast Bones	BONE
2229	Breast.08_R	Breast Bones	BONE
2230	breast.009.L	Breast Bones	BONE
2231	breast.009.R	Breast Bones	BONE
2232	Breast.09.l	Breast Bones	BONE
2233	Breast.09.R	Breast Bones	BONE
2234	Breast.09_L	Breast Bones	BONE
2235	Breast.09_R	Breast Bones	BONE
2236	breast.010.L	Breast Bones	BONE
2237	breast.010.R	Breast Bones	BONE
2238	Breast.10.l	Breast Bones	BONE
2239	Breast.10.R	Breast Bones	BONE
2240	Breast.10_L	Breast Bones	BONE
2241	Breast.10_R	Breast Bones	BONE
2242	Breast.11_L	Breast Bones	BONE
2243	Breast.11_R	Breast Bones	BONE
2244	Breast.12_L	Breast Bones	BONE
2245	Breast.12_R	Breast Bones	BONE
2246	Breast.13_L	Breast Bones	BONE
2247	Breast.13_R	Breast Bones	BONE
2248	Breast.14_L	Breast Bones	BONE
2249	Breast.14_R	Breast Bones	BONE
2250	Breast.15_L	Breast Bones	BONE
2251	Breast.15_R	Breast Bones	BONE
2252	Breast.16_L	Breast Bones	BONE
2253	Breast.16_R	Breast Bones	BONE
2254	Breast.17_L	Breast Bones	BONE
2255	Breast.17_R	Breast Bones	BONE
2256	Breast.18_L	Breast Bones	BONE
2257	Breast.18_R	Breast Bones	BONE
2258	Breast.19_L	Breast Bones	BONE
2259	Breast.19_R	Breast Bones	BONE
2260	Breast.20_L	Breast Bones	BONE
2261	Breast.20_R	Breast Bones	BONE
2262	breast.Inner.L	Breast Bones	BONE
2263	breast.Inner.R	Breast Bones	BONE
2264	Breast.Jig.L	Breast Bones	BONE
2265	Breast.Jig.R	Breast Bones	BONE
2266	breast.L0	Breast Bones	BONE
2267	breast.L1	Breast Bones	BONE
2268	breast.L2	Breast Bones	BONE
2269	breast.L3	Breast Bones	BONE
2270	breast.L4	Breast Bones	BONE
2271	breast.L5	Breast Bones	BONE
2272	breast.L6	Breast Bones	BONE
2273	breast.L7	Breast Bones	BONE
2274	breast.L8	Breast Bones	BONE
2275	breast.L9	Breast Bones	BONE
2276	breast.L10	Breast Bones	BONE
2277	breast.L11	Breast Bones	BONE
2278	Breast.L.000	Breast Bones	BONE
2279	Breast.L.001	Breast Bones	BONE
2280	Breast.L.002	Breast Bones	BONE
2281	Breast.L.003	Breast Bones	BONE
2282	Breast.L.004	Breast Bones	BONE
2283	Breast.L.005	Breast Bones	BONE
2284	Breast.L.006	Breast Bones	BONE
2285	Breast.L.007	Breast Bones	BONE
2286	Breast.L.008	Breast Bones	BONE
2287	Breast.L.009	Breast Bones	BONE
2288	Breast.L.010	Breast Bones	BONE
2289	breast.L.Root	Breast Bones	BONE
2290	breast.Lower.L	Breast Bones	BONE
2291	breast.Lower.R	Breast Bones	BONE
2292	breast.Outer.L	Breast Bones	BONE
2293	breast.Outer.R	Breast Bones	BONE
2294	breast.R0	Breast Bones	BONE
2295	breast.R1	Breast Bones	BONE
2296	breast.R2	Breast Bones	BONE
2297	Breast.R3	Breast Bones	BONE
2298	breast.R3	Breast Bones	BONE
2299	breast.R4	Breast Bones	BONE
2300	breast.R5	Breast Bones	BONE
2301	breast.R6	Breast Bones	BONE
2302	breast.R7	Breast Bones	BONE
2303	breast.R8	Breast Bones	BONE
2304	breast.R9	Breast Bones	BONE
2305	breast.R10	Breast Bones	BONE
2306	breast.R11	Breast Bones	BONE
2307	Breast.R.000	Breast Bones	BONE
2308	Breast.R.001	Breast Bones	BONE
2309	breast.R.001	Breast Bones	BONE
2310	Breast.R.002	Breast Bones	BONE
2311	Breast.R.003	Breast Bones	BONE
2312	Breast.R.004	Breast Bones	BONE
2313	Breast.R.005	Breast Bones	BONE
2314	Breast.R.006	Breast Bones	BONE
2315	Breast.R.007	Breast Bones	BONE
2316	Breast.R.008	Breast Bones	BONE
2317	Breast.R.009	Breast Bones	BONE
2318	Breast.R.010	Breast Bones	BONE
2319	breast.R.Root	Breast Bones	BONE
2320	Breast.Root.L	Breast Bones	BONE
2321	Breast.Root.R	Breast Bones	BONE
2322	breast.Top.L	Breast Bones	BONE
2323	breast.Top.R	Breast Bones	BONE
2324	breast_0.L	Breast Bones	BONE
2325	breast_0.R	Breast Bones	BONE
2326	Breast_01.L	Breast Bones	BONE
2327	Breast_01.R	Breast Bones	BONE
2328	Breast_1_L	Breast Bones	BONE
2329	Breast_1_R	Breast Bones	BONE
2330	breast_1.L	Breast Bones	BONE
2331	breast_1.R	Breast Bones	BONE
2332	Breast_02.L	Breast Bones	BONE
2333	Breast_02.R	Breast Bones	BONE
2334	Breast_2_L	Breast Bones	BONE
2335	Breast_2_R	Breast Bones	BONE
2336	breast_2.L	Breast Bones	BONE
2337	breast_2.R	Breast Bones	BONE
2338	Breast_2_Left	Breast Bones	BONE
2339	Breast_2_Right	Breast Bones	BONE
2340	breast_3.L	Breast Bones	BONE
2341	breast_3.R	Breast Bones	BONE
2342	Breast_3_Left	Breast Bones	BONE
2343	Breast_3_Right	Breast Bones	BONE
2344	breast_4.L	Breast Bones	BONE
2345	breast_4.R	Breast Bones	BONE
2346	Breast_4_Left	Breast Bones	BONE
2347	Breast_4_Right	Breast Bones	BONE
2348	breast_5.L	Breast Bones	BONE
2349	breast_5.R	Breast Bones	BONE
2350	Breast_5_Left	Breast Bones	BONE
2351	Breast_5_Right	Breast Bones	BONE
2352	breast_6.L	Breast Bones	BONE
2353	breast_6.R	Breast Bones	BONE
2354	breast_7.L	Breast Bones	BONE
2355	breast_7.R	Breast Bones	BONE
2356	breast_8.L	Breast Bones	BONE
2357	breast_8.R	Breast Bones	BONE
2358	breast_9.L	Breast Bones	BONE
2359	breast_9.R	Breast Bones	BONE
2360	breast_10.L	Breast Bones	BONE
2361	breast_10.R	Breast Bones	BONE
2362	Breast_A.L	Breast Bones	BONE
2363	Breast_A.R	Breast Bones	BONE
2364	Breast_Adjust_L	Breast Bones	BONE
2365	Breast_Adjust_R	Breast Bones	BONE
2366	breast_adjust	Breast Bones	BONE
2367	Breast_Adjust_01.L	Breast Bones	BONE
2368	Breast_Adjust_01.R	Breast Bones	BONE
2369	Breast_Adjust_02.L	Breast Bones	BONE
2370	Breast_Adjust_02.R	Breast Bones	BONE
2371	Breast_Adjust_03.L	Breast Bones	BONE
2372	Breast_Adjust_03.R	Breast Bones	BONE
2373	Breast_Adjust_04.L	Breast Bones	BONE
2374	Breast_Adjust_04.R	Breast Bones	BONE
2375	Breast_B.L	Breast Bones	BONE
2376	Breast_B.R	Breast Bones	BONE
2377	Breast_Base_L	Breast Bones	BONE
2378	Breast_Base_R	Breast Bones	BONE
2379	breast_base.L	Breast Bones	BONE
2380	breast_base.R	Breast Bones	BONE
2381	Breast_base	Breast Bones	BONE
2382	breast_BLP	Breast Bones	BONE
2383	Breast_C	Breast Bones	BONE
2384	Breast_Control_L	Breast Bones	BONE
2385	Breast_Control_R	Breast Bones	BONE
2386	Breast_JiggleAdjust_L	Breast Bones	BONE
2387	Breast_JiggleAdjust_R	Breast Bones	BONE
2388	Breast_L	Breast Bones	BONE
2389	Breast_L0	Breast Bones	BONE
2390	Breast_L00	Breast Bones	BONE
2391	Breast_L01	Breast Bones	BONE
2392	Breast_L1	Breast Bones	BONE
2393	Breast_L02	Breast Bones	BONE
2394	Breast_L2	Breast Bones	BONE
2395	Breast_L03	Breast Bones	BONE
2396	Breast_L3	Breast Bones	BONE
2397	Breast_L04	Breast Bones	BONE
2398	Breast_L4	Breast Bones	BONE
2399	Breast_L05	Breast Bones	BONE
2400	Breast_L5	Breast Bones	BONE
2401	Breast_L06	Breast Bones	BONE
2402	Breast_L6	Breast Bones	BONE
2403	Breast_L07	Breast Bones	BONE
2404	Breast_L7	Breast Bones	BONE
2405	Breast_L08	Breast Bones	BONE
2406	Breast_L8	Breast Bones	BONE
2407	Breast_L09	Breast Bones	BONE
2408	Breast_L9	Breast Bones	BONE
2409	Breast_L10	Breast Bones	BONE
2410	breast_L.001	Breast Bones	BONE
2411	breast_L.002	Breast Bones	BONE
2412	Breast_L_0	Breast Bones	BONE
2413	Breast_L_00	Breast Bones	BONE
2414	Breast_L_000	Breast Bones	BONE
2415	Breast_L_001	Breast Bones	BONE
2416	Breast_L_01	Breast Bones	BONE
2417	Breast_L_1	Breast Bones	BONE
2418	Breast_L_002	Breast Bones	BONE
2419	Breast_L_02	Breast Bones	BONE
2420	Breast_L_2	Breast Bones	BONE
2421	Breast_L_003	Breast Bones	BONE
2422	Breast_L_03	Breast Bones	BONE
2423	Breast_L_3	Breast Bones	BONE
2424	Breast_L_004	Breast Bones	BONE
2425	Breast_L_04	Breast Bones	BONE
2426	Breast_L_4	Breast Bones	BONE
2427	Breast_L_005	Breast Bones	BONE
2428	Breast_L_05	Breast Bones	BONE
2429	Breast_L_5	Breast Bones	BONE
2430	Breast_L_006	Breast Bones	BONE
2431	Breast_L_06	Breast Bones	BONE
2432	Breast_L_6	Breast Bones	BONE
2433	Breast_L_007	Breast Bones	BONE
2434	Breast_L_07	Breast Bones	BONE
2435	Breast_L_7	Breast Bones	BONE
2436	Breast_L_008	Breast Bones	BONE
2437	Breast_L_08	Breast Bones	BONE
2438	Breast_L_8	Breast Bones	BONE
2439	Breast_L_009	Breast Bones	BONE
2440	Breast_L_09	Breast Bones	BONE
2441	Breast_L_9	Breast Bones	BONE
2442	Breast_L_010	Breast Bones	BONE
2443	Breast_L_10	Breast Bones	BONE
2444	Breast_L_011	Breast Bones	BONE
2445	Breast_L_11	Breast Bones	BONE
2446	Breast_L_012	Breast Bones	BONE
2447	Breast_L_12	Breast Bones	BONE
2448	Breast_L_013	Breast Bones	BONE
2449	Breast_L_13	Breast Bones	BONE
2450	Breast_L_014	Breast Bones	BONE
2451	Breast_L_14	Breast Bones	BONE
2452	Breast_L_015	Breast Bones	BONE
2453	Breast_L_15	Breast Bones	BONE
2454	Breast_L_016	Breast Bones	BONE
2455	Breast_L_017	Breast Bones	BONE
2456	Breast_L_018	Breast Bones	BONE
2457	Breast_L_019	Breast Bones	BONE
2458	Breast_L_020	Breast Bones	BONE
2459	Breast_L_Bottom	Breast Bones	BONE
2460	Breast_L_Control	Breast Bones	BONE
2461	Breast_L_In	Breast Bones	BONE
2462	Breast_L_Jiggleadjust	Breast Bones	BONE
2463	Breast_L_Nipple	Breast Bones	BONE
2464	Breast_L_Out	Breast Bones	BONE
2465	Breast_L_Pa	Breast Bones	BONE
2466	Breast_L_root	Breast Bones	BONE
2467	Breast_L_Top	Breast Bones	BONE
2468	breast_left	Breast Bones	BONE
2469	breast_left2	Breast Bones	BONE
2470	Breast_Left_0	Breast Bones	BONE
2471	Breast_Left_0_jiggle	Breast Bones	BONE
2472	Breast_Left_0_jiggle_root	Breast Bones	BONE
2473	Breast_Left_1	Breast Bones	BONE
2474	Breast_Left_1_jiggle	Breast Bones	BONE
2475	breast_left_1a	Breast Bones	BONE
2476	breast_left_1b	Breast Bones	BONE
2477	breast_left_adj_1	Breast Bones	BONE
2478	breast_left_adj_2	Breast Bones	BONE
2479	breast_left_adj_3	Breast Bones	BONE
2480	breast_left_adj_4	Breast Bones	BONE
2481	breast_left_adj_5	Breast Bones	BONE
2482	breast_Mid_L	Breast Bones	BONE
2483	breast_Mid_R	Breast Bones	BONE
2484	breast_nipp_L	Breast Bones	BONE
2485	breast_nipp_R	Breast Bones	BONE
2486	Breast_Nipple_L	Breast Bones	BONE
2487	Breast_Nipple_R	Breast Bones	BONE
2488	Breast_NippleControl_L	Breast Bones	BONE
2489	Breast_NippleControl_R	Breast Bones	BONE
2490	Breast_Offset_L	Breast Bones	BONE
2491	Breast_Offset_R	Breast Bones	BONE
2492	Breast_R	Breast Bones	BONE
2493	Breast_R0	Breast Bones	BONE
2494	Breast_R00	Breast Bones	BONE
2495	Breast_R01	Breast Bones	BONE
2496	Breast_R1	Breast Bones	BONE
2497	Breast_R02	Breast Bones	BONE
2498	Breast_R2	Breast Bones	BONE
2499	Breast_R03	Breast Bones	BONE
2500	Breast_R3	Breast Bones	BONE
2501	Breast_R04	Breast Bones	BONE
2502	Breast_R4	Breast Bones	BONE
2503	Breast_R05	Breast Bones	BONE
2504	Breast_R5	Breast Bones	BONE
2505	Breast_R06	Breast Bones	BONE
2506	Breast_R6	Breast Bones	BONE
2507	Breast_R07	Breast Bones	BONE
2508	Breast_R7	Breast Bones	BONE
2509	Breast_R08	Breast Bones	BONE
2510	Breast_R8	Breast Bones	BONE
2511	Breast_R09	Breast Bones	BONE
2512	Breast_R9	Breast Bones	BONE
2513	Breast_R10	Breast Bones	BONE
2514	breast_R.001	Breast Bones	BONE
2515	breast_R.002	Breast Bones	BONE
2516	Breast_R_0	Breast Bones	BONE
2517	Breast_R_00	Breast Bones	BONE
2518	Breast_R_000	Breast Bones	BONE
2519	Breast_R_001	Breast Bones	BONE
2520	Breast_R_01	Breast Bones	BONE
2521	Breast_R_1	Breast Bones	BONE
2522	Breast_R_002	Breast Bones	BONE
2523	Breast_R_02	Breast Bones	BONE
2524	Breast_R_2	Breast Bones	BONE
2525	Breast_R_003	Breast Bones	BONE
2526	Breast_R_03	Breast Bones	BONE
2527	Breast_R_3	Breast Bones	BONE
2528	Breast_R_004	Breast Bones	BONE
2529	Breast_R_04	Breast Bones	BONE
2530	Breast_R_4	Breast Bones	BONE
2531	Breast_R_005	Breast Bones	BONE
2532	Breast_R_05	Breast Bones	BONE
2533	Breast_R_5	Breast Bones	BONE
2534	Breast_R_006	Breast Bones	BONE
2535	Breast_R_06	Breast Bones	BONE
2536	Breast_R_6	Breast Bones	BONE
2537	Breast_R_007	Breast Bones	BONE
2538	Breast_R_07	Breast Bones	BONE
2539	Breast_R_7	Breast Bones	BONE
2540	Breast_R_008	Breast Bones	BONE
2541	Breast_R_08	Breast Bones	BONE
2542	Breast_R_8	Breast Bones	BONE
2543	Breast_R_009	Breast Bones	BONE
2544	Breast_R_09	Breast Bones	BONE
2545	Breast_R_9	Breast Bones	BONE
2546	Breast_R_010	Breast Bones	BONE
2547	Breast_R_10	Breast Bones	BONE
2548	Breast_R_011	Breast Bones	BONE
2549	Breast_R_11	Breast Bones	BONE
2550	Breast_R_012	Breast Bones	BONE
2551	Breast_R_12	Breast Bones	BONE
2552	Breast_R_013	Breast Bones	BONE
2553	Breast_R_13	Breast Bones	BONE
2554	Breast_R_014	Breast Bones	BONE
2555	Breast_R_14	Breast Bones	BONE
2556	Breast_R_015	Breast Bones	BONE
2557	Breast_R_15	Breast Bones	BONE
2558	Breast_R_016	Breast Bones	BONE
2559	Breast_R_017	Breast Bones	BONE
2560	Breast_R_018	Breast Bones	BONE
2561	Breast_R_019	Breast Bones	BONE
2562	Breast_R_020	Breast Bones	BONE
2563	Breast_R_Bottom	Breast Bones	BONE
2564	Breast_R_Control	Breast Bones	BONE
2565	Breast_R_In	Breast Bones	BONE
2566	Breast_R_Jiggleadjust	Breast Bones	BONE
2567	Breast_R_Nipple	Breast Bones	BONE
2568	Breast_R_Out	Breast Bones	BONE
2569	Breast_R_Pa	Breast Bones	BONE
2570	Breast_R_root	Breast Bones	BONE
2571	Breast_R_Top	Breast Bones	BONE
2572	Breast_Right	Breast Bones	BONE
2573	breast_Right	Breast Bones	BONE
2574	breast_right	Breast Bones	BONE
2575	breast_right2	Breast Bones	BONE
2576	Breast_Right_0	Breast Bones	BONE
2577	Breast_Right_0_jiggle	Breast Bones	BONE
2578	Breast_Right_0_jiggle_root	Breast Bones	BONE
2579	Breast_Right_1	Breast Bones	BONE
2580	Breast_Right_1_jiggle	Breast Bones	BONE
2581	breast_right_1a	Breast Bones	BONE
2582	breast_right_1b	Breast Bones	BONE
2583	breast_right_adj_1	Breast Bones	BONE
2584	breast_right_adj_2	Breast Bones	BONE
2585	breast_right_adj_3	Breast Bones	BONE
2586	breast_right_adj_4	Breast Bones	BONE
2587	breast_right_adj_5	Breast Bones	BONE
2588	Breast_Round trip1_L	Breast Bones	BONE
2589	Breast_Round trip1_R	Breast Bones	BONE
2590	Breast_Round trip2_L	Breast Bones	BONE
2591	Breast_Round trip2_R	Breast Bones	BONE
2592	Breast_å¾€å¾©1_L	Breast Bones	BONE
2593	Breast_å¾€å¾©1_R	Breast Bones	BONE
2594	Breast_å¾€å¾©2_L	Breast Bones	BONE
2595	Breast_å¾€å¾©2_R	Breast Bones	BONE
2596	Breast_往復1_L	Breast Bones	BONE
2597	Breast_往復1_R	Breast Bones	BONE
2598	Breast_往復2_L	Breast Bones	BONE
2599	Breast_往復2_R	Breast Bones	BONE
2600	Breastbone1_L	Breast Bones	BONE
2601	Breastbone1_R	Breast Bones	BONE
2602	Breastbone2_L	Breast Bones	BONE
2603	Breastbone2_R	Breast Bones	BONE
2604	Breastbone3_L	Breast Bones	BONE
2605	Breastbone3_R	Breast Bones	BONE
2606	Breastbone4_L	Breast Bones	BONE
2607	Breastbone4_R	Breast Bones	BONE
2608	BreastC	Breast Bones	BONE
2609	L_BreastDriver	Breast Bones	BONE
2610	R_BreastDriver	Breast Bones	BONE
2611	BreastHelper_L	Breast Bones	BONE
2612	BreastHelper_R	Breast Bones	BONE
2613	BreastJiggle_L	Breast Bones	BONE
2614	BreastJiggle_R	Breast Bones	BONE
2615	Breastjiggle.L	Breast Bones	BONE
2616	Breastjiggle.R	Breast Bones	BONE
2617	BreastL	Breast Bones	BONE
2618	BreastL.001	Breast Bones	BONE
2619	BreastL.002	Breast Bones	BONE
2620	BreastL.Root	Breast Bones	BONE
2621	BreastLower_L	Breast Bones	BONE
2622	BreastLower_R	Breast Bones	BONE
2623	BreastParent_L	Breast Bones	BONE
2624	BreastParent_R	Breast Bones	BONE
2625	BreastR	Breast Bones	BONE
2626	BreastR.001	Breast Bones	BONE
2627	BreastR.002	Breast Bones	BONE
2628	BreastR.Root	Breast Bones	BONE
2629	BreastRigidBodyParent	Breast Bones	BONE
2630	breastRoot.L	Breast Bones	BONE
2631	breastRoot.R	Breast Bones	BONE
2632	BREASTS__a.L	Breast Bones	BONE
2633	BREASTS__a.R	Breast Bones	BONE
2634	BREASTS__b.L	Breast Bones	BONE
2635	BREASTS__b.R	Breast Bones	BONE
2636	BREASTS__c.L	Breast Bones	BONE
2637	BREASTS__c.R	Breast Bones	BONE
2638	breasts_adjust	Breast Bones	BONE
2639	Breasts_bottom_L	Breast Bones	BONE
2640	Breasts_bottom_R	Breast Bones	BONE
2641	Breasts_Root	Breast Bones	BONE
2642	Breasts_top_L	Breast Bones	BONE
2643	Breasts_top_R	Breast Bones	BONE
2644	BreastShakeAdjustment_FrontBack_L	Breast Bones	BONE
2645	BreastShakeAdjustment_FrontBack_R	Breast Bones	BONE
2646	BreastShakeAdjustment_UpperLower_L	Breast Bones	BONE
2647	BreastShakeAdjustment_UpperLower_R	Breast Bones	BONE
2648	BreastShakeAdjustment_X_L	Breast Bones	BONE
2649	BreastShakeAdjustment_X_R	Breast Bones	BONE
2650	BreastShakeAdjustment_Y_L	Breast Bones	BONE
2651	BreastShakeAdjustment_Y_R	Breast Bones	BONE
2652	BreastShakeAdjustment_Z_L	Breast Bones	BONE
2653	BreastShakeAdjustment_Z_R	Breast Bones	BONE
2654	breastsRoot	Breast Bones	BONE
2655	BreastSwingL	Breast Bones	BONE
2656	BreastSwingL0	Breast Bones	BONE
2657	BreastSwingL00	Breast Bones	BONE
2658	BreastSwingL01	Breast Bones	BONE
2659	BreastSwingL1	Breast Bones	BONE
2660	BreastSwingL02	Breast Bones	BONE
2661	BreastSwingL2	Breast Bones	BONE
2662	BreastSwingL03	Breast Bones	BONE
2663	BreastSwingL3	Breast Bones	BONE
2664	BreastSwingL04	Breast Bones	BONE
2665	BreastSwingL4	Breast Bones	BONE
2666	BreastSwingL05	Breast Bones	BONE
2667	BreastSwingL5	Breast Bones	BONE
2668	BreastSwingL06	Breast Bones	BONE
2669	BreastSwingL6	Breast Bones	BONE
2670	BreastSwingL07	Breast Bones	BONE
2671	BreastSwingL7	Breast Bones	BONE
2672	BreastSwingL08	Breast Bones	BONE
2673	BreastSwingL8	Breast Bones	BONE
2674	BreastSwingL09	Breast Bones	BONE
2675	BreastSwingL9	Breast Bones	BONE
2676	BreastSwingL10	Breast Bones	BONE
2677	BreastSwingR	Breast Bones	BONE
2678	BreastSwingR0	Breast Bones	BONE
2679	BreastSwingR00	Breast Bones	BONE
2680	BreastSwingR01	Breast Bones	BONE
2681	BreastSwingR1	Breast Bones	BONE
2682	BreastSwingR02	Breast Bones	BONE
2683	BreastSwingR2	Breast Bones	BONE
2684	BreastSwingR03	Breast Bones	BONE
2685	BreastSwingR3	Breast Bones	BONE
2686	BreastSwingR04	Breast Bones	BONE
2687	BreastSwingR4	Breast Bones	BONE
2688	BreastSwingR05	Breast Bones	BONE
2689	BreastSwingR5	Breast Bones	BONE
2690	BreastSwingR06	Breast Bones	BONE
2691	BreastSwingR6	Breast Bones	BONE
2692	BreastSwingR07	Breast Bones	BONE
2693	BreastSwingR7	Breast Bones	BONE
2694	BreastSwingR08	Breast Bones	BONE
2695	BreastSwingR8	Breast Bones	BONE
2696	BreastSwingR09	Breast Bones	BONE
2697	BreastSwingR9	Breast Bones	BONE
2698	BreastSwingR10	Breast Bones	BONE
2699	BreastTop.L	Breast Bones	BONE
2700	BreastTop.R	Breast Bones	BONE
2701	BreastUpper_L	Breast Bones	BONE
2702	BreastUpper_R	Breast Bones	BONE
2703	BreastUpper2_L	Breast Bones	BONE
2704	BreastUpper2_R	Breast Bones	BONE
2705	BreastWeight_L	Breast Bones	BONE
2706	BreastWeight_R	Breast Bones	BONE
2707	BreastXRotationAdjustment_L	Breast Bones	BONE
2708	BreastXRotationAdjustment_R	Breast Bones	BONE
2709	BreastXRotationControl_L	Breast Bones	BONE
2710	BreastXRotationControl_R	Breast Bones	BONE
2711	BreastYRotationAdjustment_L	Breast Bones	BONE
2712	BreastYRotationAdjustment_R	Breast Bones	BONE
2713	BreastYRotationControl_L	Breast Bones	BONE
2714	BreastYRotationControl_R	Breast Bones	BONE
2715	Breastウェイト_L	Breast Bones	BONE
2716	Breastウェイト_R	Breast Bones	BONE
2717	Breast剛BodyParent	Breast Bones	BONE
2718	Breats	Breast Bones	BONE
2719	L_butt	Butt Bones	BONE
2720	R_butt	Butt Bones	BONE
2721	Butt	Butt Bones	BONE
2722	butt	Butt Bones	BONE
2723	Butt01.L	Butt Bones	BONE
2724	Butt01.R	Butt Bones	BONE
2725	Butt1.L	Butt Bones	BONE
2726	Butt1.R	Butt Bones	BONE
2727	butt1_L	Butt Bones	BONE
2728	butt1_R	Butt Bones	BONE
2729	butt1	Butt Bones	BONE
2730	Butt02.L	Breast Bones	BONE
2731	Butt02.R	Breast Bones	BONE
2732	Butt2	Butt Bones	BONE
2733	butt2.L	Butt Bones	BONE
2734	butt2.R	Butt Bones	BONE
2735	butt2_L	Butt Bones	BONE
2736	butt2_R	Butt Bones	BONE
2737	butt3.L	Butt Bones	BONE
2738	butt3.R	Butt Bones	BONE
2739	butt3_L	Butt Bones	BONE
2740	butt3_R	Butt Bones	BONE
2741	butt4_L	Butt Bones	BONE
2742	butt4_R	Butt Bones	BONE
2743	butt5_L	Butt Bones	BONE
2744	butt5_R	Butt Bones	BONE
2745	butt6_L	Butt Bones	BONE
2746	butt6_R	Butt Bones	BONE
2747	Butt Left	Butt Bones	BONE
2748	Butt Right	Butt Bones	BONE
2749	Butt 0.L	Butt Bones	BONE
2750	Butt 0.R	Butt Bones	BONE
2751	Butt 1.L	Butt Bones	BONE
2752	Butt 1.R	Butt Bones	BONE
2753	Butt 1 L	Butt Bones	BONE
2754	Butt 1 R	Butt Bones	BONE
2755	Butt 2 L	Butt Bones	BONE
2756	Butt 2 R	Butt Bones	BONE
2757	Butt 3 L	Butt Bones	BONE
2758	Butt 3 R	Butt Bones	BONE
2759	Butt L	Butt Bones	BONE
2760	Butt Middle	Butt Bones	BONE
2761	Butt R	Butt Bones	BONE
2762	butt-low.l	Butt Bones	BONE
2763	butt-low.r	Butt Bones	BONE
2764	L_Butt.001	Butt Bones	BONE
2765	R_Butt.001	Butt Bones	BONE
2766	Butt.Center.L	Butt Bones	BONE
2767	Butt.Center.R	Butt Bones	BONE
2768	Butt.Inner.L	Butt Bones	BONE
2769	Butt.Inner.R	Butt Bones	BONE
2770	Butt.L	Butt Bones	BONE
2771	Butt.L0	Butt Bones	BONE
2772	Butt.L1	Butt Bones	BONE
2773	Butt.L2	Butt Bones	BONE
2774	Butt.L3	Butt Bones	BONE
2775	Butt.L4	Butt Bones	BONE
2776	Butt.L5	Butt Bones	BONE
2777	Butt.L6	Butt Bones	BONE
2778	Butt.L7	Butt Bones	BONE
2779	Butt.L8	Butt Bones	BONE
2780	Butt.L9	Butt Bones	BONE
2781	Butt.L10	Butt Bones	BONE
2782	Butt.L11	Butt Bones	BONE
2783	butt.L.000	Butt Bones	BONE
2784	Butt.L.001	Butt Bones	BONE
2785	butt.L.001	Butt Bones	BONE
2786	Butt.L.002	Butt Bones	BONE
2787	butt.L.002	Butt Bones	BONE
2788	butt.L.003	Butt Bones	BONE
2789	butt.L.004	Butt Bones	BONE
2790	butt.L.005	Butt Bones	BONE
2791	butt.L.006	Butt Bones	BONE
2792	butt.L.007	Butt Bones	BONE
2793	butt.L.008	Butt Bones	BONE
2794	butt.L.009	Butt Bones	BONE
2795	butt.L.010	Butt Bones	BONE
2796	butt.L.011	Butt Bones	BONE
2797	butt.L.012	Butt Bones	BONE
2798	butt.L.013	Butt Bones	BONE
2799	butt.L.014	Butt Bones	BONE
2800	butt.L.015	Butt Bones	BONE
2801	butt.L.016	Butt Bones	BONE
2802	butt.L.017	Butt Bones	BONE
2803	butt.L.018	Butt Bones	BONE
2804	butt.L.019	Butt Bones	BONE
2805	butt.L.020	Butt Bones	BONE
2806	Butt.L.Root	Butt Bones	BONE
2807	Butt.L_jiggle	Butt Bones	BONE
2808	Butt.L_Root	Butt Bones	BONE
2809	Butt.Lower.L	Butt Bones	BONE
2810	Butt.Lower.R	Butt Bones	BONE
2811	Butt.Outer.L	Butt Bones	BONE
2812	Butt.Outer.R	Butt Bones	BONE
2813	Butt.R	Butt Bones	BONE
2814	Butt.R0	Butt Bones	BONE
2815	Butt.R1	Butt Bones	BONE
2816	Butt.R2	Butt Bones	BONE
2817	Butt.R3	Butt Bones	BONE
2818	Butt.R4	Butt Bones	BONE
2819	Butt.R5	Butt Bones	BONE
2820	Butt.R6	Butt Bones	BONE
2821	Butt.R7	Butt Bones	BONE
2822	Butt.R8	Butt Bones	BONE
2823	Butt.R9	Butt Bones	BONE
2824	Butt.R10	Butt Bones	BONE
2825	Butt.R11	Butt Bones	BONE
2826	butt.R.000	Butt Bones	BONE
2827	Butt.R.001	Butt Bones	BONE
2828	butt.R.001	Butt Bones	BONE
2829	Butt.R.002	Butt Bones	BONE
2830	butt.R.002	Butt Bones	BONE
2831	butt.R.003	Butt Bones	BONE
2832	butt.R.004	Butt Bones	BONE
2833	butt.R.005	Butt Bones	BONE
2834	butt.R.006	Butt Bones	BONE
2835	butt.R.007	Butt Bones	BONE
2836	butt.R.008	Butt Bones	BONE
2837	butt.R.009	Butt Bones	BONE
2838	butt.R.010	Butt Bones	BONE
2839	butt.R.011	Butt Bones	BONE
2840	butt.R.012	Butt Bones	BONE
2841	butt.R.013	Butt Bones	BONE
2842	butt.R.014	Butt Bones	BONE
2843	butt.R.015	Butt Bones	BONE
2844	butt.R.016	Butt Bones	BONE
2845	butt.R.017	Butt Bones	BONE
2846	butt.R.018	Butt Bones	BONE
2847	butt.R.019	Butt Bones	BONE
2848	butt.R.020	Butt Bones	BONE
2849	Butt.R.Root	Butt Bones	BONE
2850	Butt.R_Jiggle	Butt Bones	BONE
2851	Butt.R_Root	Butt Bones	BONE
2852	Butt.Root.L	Butt Bones	BONE
2853	Butt.Root.R	Butt Bones	BONE
2854	Butt.Top.L	Butt Bones	BONE
2855	Butt.Top.R	Butt Bones	BONE
2856	Butt_0_L	Butt Bones	BONE
2857	Butt_0_R	Butt Bones	BONE
2858	Butt_1.L	Butt Bones	BONE
2859	Butt_1.R	Butt Bones	BONE
2860	Butt_1_L	Butt Bones	BONE
2861	Butt_1_R	Butt Bones	BONE
2862	Butt_2.L	Butt Bones	BONE
2863	Butt_2.R	Butt Bones	BONE
2864	Butt_2_L	Butt Bones	BONE
2865	Butt_2_R	Butt Bones	BONE
2866	Butt_3_L	Butt Bones	BONE
2867	Butt_3_R	Butt Bones	BONE
2868	Butt_4_L	Butt Bones	BONE
2869	Butt_4_R	Butt Bones	BONE
2870	Butt_5_L	Butt Bones	BONE
2871	Butt_5_R	Butt Bones	BONE
2872	Butt_6_L	Butt Bones	BONE
2873	Butt_6_R	Butt Bones	BONE
2874	Butt_7_L	Butt Bones	BONE
2875	Butt_7_R	Butt Bones	BONE
2876	Butt_8_L	Butt Bones	BONE
2877	Butt_8_R	Butt Bones	BONE
2878	Butt_9_L	Butt Bones	BONE
2879	Butt_9_R	Butt Bones	BONE
2880	Butt_10_L	Butt Bones	BONE
2881	Butt_10_R	Butt Bones	BONE
2882	butt_back_L	Butt Bones	BONE
2883	butt_back_R	Butt Bones	BONE
2884	butt_bottom_L	Butt Bones	BONE
2885	butt_bottom_R	Butt Bones	BONE
2886	L_Butt_Bounce	Butt Bones	BONE
2887	R_Butt_Bounce	Butt Bones	BONE
2888	Butt_Deform_L	Butt Bones	BONE
2889	Butt_Deform_R	Butt Bones	BONE
2890	butt_jiggle_L	Butt Bones	BONE
2891	butt_jiggle_R	Butt Bones	BONE
2892	Butt_L	Butt Bones	BONE
2893	Butt_L00	Butt Bones	BONE
2894	butt_L0	Butt Bones	BONE
2895	butt_L00	Butt Bones	BONE
2896	Butt_L01	Butt Bones	BONE
2897	Butt_L1	Butt Bones	BONE
2898	butt_L01	Butt Bones	BONE
2899	butt_L1	Butt Bones	BONE
2900	Butt_L02	Butt Bones	BONE
2901	Butt_L2	Butt Bones	BONE
2902	butt_L02	Butt Bones	BONE
2903	butt_L2	Butt Bones	BONE
2904	Butt_L03	Butt Bones	BONE
2905	butt_L03	Butt Bones	BONE
2906	butt_L3	Butt Bones	BONE
2907	Butt_L04	Butt Bones	BONE
2908	butt_L04	Butt Bones	BONE
2909	butt_L4	Butt Bones	BONE
2910	Butt_L05	Butt Bones	BONE
2911	butt_L05	Butt Bones	BONE
2912	butt_L5	Butt Bones	BONE
2913	Butt_L06	Butt Bones	BONE
2914	butt_L06	Butt Bones	BONE
2915	butt_L6	Butt Bones	BONE
2916	Butt_L07	Butt Bones	BONE
2917	butt_L07	Butt Bones	BONE
2918	butt_L7	Butt Bones	BONE
2919	Butt_L08	Butt Bones	BONE
2920	butt_L08	Butt Bones	BONE
2921	butt_L8	Butt Bones	BONE
2922	Butt_L09	Butt Bones	BONE
2923	butt_L09	Butt Bones	BONE
2924	butt_L9	Butt Bones	BONE
2925	Butt_L10	Butt Bones	BONE
2926	butt_L10	Butt Bones	BONE
2927	Butt_L.001	Butt Bones	BONE
2928	Butt_L.002	Butt Bones	BONE
2929	Butt_L_0	Butt Bones	BONE
2930	Butt_L_00	Butt Bones	BONE
2931	Butt_L_01	Butt Bones	BONE
2932	Butt_L_1	Butt Bones	BONE
2933	Butt_L_02	Butt Bones	BONE
2934	Butt_L_2	Butt Bones	BONE
2935	Butt_L_03	Butt Bones	BONE
2936	Butt_L_3	Butt Bones	BONE
2937	Butt_L_04	Butt Bones	BONE
2938	Butt_L_4	Butt Bones	BONE
2939	Butt_L_05	Butt Bones	BONE
2940	Butt_L_5	Butt Bones	BONE
2941	Butt_L_06	Butt Bones	BONE
2942	Butt_L_6	Butt Bones	BONE
2943	Butt_L_07	Butt Bones	BONE
2944	Butt_L_7	Butt Bones	BONE
2945	Butt_L_08	Butt Bones	BONE
2946	Butt_L_8	Butt Bones	BONE
2947	Butt_L_09	Butt Bones	BONE
2948	Butt_L_9	Butt Bones	BONE
2949	Butt_L_10	Butt Bones	BONE
2950	Butt_L_jiggle	Butt Bones	BONE
2951	Butt_L_Jiggleadjust	Butt Bones	BONE
2952	Butt_Left_jiggle	Butt Bones	BONE
2953	Butt_Left_jiggle_root	Butt Bones	BONE
2954	Butt_R	Butt Bones	BONE
2955	Butt_R00	Butt Bones	BONE
2956	butt_R0	Butt Bones	BONE
2957	butt_R00	Butt Bones	BONE
2958	Butt_R01	Butt Bones	BONE
2959	Butt_R1	Butt Bones	BONE
2960	butt_R01	Butt Bones	BONE
2961	butt_R1	Butt Bones	BONE
2962	Butt_R02	Butt Bones	BONE
2963	Butt_R2	Butt Bones	BONE
2964	butt_R02	Butt Bones	BONE
2965	butt_R2	Butt Bones	BONE
2966	Butt_R03	Butt Bones	BONE
2967	butt_R03	Butt Bones	BONE
2968	butt_R3	Butt Bones	BONE
2969	Butt_R04	Butt Bones	BONE
2970	butt_R04	Butt Bones	BONE
2971	butt_R4	Butt Bones	BONE
2972	Butt_R05	Butt Bones	BONE
2973	butt_R05	Butt Bones	BONE
2974	butt_R5	Butt Bones	BONE
2975	Butt_R06	Butt Bones	BONE
2976	butt_R06	Butt Bones	BONE
2977	butt_R6	Butt Bones	BONE
2978	Butt_R07	Butt Bones	BONE
2979	butt_R07	Butt Bones	BONE
2980	butt_R7	Butt Bones	BONE
2981	Butt_R08	Butt Bones	BONE
2982	butt_R08	Butt Bones	BONE
2983	butt_R8	Butt Bones	BONE
2984	Butt_R09	Butt Bones	BONE
2985	butt_R09	Butt Bones	BONE
2986	butt_R9	Butt Bones	BONE
2987	Butt_R10	Butt Bones	BONE
2988	butt_R10	Butt Bones	BONE
2989	Butt_R.001	Butt Bones	BONE
2990	Butt_R.002	Butt Bones	BONE
2991	Butt_R_0	Butt Bones	BONE
2992	Butt_R_00	Butt Bones	BONE
2993	Butt_R_01	Butt Bones	BONE
2994	Butt_R_1	Butt Bones	BONE
2995	Butt_R_02	Butt Bones	BONE
2996	Butt_R_2	Butt Bones	BONE
2997	Butt_R_03	Butt Bones	BONE
2998	Butt_R_3	Butt Bones	BONE
2999	Butt_R_04	Butt Bones	BONE
3000	Butt_R_4	Butt Bones	BONE
3001	Butt_R_05	Butt Bones	BONE
3002	Butt_R_5	Butt Bones	BONE
3003	Butt_R_06	Butt Bones	BONE
3004	Butt_R_6	Butt Bones	BONE
3005	Butt_R_07	Butt Bones	BONE
3006	Butt_R_7	Butt Bones	BONE
3007	Butt_R_08	Butt Bones	BONE
3008	Butt_R_8	Butt Bones	BONE
3009	Butt_R_09	Butt Bones	BONE
3010	Butt_R_9	Butt Bones	BONE
3011	Butt_R_10	Butt Bones	BONE
3012	Butt_R_jiggle	Butt Bones	BONE
3013	Butt_R_Jiggleadjust	Butt Bones	BONE
3014	Butt_Right_jiggle	Butt Bones	BONE
3015	Butt_Right_jiggle_root	Butt Bones	BONE
3016	L_butt_root	Butt Bones	BONE
3017	R_butt_root	Butt Bones	BONE
3018	Butt_Root.L	Butt Bones	BONE
3019	Butt_Root.R	Butt Bones	BONE
3020	Butt_Root_L	Butt Bones	BONE
3021	Butt_Root_R	Butt Bones	BONE
3022	butt_side_inner_L	Butt Bones	BONE
3023	butt_side_inner_R	Butt Bones	BONE
3024	butt_side_outer_L	Butt Bones	BONE
3025	butt_side_outer_R	Butt Bones	BONE
3026	Butt_Tip1_L	Butt Bones	BONE
3027	Butt_Tip1_R	Butt Bones	BONE
3028	ButtBackSurface_L	Butt Bones	BONE
3029	ButtBackSurface_R	Butt Bones	BONE
3030	ButtBacké¢_L	Butt Bones	BONE
3031	ButtBacké¢_R	Butt Bones	BONE
3032	ButtBack面_L	Butt Bones	BONE
3033	ButtBack面_R	Butt Bones	BONE
3034	ButtBase.L	Butt Bones	BONE
3035	ButtBase.R	Butt Bones	BONE
3036	buttBase_L	Butt Bones	BONE
3037	buttBase_R	Butt Bones	BONE
3038	ButtBase1_L	Butt Bones	BONE
3039	ButtBase1_R	Butt Bones	BONE
3040	ButtBase2_L	Butt Bones	BONE
3041	ButtBase2_R	Butt Bones	BONE
3042	ButtBase3_L	Butt Bones	BONE
3043	ButtBase3_R	Butt Bones	BONE
3044	ButtBone	Butt Bones	BONE
3045	ButtBone L	Butt Bones	BONE
3046	ButtBone R	Butt Bones	BONE
3047	buttC_L	Butt Bones	BONE
3048	buttC_R	Butt Bones	BONE
3049	ButtCheak_L.001	Butt Bones	BONE
3050	ButtCheak_L.002	Butt Bones	BONE
3051	ButtCheak_L.004	Butt Bones	BONE
3052	ButtCheak_L.005	Butt Bones	BONE
3053	ButtCheak_L.006	Butt Bones	BONE
3054	ButtCheak_R.001	Butt Bones	BONE
3055	ButtCheak_R.002	Butt Bones	BONE
3056	ButtCheak_R.004	Butt Bones	BONE
3057	ButtCheak_R.005	Butt Bones	BONE
3058	ButtCheak_R.006	Butt Bones	BONE
3059	ButtCheek.L	Butt Bones	BONE
3060	ButtCheek.R	Butt Bones	BONE
3061	buttcontrol_L	Butt Bones	BONE
3062	buttcontrol_R	Butt Bones	BONE
3063	Butthole_L	Anus Bones	BONE
3064	Butthole_R	Anus Bones	BONE
3065	Butthole	Anus Bones	BONE
3066	ButtJiggle_control_L	Butt Bones	BONE
3067	ButtJiggle_control_R	Butt Bones	BONE
3068	buttl	Butt Bones	BONE
3069	ButtL0	Butt Bones	BONE
3070	ButtL1	Butt Bones	BONE
3071	ButtL2	Butt Bones	BONE
3072	ButtL3	Butt Bones	BONE
3073	ButtL4	Butt Bones	BONE
3074	ButtL5	Butt Bones	BONE
3075	ButtL6	Butt Bones	BONE
3076	ButtL7	Butt Bones	BONE
3077	ButtL8	Butt Bones	BONE
3078	ButtL9	Butt Bones	BONE
3079	ButtL10	Butt Bones	BONE
3080	ButtN.l	Butt Bones	BONE
3081	ButtN.r	Butt Bones	BONE
3082	Buttock_L	Butt Bones	BONE
3083	Buttock_R	Butt Bones	BONE
3084	Buttock1.L	Butt Bones	BONE
3085	Buttock1.R	Butt Bones	BONE
3086	Buttock1_L	Butt Bones	BONE
3087	Buttock1_L_Jiggle	Butt Bones	BONE
3088	Buttock1_R	Butt Bones	BONE
3089	Buttock1_R_Jiggle	Butt Bones	BONE
3090	Buttock2.L	Butt Bones	BONE
3091	Buttock2.R	Butt Bones	BONE
3092	Buttock2_L	Butt Bones	BONE
3093	Buttock2_L_Jiggle	Butt Bones	BONE
3094	Buttock2_R	Butt Bones	BONE
3095	Buttock2_R_Jiggle	Butt Bones	BONE
3096	buttock left	Butt Bones	BONE
3097	buttock right	Butt Bones	BONE
3098	Buttock_L_J	Butt Bones	BONE
3099	Buttock_L_Jiggle	Butt Bones	BONE
3100	Buttock_R_J	Butt Bones	BONE
3101	Buttock_R_Jiggle	Butt Bones	BONE
3102	Buttocks_L	Butt Bones	BONE
3103	Buttocks_R	Butt Bones	BONE
3104	Buttocks2_L	Butt Bones	BONE
3105	Buttocks2_R	Butt Bones	BONE
3106	ButtProxy_L	Butt Bones	BONE
3107	ButtProxy_R	Butt Bones	BONE
3108	buttr	Butt Bones	BONE
3109	ButtR0	Butt Bones	BONE
3110	ButtR1	Butt Bones	BONE
3111	ButtR2	Butt Bones	BONE
3112	ButtR3	Butt Bones	BONE
3113	ButtR4	Butt Bones	BONE
3114	ButtR5	Butt Bones	BONE
3115	ButtR6	Butt Bones	BONE
3116	ButtR7	Butt Bones	BONE
3117	ButtR8	Butt Bones	BONE
3118	ButtR9	Butt Bones	BONE
3119	ButtR10	Butt Bones	BONE
3120	ButtRoot.L	Butt Bones	BONE
3121	ButtRoot.R	Butt Bones	BONE
3122	buttRoot	Butt Bones	BONE
3123	Butt~ sideSurface_L	Butt Bones	BONE
3124	Butt~ sideSurface_R	Butt Bones	BONE
3125	Buttå´é¢_L	Butt Bones	BONE
3126	Buttå´é¢_R	Butt Bones	BONE
3127	Butt側面_L	Butt Bones	BONE
3128	Butt側面_R	Butt Bones	BONE
3129	C_Boob_Root	Breast Bones	BONE
3130	c_bot_bend.l	Butt Bones	BONE
3131	c_bot_bend.r	Butt Bones	BONE
3132	c_breast.l	Breast Bones	BONE
3133	c_breast.r	Breast Bones	BONE
3134	c_breast_0.l	Breast Bones	BONE
3135	c_breast_0.r	Breast Bones	BONE
3136	c_breast_00.l	Breast Bones	BONE
3137	c_breast_00.r	Breast Bones	BONE
3138	c_breast_0	Breast Bones	BONE
3139	c_breast_00	Breast Bones	BONE
3140	c_breast_01.l	Breast Bones	BONE
3141	c_breast_01.r	Breast Bones	BONE
3142	c_breast_1.l	Breast Bones	BONE
3143	c_breast_1.r	Breast Bones	BONE
3144	c_breast_01	Breast Bones	BONE
3145	c_breast_1	Breast Bones	BONE
3146	c_breast_02.l	Breast Bones	BONE
3147	c_breast_02.r	Breast Bones	BONE
3148	c_breast_2.l	Breast Bones	BONE
3149	c_breast_2.r	Breast Bones	BONE
3150	c_breast_02	Breast Bones	BONE
3151	c_breast_2	Breast Bones	BONE
3152	c_breast_03.l	Breast Bones	BONE
3153	c_breast_03.r	Breast Bones	BONE
3154	c_breast_3.l	Breast Bones	BONE
3155	c_breast_3.r	Breast Bones	BONE
3156	c_breast_03	Breast Bones	BONE
3157	c_breast_3	Breast Bones	BONE
3158	c_breast_04.l	Breast Bones	BONE
3159	c_breast_04.r	Breast Bones	BONE
3160	c_breast_4.l	Breast Bones	BONE
3161	c_breast_4.r	Breast Bones	BONE
3162	c_breast_04	Breast Bones	BONE
3163	c_breast_4	Breast Bones	BONE
3164	c_breast_05.l	Breast Bones	BONE
3165	c_breast_05.r	Breast Bones	BONE
3166	c_breast_5.l	Breast Bones	BONE
3167	c_breast_5.r	Breast Bones	BONE
3168	c_breast_05	Breast Bones	BONE
3169	c_breast_5	Breast Bones	BONE
3170	c_breast_06.l	Breast Bones	BONE
3171	c_breast_06.r	Breast Bones	BONE
3172	c_breast_6.l	Breast Bones	BONE
3173	c_breast_6.r	Breast Bones	BONE
3174	c_breast_06	Breast Bones	BONE
3175	c_breast_6	Breast Bones	BONE
3176	c_breast_07.l	Breast Bones	BONE
3177	c_breast_07.r	Breast Bones	BONE
3178	c_breast_7.l	Breast Bones	BONE
3179	c_breast_7.r	Breast Bones	BONE
3180	c_breast_07	Breast Bones	BONE
3181	c_breast_7	Breast Bones	BONE
3182	c_breast_08.l	Breast Bones	BONE
3183	c_breast_08.r	Breast Bones	BONE
3184	c_breast_8.l	Breast Bones	BONE
3185	c_breast_8.r	Breast Bones	BONE
3186	c_breast_08	Breast Bones	BONE
3187	c_breast_8	Breast Bones	BONE
3188	c_breast_09.l	Breast Bones	BONE
3189	c_breast_09.r	Breast Bones	BONE
3190	c_breast_9.l	Breast Bones	BONE
3191	c_breast_9.r	Breast Bones	BONE
3192	c_breast_09	Breast Bones	BONE
3193	c_breast_9	Breast Bones	BONE
3194	c_breast_10.l	Breast Bones	BONE
3195	c_breast_10.r	Breast Bones	BONE
3196	c_breast_10	Breast Bones	BONE
3197	c_breasts_0.l	Breast Bones	BONE
3198	c_breasts_0.r	Breast Bones	BONE
3199	c_breasts_00.l	Breast Bones	BONE
3200	c_breasts_00.r	Breast Bones	BONE
3201	c_breasts_01.l	Breast Bones	BONE
3202	c_breasts_01.r	Breast Bones	BONE
3203	c_breasts_1.l	Breast Bones	BONE
3204	c_breasts_1.r	Breast Bones	BONE
3205	c_breasts_02.l	Breast Bones	BONE
3206	c_breasts_02.r	Breast Bones	BONE
3207	c_breasts_2.l	Breast Bones	BONE
3208	c_breasts_2.r	Breast Bones	BONE
3209	c_breasts_03.l	Breast Bones	BONE
3210	c_breasts_03.r	Breast Bones	BONE
3211	c_breasts_3.l	Breast Bones	BONE
3212	c_breasts_3.r	Breast Bones	BONE
3213	c_breasts_04.l	Breast Bones	BONE
3214	c_breasts_04.r	Breast Bones	BONE
3215	c_breasts_4.l	Breast Bones	BONE
3216	c_breasts_4.r	Breast Bones	BONE
3217	c_breasts_05.l	Breast Bones	BONE
3218	c_breasts_05.r	Breast Bones	BONE
3219	c_breasts_5.l	Breast Bones	BONE
3220	c_breasts_5.r	Breast Bones	BONE
3221	c_breasts_06.l	Breast Bones	BONE
3222	c_breasts_06.r	Breast Bones	BONE
3223	c_breasts_6.l	Breast Bones	BONE
3224	c_breasts_6.r	Breast Bones	BONE
3225	c_breasts_07.l	Breast Bones	BONE
3226	c_breasts_07.r	Breast Bones	BONE
3227	c_breasts_7.l	Breast Bones	BONE
3228	c_breasts_7.r	Breast Bones	BONE
3229	c_breasts_08.l	Breast Bones	BONE
3230	c_breasts_08.r	Breast Bones	BONE
3231	c_breasts_8.l	Breast Bones	BONE
3232	c_breasts_8.r	Breast Bones	BONE
3233	c_breasts_09.l	Breast Bones	BONE
3234	c_breasts_09.r	Breast Bones	BONE
3235	c_breasts_9.l	Breast Bones	BONE
3236	c_breasts_9.r	Breast Bones	BONE
3237	c_breasts_10.l	Breast Bones	BONE
3238	c_breasts_10.r	Breast Bones	BONE
3239	c_breasts_11.l	Breast Bones	BONE
3240	c_breasts_11.r	Breast Bones	BONE
3241	c_breasts_12.l	Breast Bones	BONE
3242	c_breasts_12.r	Breast Bones	BONE
3243	c_breasts_13.l	Breast Bones	BONE
3244	c_breasts_13.r	Breast Bones	BONE
3245	c_breasts_14.l	Breast Bones	BONE
3246	c_breasts_14.r	Breast Bones	BONE
3247	c_breasts_15.l	Breast Bones	BONE
3248	c_breasts_15.r	Breast Bones	BONE
3249	c_breasts_16.l	Breast Bones	BONE
3250	c_breasts_16.r	Breast Bones	BONE
3251	c_breasts_17.l	Breast Bones	BONE
3252	c_breasts_17.r	Breast Bones	BONE
3253	c_breasts_18.l	Breast Bones	BONE
3254	c_breasts_18.r	Breast Bones	BONE
3255	c_breasts_19.l	Breast Bones	BONE
3256	c_breasts_19.r	Breast Bones	BONE
3257	c_breasts_20.l	Breast Bones	BONE
3258	c_breasts_20.r	Breast Bones	BONE
3259	c_butt_00_dupli_001.l	Butt Bones	BONE
3260	c_butt_00_dupli_001.r	Butt Bones	BONE
3261	c_butt_0_dupli_001.l	Butt Bones	BONE
3262	c_butt_0_dupli_001.r	Butt Bones	BONE
3263	c_butt_01_dupli_001.l	Butt Bones	BONE
3264	c_butt_01_dupli_001.r	Butt Bones	BONE
3265	c_butt_1_dupli_001.l	Butt Bones	BONE
3266	c_butt_1_dupli_001.r	Butt Bones	BONE
3267	c_butt_02_dupli_001.l	Butt Bones	BONE
3268	c_butt_02_dupli_001.r	Butt Bones	BONE
3269	c_butt_2_dupli_001.l	Butt Bones	BONE
3270	c_butt_2_dupli_001.r	Butt Bones	BONE
3271	c_butt_03_dupli_001.l	Butt Bones	BONE
3272	c_butt_03_dupli_001.r	Butt Bones	BONE
3273	c_butt_3_dupli_001.l	Butt Bones	BONE
3274	c_butt_3_dupli_001.r	Butt Bones	BONE
3275	c_butt_04_dupli_001.l	Butt Bones	BONE
3276	c_butt_04_dupli_001.r	Butt Bones	BONE
3277	c_butt_4_dupli_001.l	Butt Bones	BONE
3278	c_butt_4_dupli_001.r	Butt Bones	BONE
3279	c_butt_05_dupli_001.l	Butt Bones	BONE
3280	c_butt_05_dupli_001.r	Butt Bones	BONE
3281	c_butt_5_dupli_001.l	Butt Bones	BONE
3282	c_butt_5_dupli_001.r	Butt Bones	BONE
3283	c_butt_06_dupli_001.l	Butt Bones	BONE
3284	c_butt_06_dupli_001.r	Butt Bones	BONE
3285	c_butt_6_dupli_001.l	Butt Bones	BONE
3286	c_butt_6_dupli_001.r	Butt Bones	BONE
3287	c_butt_07_dupli_001.l	Butt Bones	BONE
3288	c_butt_07_dupli_001.r	Butt Bones	BONE
3289	c_butt_7_dupli_001.l	Butt Bones	BONE
3290	c_butt_7_dupli_001.r	Butt Bones	BONE
3291	c_butt_08_dupli_001.l	Butt Bones	BONE
3292	c_butt_08_dupli_001.r	Butt Bones	BONE
3293	c_butt_8_dupli_001.l	Butt Bones	BONE
3294	c_butt_8_dupli_001.r	Butt Bones	BONE
3295	c_butt_09_dupli_001.l	Butt Bones	BONE
3296	c_butt_09_dupli_001.r	Butt Bones	BONE
3297	c_butt_9_dupli_001.l	Butt Bones	BONE
3298	c_butt_9_dupli_001.r	Butt Bones	BONE
3299	c_butt_10_dupli_001.l	Butt Bones	BONE
3300	c_butt_10_dupli_001.r	Butt Bones	BONE
3301	c_penis_0.x	Penis Bones	BONE
3302	c_penis_00.x	Penis Bones	BONE
3303	c_penis_00_dupli_001.x	Penis Bones	BONE
3304	c_penis_00_dupli_002.x	Penis Bones	BONE
3305	c_penis_00_dupli_003.x	Penis Bones	BONE
3306	c_penis_00_dupli_004.x	Penis Bones	BONE
3307	c_penis_00_dupli_005.x	Penis Bones	BONE
3308	c_penis_00_dupli_006.x	Penis Bones	BONE
3309	c_penis_00_dupli_007.x	Penis Bones	BONE
3310	c_penis_00_dupli_008.x	Penis Bones	BONE
3311	c_penis_00_dupli_009.x	Penis Bones	BONE
3312	c_penis_00_dupli_010.x	Penis Bones	BONE
3313	c_penis_01.x	Penis Bones	BONE
3314	c_penis_1.x	Penis Bones	BONE
3315	c_penis_01_dupli_001.x	Penis Bones	BONE
3316	c_penis_01_dupli_002.x	Penis Bones	BONE
3317	c_penis_01_dupli_003.x	Penis Bones	BONE
3318	c_penis_01_dupli_004.x	Penis Bones	BONE
3319	c_penis_01_dupli_005.x	Penis Bones	BONE
3320	c_penis_01_dupli_006.x	Penis Bones	BONE
3321	c_penis_01_dupli_007.x	Penis Bones	BONE
3322	c_penis_01_dupli_008.x	Penis Bones	BONE
3323	c_penis_01_dupli_009.x	Penis Bones	BONE
3324	c_penis_01_dupli_010.x	Penis Bones	BONE
3325	c_penis_02.x	Penis Bones	BONE
3326	c_penis_2.x	Penis Bones	BONE
3327	c_penis_02_dupli_001.x	Penis Bones	BONE
3328	c_penis_02_dupli_002.x	Penis Bones	BONE
3329	c_penis_02_dupli_003.x	Penis Bones	BONE
3330	c_penis_02_dupli_004.x	Penis Bones	BONE
3331	c_penis_02_dupli_005.x	Penis Bones	BONE
3332	c_penis_02_dupli_006.x	Penis Bones	BONE
3333	c_penis_02_dupli_007.x	Penis Bones	BONE
3334	c_penis_02_dupli_008.x	Penis Bones	BONE
3335	c_penis_02_dupli_009.x	Penis Bones	BONE
3336	c_penis_02_dupli_010.x	Penis Bones	BONE
3337	c_penis_03.x	Penis Bones	BONE
3338	c_penis_3.x	Penis Bones	BONE
3339	c_penis_03_dupli_001.x	Penis Bones	BONE
3340	c_penis_03_dupli_002.x	Penis Bones	BONE
3341	c_penis_03_dupli_003.x	Penis Bones	BONE
3342	c_penis_03_dupli_004.x	Penis Bones	BONE
3343	c_penis_03_dupli_005.x	Penis Bones	BONE
3344	c_penis_03_dupli_006.x	Penis Bones	BONE
3345	c_penis_03_dupli_007.x	Penis Bones	BONE
3346	c_penis_03_dupli_008.x	Penis Bones	BONE
3347	c_penis_03_dupli_009.x	Penis Bones	BONE
3348	c_penis_03_dupli_010.x	Penis Bones	BONE
3349	c_penis_04.x	Penis Bones	BONE
3350	c_penis_4.x	Penis Bones	BONE
3351	c_penis_04_dupli_001.x	Penis Bones	BONE
3352	c_penis_04_dupli_002.x	Penis Bones	BONE
3353	c_penis_04_dupli_003.x	Penis Bones	BONE
3354	c_penis_04_dupli_004.x	Penis Bones	BONE
3355	c_penis_04_dupli_005.x	Penis Bones	BONE
3356	c_penis_04_dupli_006.x	Penis Bones	BONE
3357	c_penis_04_dupli_007.x	Penis Bones	BONE
3358	c_penis_04_dupli_008.x	Penis Bones	BONE
3359	c_penis_04_dupli_009.x	Penis Bones	BONE
3360	c_penis_04_dupli_010.x	Penis Bones	BONE
3361	c_penis_05.x	Penis Bones	BONE
3362	c_penis_5.x	Penis Bones	BONE
3363	c_penis_05_dupli_001.x	Penis Bones	BONE
3364	c_penis_05_dupli_002.x	Penis Bones	BONE
3365	c_penis_05_dupli_003.x	Penis Bones	BONE
3366	c_penis_05_dupli_004.x	Penis Bones	BONE
3367	c_penis_05_dupli_005.x	Penis Bones	BONE
3368	c_penis_05_dupli_006.x	Penis Bones	BONE
3369	c_penis_05_dupli_007.x	Penis Bones	BONE
3370	c_penis_05_dupli_008.x	Penis Bones	BONE
3371	c_penis_05_dupli_009.x	Penis Bones	BONE
3372	c_penis_05_dupli_010.x	Penis Bones	BONE
3373	c_penis_06.x	Penis Bones	BONE
3374	c_penis_6.x	Penis Bones	BONE
3375	c_penis_06_dupli_001.x	Penis Bones	BONE
3376	c_penis_06_dupli_002.x	Penis Bones	BONE
3377	c_penis_06_dupli_003.x	Penis Bones	BONE
3378	c_penis_06_dupli_004.x	Penis Bones	BONE
3379	c_penis_06_dupli_005.x	Penis Bones	BONE
3380	c_penis_06_dupli_006.x	Penis Bones	BONE
3381	c_penis_06_dupli_007.x	Penis Bones	BONE
3382	c_penis_06_dupli_008.x	Penis Bones	BONE
3383	c_penis_06_dupli_009.x	Penis Bones	BONE
3384	c_penis_06_dupli_010.x	Penis Bones	BONE
3385	c_penis_07.x	Penis Bones	BONE
3386	c_penis_7.x	Penis Bones	BONE
3387	c_penis_07_dupli_001.x	Penis Bones	BONE
3388	c_penis_07_dupli_002.x	Penis Bones	BONE
3389	c_penis_07_dupli_003.x	Penis Bones	BONE
3390	c_penis_07_dupli_004.x	Penis Bones	BONE
3391	c_penis_07_dupli_005.x	Penis Bones	BONE
3392	c_penis_07_dupli_006.x	Penis Bones	BONE
3393	c_penis_07_dupli_007.x	Penis Bones	BONE
3394	c_penis_07_dupli_008.x	Penis Bones	BONE
3395	c_penis_07_dupli_009.x	Penis Bones	BONE
3396	c_penis_07_dupli_010.x	Penis Bones	BONE
3397	c_penis_08.x	Penis Bones	BONE
3398	c_penis_8.x	Penis Bones	BONE
3399	c_penis_08_dupli_001.x	Penis Bones	BONE
3400	c_penis_08_dupli_002.x	Penis Bones	BONE
3401	c_penis_08_dupli_003.x	Penis Bones	BONE
3402	c_penis_08_dupli_004.x	Penis Bones	BONE
3403	c_penis_08_dupli_005.x	Penis Bones	BONE
3404	c_penis_08_dupli_006.x	Penis Bones	BONE
3405	c_penis_08_dupli_007.x	Penis Bones	BONE
3406	c_penis_08_dupli_008.x	Penis Bones	BONE
3407	c_penis_08_dupli_009.x	Penis Bones	BONE
3408	c_penis_08_dupli_010.x	Penis Bones	BONE
3409	c_penis_09.x	Penis Bones	BONE
3410	c_penis_9.x	Penis Bones	BONE
3411	c_penis_09_dupli_001.x	Penis Bones	BONE
3412	c_penis_09_dupli_002.x	Penis Bones	BONE
3413	c_penis_09_dupli_003.x	Penis Bones	BONE
3414	c_penis_09_dupli_004.x	Penis Bones	BONE
3415	c_penis_09_dupli_005.x	Penis Bones	BONE
3416	c_penis_09_dupli_006.x	Penis Bones	BONE
3417	c_penis_09_dupli_007.x	Penis Bones	BONE
3418	c_penis_09_dupli_008.x	Penis Bones	BONE
3419	c_penis_09_dupli_009.x	Penis Bones	BONE
3420	c_penis_09_dupli_010.x	Penis Bones	BONE
3421	c_penis_10.x	Penis Bones	BONE
3422	c_penis_10_dupli_001.x	Penis Bones	BONE
3423	c_penis_10_dupli_002.x	Penis Bones	BONE
3424	c_penis_10_dupli_003.x	Penis Bones	BONE
3425	c_penis_10_dupli_004.x	Penis Bones	BONE
3426	c_penis_10_dupli_005.x	Penis Bones	BONE
3427	c_penis_10_dupli_006.x	Penis Bones	BONE
3428	c_penis_10_dupli_007.x	Penis Bones	BONE
3429	c_penis_10_dupli_008.x	Penis Bones	BONE
3430	c_penis_10_dupli_009.x	Penis Bones	BONE
3431	c_penis_10_dupli_010.x	Penis Bones	BONE
3432	CBalls	Balls Bones	BONE
3433	cf_d_ana	Anus Bones	BONE
3434	cf_d_bnip01_L	Breast Bones	BONE
3435	cf_d_bnip01_R	Breast Bones	BONE
3436	cf_d_bust00	Breast Bones	BONE
3437	cf_d_bust01_L	Breast Bones	BONE
3438	cf_d_bust01_R	Breast Bones	BONE
3439	cf_d_bust02_L	Breast Bones	BONE
3440	cf_d_bust02_R	Breast Bones	BONE
3441	cf_d_bust03_L	Breast Bones	BONE
3442	cf_d_bust03_R	Breast Bones	BONE
3443	cf_d_kokan	Vagina Bones	BONE
3444	cf_d_siri_L	Butt Bones	BONE
3445	cf_d_siri_R	Butt Bones	BONE
3446	cf_d_siri01_L	Butt Bones	BONE
3447	cf_d_siri01_R	Butt Bones	BONE
3448	cf_j_ana	Anus Bones	BONE
3449	cf_j_bnip02_L	Breast Bones	BONE
3450	cf_j_bnip02_R	Breast Bones	BONE
3451	cf_j_bnip02root_L	Breast Bones	BONE
3452	cf_j_bnip02root_R	Breast Bones	BONE
3453	cf_j_bust01_L	Breast Bones	BONE
3454	cf_j_bust01_R	Breast Bones	BONE
3455	cf_j_bust03_L	Breast Bones	BONE
3456	cf_j_bust03_R	Breast Bones	BONE
3457	cf_j_kokan	Vagina Bones	BONE
3458	cf_s_ana	Anus Bones	BONE
3459	cf_s_bnip01_L	Breast Bones	BONE
3460	cf_s_bnip01_R	Breast Bones	BONE
3461	cf_s_bnip02_L	Breast Bones	BONE
3462	cf_s_bnip02_R	Breast Bones	BONE
3463	cf_s_bnip015_L	Breast Bones	BONE
3464	cf_s_bnip015_R	Breast Bones	BONE
3465	cf_s_bnip025_L	Breast Bones	BONE
3466	cf_s_bnip025_R	Breast Bones	BONE
3467	cf_s_bust00_L	Breast Bones	BONE
3468	cf_s_bust00_R	Breast Bones	BONE
3469	cf_s_bust01_L	Breast Bones	BONE
3470	cf_s_bust01_R	Breast Bones	BONE
3471	cf_s_bust02_L	Breast Bones	BONE
3472	cf_s_bust02_R	Breast Bones	BONE
3473	cf_s_bust03_L	Breast Bones	BONE
3474	cf_s_bust03_R	Breast Bones	BONE
3475	cf_s_siri_L	Butt Bones	BONE
3476	cf_s_siri_R	Butt Bones	BONE
3477	L_Chest	Breast Bones	BONE
3478	R_Chest	Breast Bones	BONE
3479	L_Chest.001	Breast Bones	BONE
3480	R_Chest.001	Breast Bones	BONE
3481	L_Chest_Bounce	Breast Bones	BONE
3482	R_Chest_Bounce	Breast Bones	BONE
3483	cli_d	Vagina Bones	BONE
3484	Clit	Vagina Bones	BONE
3485	Clit1	Vagina Bones	BONE
3486	Clit2	Vagina Bones	BONE
3487	Clit3	Vagina Bones	BONE
3488	clit_glan	Vagina Bones	BONE
3489	clit_glans	Vagina Bones	BONE
3490	clit_shell	Vagina Bones	BONE
3491	clit_skin	Vagina Bones	BONE
3492	Clit_Top	Vagina Bones	BONE
3493	ClitHood	Vagina Bones	BONE
3494	Clitoral1	Vagina Bones	BONE
3495	Clitoris	Vagina Bones	BONE
3496	Cock	Penis Bones	BONE
3497	Cock0	Penis Bones	BONE
3498	Cock00	Penis Bones	BONE
3499	Cock01	Penis Bones	BONE
3500	Cock1	Penis Bones	BONE
3501	Cock02	Penis Bones	BONE
3502	Cock2	Penis Bones	BONE
3503	Cock03	Penis Bones	BONE
3504	Cock3	Penis Bones	BONE
3505	Cock04	Penis Bones	BONE
3506	Cock4	Penis Bones	BONE
3507	Cock05	Penis Bones	BONE
3508	Cock5	Penis Bones	BONE
3509	Cock06	Penis Bones	BONE
3510	Cock6	Penis Bones	BONE
3511	Cock07	Penis Bones	BONE
3512	Cock7	Penis Bones	BONE
3513	Cock08	Penis Bones	BONE
3514	Cock8	Penis Bones	BONE
3515	Cock09	Penis Bones	BONE
3516	Cock9	Penis Bones	BONE
3517	Cock10	Penis Bones	BONE
3518	Cock tip	Penis Bones	BONE
3519	Cock.Balls	Balls Bones	BONE
3520	Cock.root	Penis Bones	BONE
3521	Cock.Shaft0	Penis Bones	BONE
3522	Cock.Shaft1	Penis Bones	BONE
3523	Cock.Shaft2	Penis Bones	BONE
3524	Cock.Shaft3	Penis Bones	BONE
3525	Cock.Shaft4	Penis Bones	BONE
3526	Cock.Shaft5	Penis Bones	BONE
3527	Cock.Shaft6	Penis Bones	BONE
3528	Cock.Shaft7	Penis Bones	BONE
3529	Cock.Shaft8	Penis Bones	BONE
3530	Cock.Shaft9	Penis Bones	BONE
3531	Cock.Shaft10	Penis Bones	BONE
3532	Cock_0	Penis Bones	BONE
3533	Cock_1	Penis Bones	BONE
3534	Cock_2	Penis Bones	BONE
3535	Cock_3	Penis Bones	BONE
3536	Cock_4	Penis Bones	BONE
3537	Cock_5	Penis Bones	BONE
3538	Cock_6	Penis Bones	BONE
3539	Cock_7	Penis Bones	BONE
3540	Cock_8	Penis Bones	BONE
3541	Cock_9	Penis Bones	BONE
3542	Cock_10	Penis Bones	BONE
3543	Cock_11	Penis Bones	BONE
3544	Cock_12	Penis Bones	BONE
3545	Cock_13	Penis Bones	BONE
3546	Cock_14	Penis Bones	BONE
3547	Cock_15	Penis Bones	BONE
3548	Cock_16	Penis Bones	BONE
3549	Cock_17	Penis Bones	BONE
3550	Cock_18	Penis Bones	BONE
3551	Cock_19	Penis Bones	BONE
3552	Cock_20	Penis Bones	BONE
3553	Cock_21	Penis Bones	BONE
3554	Cock_22	Penis Bones	BONE
3555	Cock_23	Penis Bones	BONE
3556	Cock_24	Penis Bones	BONE
3557	Cock_25	Penis Bones	BONE
3558	Cock_26	Penis Bones	BONE
3559	Cock_27	Penis Bones	BONE
3560	Cock_28	Penis Bones	BONE
3561	Cock_29	Penis Bones	BONE
3562	Cock_30	Penis Bones	BONE
3563	CockBase	Penis Bones	BONE
3564	CockHead	Penis Bones	BONE
3565	cocktrunk1	Penis Bones	BONE
3566	cocktrunk1.000	Penis Bones	BONE
3567	cocktrunk1.001	Penis Bones	BONE
3568	cocktrunk1.002	Penis Bones	BONE
3569	cocktrunk1.003	Penis Bones	BONE
3570	cocktrunk1.004	Penis Bones	BONE
3571	cocktrunk1.005	Penis Bones	BONE
3572	cocktrunk1.006	Penis Bones	BONE
3573	cocktrunk1.007	Penis Bones	BONE
3574	cocktrunk1.008	Penis Bones	BONE
3575	cocktrunk1.009	Penis Bones	BONE
3576	cocktrunk1.010	Penis Bones	BONE
3577	cocktrunk1.011	Penis Bones	BONE
3578	cocktrunk1.012	Penis Bones	BONE
3579	cocktrunk1.013	Penis Bones	BONE
3580	cocktrunk1.014	Penis Bones	BONE
3581	cocktrunk1.015	Penis Bones	BONE
3582	cocktrunk1.016	Penis Bones	BONE
3583	cocktrunk1.017	Penis Bones	BONE
3584	cocktrunk1.018	Penis Bones	BONE
3585	cocktrunk1.019	Penis Bones	BONE
3586	cocktrunk1.020	Penis Bones	BONE
3587	cocktrunk1.021	Penis Bones	BONE
3588	cocktrunk1.022	Penis Bones	BONE
3589	cocktrunk1.023	Penis Bones	BONE
3590	cocktrunk1.024	Penis Bones	BONE
3591	cocktrunk1.025	Penis Bones	BONE
3592	Colon	Anus Bones	BONE
3593	Cpenis0	Penis Bones	BONE
3594	Cpenis1	Penis Bones	BONE
3595	Cpenis2	Penis Bones	BONE
3596	Cpenis3	Penis Bones	BONE
3597	Cpenis4	Penis Bones	BONE
3598	Cpenis5	Penis Bones	BONE
3599	Cpenis6	Penis Bones	BONE
3600	Cpenis7	Penis Bones	BONE
3601	Cpenis8	Penis Bones	BONE
3602	Cpenis9	Penis Bones	BONE
3603	Cpenis10	Penis Bones	BONE
3604	Crotch_L	Vagina Bones	BONE
3605	Crotch_R	Vagina Bones	BONE
3606	Crotch	Vagina Bones	BONE
3607	Crouch.L	Vagina Bones	BONE
3608	Crouch.R	Vagina Bones	BONE
3609	Crouch	Vagina Bones	BONE
3610	Ctr_L_Chest_Twist1	Breast Bones	BONE
3611	Ctr_L_Chest_Twist2	Breast Bones	BONE
3612	Ctr_R_Chest_Twist1	Breast Bones	BONE
3613	Ctr_R_Chest_Twist2	Breast Bones	BONE
3614	D_0	Penis Bones	BONE
3615	D_1	Penis Bones	BONE
3616	D_2	Penis Bones	BONE
3617	D_3	Penis Bones	BONE
3618	D_4	Penis Bones	BONE
3619	D_5	Penis Bones	BONE
3620	D_6	Penis Bones	BONE
3621	D_7	Penis Bones	BONE
3622	D_8	Penis Bones	BONE
3623	D_9	Penis Bones	BONE
3624	D_10	Penis Bones	BONE
3625	DEF Anus.L	Anus Bones	BONE
3626	DEF Anus.R	Anus Bones	BONE
3627	DEF Anus.L.001	Anus Bones	BONE
3628	DEF Anus.R.001	Anus Bones	BONE
3629	DEF Labia.L	Vagina Bones	BONE
3630	DEF Labia.R	Vagina Bones	BONE
3631	DEF Pussy.L	Vagina Bones	BONE
3632	DEF Pussy.R	Vagina Bones	BONE
3633	DEF Pussy.L.001	Vagina Bones	BONE
3634	DEF Pussy.L.002	Vagina Bones	BONE
3635	DEF Pussy.L.003	Vagina Bones	BONE
3636	DEF Pussy.L.004	Vagina Bones	BONE
3637	DEF Pussy.L.005	Vagina Bones	BONE
3638	DEF Pussy.R.001	Vagina Bones	BONE
3639	DEF Pussy.R.002	Vagina Bones	BONE
3640	DEF Pussy.R.003	Vagina Bones	BONE
3641	DEF Pussy.R.004	Vagina Bones	BONE
3642	DEF Pussy.R.005	Vagina Bones	BONE
3643	DEF PussyInner.L	Vagina Bones	BONE
3644	DEF PussyInner.R	Vagina Bones	BONE
3645	DEF PussyInner.L.001	Vagina Bones	BONE
3646	DEF PussyInner.L.002	Vagina Bones	BONE
3647	DEF PussyInner.L.003	Vagina Bones	BONE
3648	DEF PussyInner.L.004	Vagina Bones	BONE
3649	DEF PussyInner.R.001	Vagina Bones	BONE
3650	DEF PussyInner.R.002	Vagina Bones	BONE
3651	DEF PussyInner.R.003	Vagina Bones	BONE
3652	DEF PussyInner.R.004	Vagina Bones	BONE
3653	DEF-anal.L	Anus Bones	BONE
3654	DEF-anal.R	Anus Bones	BONE
3655	DEF-anal	Anus Bones	BONE
3656	DEF-anal.001	Anus Bones	BONE
3657	DEF-Anus.l	Anus Bones	BONE
3658	DEF-Anus.r	Anus Bones	BONE
3659	DEF-anus	Anus Bones	BONE
3660	DEF-Anus-bottom	Anus Bones	BONE
3661	DEF-Anus-top	Anus Bones	BONE
3662	DEF-anus.B	Anus Bones	BONE
3663	DEF-anus.F	Anus Bones	BONE
3664	DEF-Anus.l.001	Anus Bones	BONE
3665	DEF-Anus.r.001	Anus Bones	BONE
3666	DEF-anus_inside	Anus Bones	BONE
3667	DEF-anus_top	Anus Bones	BONE
3668	DEF-anus_top.001	Anus Bones	BONE
3669	DEF-bip_breast_01_l	Breast Bones	BONE
3670	DEF-bip_breast_01_r	Breast Bones	BONE
3671	DEF-bip_butt_l	Butt Bones	BONE
3672	DEF-bip_butt_r	Butt Bones	BONE
3673	DEF-breast.L	Breast Bones	BONE
3674	DEF-breast.R	Breast Bones	BONE
3675	DEF-breast.L.0	Breast Bones	BONE
3676	DEF-breast.L.00	Breast Bones	BONE
3677	DEF-breast.L.000	Breast Bones	BONE
3678	DEF-breast.L.001	Breast Bones	BONE
3679	DEF-breast.L.01	Breast Bones	BONE
3680	DEF-breast.L.1	Breast Bones	BONE
3681	DEF-breast.L.002	Breast Bones	BONE
3682	DEF-breast.L.02	Breast Bones	BONE
3683	DEF-breast.L.2	Breast Bones	BONE
3684	DEF-breast.L.003	Breast Bones	BONE
3685	DEF-breast.L.03	Breast Bones	BONE
3686	DEF-breast.L.3	Breast Bones	BONE
3687	DEF-breast.L.004	Breast Bones	BONE
3688	DEF-breast.L.04	Breast Bones	BONE
3689	DEF-breast.L.4	Breast Bones	BONE
3690	DEF-breast.L.005	Breast Bones	BONE
3691	DEF-breast.L.05	Breast Bones	BONE
3692	DEF-breast.L.5	Breast Bones	BONE
3693	DEF-breast.L.006	Breast Bones	BONE
3694	DEF-breast.L.06	Breast Bones	BONE
3695	DEF-breast.L.6	Breast Bones	BONE
3696	DEF-breast.L.007	Breast Bones	BONE
3697	DEF-breast.L.07	Breast Bones	BONE
3698	DEF-breast.L.7	Breast Bones	BONE
3699	DEF-breast.L.008	Breast Bones	BONE
3700	DEF-breast.L.08	Breast Bones	BONE
3701	DEF-breast.L.8	Breast Bones	BONE
3702	DEF-breast.L.009	Breast Bones	BONE
3703	DEF-breast.L.09	Breast Bones	BONE
3704	DEF-breast.L.9	Breast Bones	BONE
3705	DEF-breast.L.010	Breast Bones	BONE
3706	DEF-breast.L.10	Breast Bones	BONE
3707	DEF-breast.L.011	Breast Bones	BONE
3708	DEF-breast.L.11	Breast Bones	BONE
3709	DEF-breast.L.012	Breast Bones	BONE
3710	DEF-breast.L.12	Breast Bones	BONE
3711	DEF-breast.L.013	Breast Bones	BONE
3712	DEF-breast.L.13	Breast Bones	BONE
3713	DEF-breast.L.014	Breast Bones	BONE
3714	DEF-breast.L.14	Breast Bones	BONE
3715	DEF-breast.L.015	Breast Bones	BONE
3716	DEF-breast.L.15	Breast Bones	BONE
3717	DEF-breast.L.016	Breast Bones	BONE
3718	DEF-breast.L.16	Breast Bones	BONE
3719	DEF-breast.L.017	Breast Bones	BONE
3720	DEF-breast.L.17	Breast Bones	BONE
3721	DEF-breast.L.018	Breast Bones	BONE
3722	DEF-breast.L.18	Breast Bones	BONE
3723	DEF-breast.L.019	Breast Bones	BONE
3724	DEF-breast.L.19	Breast Bones	BONE
3725	DEF-breast.L.020	Breast Bones	BONE
3726	DEF-breast.L.20	Breast Bones	BONE
3727	DEF-breast.L.021	Breast Bones	BONE
3728	DEF-breast.L.21	Breast Bones	BONE
3729	DEF-breast.L.022	Breast Bones	BONE
3730	DEF-breast.L.22	Breast Bones	BONE
3731	DEF-breast.L.023	Breast Bones	BONE
3732	DEF-breast.L.23	Breast Bones	BONE
3733	DEF-breast.L.024	Breast Bones	BONE
3734	DEF-breast.L.24	Breast Bones	BONE
3735	DEF-breast.L.025	Breast Bones	BONE
3736	DEF-breast.L.25	Breast Bones	BONE
3737	DEF-breast.L.026	Breast Bones	BONE
3738	DEF-breast.L.26	Breast Bones	BONE
3739	DEF-breast.L.027	Breast Bones	BONE
3740	DEF-breast.L.27	Breast Bones	BONE
3741	DEF-breast.L.028	Breast Bones	BONE
3742	DEF-breast.L.28	Breast Bones	BONE
3743	DEF-breast.L.029	Breast Bones	BONE
3744	DEF-breast.L.29	Breast Bones	BONE
3745	DEF-breast.L.030	Breast Bones	BONE
3746	DEF-breast.L.30	Breast Bones	BONE
3747	DEF-breast.R.0	Breast Bones	BONE
3748	DEF-breast.R.00	Breast Bones	BONE
3749	DEF-breast.R.000	Breast Bones	BONE
3750	DEF-breast.R.001	Breast Bones	BONE
3751	DEF-breast.R.01	Breast Bones	BONE
3752	DEF-breast.R.1	Breast Bones	BONE
3753	DEF-breast.R.002	Breast Bones	BONE
3754	DEF-breast.R.02	Breast Bones	BONE
3755	DEF-breast.R.2	Breast Bones	BONE
3756	DEF-breast.R.003	Breast Bones	BONE
3757	DEF-breast.R.03	Breast Bones	BONE
3758	DEF-breast.R.3	Breast Bones	BONE
3759	DEF-breast.R.004	Breast Bones	BONE
3760	DEF-breast.R.04	Breast Bones	BONE
3761	DEF-breast.R.4	Breast Bones	BONE
3762	DEF-breast.R.005	Breast Bones	BONE
3763	DEF-breast.R.05	Breast Bones	BONE
3764	DEF-breast.R.5	Breast Bones	BONE
3765	DEF-breast.R.006	Breast Bones	BONE
3766	DEF-breast.R.06	Breast Bones	BONE
3767	DEF-breast.R.6	Breast Bones	BONE
3768	DEF-breast.R.007	Breast Bones	BONE
3769	DEF-breast.R.07	Breast Bones	BONE
3770	DEF-breast.R.7	Breast Bones	BONE
3771	DEF-breast.R.008	Breast Bones	BONE
3772	DEF-breast.R.08	Breast Bones	BONE
3773	DEF-breast.R.8	Breast Bones	BONE
3774	DEF-breast.R.009	Breast Bones	BONE
3775	DEF-breast.R.09	Breast Bones	BONE
3776	DEF-breast.R.9	Breast Bones	BONE
3777	DEF-breast.R.010	Breast Bones	BONE
3778	DEF-breast.R.10	Breast Bones	BONE
3779	DEF-breast.R.011	Breast Bones	BONE
3780	DEF-breast.R.11	Breast Bones	BONE
3781	DEF-breast.R.012	Breast Bones	BONE
3782	DEF-breast.R.12	Breast Bones	BONE
3783	DEF-breast.R.013	Breast Bones	BONE
3784	DEF-breast.R.13	Breast Bones	BONE
3785	DEF-breast.R.014	Breast Bones	BONE
3786	DEF-breast.R.14	Breast Bones	BONE
3787	DEF-breast.R.015	Breast Bones	BONE
3788	DEF-breast.R.15	Breast Bones	BONE
3789	DEF-breast.R.016	Breast Bones	BONE
3790	DEF-breast.R.16	Breast Bones	BONE
3791	DEF-breast.R.017	Breast Bones	BONE
3792	DEF-breast.R.17	Breast Bones	BONE
3793	DEF-breast.R.018	Breast Bones	BONE
3794	DEF-breast.R.18	Breast Bones	BONE
3795	DEF-breast.R.019	Breast Bones	BONE
3796	DEF-breast.R.19	Breast Bones	BONE
3797	DEF-breast.R.020	Breast Bones	BONE
3798	DEF-breast.R.20	Breast Bones	BONE
3799	DEF-breast.R.021	Breast Bones	BONE
3800	DEF-breast.R.21	Breast Bones	BONE
3801	DEF-breast.R.022	Breast Bones	BONE
3802	DEF-breast.R.22	Breast Bones	BONE
3803	DEF-breast.R.023	Breast Bones	BONE
3804	DEF-breast.R.23	Breast Bones	BONE
3805	DEF-breast.R.024	Breast Bones	BONE
3806	DEF-breast.R.24	Breast Bones	BONE
3807	DEF-breast.R.025	Breast Bones	BONE
3808	DEF-breast.R.25	Breast Bones	BONE
3809	DEF-breast.R.026	Breast Bones	BONE
3810	DEF-breast.R.26	Breast Bones	BONE
3811	DEF-breast.R.027	Breast Bones	BONE
3812	DEF-breast.R.27	Breast Bones	BONE
3813	DEF-breast.R.028	Breast Bones	BONE
3814	DEF-breast.R.28	Breast Bones	BONE
3815	DEF-breast.R.029	Breast Bones	BONE
3816	DEF-breast.R.29	Breast Bones	BONE
3817	DEF-breast.R.030	Breast Bones	BONE
3818	DEF-breast.R.30	Breast Bones	BONE
3819	DEF-breast_01_l	Breast Bones	BONE
3820	DEF-breast_01_r	Breast Bones	BONE
3821	DEF-Butt.L	Butt Bones	BONE
3822	DEF-Butt.R	Butt Bones	BONE
3823	DEF-butt_l	Butt Bones	BONE
3824	DEF-butt_r	Butt Bones	BONE
3825	DEF-Butt1.L	Butt Bones	BONE
3826	DEF-Butt1.R	Butt Bones	BONE
3827	DEF-Butt1.L.001	Butt Bones	BONE
3828	DEF-Butt1.R.001	Butt Bones	BONE
3829	DEF-Clit	Vagina Bones	BONE
3830	DEF-labia_maj_low.L	Vagina Bones	BONE
3831	DEF-labia_maj_low.R	Vagina Bones	BONE
3832	DEF-labia_maj_mid.L	Vagina Bones	BONE
3833	DEF-labia_maj_mid.R	Vagina Bones	BONE
3834	DEF-labia_maj_up.L	Vagina Bones	BONE
3835	DEF-labia_maj_up.R	Vagina Bones	BONE
3836	DEF-labia_mino_lower.L	Vagina Bones	BONE
3837	DEF-labia_mino_lower.R	Vagina Bones	BONE
3838	DEF-labia_mino_mid.L	Vagina Bones	BONE
3839	DEF-labia_mino_mid.R	Vagina Bones	BONE
3840	DEF-labia_mino_up.L	Vagina Bones	BONE
3841	DEF-labia_mino_up.R	Vagina Bones	BONE
3842	DEF-LeftGluteus	Butt Bones	BONE
3843	DEF-Nipple.L	Breast Bones	BONE
3844	DEF-Nipple.R	Breast Bones	BONE
3845	DEF-Penis_Main	Penis Bones	BONE
3846	DEF-pussy.L	Vagina Bones	BONE
3847	DEF-pussy.R	Vagina Bones	BONE
3848	DEF-pussy	Vagina Bones	BONE
3849	DEF-pussy.001	Vagina Bones	BONE
3850	DEF-pussy.L.001	Vagina Bones	BONE
3851	DEF-pussy.L.002	Vagina Bones	BONE
3852	DEF-pussy.L.003	Vagina Bones	BONE
3853	DEF-pussy.L.004	Vagina Bones	BONE
3854	DEF-pussy.R.001	Vagina Bones	BONE
3855	DEF-pussy.R.002	Vagina Bones	BONE
3856	DEF-pussy.R.003	Vagina Bones	BONE
3857	DEF-pussy.R.004	Vagina Bones	BONE
3858	DEF-RightGluteus	Butt Bones	BONE
3859	DEF-Shaft_01	Penis Bones	BONE
3860	DEF-Shaft_02	Penis Bones	BONE
3861	DEF-Shaft_03	Penis Bones	BONE
3862	DEF-Shaft_04	Penis Bones	BONE
3863	DEF-Shaft_05	Penis Bones	BONE
3864	DEF-Shaft_06	Penis Bones	BONE
3865	DEF-Shaft_07	Penis Bones	BONE
3866	DEF-spine_L.001	Butt Bones	BONE
3867	DEF-spine_R.001	Butt Bones	BONE
3868	DEF-Testicle.L	Balls Bones	BONE
3869	DEF-Testicle.R	Balls Bones	BONE
3870	DEF-Testicles_Root	Balls Bones	BONE
3871	DEF-Uterus	Vagina Bones	BONE
3872	DEF-Vag_L	Vagina Bones	BONE
3873	DEF-Vag_R	Vagina Bones	BONE
3874	DEF-vag.L	Vagina Bones	BONE
3875	DEF-vag.R	Vagina Bones	BONE
3876	DEF-Vag B	Vagina Bones	BONE
3877	DEF-Vag Bot	Vagina Bones	BONE
3878	DEF-Vag L	Vagina Bones	BONE
3879	DEF-Vag L.001	Vagina Bones	BONE
3880	DEF-Vag L.002	Vagina Bones	BONE
3881	DEF-Vag Mid	Vagina Bones	BONE
3882	DEF-Vag R	Vagina Bones	BONE
3883	DEF-Vag R.001	Vagina Bones	BONE
3884	DEF-Vag R.002	Vagina Bones	BONE
3885	DEF-Vag T	Vagina Bones	BONE
3886	DEF-Vag Top	Vagina Bones	BONE
3887	DEF-vag.B	Vagina Bones	BONE
3888	DEF-vag.B.001	Vagina Bones	BONE
3889	DEF-vag.F	Vagina Bones	BONE
3890	DEF-vag.F.001	Vagina Bones	BONE
3891	DEF-vag.L.000	Vagina Bones	BONE
3892	DEF-vag.L.001	Vagina Bones	BONE
3893	DEF-vag.L.002	Vagina Bones	BONE
3894	DEF-vag.L.003	Vagina Bones	BONE
3895	DEF-vag.L.004	Vagina Bones	BONE
3896	DEF-vag.L.005	Vagina Bones	BONE
3897	DEF-vag.L.006	Vagina Bones	BONE
3898	DEF-vag.L.007	Vagina Bones	BONE
3899	DEF-vag.L.008	Vagina Bones	BONE
3900	DEF-vag.L.009	Vagina Bones	BONE
3901	DEF-vag.L.010	Vagina Bones	BONE
3902	DEF-vag.L.011	Vagina Bones	BONE
3903	DEF-vag.L.012	Vagina Bones	BONE
3904	DEF-vag.L.013	Vagina Bones	BONE
3905	DEF-vag.L.014	Vagina Bones	BONE
3906	DEF-vag.L.015	Vagina Bones	BONE
3907	DEF-vag.L.016	Vagina Bones	BONE
3908	DEF-vag.L.017	Vagina Bones	BONE
3909	DEF-vag.L.018	Vagina Bones	BONE
3910	DEF-vag.L.019	Vagina Bones	BONE
3911	DEF-vag.L.020	Vagina Bones	BONE
3912	DEF-vag.R.000	Vagina Bones	BONE
3913	DEF-vag.R.001	Vagina Bones	BONE
3914	DEF-vag.R.002	Vagina Bones	BONE
3915	DEF-vag.R.003	Vagina Bones	BONE
3916	DEF-vag.R.004	Vagina Bones	BONE
3917	DEF-vag.R.005	Vagina Bones	BONE
3918	DEF-vag.R.006	Vagina Bones	BONE
3919	DEF-vag.R.007	Vagina Bones	BONE
3920	DEF-vag.R.008	Vagina Bones	BONE
3921	DEF-vag.R.009	Vagina Bones	BONE
3922	DEF-vag.R.010	Vagina Bones	BONE
3923	DEF-vag.R.011	Vagina Bones	BONE
3924	DEF-vag.R.012	Vagina Bones	BONE
3925	DEF-vag.R.013	Vagina Bones	BONE
3926	DEF-vag.R.014	Vagina Bones	BONE
3927	DEF-vag.R.015	Vagina Bones	BONE
3928	DEF-vag.R.016	Vagina Bones	BONE
3929	DEF-vag.R.017	Vagina Bones	BONE
3930	DEF-vag.R.018	Vagina Bones	BONE
3931	DEF-vag.R.019	Vagina Bones	BONE
3932	DEF-vag.R.020	Vagina Bones	BONE
3933	DEF-Vag_B	Vagina Bones	BONE
3934	DEF-Vag_F	Vagina Bones	BONE
3935	DEF-Vag_L.001	Vagina Bones	BONE
3936	DEF-Vag_L.002	Vagina Bones	BONE
3937	DEF-Vag_L.003	Vagina Bones	BONE
3938	DEF-vag_mid_1	Vagina Bones	BONE
3939	DEF-vag_mid_2.L	Vagina Bones	BONE
3940	DEF-vag_mid_2.R	Vagina Bones	BONE
3941	DEF-vag_mid_4	Vagina Bones	BONE
3942	DEF-Vag_R.001	Vagina Bones	BONE
3943	DEF-Vag_R.002	Vagina Bones	BONE
3944	DEF-Vag_R.003	Vagina Bones	BONE
3945	DEF-vagina.l	Vagina Bones	BONE
3946	DEF-vagina.r	Vagina Bones	BONE
3947	DEF-vagina.l.001	Vagina Bones	BONE
3948	DEF-vagina.l.002	Vagina Bones	BONE
3949	DEF-vagina.l.003	Vagina Bones	BONE
3950	DEF-vagina.r.001	Vagina Bones	BONE
3951	DEF-vagina.r.002	Vagina Bones	BONE
3952	DEF-vagina.r.003	Vagina Bones	BONE
3953	DEF-VagVulva	Vagina Bones	BONE
3954	DEF-VGLips_EX1.L	Vagina Bones	BONE
3955	DEF-VGLips_EX1.R	Vagina Bones	BONE
3956	DEF-VGLips_EX2.L	Vagina Bones	BONE
3957	DEF-VGLips_EX2.R	Vagina Bones	BONE
3958	DEF-VGLips_IN1.L	Vagina Bones	BONE
3959	DEF-VGLips_IN1.R	Vagina Bones	BONE
3960	DEF-VGLips_IN2.L	Vagina Bones	BONE
3961	DEF-VGLips_IN2.R	Vagina Bones	BONE
3962	DEF_breast.L	Breast Bones	BONE
3963	DEF_breast.R	Breast Bones	BONE
3964	DEF_breast.L.001	Breast Bones	BONE
3965	DEF_breast.R.001	Breast Bones	BONE
3966	DEF_BREAST_A.L	Breast Bones	BONE
3967	DEF_BREAST_A.R	Breast Bones	BONE
3968	DEF_BREAST_B.L	Breast Bones	BONE
3969	DEF_BREAST_B.R	Breast Bones	BONE
3970	DEF_BREAST_C.L	Breast Bones	BONE
3971	DEF_BREAST_C.R	Breast Bones	BONE
3972	DEF_Butt.L	Butt Bones	BONE
3973	DEF_Butt.R	Butt Bones	BONE
3974	DEF_BUTT LOW.L	Butt Bones	BONE
3975	DEF_BUTT LOW.R	Butt Bones	BONE
3976	DEF_Clit	Vagina Bones	BONE
3977	DEF_Clit.001	Vagina Bones	BONE
3978	DEF_IK_NIPPLE.L	Breast Bones	BONE
3979	DEF_IK_NIPPLE.R	Breast Bones	BONE
3980	deform_glute_l	Butt Bones	BONE
3981	deform_glute_r	Butt Bones	BONE
3982	deform_glute_base_l	Butt Bones	BONE
3983	deform_glute_base_r	Butt Bones	BONE
3984	Diccu0	Penis Bones	BONE
3985	Diccu00	Penis Bones	BONE
3986	Diccu01	Penis Bones	BONE
3987	Diccu1	Penis Bones	BONE
3988	Diccu02	Penis Bones	BONE
3989	Diccu2	Penis Bones	BONE
3990	Diccu03	Penis Bones	BONE
3991	Diccu3	Penis Bones	BONE
3992	Diccu04	Penis Bones	BONE
3993	Diccu4	Penis Bones	BONE
3994	Diccu4.000	Penis Bones	BONE
3995	Diccu4.001	Penis Bones	BONE
3996	Diccu4.002	Penis Bones	BONE
3997	Diccu4.003	Penis Bones	BONE
3998	Diccu4.004	Penis Bones	BONE
3999	Diccu4.005	Penis Bones	BONE
4000	Diccu4.006	Penis Bones	BONE
4001	Diccu4.007	Penis Bones	BONE
4002	Diccu4.008	Penis Bones	BONE
4003	Diccu05	Penis Bones	BONE
4004	Diccu5	Penis Bones	BONE
4005	Diccu06	Penis Bones	BONE
4006	Diccu6	Penis Bones	BONE
4007	Diccu07	Penis Bones	BONE
4008	Diccu7	Penis Bones	BONE
4009	Diccu08	Penis Bones	BONE
4010	Diccu8	Penis Bones	BONE
4011	Diccu09	Penis Bones	BONE
4012	Diccu9	Penis Bones	BONE
4013	Diccu10	Penis Bones	BONE
4014	Diccu11	Penis Bones	BONE
4015	Diccu12	Penis Bones	BONE
4016	Diccu13	Penis Bones	BONE
4017	Diccu14	Penis Bones	BONE
4018	Diccu15	Penis Bones	BONE
4019	Diccu16	Penis Bones	BONE
4020	Diccu17	Penis Bones	BONE
4021	Diccu18	Penis Bones	BONE
4022	Diccu19	Penis Bones	BONE
4023	Diccu20	Penis Bones	BONE
4024	Dick	Penis Bones	BONE
4025	Dick0	Penis Bones	BONE
4026	Dick1	Penis Bones	BONE
4027	Dick2	Penis Bones	BONE
4028	Dick3	Penis Bones	BONE
4029	Dick4	Penis Bones	BONE
4030	Dick5	Penis Bones	BONE
4031	Dick6	Penis Bones	BONE
4032	Dick7	Penis Bones	BONE
4033	Dick8	Penis Bones	BONE
4034	Dick9	Penis Bones	BONE
4035	Dick10	Penis Bones	BONE
4036	Dick11	Penis Bones	BONE
4037	Dick12	Penis Bones	BONE
4038	Dick13	Penis Bones	BONE
4039	Dick14	Penis Bones	BONE
4040	Dick15	Penis Bones	BONE
4041	Dick16	Penis Bones	BONE
4042	Dick17	Penis Bones	BONE
4043	Dick.000	Penis Bones	BONE
4044	Dick.001	Penis Bones	BONE
4045	Dick.002	Penis Bones	BONE
4046	Dick.003	Penis Bones	BONE
4047	Dick.004	Penis Bones	BONE
4048	Dick.005	Penis Bones	BONE
4049	Dick.006	Penis Bones	BONE
4050	Dick.007	Penis Bones	BONE
4051	Dick.008	Penis Bones	BONE
4052	Dick.009	Penis Bones	BONE
4053	Dick.010	Penis Bones	BONE
4054	Dick.011	Penis Bones	BONE
4055	Dick.012	Penis Bones	BONE
4056	Dick.013	Penis Bones	BONE
4057	Dick.014	Penis Bones	BONE
4058	Dick.015	Penis Bones	BONE
4059	Dick.016	Penis Bones	BONE
4060	Dick.017	Penis Bones	BONE
4061	Dick.018	Penis Bones	BONE
4062	Dick.019	Penis Bones	BONE
4063	Dick.020	Penis Bones	BONE
4064	dick_0	Penis Bones	BONE
4065	dick_00	Penis Bones	BONE
4066	dick_01	Penis Bones	BONE
4067	dick_1	Penis Bones	BONE
4068	dick_02	Penis Bones	BONE
4069	dick_2	Penis Bones	BONE
4070	dick_03	Penis Bones	BONE
4071	dick_3	Penis Bones	BONE
4072	dick_04	Penis Bones	BONE
4073	dick_4	Penis Bones	BONE
4074	dick_05	Penis Bones	BONE
4075	dick_5	Penis Bones	BONE
4076	dick_06	Penis Bones	BONE
4077	dick_6	Penis Bones	BONE
4078	dick_07	Penis Bones	BONE
4079	dick_7	Penis Bones	BONE
4080	dick_08	Penis Bones	BONE
4081	dick_8	Penis Bones	BONE
4082	dick_09	Penis Bones	BONE
4083	dick_9	Penis Bones	BONE
4084	dick_10	Penis Bones	BONE
4085	Dick_Base	Penis Bones	BONE
4086	Dm-L-Breast	Breast Bones	BONE
4087	Dm-L-Breast-Point	Breast Bones	BONE
4088	Dm-R-Breast	Breast Bones	BONE
4089	Dm-R-Breast-Point	Breast Bones	BONE
4090	Dong0	Penis Bones	BONE
4091	Dong00	Penis Bones	BONE
4092	Dong01	Penis Bones	BONE
4093	Dong1	Penis Bones	BONE
4094	Dong02	Penis Bones	BONE
4095	Dong2	Penis Bones	BONE
4096	Dong03	Penis Bones	BONE
4097	Dong3	Penis Bones	BONE
4098	Dong04	Penis Bones	BONE
4099	Dong4	Penis Bones	BONE
4100	Dong05	Penis Bones	BONE
4101	Dong5	Penis Bones	BONE
4102	Dong06	Penis Bones	BONE
4103	Dong6	Penis Bones	BONE
4104	Dong07	Penis Bones	BONE
4105	Dong7	Penis Bones	BONE
4106	Dong08	Penis Bones	BONE
4107	Dong8	Penis Bones	BONE
4108	Dong09	Penis Bones	BONE
4109	Dong9	Penis Bones	BONE
4110	Dong10	Penis Bones	BONE
4111	Dong11	Penis Bones	BONE
4112	Dong12	Penis Bones	BONE
4113	Dong13	Penis Bones	BONE
4114	Dong14	Penis Bones	BONE
4115	Dong15	Penis Bones	BONE
4116	Dong_00	Penis Bones	BONE
4117	Dong_01	Penis Bones	BONE
4118	Dong_02	Penis Bones	BONE
4119	Dong_03	Penis Bones	BONE
4120	Dong_04	Penis Bones	BONE
4121	Dong_05	Penis Bones	BONE
4122	Dong_06	Penis Bones	BONE
4123	Dong_07	Penis Bones	BONE
4124	Dong_08	Penis Bones	BONE
4125	Dong_08.002	Penis Bones	BONE
4126	Dong_08.003	Penis Bones	BONE
4127	Dong_09	Penis Bones	BONE
4128	Dong_10	Penis Bones	BONE
4129	Dong_HelperBone	Penis Bones	BONE
4130	DongBase	Penis Bones	BONE
4131	Donger00	Penis Bones	BONE
4132	Donger01	Penis Bones	BONE
4133	Donger02	Penis Bones	BONE
4134	Donger03	Penis Bones	BONE
4135	Donger04	Penis Bones	BONE
4136	Donger05	Penis Bones	BONE
4137	Donger06	Penis Bones	BONE
4138	Donger07	Penis Bones	BONE
4139	Donger08	Penis Bones	BONE
4140	Donger09	Penis Bones	BONE
4141	Donger10	Penis Bones	BONE
4142	donger 1	Penis Bones	BONE
4143	donger 2	Penis Bones	BONE
4144	donger 3	Penis Bones	BONE
4145	donger 4	Penis Bones	BONE
4146	donger 5	Penis Bones	BONE
4147	donger 6	Penis Bones	BONE
4148	donger 7	Penis Bones	BONE
4149	donger base	Penis Bones	BONE
4150	donger root	Penis Bones	BONE
4151	Donger_00	Penis Bones	BONE
4152	Donger_01	Penis Bones	BONE
4153	Donger_02	Penis Bones	BONE
4154	Donger_03	Penis Bones	BONE
4155	Donger_04	Penis Bones	BONE
4156	Donger_05	Penis Bones	BONE
4157	Donger_06	Penis Bones	BONE
4158	Donger_07	Penis Bones	BONE
4159	Donger_08	Penis Bones	BONE
4160	Donger_09	Penis Bones	BONE
4161	Donger_10	Penis Bones	BONE
4162	Donger_Base	Penis Bones	BONE
4163	Donut01	Anus Bones	BONE
4164	FK_BallPinch	Balls Bones	BONE
4165	FK_BallsCont00	Balls Bones	BONE
4166	FK_BallsCont01	Balls Bones	BONE
4167	FK_BaseBone	Penis Bones	BONE
4168	FK_Penis00	Penis Bones	BONE
4169	FK_Penis01	Penis Bones	BONE
4170	FK_Penis02	Penis Bones	BONE
4171	FK_Penis03	Penis Bones	BONE
4172	FK_Penis04	Penis Bones	BONE
4173	FK_Penis05	Penis Bones	BONE
4174	FK_Penis06	Penis Bones	BONE
4175	FK_Penis07	Penis Bones	BONE
4176	FK_Penis08	Penis Bones	BONE
4177	FK_Penis09	Penis Bones	BONE
4178	FK_Penis10	Penis Bones	BONE
4179	FK_Penis11	Penis Bones	BONE
4180	FK_Penis12	Penis Bones	BONE
4181	FK_Penis13	Penis Bones	BONE
4182	FK_Penis14	Penis Bones	BONE
4183	FK_Penis15	Penis Bones	BONE
4184	FK_Penis16	Penis Bones	BONE
4185	FK_Penis17	Penis Bones	BONE
4186	FK_Penis18	Penis Bones	BONE
4187	FK_Penis19	Penis Bones	BONE
4188	FK_Penis20	Penis Bones	BONE
4189	FK_Penis21	Penis Bones	BONE
4190	FK_Penis22	Penis Bones	BONE
4191	FK_Penis23	Penis Bones	BONE
4192	FK_Penis24	Penis Bones	BONE
4193	FK_Penis25	Penis Bones	BONE
4194	FK_Penis26	Penis Bones	BONE
4195	FK_Penis27	Penis Bones	BONE
4196	FK_Penis28	Penis Bones	BONE
4197	FK_Penis29	Penis Bones	BONE
4198	FK_Penis30	Penis Bones	BONE
4199	FK_Testicle_L	Balls Bones	BONE
4200	FK_Testicle_R	Balls Bones	BONE
4201	FK_Testy_L	Balls Bones	BONE
4202	FK_Testy_R	Balls Bones	BONE
4203	FK_TestyCont00	Balls Bones	BONE
4204	FK_TestyCont01	Balls Bones	BONE
4205	fold_left	Vagina Bones	BONE
4206	fold_right	Vagina Bones	BONE
4207	ForeSkin_L	Penis Bones	BONE
4208	ForeSkin_R	Penis Bones	BONE
4209	foreskin.l	Penis Bones	BONE
4210	foreskin.r	Penis Bones	BONE
4211	foreskin_ant_L	Penis Bones	BONE
4212	foreskin_ant_R	Penis Bones	BONE
4213	foreskin_ant	Penis Bones	BONE
4214	foreskin_ant_inf_L	Penis Bones	BONE
4215	foreskin_ant_inf_R	Penis Bones	BONE
4216	foreskin_ant_inf	Penis Bones	BONE
4217	foreskin_ant_sup_L	Penis Bones	BONE
4218	foreskin_ant_sup_R	Penis Bones	BONE
4219	foreskin_ant_sup	Penis Bones	BONE
4220	ForeSkin_B	Penis Bones	BONE
4221	foreskin_pos_L	Penis Bones	BONE
4222	foreskin_pos_R	Penis Bones	BONE
4223	foreskin_pos	Penis Bones	BONE
4224	foreskin_pos_inf_L	Penis Bones	BONE
4225	foreskin_pos_inf_R	Penis Bones	BONE
4226	foreskin_pos_inf	Penis Bones	BONE
4227	foreskin_pos_sup_L	Penis Bones	BONE
4228	foreskin_pos_sup_R	Penis Bones	BONE
4229	foreskin_pos_sup	Penis Bones	BONE
4230	ForeSkin_T	Penis Bones	BONE
4231	foreskinbot	Penis Bones	BONE
4232	ForeskinBottom	Penis Bones	BONE
4233	foreskintop	Penis Bones	BONE
4234	fr.pussy.000.L	Vagina Bones	BONE
4235	fr.pussy.000.R	Vagina Bones	BONE
4236	fr.pussy.001.L	Vagina Bones	BONE
4237	fr.pussy.001.R	Vagina Bones	BONE
4238	fr.pussy.002.L	Vagina Bones	BONE
4239	fr.pussy.002.R	Vagina Bones	BONE
4240	fr.pussy.003.L	Vagina Bones	BONE
4241	fr.pussy.003.R	Vagina Bones	BONE
4242	fr.pussy.004.L	Vagina Bones	BONE
4243	fr.pussy.004.R	Vagina Bones	BONE
4244	fr.pussy.005.L	Vagina Bones	BONE
4245	fr.pussy.005.R	Vagina Bones	BONE
4246	fr.pussy.006.L	Vagina Bones	BONE
4247	fr.pussy.006.R	Vagina Bones	BONE
4248	fr.pussy.007.L	Vagina Bones	BONE
4249	fr.pussy.007.R	Vagina Bones	BONE
4250	fr.pussy.008.L	Vagina Bones	BONE
4251	fr.pussy.008.R	Vagina Bones	BONE
4252	fr.pussy.009.L	Vagina Bones	BONE
4253	fr.pussy.009.R	Vagina Bones	BONE
4254	fr.pussy.010.L	Vagina Bones	BONE
4255	fr.pussy.010.R	Vagina Bones	BONE
4256	fr.pussy.011.L	Vagina Bones	BONE
4257	fr.pussy.011.R	Vagina Bones	BONE
4258	fr.pussy.012.L	Vagina Bones	BONE
4259	fr.pussy.012.R	Vagina Bones	BONE
4260	fr.pussy.013.L	Vagina Bones	BONE
4261	fr.pussy.013.R	Vagina Bones	BONE
4262	fr.pussy.014.L	Vagina Bones	BONE
4263	fr.pussy.014.R	Vagina Bones	BONE
4264	fr.pussy.015.L	Vagina Bones	BONE
4265	fr.pussy.015.R	Vagina Bones	BONE
4266	fr.pussy.016.L	Vagina Bones	BONE
4267	fr.pussy.016.R	Vagina Bones	BONE
4268	fr.pussy.017.L	Vagina Bones	BONE
4269	fr.pussy.017.R	Vagina Bones	BONE
4270	fr.pussy.018.L	Vagina Bones	BONE
4271	fr.pussy.018.R	Vagina Bones	BONE
4272	fr.pussy.019.L	Vagina Bones	BONE
4273	fr.pussy.019.R	Vagina Bones	BONE
4274	fr.pussy.020.L	Vagina Bones	BONE
4275	fr.pussy.020.R	Vagina Bones	BONE
4276	fr.pussy.021.L	Vagina Bones	BONE
4277	fr.pussy.021.R	Vagina Bones	BONE
4278	fr.pussy.022.L	Vagina Bones	BONE
4279	fr.pussy.022.R	Vagina Bones	BONE
4280	fr.pussy.023.L	Vagina Bones	BONE
4281	fr.pussy.023.R	Vagina Bones	BONE
4282	fr.pussy.024.L	Vagina Bones	BONE
4283	fr.pussy.024.R	Vagina Bones	BONE
4284	fr.pussy.025.L	Vagina Bones	BONE
4285	fr.pussy.025.R	Vagina Bones	BONE
4286	fr.pussy.026.L	Vagina Bones	BONE
4287	fr.pussy.026.R	Vagina Bones	BONE
4288	fr.pussy.027.L	Vagina Bones	BONE
4289	fr.pussy.027.R	Vagina Bones	BONE
4290	fr.pussy.028.L	Vagina Bones	BONE
4291	fr.pussy.028.R	Vagina Bones	BONE
4292	fr.pussy.029.L	Vagina Bones	BONE
4293	fr.pussy.029.R	Vagina Bones	BONE
4294	fr.pussy.030.L	Vagina Bones	BONE
4295	fr.pussy.030.R	Vagina Bones	BONE
4296	Front anus	Anus Bones	BONE
4297	Front pussy	Vagina Bones	BONE
4298	Gen0	Penis Bones	BONE
4299	Gen1	Penis Bones	BONE
4300	Gen2	Penis Bones	BONE
4301	Gen3	Penis Bones	BONE
4302	Gen4	Penis Bones	BONE
4303	Gen5	Penis Bones	BONE
4304	Gen6	Penis Bones	BONE
4305	Gen7	Penis Bones	BONE
4306	Gen8	Penis Bones	BONE
4307	Gen9	Penis Bones	BONE
4308	Gen10	Penis Bones	BONE
4309	Gen.Root	Genital Bones	BONE
4310	genitails root	Genital Bones	BONE
4311	genital left	Vagina Bones	BONE
4312	genital right	Vagina Bones	BONE
4313	genital back	Vagina Bones	BONE
4314	genital clit	Vagina Bones	BONE
4315	genital clitoris	Vagina Bones	BONE
4316	Genital Innards (Scale only)	Genital Bones	BONE
4317	Genitals	Genital Bones	BONE
4318	genitals anus	Anus Bones	BONE
4319	genitals anus root	Anus Bones	BONE
4320	genitals penis 0	Penis Bones	BONE
4321	genitals penis 00	Penis Bones	BONE
4322	genitals penis 01	Penis Bones	BONE
4323	genitals penis 1	Penis Bones	BONE
4324	genitals penis 02	Penis Bones	BONE
4325	genitals penis 2	Penis Bones	BONE
4326	genitals penis 03	Penis Bones	BONE
4327	genitals penis 3	Penis Bones	BONE
4328	genitals penis 04	Penis Bones	BONE
4329	genitals penis 4	Penis Bones	BONE
4330	genitals penis 05	Penis Bones	BONE
4331	genitals penis 5	Penis Bones	BONE
4332	genitals penis 06	Penis Bones	BONE
4333	genitals penis 6	Penis Bones	BONE
4334	genitals penis 07	Penis Bones	BONE
4335	genitals penis 7	Penis Bones	BONE
4336	genitals penis 08	Penis Bones	BONE
4337	genitals penis 8	Penis Bones	BONE
4338	genitals penis 09	Penis Bones	BONE
4339	genitals penis 9	Penis Bones	BONE
4340	genitals penis 10	Penis Bones	BONE
4341	genitals penis base	Penis Bones	BONE
4342	genitals rectum left	Anus Bones	BONE
4343	genitals rectum right	Anus Bones	BONE
4344	genitals rectum bottom	Anus Bones	BONE
4345	genitals rectum top	Anus Bones	BONE
4346	genitals vagina left	Vagina Bones	BONE
4347	genitals vagina right	Vagina Bones	BONE
4348	genitals vagina 1	Vagina Bones	BONE
4349	genitals vagina 2	Vagina Bones	BONE
4350	Genitals.000	Genital Bones	BONE
4351	Genitals.001	Genital Bones	BONE
4352	Genitals.002	Genital Bones	BONE
4353	Genitals.003	Genital Bones	BONE
4354	Genitals.004	Genital Bones	BONE
4355	Genitals.005	Genital Bones	BONE
4356	Genitals.006	Genital Bones	BONE
4357	Genitals.007	Genital Bones	BONE
4358	Genitals.008	Genital Bones	BONE
4359	Genitals.009	Genital Bones	BONE
4360	Genitals.010	Genital Bones	BONE
4361	Genitals.011	Genital Bones	BONE
4362	Genitals_Root	Genital Bones	BONE
4363	Genitals_root	Genital Bones (ASCII-family carry-along of Genitals_Root, human-approved)	BONE
4364	GenitalsUp	Genital Bones	FLEX
4365	Gens	Genital Bones	BONE
4366	Gentials	Genital Bones	BONE
4367	Glute_L	Butt Bones	BONE
4368	Glute_R	Butt Bones	BONE
4369	Gluteus_Base L	Butt Bones	BONE
4370	Gluteus_Base R	Butt Bones	BONE
4371	Gluteus_Jiggle L	Butt Bones	BONE
4372	Gluteus_Jiggle R	Butt Bones	BONE
4373	groin	Genital Bones	BONE
4374	Head_00	Penis Bones	BONE
4375	Head_01	Penis Bones	BONE
4376	Head_02	Penis Bones	BONE
4377	Head_03	Penis Bones	BONE
4378	Head_04	Penis Bones	BONE
4379	Head_05	Penis Bones	BONE
4380	Head_06	Penis Bones	BONE
4381	Head_07	Penis Bones	BONE
4382	Head_08	Penis Bones	BONE
4383	Head_09	Penis Bones	BONE
4384	Head_10	Penis Bones	BONE
4385	hide clitoris	Vagina Bones	BONE
4386	hips left	Butt Bones	BONE
4387	hips right	Butt Bones	BONE
4388	HLP_L_Butt	Butt Bones	BONE
4389	HLP_L_Butt_Slerp	Butt Bones	BONE
4390	HLP_R_Butt	Butt Bones	BONE
4391	HLP_R_Butt_Slerp	Butt Bones	BONE
4392	Horse_Ball_L	Balls Bones	BONE
4393	Horse_Ball_R	Balls Bones	BONE
4394	Horse_Ball_L.001	Balls Bones	BONE
4395	Horse_Ball_R.001	Balls Bones	BONE
4396	HorseLewd1	Penis Bones	BONE
4397	HorseLewd2	Penis Bones	BONE
4398	HorseLewd3	Penis Bones	BONE
4399	HorseLewd4	Penis Bones	BONE
4400	jig_boob_0_L	Breast Bones	BONE
4401	jig_boob_0_R	Breast Bones	BONE
4402	jig_boob_1_L	Breast Bones	BONE
4403	jig_boob_1_R	Breast Bones	BONE
4404	jig_boob_2_L	Breast Bones	BONE
4405	jig_boob_2_R	Breast Bones	BONE
4406	jig_butt_L	Butt Bones	BONE
4407	jig_butt_R	Butt Bones	BONE
4408	jiggle_bewb0_L	Breast Bones	BONE
4409	jiggle_bewb0_R	Breast Bones	BONE
4410	jiggle_bewb1_L	Breast Bones	BONE
4411	jiggle_bewb1_R	Breast Bones	BONE
4412	jiggle_bewb2_L	Breast Bones	BONE
4413	jiggle_bewb2_R	Breast Bones	BONE
4414	jiggle_bewb3_L	Breast Bones	BONE
4415	jiggle_bewb3_R	Breast Bones	BONE
4416	jiggle_bewb4_L	Breast Bones	BONE
4417	jiggle_bewb4_R	Breast Bones	BONE
4418	jiggle_bewb5_L	Breast Bones	BONE
4419	jiggle_bewb5_R	Breast Bones	BONE
4420	jiggle_bewb6_L	Breast Bones	BONE
4421	jiggle_bewb6_R	Breast Bones	BONE
4422	jiggle_bewb7_L	Breast Bones	BONE
4423	jiggle_bewb7_R	Breast Bones	BONE
4424	jiggle_bewb8_L	Breast Bones	BONE
4425	jiggle_bewb8_R	Breast Bones	BONE
4426	jiggle_bewb9_L	Breast Bones	BONE
4427	jiggle_bewb9_R	Breast Bones	BONE
4428	jiggle_bewb10_L	Breast Bones	BONE
4429	jiggle_bewb10_R	Breast Bones	BONE
4430	jiggle_breast1_L	Breast Bones	BONE
4431	jiggle_breast1_R	Breast Bones	BONE
4432	jiggle_breast11_L	Breast Bones	BONE
4433	jiggle_breast11_R	Breast Bones	BONE
4434	jiggle_breast12_L	Breast Bones	BONE
4435	jiggle_breast12_R	Breast Bones	BONE
4436	jiggle_breast13_L	Breast Bones	BONE
4437	jiggle_breast13_R	Breast Bones	BONE
4438	jiggle_breast_l.001	Breast Bones	BONE
4439	jiggle_breast_l.002	Breast Bones	BONE
4440	jiggle_breast_r.001	Breast Bones	BONE
4441	jiggle_breast_r.002	Breast Bones	BONE
4442	Joint_Vagina_Front	Vagina Bones	BONE
4443	Joint_Vagina_Left_1	Vagina Bones	BONE
4444	Joint_Vagina_Left_2	Vagina Bones	BONE
4445	Joint_Vagina_Left_3	Vagina Bones	BONE
4446	Joint_Vagina_Left_4	Vagina Bones	BONE
4447	Joint_Vagina_Left_5	Vagina Bones	BONE
4448	Joint_Vagina_Left_6	Vagina Bones	BONE
4449	Joint_Vagina_Left_7	Vagina Bones	BONE
4450	Joint_Vagina_Left_8	Vagina Bones	BONE
4451	Joint_Vagina_Left_9	Vagina Bones	BONE
4452	Joint_Vagina_Rear	Vagina Bones	BONE
4453	Joint_Vagina_Right_1	Vagina Bones	BONE
4454	Joint_Vagina_Right_2	Vagina Bones	BONE
4455	Joint_Vagina_Right_3	Vagina Bones	BONE
4456	Joint_Vagina_Right_4	Vagina Bones	BONE
4457	Joint_Vagina_Right_5	Vagina Bones	BONE
4458	Joint_Vagina_Right_6	Vagina Bones	BONE
4459	Joint_Vagina_Right_7	Vagina Bones	BONE
4460	Joint_Vagina_Right_8	Vagina Bones	BONE
4461	Joint_Vagina_Right_9	Vagina Bones	BONE
4462	L Anus	Anus Bones	BONE
4463	L Anus.000	Anus Bones	BONE
4464	L Anus.001	Anus Bones	BONE
4465	L Anus.002	Anus Bones	BONE
4466	L Anus.003	Anus Bones	BONE
4467	L Anus.004	Anus Bones	BONE
4468	L Anus.005	Anus Bones	BONE
4469	L Anus.006	Anus Bones	BONE
4470	L Anus.007	Anus Bones	BONE
4471	L Anus.008	Anus Bones	BONE
4472	L Anus.009	Anus Bones	BONE
4473	L Anus.010	Anus Bones	BONE
4474	L Buttock	Butt Bones	BONE
4475	L Buttock.001	Butt Bones	BONE
4476	L Buttock.002	Butt Bones	BONE
4477	L Gluteo	Butt Bones	BONE
4478	L Pussy	Vagina Bones	BONE
4479	L Pussy.000	Vagina Bones	BONE
4480	L Pussy.001	Vagina Bones	BONE
4481	L Pussy.002	Vagina Bones	BONE
4482	L Pussy.003	Vagina Bones	BONE
4483	L Pussy.004	Vagina Bones	BONE
4484	L Pussy.005	Vagina Bones	BONE
4485	L Pussy.006	Vagina Bones	BONE
4486	L Pussy.007	Vagina Bones	BONE
4487	L Pussy.008	Vagina Bones	BONE
4488	L Pussy.009	Vagina Bones	BONE
4489	L Pussy.010	Vagina Bones	BONE
4490	l.nut	Balls Bones	BONE
4491	l.Pectoral	Breast Bones	BONE
4492	L__boob_nipple	Breast Bones	BONE
4493	L_boob_base	Breast Bones	BONE
4494	L_Breast	Breast Bones	BONE
4495	L_Butt	Butt Bones	BONE
4496	L_butt_jiggle	Butt Bones	BONE
4497	L_Glute	Butt Bones	BONE
4498	L_Nipple	Breast Bones	BONE
4499	L_Pectoral	Breast Bones	BONE
4500	LabiaLeft	Vagina Bones	BONE
4501	LabiaRight	Vagina Bones	BONE
4502	L_LabiumMajora1	Vagina Bones	BONE
4503	R_LabiumMajora1	Vagina Bones	BONE
4504	LabiumMajora1 L	Vagina Bones	BONE
4505	L_LabiumMajora2	Vagina Bones	BONE
4506	R_LabiumMajora2	Vagina Bones	BONE
4507	LabiumMajora2 L	Vagina Bones	BONE
4508	LabiumMajora2 R	Vagina Bones	BONE
4509	LabiumMajora 1 R	Vagina Bones	BONE
4510	labiumMajoraBack	Vagina Bones	BONE
4511	LabMajL	Vagina Bones	BONE
4512	LabMajR	Vagina Bones	BONE
4513	large clitoris	Vagina Bones	BONE
4514	LBreast	Breast Bones	BONE
4515	lBreast_0	Breast Bones	BONE
4516	lBreast_00	Breast Bones	BONE
4517	lBreast_01	Breast Bones	BONE
4518	lBreast_1	Breast Bones	BONE
4519	lBreast_02	Breast Bones	BONE
4520	lBreast_2	Breast Bones	BONE
4521	lBreast_03	Breast Bones	BONE
4522	lBreast_3	Breast Bones	BONE
4523	lBreast_04	Breast Bones	BONE
4524	lBreast_4	Breast Bones	BONE
4525	lBreast_05	Breast Bones	BONE
4526	lBreast_5	Breast Bones	BONE
4527	lBreast_06	Breast Bones	BONE
4528	lBreast_6	Breast Bones	BONE
4529	lBreast_07	Breast Bones	BONE
4530	lBreast_7	Breast Bones	BONE
4531	lBreast_08	Breast Bones	BONE
4532	lBreast_8	Breast Bones	BONE
4533	lBreast_09	Breast Bones	BONE
4534	lBreast_9	Breast Bones	BONE
4535	lBreast_10	Breast Bones	BONE
4536	LBreast_nude	Breast Bones	BONE
4537	lButt	Butt Bones	BONE
4538	LButt_nude	Butt Bones	BONE
4539	lButt_root	Butt Bones	BONE
4540	Left Breast Bottom	Breast Bones	BONE
4541	Left Breast Left	Breast Bones	BONE
4542	Left pussy	Vagina Bones	BONE
4543	Left Small Labia 1_L	Vagina Bones	BONE
4544	Left Small Labia 1_R	Vagina Bones	BONE
4545	Left Small Labia 1	Vagina Bones	BONE
4546	Left_Ass	Butt Bones	BONE
4547	left_breast	Breast Bones	BONE
4548	left_breast2	Breast Bones	BONE
4549	left_buttocks	Butt Bones	BONE
4550	left_fold	Vagina Bones	BONE
4551	left_lower_vag_1	Vagina Bones	BONE
4552	left_lower_vag_2	Vagina Bones	BONE
4553	left_middle_vag_1	Vagina Bones	BONE
4554	left_middle_vag_2	Vagina Bones	BONE
4555	Left_Small_Labia1	Vagina Bones	BONE
4556	Left_Small_Labia2	Vagina Bones	BONE
4557	left_testicle_1	Balls Bones	BONE
4558	left_testicle_2	Balls Bones	BONE
4559	left_testicle_3	Balls Bones	BONE
4560	left_testicle_tip	Balls Bones	BONE
4561	left_upper_vag_1	Vagina Bones	BONE
4562	left_upper_vag_2	Vagina Bones	BONE
4563	left_vag	Vagina Bones	BONE
4564	LeftBalls	Balls Bones	BONE
4565	LeftBreast1	Breast Bones	BONE
4566	LeftBreast2	Breast Bones	BONE
4567	LeftBreast3	Breast Bones	BONE
4568	LeftBreast4	Breast Bones	BONE
4569	LeftBreast_Root	Breast Bones	BONE
4570	LeftBreastShakeAdjustment__L_R	Breast Bones	BONE
4571	LeftBreastZShakeAdjustment__L_R	Breast Bones	BONE
4572	leftbreathe	Breast Bones	BONE
4573	LeftBun	Butt Bones	BONE
4574	LeftBust_mik	Breast Bones	BONE
4575	LeftButt	Butt Bones	BONE
4576	LeftButt1	Butt Bones	BONE
4577	LeftButt2	Butt Bones	BONE
4578	LeftButtock	Butt Bones	BONE
4579	LeftHip.001	Butt Bones	BONE
4580	LeftHip.002	Butt Bones	BONE
4581	LeftHip.003	Butt Bones	BONE
4582	LeftHip.004	Butt Bones	BONE
4583	LeftLowerVag1	Vagina Bones	BONE
4584	LeftLowerVag2	Vagina Bones	BONE
4585	LeftPectoralis_mik	Breast Bones	BONE
4586	LeftPussy	Vagina Bones	BONE
4587	LeftPussyInner1	Vagina Bones	BONE
4588	LeftPussyInner2	Vagina Bones	BONE
4589	LeftPussyOpen	Vagina Bones	BONE
4590	LeftPussyOuter1	Vagina Bones	BONE
4591	LeftPussyOuter2	Vagina Bones	BONE
4592	LeftTesti0	Balls Bones	BONE
4593	LeftTesti00	Balls Bones	BONE
4594	LeftTesti01	Balls Bones	BONE
4595	LeftTesti1	Balls Bones	BONE
4596	LeftTesti02	Balls Bones	BONE
4597	LeftTesti2	Balls Bones	BONE
4598	LeftTesti03	Balls Bones	BONE
4599	LeftTesti3	Balls Bones	BONE
4600	LeftTesti04	Balls Bones	BONE
4601	LeftTesti4	Balls Bones	BONE
4602	LeftTesti05	Balls Bones	BONE
4603	LeftTesti5	Balls Bones	BONE
4604	LeftTesti06	Balls Bones	BONE
4605	LeftTesti6	Balls Bones	BONE
4606	LeftTesti07	Balls Bones	BONE
4607	LeftTesti7	Balls Bones	BONE
4608	LeftTesti08	Balls Bones	BONE
4609	LeftTesti8	Balls Bones	BONE
4610	LeftTesti09	Balls Bones	BONE
4611	LeftTesti9	Balls Bones	BONE
4612	LeftTesti10	Balls Bones	BONE
4613	LeftTesticle	Balls Bones	BONE
4614	LeftUpperVag1	Vagina Bones	BONE
4615	LeftUpperVag2	Vagina Bones	BONE
4616	LeftVagMiddle1	Vagina Bones	BONE
4617	LeftVagMiddle2	Vagina Bones	BONE
4618	leg left booty 1	Butt Bones	BONE
4619	leg right booty 1	Butt Bones	BONE
4620	leg left booty 2	Butt Bones	BONE
4621	leg right booty 2	Butt Bones	BONE
4622	leg left booty root	Butt Bones	BONE
4623	leg right booty root	Butt Bones	BONE
4624	leg left butt	Butt Bones	BONE
4625	leg right butt	Butt Bones	BONE
4626	leg left butt adj	Butt Bones	BONE
4627	leg right butt adj	Butt Bones	BONE
4628	leg left butt ctr	Butt Bones	BONE
4629	leg right butt ctr	Butt Bones	BONE
4630	leg left thigh ctr	Butt Bones	BONE
4631	leg right thigh ctr	Butt Bones	BONE
4632	LegW_Butt_L	Butt Bones	BONE
4633	LegW_Butt_R	Butt Bones	BONE
4634	Lewd1	Penis Bones	BONE
4635	Lewd2	Penis Bones	BONE
4636	Lewd3	Penis Bones	BONE
4637	Lewd4	Penis Bones	BONE
4638	LGlute	Butt Bones	BONE
4639	lGluteus_Base	Butt Bones	BONE
4640	lGluteus_Jiggle	Butt Bones	BONE
4641	lLabiumMajora1	Vagina Bones	BONE
4642	lLabiumMajora1_R	Vagina Bones	BONE
4643	lLabiumMajora2_L	Vagina Bones	BONE
4644	lLabiumMajora2_R	Vagina Bones	BONE
4645	lLabiumMajora2	Vagina Bones	BONE
4646	lLabiumMajora3	Vagina Bones	BONE
4647	lLabiumMajora4	Vagina Bones	BONE
4648	lLabiumMinora1	Vagina Bones	BONE
4649	lLabiumMinora2	Vagina Bones	BONE
4650	lLabiumMinora3	Vagina Bones	BONE
4651	lLabiumMinora4	Vagina Bones	BONE
4652	lNip	Breast Bones	BONE
4653	lNip_root	Breast Bones	BONE
4654	lNipple	Breast Bones	BONE
4655	lower_left_vag_1	Vagina Bones	BONE
4656	lower_left_vag_2	Vagina Bones	BONE
4657	lower_right_vag_1	Vagina Bones	BONE
4658	lower_right_vag_2	Vagina Bones	BONE
4659	lPectoral	Breast Bones	BONE
4660	lPectoral2	Breast Bones	BONE
4661	lPectoral2_jiggle	Breast Bones	BONE
4662	lPectoral.001	Breast Bones	BONE
4663	lPectoral_Base	Breast Bones	BONE
4664	lPectoral_Base_Jiggle	Breast Bones	BONE
4665	lPectoral_jiggle	Breast Bones	BONE
4666	lPectoral_root	Breast Bones	BONE
4667	LPectoralisMajor	Breast Bones	BONE
4668	LPectoralMid	Breast Bones	BONE
4669	LPectoralMid_Root	Breast Bones	BONE
4670	LPsy_Top	Vagina Bones	BONE
4671	LPussy1	Vagina Bones	BONE
4672	LPussy2	Vagina Bones	BONE
4673	LPussy3	Vagina Bones	BONE
4674	lTeste	Balls Bones	BONE
4675	LTesticle	Balls Bones	BONE
4676	M_LeftGluteus	Butt Bones	BONE
4677	M_RightGluteus	Butt Bones	BONE
4678	Master_Balls	Balls Bones	BONE
4679	MCH-anus	Anus Bones	BONE
4680	middle_left_vag_1	Vagina Bones	BONE
4681	middle_left_vag_2	Vagina Bones	BONE
4682	middle_right_vag_1	Vagina Bones	BONE
4683	middle_right_vag_2	Vagina Bones	BONE
4684	monsVeneris	Vagina Bones	BONE
4685	Nad_L	Balls Bones	BONE
4686	Nad_R	Balls Bones	BONE
4687	L_nalga_1	Butt Bones	BONE
4688	R_nalga_1	Butt Bones	BONE
4689	L_nalga_2	Butt Bones	BONE
4690	R_nalga_2	Butt Bones	BONE
4691	nipple_L	Breast Bones	BONE
4692	nipple_R	Breast Bones	BONE
4693	L_nipple2	Breast Bones	BONE
4694	R_nipple2	Breast Bones	BONE
4695	Nipple Left	Breast Bones	BONE
4696	Nipple Right	Breast Bones	BONE
4697	nipple left	Breast Bones	BONE
4698	nipple right	Breast Bones	BONE
4699	nipple left 1	Breast Bones	BONE
4700	nipple right 1	Breast Bones	BONE
4701	nipple left 2	Breast Bones	BONE
4702	nipple right 2	Breast Bones	BONE
4703	Nipple L	Breast Bones	BONE
4704	Nipple last bone L	Breast Bones	BONE
4705	Nipple last bone R	Breast Bones	BONE
4706	Nipple R	Breast Bones	BONE
4707	Nipple.L	Breast Bones	BONE
4708	Nipple.R	Breast Bones	BONE
4709	Nipple_Base	Breast Bones	BONE
4710	Nipple_Cherry	Breast Bones	BONE
4711	Nipple_Half_Innie	Breast Bones	BONE
4712	Nipple_holder_L	Breast Bones	BONE
4713	Nipple_holder_R	Breast Bones	BONE
4714	Nipple_Innie	Breast Bones	BONE
4715	Nipple_Puff_max	Breast Bones	BONE
4716	Nipple_puffy	Breast Bones	BONE
4717	Nipple_sculpt	Breast Bones	BONE
4718	NippleArmor.L	Breast Bones	BONE
4719	NippleArmor.R	Breast Bones	BONE
4720	NippleL	Breast Bones	BONE
4721	NippleR	Breast Bones	BONE
4722	NPC Genital	Penis Bones	BONE
4723	NPC Genitals00 [Gen00]	Penis Bones	BONE
4724	NPC Genitals01 [Gen01]	Penis Bones	BONE
4725	NPC Genitals02 [Gen02]	Penis Bones	BONE
4726	NPC Genitals03 [Gen03]	Penis Bones	BONE
4727	NPC Genitals04 [Gen04]	Penis Bones	BONE
4728	NPC Genitals05 [Gen05]	Penis Bones	BONE
4729	NPC Genitals06 [Gen06]	Penis Bones	BONE
4730	NPC Genitals07 [Gen07]	Penis Bones	BONE
4731	NPC Genitals08 [Gen08]	Penis Bones	BONE
4732	NPC Genitals09 [Gen09]	Penis Bones	BONE
4733	NPC Genitals10 [Gen10]	Penis Bones	BONE
4734	NPC GenitalsBase [GenBase]	Penis Bones	BONE
4735	NPC GenitalsScrotum [GenScrot]	Balls Bones	BONE
4736	NPC GenitalsScrotum L	Balls Bones	BONE
4737	NPC GenitalsScrotum R	Balls Bones	BONE
4738	NPC L Breast	Breast Bones	BONE
4739	NPC L Breast01	Breast Bones	BONE
4740	NPC L Breast01.jiggle	Breast Bones	BONE
4741	NPC L Breast.jiggle	Breast Bones	BONE
4742	NPC L Breast.root	Breast Bones	BONE
4743	NPC L Butt	Butt Bones	BONE
4744	NPC L Butt.jiggle	Butt Bones	BONE
4745	NPC L Butt.root	Butt Bones	BONE
4746	NPC L Nipple	Breast Bones	BONE
4747	NPC L Nipple01	Breast Bones	BONE
4748	NPC L Pussy02	Vagina Bones	BONE
4749	NPC L Testicle00	Balls Bones	BONE
4750	NPC R Breast	Breast Bones	BONE
4751	NPC R Breast01	Breast Bones	BONE
4752	NPC R Breast01.jiggle	Breast Bones	BONE
4753	NPC R Breast.jiggle	Breast Bones	BONE
4754	NPC R Breast.root	Breast Bones	BONE
4755	NPC R Butt	Butt Bones	BONE
4756	NPC R Butt.jiggle	Butt Bones	BONE
4757	NPC R Butt.root	Butt Bones	BONE
4758	NPC R Nipple	Breast Bones	BONE
4759	NPC R Nipple01	Breast Bones	BONE
4760	NPC R Pussy02	Vagina Bones	BONE
4761	NPC R Testicle00	Balls Bones	BONE
4762	NPC Scrotum	Balls Bones	BONE
4763	NPC Shaft01	Penis Bones	BONE
4764	NPC Shaft02	Penis Bones	BONE
4765	NPC Shaft03	Penis Bones	BONE
4766	NPC Shaft04	Penis Bones	BONE
4767	NPC Shaft05	Penis Bones	BONE
4768	NPC Shaft06	Penis Bones	BONE
4769	NPC Shaft07	Penis Bones	BONE
4770	NPC Shaft08	Penis Bones	BONE
4771	NPC Shaft09	Penis Bones	BONE
4772	NPC Shaft10	Penis Bones	BONE
4773	Nut_L	Balls Bones	BONE
4774	Nut_R	Balls Bones	BONE
4775	Nutt_L	Balls Bones	BONE
4776	Nutt_R	Balls Bones	BONE
4777	OpeningB.l	Vagina Bones	BONE
4778	OpeningB.r	Vagina Bones	BONE
4779	OpeningB	Vagina Bones	BONE
4780	OpeningF	Vagina Bones	BONE
4781	OpeningS.l	Vagina Bones	BONE
4782	OpeningS.r	Vagina Bones	BONE
4783	OpeningS	Vagina Bones	BONE
4784	OpeningT.l	Vagina Bones	BONE
4785	OpeningT.r	Vagina Bones	BONE
4786	P0	Penis Bones	BONE
4787	P1	Penis Bones	BONE
4788	P2	Penis Bones	BONE
4789	P3	Penis Bones	BONE
4790	P4	Penis Bones	BONE
4791	P5	Penis Bones	BONE
4792	P6	Penis Bones	BONE
4793	P7	Penis Bones	BONE
4794	P8	Penis Bones	BONE
4795	P9	Penis Bones	BONE
4796	P10	Penis Bones	BONE
4797	P11	Penis Bones	BONE
4798	P_00	Penis Bones	BONE
4799	P_01	Penis Bones	BONE
4800	P_02	Penis Bones	BONE
4801	P_03	Penis Bones	BONE
4802	P_04	Penis Bones	BONE
4803	P_05	Penis Bones	BONE
4804	P_06	Penis Bones	BONE
4805	P_07	Penis Bones	BONE
4806	P_08	Penis Bones	BONE
4807	P_09	Penis Bones	BONE
4808	P_10	Penis Bones	BONE
4809	pec.L	Breast Bones	BONE
4810	pec.R	Breast Bones	BONE
4811	pec_L	Breast Bones	BONE
4812	pec_R	Breast Bones	BONE
4813	l_pecho	Breast Bones	BONE
4814	r_pecho	Breast Bones	BONE
4815	l_pecho_0	Breast Bones	BONE
4816	r_pecho_0	Breast Bones	BONE
4817	l_pecho_1	Breast Bones	BONE
4818	R_pecho_1	Breast Bones	BONE
4819	l_pecho_2	Breast Bones	BONE
4820	r_pecho_2	Breast Bones	BONE
4821	l_pecho_3	Breast Bones	BONE
4822	r_pecho_3	Breast Bones	BONE
4823	l_pecho_4	Breast Bones	BONE
4824	r_pecho_4	Breast Bones	BONE
4825	l_pecho_5	Breast Bones	BONE
4826	r_pecho_5	Breast Bones	BONE
4827	Pecs_0.L	Breast Bones	BONE
4828	Pecs_0.R	Breast Bones	BONE
4829	Pecs_1.L	Breast Bones	BONE
4830	Pecs_1.R	Breast Bones	BONE
4831	Pecs_2.L	Breast Bones	BONE
4832	Pecs_2.R	Breast Bones	BONE
4833	Pecs_3.L	Breast Bones	BONE
4834	Pecs_3.R	Breast Bones	BONE
4835	Pecs_4.L	Breast Bones	BONE
4836	Pecs_4.R	Breast Bones	BONE
4837	Pecs_5.L	Breast Bones	BONE
4838	Pecs_5.R	Breast Bones	BONE
4839	Pecs_6.L	Breast Bones	BONE
4840	Pecs_6.R	Breast Bones	BONE
4841	Pecs_7.L	Breast Bones	BONE
4842	Pecs_7.R	Breast Bones	BONE
4843	Pecs_8.L	Breast Bones	BONE
4844	Pecs_8.R	Breast Bones	BONE
4845	Pecs_9.L	Breast Bones	BONE
4846	Pecs_9.R	Breast Bones	BONE
4847	Pecs_10.L	Breast Bones	BONE
4848	Pecs_10.R	Breast Bones	BONE
4849	pect_0_L	Breast Bones	BONE
4850	pect_0_R	Breast Bones	BONE
4851	pectoral.L	Breast Bones	BONE
4852	pectoral.R	Breast Bones	BONE
4853	Pectoral1_L	Breast Bones	BONE
4854	Pectoral1_R	Breast Bones	BONE
4855	Pectoral1_L_Jiggle	Breast Bones	BONE
4856	Pectoral1_R_Jiggle	Breast Bones	BONE
4857	Pectoral2_L	Breast Bones	BONE
4858	Pectoral2_R	Breast Bones	BONE
4859	Pectoral2_L_Jiggle	Breast Bones	BONE
4860	Pectoral2_R_Jiggle	Breast Bones	BONE
4861	pectoral left 1	Breast Bones	BONE
4862	pectoral right 1	Breast Bones	BONE
4863	pectoral left 2	Breast Bones	BONE
4864	pectoral right 2	Breast Bones	BONE
4865	Pectoral L	Breast Bones	BONE
4866	Pectoral R	Breast Bones	BONE
4867	Pectoral_Base L	Breast Bones	BONE
4868	Pectoral_Base R	Breast Bones	BONE
4869	Pectoral_Base_Jiggle L	Breast Bones	BONE
4870	Pectoral_Base_Jiggle R	Breast Bones	BONE
4871	Pectoral_Jiggle L	Breast Bones	BONE
4872	Pectoral_Jiggle R	Breast Bones	BONE
4873	Pectoral_L	Breast Bones	BONE
4874	Pectoral_R	Breast Bones	BONE
4875	Peen	Penis Bones	BONE
4876	Peen1	Penis Bones	BONE
4877	Peen2	Penis Bones	BONE
4878	Peen3	Penis Bones	BONE
4879	Peen4	Penis Bones	BONE
4880	Peen Base	Penis Bones	BONE
4881	Peen.000	Penis Bones	BONE
4882	Peen.001	Penis Bones	BONE
4883	Peen.002	Penis Bones	BONE
4884	Peen.003	Penis Bones	BONE
4885	Peen.004	Penis Bones	BONE
4886	Peen.005	Penis Bones	BONE
4887	Peen.006	Penis Bones	BONE
4888	Peen.007	Penis Bones	BONE
4889	Peen.008	Penis Bones	BONE
4890	Peen.009	Penis Bones	BONE
4891	Peen.010	Penis Bones	BONE
4892	Peen.011	Penis Bones	BONE
4893	Peen.012	Penis Bones	BONE
4894	Peen.013	Penis Bones	BONE
4895	Peen.014	Penis Bones	BONE
4896	Peen.015	Penis Bones	BONE
4897	Peen.016	Penis Bones	BONE
4898	Peen.017	Penis Bones	BONE
4899	Peen.018	Penis Bones	BONE
4900	Peen.019	Penis Bones	BONE
4901	Peen.020	Penis Bones	BONE
4902	Peen.021	Penis Bones	BONE
4903	Peen.022	Penis Bones	BONE
4904	Peen.023	Penis Bones	BONE
4905	Peen.024	Penis Bones	BONE
4906	Peen.025	Penis Bones	BONE
4907	Peen.026	Penis Bones	BONE
4908	Peen.027	Penis Bones	BONE
4909	Peen.028	Penis Bones	BONE
4910	Peen.029	Penis Bones	BONE
4911	Peen.030	Penis Bones	BONE
4912	Peen.031	Penis Bones	BONE
4913	Peen.032	Penis Bones	BONE
4914	Peen.033	Penis Bones	BONE
4915	Peen.034	Penis Bones	BONE
4916	Peen.035	Penis Bones	BONE
4917	Peen.036	Penis Bones	BONE
4918	Peen.037	Penis Bones	BONE
4919	Peen.038	Penis Bones	BONE
4920	Peen.039	Penis Bones	BONE
4921	Peen.040	Penis Bones	BONE
4922	Peen.041	Penis Bones	BONE
4923	Peen.042	Penis Bones	BONE
4924	Peen.043	Penis Bones	BONE
4925	Peen.044	Penis Bones	BONE
4926	Peen.045	Penis Bones	BONE
4927	Peen.046	Penis Bones	BONE
4928	Peen.047	Penis Bones	BONE
4929	Peen.048	Penis Bones	BONE
4930	Peen.049	Penis Bones	BONE
4931	Peen.050	Penis Bones	BONE
4932	peen.shaft	Penis Bones	BONE
4933	peen.shaft.000	Penis Bones	BONE
4934	peen.shaft.001	Penis Bones	BONE
4935	peen.shaft.002	Penis Bones	BONE
4936	peen.shaft.003	Penis Bones	BONE
4937	peen.shaft.004	Penis Bones	BONE
4938	peen.shaft.005	Penis Bones	BONE
4939	peen.shaft.006	Penis Bones	BONE
4940	peen.shaft.007	Penis Bones	BONE
4941	peen.shaft.008	Penis Bones	BONE
4942	peen.shaft.009	Penis Bones	BONE
4943	peen.shaft.010	Penis Bones	BONE
4944	peen.shaft.011	Penis Bones	BONE
4945	peen.shaft.012	Penis Bones	BONE
4946	peen.shaft.013	Penis Bones	BONE
4947	peen.shaft.014	Penis Bones	BONE
4948	peen.shaft.015	Penis Bones	BONE
4949	peen.shaft.016	Penis Bones	BONE
4950	peen.shaft.017	Penis Bones	BONE
4951	peen.shaft.018	Penis Bones	BONE
4952	peen.shaft.019	Penis Bones	BONE
4953	peen.shaft.020	Penis Bones	BONE
4954	peen.shaft.021	Penis Bones	BONE
4955	peen.shaft.022	Penis Bones	BONE
4956	peen.shaft.023	Penis Bones	BONE
4957	peen.shaft.024	Penis Bones	BONE
4958	peen.shaft.025	Penis Bones	BONE
4959	peen.shaft.026	Penis Bones	BONE
4960	peen.shaft.027	Penis Bones	BONE
4961	peen.shaft.028	Penis Bones	BONE
4962	peen.shaft.029	Penis Bones	BONE
4963	peen.shaft.030	Penis Bones	BONE
4964	peen.shaft.BASE	Penis Bones	BONE
4965	peen.shaft.options	Penis Bones	BONE
4966	Peen_1	Penis Bones	BONE
4967	Peen_2	Penis Bones	BONE
4968	Peen_3	Penis Bones	BONE
4969	Peen_4	Penis Bones	BONE
4970	Peen_5	Penis Bones	BONE
4971	Peen_6	Penis Bones	BONE
4972	peener.BASE	Penis Bones	BONE
4973	peener.mid.FILL	Penis Bones	BONE
4974	peener.sac.L	Balls Bones	BONE
4975	peener.sac.R	Balls Bones	BONE
4976	peener.sac	Balls Bones	BONE
4977	peener.sac.MID	Balls Bones	BONE
4978	PeenRoot	Penis Bones	BONE
4979	pen.000	Penis Bones	BONE
4980	pen.001	Penis Bones	BONE
4981	pen.002	Penis Bones	BONE
4982	pen.003	Penis Bones	BONE
4983	pen.004	Penis Bones	BONE
4984	pen.005	Penis Bones	BONE
4985	pen.006	Penis Bones	BONE
4986	pen.007	Penis Bones	BONE
4987	pen.008	Penis Bones	BONE
4988	pen.009	Penis Bones	BONE
4989	pen.010	Penis Bones	BONE
4990	Pen_0	Penis Bones	BONE
4991	Pen_1	Penis Bones	BONE
4992	pen_01	Penis Bones	BONE
4993	Pen_2	Penis Bones	BONE
4994	pen_02	Penis Bones	BONE
4995	Pen_3	Penis Bones	BONE
4996	pen_03	Penis Bones	BONE
4997	Pen_4	Penis Bones	BONE
4998	pen_04	Penis Bones	BONE
4999	Pen_5	Penis Bones	BONE
5000	pen_05	Penis Bones	BONE
5001	Pen_6	Penis Bones	BONE
5002	pen_06	Penis Bones	BONE
5003	Pen_7	Penis Bones	BONE
5004	Pen_8	Penis Bones	BONE
5005	Pen_9	Penis Bones	BONE
5006	Pen_10	Penis Bones	BONE
5007	Pen_Base	Penis Bones	BONE
5008	Pen_Double_Base	Penis Bones	BONE
5009	pen_Double_test_l	Balls Bones	BONE
5010	pen_Double_test_r	Balls Bones	BONE
5011	pen_test_l	Balls Bones	BONE
5012	pen_test_r	Balls Bones	BONE
5013	Pen_Tip	Penis Bones	BONE
5014	penA01	Penis Bones	BONE
5015	penA02	Penis Bones	BONE
5016	penA03	Penis Bones	BONE
5017	penA04	Penis Bones	BONE
5018	penA05	Penis Bones	BONE
5019	penA06	Penis Bones	BONE
5020	PenA_Pen00	Penis Bones	BONE
5021	PenA_Pen01	Penis Bones	BONE
5022	PenA_Pen02	Penis Bones	BONE
5023	PenA_Pen03	Penis Bones	BONE
5024	PenA_Pen04	Penis Bones	BONE
5025	PenA_Pen05	Penis Bones	BONE
5026	PenA_Pen06	Penis Bones	BONE
5027	penB01	Penis Bones	BONE
5028	penB02	Penis Bones	BONE
5029	penB03	Penis Bones	BONE
5030	penB04	Penis Bones	BONE
5031	penB05	Penis Bones	BONE
5032	penB06	Penis Bones	BONE
5033	PenB_Pen00	Penis Bones	BONE
5034	PenB_Pen01	Penis Bones	BONE
5035	PenB_Pen02	Penis Bones	BONE
5036	PenB_Pen03	Penis Bones	BONE
5037	PenB_Pen04	Penis Bones	BONE
5038	PenB_Pen05	Penis Bones	BONE
5039	PenB_Pen06	Penis Bones	BONE
5040	PenB_Pen_Base	Penis Bones	BONE
5041	penB_Pen_test_l	Balls Bones	BONE
5042	penB_Pen_test_r	Balls Bones	BONE
5043	penB_test_l	Balls Bones	BONE
5044	penB_test_r	Balls Bones	BONE
5045	penC_pen00	Penis Bones	BONE
5046	penC_pen01	Penis Bones	BONE
5047	penC_pen02	Penis Bones	BONE
5048	penC_pen03	Penis Bones	BONE
5049	penC_pen04	Penis Bones	BONE
5050	penC_pen05	Penis Bones	BONE
5051	penC_pen06	Penis Bones	BONE
5052	penC_pen07	Penis Bones	BONE
5053	penC_pen_test_l	Balls Bones	BONE
5054	penC_pen_test_r	Balls Bones	BONE
5055	penC_penbase	Penis Bones	BONE
5056	PenEr	Penis Bones	BONE
5057	penis	Penis Bones	BONE
5058	Penis0	Penis Bones	BONE
5059	Penis00	Penis Bones	BONE
5060	Penis0L	Penis Bones	BONE
5061	Penis0R	Penis Bones	BONE
5062	Penis00U	Penis Bones	BONE
5063	Penis0U	Penis Bones	BONE
5064	Penis01	Penis Bones	BONE
5065	Penis1	Penis Bones	BONE
5066	Penis1L	Penis Bones	BONE
5067	Penis1R	Penis Bones	BONE
5068	Penis01U	Penis Bones	BONE
5069	Penis1U	Penis Bones	BONE
5070	Penis02	Penis Bones	BONE
5071	Penis2	Penis Bones	BONE
5072	Penis2L	Penis Bones	BONE
5073	Penis2R	Penis Bones	BONE
5074	Penis02U	Penis Bones	BONE
5075	Penis2U	Penis Bones	BONE
5076	Penis03	Penis Bones	BONE
5077	Penis3	Penis Bones	BONE
5078	Penis3L	Penis Bones	BONE
5079	Penis3R	Penis Bones	BONE
5080	Penis03U	Penis Bones	BONE
5081	Penis3U	Penis Bones	BONE
5082	Penis04	Penis Bones	BONE
5083	Penis4	Penis Bones	BONE
5084	Penis4L	Penis Bones	BONE
5085	Penis4R	Penis Bones	BONE
5086	Penis04U	Penis Bones	BONE
5087	Penis4U	Penis Bones	BONE
5088	Penis05	Penis Bones	BONE
5089	Penis5	Penis Bones	BONE
5090	Penis5L	Penis Bones	BONE
5091	Penis5R	Penis Bones	BONE
5092	Penis05U	Penis Bones	BONE
5093	Penis5U	Penis Bones	BONE
5094	Penis06	Penis Bones	BONE
5095	Penis6	Penis Bones	BONE
5096	Penis06U	Penis Bones	BONE
5097	Penis6U	Penis Bones	BONE
5098	Penis07	Penis Bones	BONE
5099	Penis7	Penis Bones	BONE
5100	Penis07U	Penis Bones	BONE
5101	Penis7U	Penis Bones	BONE
5102	Penis08	Penis Bones	BONE
5103	Penis8	Penis Bones	BONE
5104	Penis08U	Penis Bones	BONE
5105	Penis8U	Penis Bones	BONE
5106	Penis09	Penis Bones	BONE
5107	Penis9	Penis Bones	BONE
5108	Penis09U	Penis Bones	BONE
5109	Penis9U	Penis Bones	BONE
5110	Penis10	Penis Bones	BONE
5111	Penis10U	Penis Bones	BONE
5112	Penis11	Penis Bones	BONE
5113	Penis11U	Penis Bones	BONE
5114	Penis12	Penis Bones	BONE
5115	Penis12U	Penis Bones	BONE
5116	Penis13	Penis Bones	BONE
5117	Penis13U	Penis Bones	BONE
5118	Penis14	Penis Bones	BONE
5119	Penis14U	Penis Bones	BONE
5120	Penis15	Penis Bones	BONE
5121	Penis15U	Penis Bones	BONE
5122	Penis16	Penis Bones	BONE
5123	Penis16U	Penis Bones	BONE
5124	Penis17	Penis Bones	BONE
5125	Penis17U	Penis Bones	BONE
5126	Penis18	Penis Bones	BONE
5127	Penis18U	Penis Bones	BONE
5128	Penis19	Penis Bones	BONE
5129	Penis19U	Penis Bones	BONE
5130	Penis20	Penis Bones	BONE
5131	Penis20U	Penis Bones	BONE
5132	penis 0	Penis Bones	BONE
5133	penis 00	Penis Bones	BONE
5134	penis 01	Penis Bones	BONE
5135	penis 1	Penis Bones	BONE
5136	penis 02	Penis Bones	BONE
5137	penis 2	Penis Bones	BONE
5138	penis 03	Penis Bones	BONE
5139	penis 3	Penis Bones	BONE
5140	penis 04	Penis Bones	BONE
5141	penis 4	Penis Bones	BONE
5142	penis 05	Penis Bones	BONE
5143	penis 5	Penis Bones	BONE
5144	penis 06	Penis Bones	BONE
5145	penis 6	Penis Bones	BONE
5146	penis 07	Penis Bones	BONE
5147	penis 7	Penis Bones	BONE
5148	penis 08	Penis Bones	BONE
5149	penis 8	Penis Bones	BONE
5150	penis 09	Penis Bones	BONE
5151	penis 9	Penis Bones	BONE
5152	penis 10	Penis Bones	BONE
5153	penis 11	Penis Bones	BONE
5154	penis 12	Penis Bones	BONE
5155	penis 13	Penis Bones	BONE
5156	penis 14	Penis Bones	BONE
5157	penis 15	Penis Bones	BONE
5158	penis 16	Penis Bones	BONE
5159	penis 17	Penis Bones	BONE
5160	penis 18	Penis Bones	BONE
5161	penis 19	Penis Bones	BONE
5162	penis 20	Penis Bones	BONE
5163	penis 21	Penis Bones	BONE
5164	penis 22	Penis Bones	BONE
5165	penis 23	Penis Bones	BONE
5166	penis 24	Penis Bones	BONE
5167	penis 25	Penis Bones	BONE
5168	penis 26	Penis Bones	BONE
5169	penis 27	Penis Bones	BONE
5170	penis 28	Penis Bones	BONE
5171	penis 29	Penis Bones	BONE
5172	penis 30	Penis Bones	BONE
5173	penis base	Penis Bones	BONE
5174	Penis-00	Penis Bones	BONE
5175	Penis.0	Penis Bones	BONE
5176	Penis.00	Penis Bones	BONE
5177	Penis.000	Penis Bones	BONE
5178	Penis.001	Penis Bones	BONE
5179	Penis.01	Penis Bones	BONE
5180	Penis.1	Penis Bones	BONE
5181	Penis.002	Penis Bones	BONE
5182	Penis.02	Penis Bones	BONE
5183	Penis.2	Penis Bones	BONE
5184	Penis.003	Penis Bones	BONE
5185	Penis.03	Penis Bones	BONE
5186	Penis.3	Penis Bones	BONE
5187	Penis.004	Penis Bones	BONE
5188	Penis.04	Penis Bones	BONE
5189	Penis.4	Penis Bones	BONE
5190	Penis.005	Penis Bones	BONE
5191	Penis.05	Penis Bones	BONE
5192	Penis.5	Penis Bones	BONE
5193	Penis.006	Penis Bones	BONE
5194	Penis.06	Penis Bones	BONE
5195	Penis.6	Penis Bones	BONE
5196	Penis.007	Penis Bones	BONE
5197	Penis.07	Penis Bones	BONE
5198	Penis.7	Penis Bones	BONE
5199	Penis.008	Penis Bones	BONE
5200	Penis.08	Penis Bones	BONE
5201	Penis.8	Penis Bones	BONE
5202	Penis.009	Penis Bones	BONE
5203	Penis.09	Penis Bones	BONE
5204	Penis.9	Penis Bones	BONE
5205	Penis.010	Penis Bones	BONE
5206	Penis.10	Penis Bones	BONE
5207	Penis.11	Penis Bones	BONE
5208	Penis.12	Penis Bones	BONE
5209	Penis.13	Penis Bones	BONE
5210	Penis.14	Penis Bones	BONE
5211	Penis.15	Penis Bones	BONE
5212	Penis.16	Penis Bones	BONE
5213	Penis.17	Penis Bones	BONE
5214	Penis.18	Penis Bones	BONE
5215	Penis.19	Penis Bones	BONE
5216	Penis.20	Penis Bones	BONE
5217	Penis_00	Penis Bones	BONE
5218	penis_0	Penis Bones	BONE
5219	Penis_01	Penis Bones	BONE
5220	penis_1	Penis Bones	BONE
5221	Penis_01.001	Penis Bones	BONE
5222	Penis_02	Penis Bones	BONE
5223	penis_2	Penis Bones	BONE
5224	Penis_03	Penis Bones	BONE
5225	penis_3	Penis Bones	BONE
5226	Penis_04	Penis Bones	BONE
5227	penis_4	Penis Bones	BONE
5228	Penis_05	Penis Bones	BONE
5229	penis_5	Penis Bones	BONE
5230	Penis_06	Penis Bones	BONE
5231	penis_6	Penis Bones	BONE
5232	Penis_07	Penis Bones	BONE
5233	penis_7	Penis Bones	BONE
5234	Penis_08	Penis Bones	BONE
5235	penis_8	Penis Bones	BONE
5236	Penis_09	Penis Bones	BONE
5237	Penis_9	Penis Bones	BONE
5238	Penis_10	Penis Bones	BONE
5239	Penis_A	Penis Bones	BONE
5240	Penis_B	Penis Bones	BONE
5241	Penis_Base	Penis Bones	BONE
5242	Penis_Base.000	Penis Bones	BONE
5243	Penis_Base.001	Penis Bones	BONE
5244	Penis_Base.002	Penis Bones	BONE
5245	Penis_Base.003	Penis Bones	BONE
5246	Penis_Base.004	Penis Bones	BONE
5247	Penis_Base.005	Penis Bones	BONE
5248	Penis_Base.006	Penis Bones	BONE
5249	Penis_Base.007	Penis Bones	BONE
5250	Penis_Base.008	Penis Bones	BONE
5251	Penis_Base.009	Penis Bones	BONE
5252	Penis_Base.010	Penis Bones	BONE
5253	Penis_Base.011	Penis Bones	BONE
5254	Penis_Base.012	Penis Bones	BONE
5255	Penis_Base.013	Penis Bones	BONE
5256	Penis_Base.014	Penis Bones	BONE
5257	Penis_Base.015	Penis Bones	BONE
5258	Penis_Base.016	Penis Bones	BONE
5259	Penis_Base.017	Penis Bones	BONE
5260	Penis_Base.018	Penis Bones	BONE
5261	Penis_Base.019	Penis Bones	BONE
5262	Penis_Base.020	Penis Bones	BONE
5263	Penis_C	Penis Bones	BONE
5264	Penis_D	Penis Bones	BONE
5265	Penis_Head	Penis Bones	BONE
5266	Penis_Head.000	Penis Bones	BONE
5267	Penis_Head.001	Penis Bones	BONE
5268	Penis_Head.002	Penis Bones	BONE
5269	Penis_Head.003	Penis Bones	BONE
5270	Penis_Head.004	Penis Bones	BONE
5271	Penis_Head.005	Penis Bones	BONE
5272	Penis_Head.006	Penis Bones	BONE
5273	Penis_Head.007	Penis Bones	BONE
5274	Penis_Head.008	Penis Bones	BONE
5275	Penis_Head.009	Penis Bones	BONE
5276	Penis_Head.010	Penis Bones	BONE
5277	Penis_Head.011	Penis Bones	BONE
5278	Penis_Head.012	Penis Bones	BONE
5279	Penis_Head.013	Penis Bones	BONE
5280	Penis_Head.014	Penis Bones	BONE
5281	Penis_Head.015	Penis Bones	BONE
5282	Penis_Head.016	Penis Bones	BONE
5283	Penis_Head.017	Penis Bones	BONE
5284	Penis_Head.018	Penis Bones	BONE
5285	Penis_Head.019	Penis Bones	BONE
5286	Penis_Head.020	Penis Bones	BONE
5287	penis_root	Penis Bones	BONE
5288	Penis_Shaft	Penis Bones	BONE
5289	Penis_Shaft.000	Penis Bones	BONE
5290	Penis_Shaft.001	Penis Bones	BONE
5291	Penis_Shaft.002	Penis Bones	BONE
5292	Penis_Shaft.003	Penis Bones	BONE
5293	Penis_Shaft.004	Penis Bones	BONE
5294	Penis_Shaft.005	Penis Bones	BONE
5295	Penis_Shaft.006	Penis Bones	BONE
5296	Penis_Shaft.007	Penis Bones	BONE
5297	Penis_Shaft.008	Penis Bones	BONE
5298	Penis_Shaft.009	Penis Bones	BONE
5299	Penis_Shaft.010	Penis Bones	BONE
5300	Penis_Shaft.011	Penis Bones	BONE
5301	Penis_Shaft.012	Penis Bones	BONE
5302	Penis_Shaft.013	Penis Bones	BONE
5303	Penis_Shaft.014	Penis Bones	BONE
5304	Penis_Shaft.015	Penis Bones	BONE
5305	Penis_Shaft.016	Penis Bones	BONE
5306	Penis_Shaft.017	Penis Bones	BONE
5307	Penis_Shaft.018	Penis Bones	BONE
5308	Penis_Shaft.019	Penis Bones	BONE
5309	Penis_Shaft.020	Penis Bones	BONE
5310	penis_tip	Penis Bones	BONE
5311	PenisBase	Penis Bones	BONE
5312	PenisBone.Ball.L1	Penis Bones	BONE
5313	PenisBone.Ball.L2	Penis Bones	BONE
5314	PenisBone.Ball.R1	Penis Bones	BONE
5315	PenisBone.Ball.R2	Penis Bones	BONE
5316	PenisBone.Base	Penis Bones	BONE
5317	PenisBone.Lower	Penis Bones	BONE
5318	PenisBone.Mid	Penis Bones	BONE
5319	PenisBone.Tip	Penis Bones	BONE
5320	PenisD0	Penis Bones	BONE
5321	PenisD00	Penis Bones	BONE
5322	PenisD01	Penis Bones	BONE
5323	PenisD1	Penis Bones	BONE
5324	PenisD02	Penis Bones	BONE
5325	PenisD2	Penis Bones	BONE
5326	PenisD03	Penis Bones	BONE
5327	PenisD3	Penis Bones	BONE
5328	PenisD04	Penis Bones	BONE
5329	PenisD4	Penis Bones	BONE
5330	PenisD05	Penis Bones	BONE
5331	PenisD5	Penis Bones	BONE
5332	PenisD06	Penis Bones	BONE
5333	PenisD6	Penis Bones	BONE
5334	PenisD07	Penis Bones	BONE
5335	PenisD7	Penis Bones	BONE
5336	PenisD08	Penis Bones	BONE
5337	PenisD8	Penis Bones	BONE
5338	PenisD09	Penis Bones	BONE
5339	PenisD9	Penis Bones	BONE
5340	PenisD10	Penis Bones	BONE
5341	PenisD11	Penis Bones	BONE
5342	PenisD12	Penis Bones	BONE
5343	PenisD13	Penis Bones	BONE
5344	PenisD14	Penis Bones	BONE
5345	PenisD15	Penis Bones	BONE
5346	PenisD16	Penis Bones	BONE
5347	PenisD17	Penis Bones	BONE
5348	PenisD18	Penis Bones	BONE
5349	PenisD19	Penis Bones	BONE
5350	PenisD20	Penis Bones	BONE
5351	PenisHead	Penis Bones	BONE
5352	PenisHead_00	Penis Bones	BONE
5353	PenisHead_01	Penis Bones	BONE
5354	PenisHead_02	Penis Bones	BONE
5355	PenisHead_03	Penis Bones	BONE
5356	PenisHead_04	Penis Bones	BONE
5357	PenisHead_05	Penis Bones	BONE
5358	PenisHead_06	Penis Bones	BONE
5359	PenisHead_07	Penis Bones	BONE
5360	PenisHead_08	Penis Bones	BONE
5361	PenisHead_09	Penis Bones	BONE
5362	PenisHead_10	Penis Bones	BONE
5363	PenisHuman	Penis Bones	BONE
5364	PenisRoot	Penis Bones	BONE
5365	PenisTip00	Penis Bones	BONE
5366	PenisTip01	Penis Bones	BONE
5367	PenisTip02	Penis Bones	BONE
5368	PenisTip03	Penis Bones	BONE
5369	PenisTip04	Penis Bones	BONE
5370	PenisTip05	Penis Bones	BONE
5371	PenisTip06	Penis Bones	BONE
5372	PenisTip07	Penis Bones	BONE
5373	PenisTip08	Penis Bones	BONE
5374	PenisTip09	Penis Bones	BONE
5375	PenisTip10	Penis Bones	BONE
5376	PenisU0	Penis Bones	BONE
5377	PenisU00	Penis Bones	BONE
5378	PenisU01	Penis Bones	BONE
5379	PenisU1	Penis Bones	BONE
5380	PenisU02	Penis Bones	BONE
5381	PenisU2	Penis Bones	BONE
5382	PenisU03	Penis Bones	BONE
5383	PenisU3	Penis Bones	BONE
5384	PenisU04	Penis Bones	BONE
5385	PenisU4	Penis Bones	BONE
5386	PenisU05	Penis Bones	BONE
5387	PenisU5	Penis Bones	BONE
5388	PenisU06	Penis Bones	BONE
5389	PenisU6	Penis Bones	BONE
5390	PenisU07	Penis Bones	BONE
5391	PenisU7	Penis Bones	BONE
5392	PenisU08	Penis Bones	BONE
5393	PenisU8	Penis Bones	BONE
5394	PenisU09	Penis Bones	BONE
5395	PenisU9	Penis Bones	BONE
5396	PenisU10	Penis Bones	BONE
5397	PenisU11	Penis Bones	BONE
5398	PenisU12	Penis Bones	BONE
5399	PenisU13	Penis Bones	BONE
5400	PenisU14	Penis Bones	BONE
5401	PenisU15	Penis Bones	BONE
5402	PenisU16	Penis Bones	BONE
5403	PenisU17	Penis Bones	BONE
5404	PenisU18	Penis Bones	BONE
5405	PenisU19	Penis Bones	BONE
5406	PenisU20	Penis Bones	BONE
5407	Phy_Breast	Breast Bones	BONE
5408	Phy_Butt	Butt Bones	BONE
5409	Phy_Butt.L.001	Butt Bones	BONE
5410	Phy_Butt.L.002	Butt Bones	BONE
5411	Phy_Butt.R.001	Butt Bones	BONE
5412	Phy_Butt.R.002	Butt Bones	BONE
5413	phy_chest	Breast Bones	BONE
5414	Phy_Penis	Penis Bones	BONE
5415	Phys_Butt	Butt Bones	BONE
5416	Phys_Penis	Penis Bones	BONE
5417	Ponut_L	Anus Bones	BONE
5418	Ponut_R	Anus Bones	BONE
5419	Ponut	Anus Bones	BONE
5420	PP1	Penis Bones	BONE
5421	PP2	Penis Bones	BONE
5422	PP3	Penis Bones	BONE
5423	PP4	Penis Bones	BONE
5424	PPRoot	Penis Bones	BONE
5425	prp_breast_L	Breast Bones	BONE
5426	prp_breast_R	Breast Bones	BONE
5427	prp_breast_root_L	Breast Bones	BONE
5428	prp_breast_root_R	Breast Bones	BONE
5429	prp_butt_L	Butt Bones	BONE
5430	prp_butt_R	Butt Bones	BONE
5431	prp_butt_root_L	Butt Bones	BONE
5432	prp_butt_root_R	Butt Bones	BONE
5433	Pubic_Area	Genital Bones	BONE
5434	pubis	Vagina Bones	BONE
5435	PussLips.001_L	Vagina Bones	BONE
5436	PussLips.001_R	Vagina Bones	BONE
5437	PussLips.002.L.001	Vagina Bones	BONE
5438	PussLips.002.R.001	Vagina Bones	BONE
5439	PussMaster	Vagina Bones	BONE
5440	PussParent.002_L	Vagina Bones	BONE
5441	PussParent.002_R	Vagina Bones	BONE
5442	PussParent.002	Vagina Bones	BONE
5443	PussParent.002_L.001	Vagina Bones	BONE
5444	PussParent.002_L.002	Vagina Bones	BONE
5445	PussParent.002_L.003	Vagina Bones	BONE
5446	PussParent.002_L.004	Vagina Bones	BONE
5447	PussParent.002_L.005	Vagina Bones	BONE
5448	PussParent.002_L.006	Vagina Bones	BONE
5449	PussParent.002_R.001	Vagina Bones	BONE
5450	PussParent.002_R.002	Vagina Bones	BONE
5451	PussParent.002_R.003	Vagina Bones	BONE
5452	PussParent.002_R.004	Vagina Bones	BONE
5453	PussParent.002_R.005	Vagina Bones	BONE
5454	PussParent.002_R.006	Vagina Bones	BONE
5455	PussParent.003	Vagina Bones	BONE
5456	Pussy_L	Vagina Bones	BONE
5457	Pussy_R	Vagina Bones	BONE
5458	pussy.L	Vagina Bones	BONE
5459	pussy.R	Vagina Bones	BONE
5460	Pussy	Vagina Bones	BONE
5461	pussy	Vagina Bones	BONE
5462	Pussy1.L	Vagina Bones	BONE
5463	Pussy1.R	Vagina Bones	BONE
5464	Pussy1.C	Vagina Bones	BONE
5465	Pussy2.L	Vagina Bones	BONE
5466	Pussy2.R	Vagina Bones	BONE
5467	Pussy2	Vagina Bones	BONE
5468	Pussy3.L	Vagina Bones	BONE
5469	Pussy3.R	Vagina Bones	BONE
5470	pussy left	Vagina Bones	BONE
5471	pussy right	Vagina Bones	BONE
5472	Pussy B	Vagina Bones	BONE
5473	Pussy Back	Vagina Bones	BONE
5474	pussy back	Vagina Bones	BONE
5475	pussy base	Vagina Bones	BONE
5476	Pussy Dick	Vagina Bones	BONE
5477	Pussy F	Vagina Bones	BONE
5478	Pussy Front	Vagina Bones	BONE
5479	pussy front	Vagina Bones	BONE
5480	Pussy L	Vagina Bones	BONE
5481	Pussy L1	Vagina Bones	BONE
5482	Pussy L2	Vagina Bones	BONE
5483	Pussy L.000	Vagina Bones	BONE
5484	Pussy L.001	Vagina Bones	BONE
5485	Pussy L.002	Vagina Bones	BONE
5486	Pussy L.003	Vagina Bones	BONE
5487	Pussy L.004	Vagina Bones	BONE
5488	Pussy L.005	Vagina Bones	BONE
5489	Pussy L.006	Vagina Bones	BONE
5490	Pussy L.007	Vagina Bones	BONE
5491	Pussy L.008	Vagina Bones	BONE
5492	Pussy L.009	Vagina Bones	BONE
5493	Pussy L.010	Vagina Bones	BONE
5494	Pussy L.011	Vagina Bones	BONE
5495	Pussy L.012	Vagina Bones	BONE
5496	Pussy L.013	Vagina Bones	BONE
5497	Pussy L.014	Vagina Bones	BONE
5498	Pussy L.015	Vagina Bones	BONE
5499	Pussy L.016	Vagina Bones	BONE
5500	Pussy L.017	Vagina Bones	BONE
5501	Pussy L.018	Vagina Bones	BONE
5502	Pussy L.019	Vagina Bones	BONE
5503	Pussy L.020	Vagina Bones	BONE
5504	Pussy lower	Vagina Bones	BONE
5505	Pussy Master	Vagina Bones	BONE
5506	Pussy R	Vagina Bones	BONE
5507	Pussy R1	Vagina Bones	BONE
5508	Pussy R2	Vagina Bones	BONE
5509	Pussy R.000	Vagina Bones	BONE
5510	Pussy R.001	Vagina Bones	BONE
5511	Pussy R.002	Vagina Bones	BONE
5512	Pussy R.003	Vagina Bones	BONE
5513	Pussy R.004	Vagina Bones	BONE
5514	Pussy R.005	Vagina Bones	BONE
5515	Pussy R.006	Vagina Bones	BONE
5516	Pussy R.007	Vagina Bones	BONE
5517	Pussy R.008	Vagina Bones	BONE
5518	Pussy R.009	Vagina Bones	BONE
5519	Pussy R.010	Vagina Bones	BONE
5520	Pussy R.011	Vagina Bones	BONE
5521	Pussy R.012	Vagina Bones	BONE
5522	Pussy R.013	Vagina Bones	BONE
5523	Pussy R.014	Vagina Bones	BONE
5524	Pussy R.015	Vagina Bones	BONE
5525	Pussy R.016	Vagina Bones	BONE
5526	Pussy R.017	Vagina Bones	BONE
5527	Pussy R.018	Vagina Bones	BONE
5528	Pussy R.019	Vagina Bones	BONE
5529	Pussy R.020	Vagina Bones	BONE
5530	Pussy Root	Vagina Bones	BONE
5531	Pussy upper	Vagina Bones	BONE
5532	Pussy upper 2	Vagina Bones	BONE
5533	pussy.001	Vagina Bones	BONE
5534	pussy.002	Vagina Bones	BONE
5535	pussy.003	Vagina Bones	BONE
5536	pussy.013	Vagina Bones	BONE
5537	pussy.L.000	Vagina Bones	BONE
5538	pussy.L.001	Vagina Bones	BONE
5539	pussy.L.002	Vagina Bones	BONE
5540	pussy.L.003	Vagina Bones	BONE
5541	pussy.L.004	Vagina Bones	BONE
5542	pussy.L.005	Vagina Bones	BONE
5543	pussy.L.006	Vagina Bones	BONE
5544	pussy.L.007	Vagina Bones	BONE
5545	pussy.L.008	Vagina Bones	BONE
5546	pussy.L.009	Vagina Bones	BONE
5547	pussy.L.010	Vagina Bones	BONE
5548	pussy.L.011	Vagina Bones	BONE
5549	pussy.L.012	Vagina Bones	BONE
5550	pussy.L.013	Vagina Bones	BONE
5551	pussy.L.014	Vagina Bones	BONE
5552	pussy.L.015	Vagina Bones	BONE
5553	pussy.L.016	Vagina Bones	BONE
5554	pussy.L.017	Vagina Bones	BONE
5555	pussy.L.018	Vagina Bones	BONE
5556	pussy.L.019	Vagina Bones	BONE
5557	pussy.L.020	Vagina Bones	BONE
5558	pussy.R.000	Vagina Bones	BONE
5559	pussy.R.001	Vagina Bones	BONE
5560	pussy.R.002	Vagina Bones	BONE
5561	pussy.R.003	Vagina Bones	BONE
5562	pussy.R.004	Vagina Bones	BONE
5563	pussy.R.005	Vagina Bones	BONE
5564	pussy.R.006	Vagina Bones	BONE
5565	pussy.R.007	Vagina Bones	BONE
5566	pussy.R.008	Vagina Bones	BONE
5567	pussy.R.009	Vagina Bones	BONE
5568	pussy.R.010	Vagina Bones	BONE
5569	pussy.R.011	Vagina Bones	BONE
5570	pussy.R.012	Vagina Bones	BONE
5571	pussy.R.013	Vagina Bones	BONE
5572	pussy.R.014	Vagina Bones	BONE
5573	pussy.R.015	Vagina Bones	BONE
5574	pussy.R.016	Vagina Bones	BONE
5575	pussy.R.017	Vagina Bones	BONE
5576	pussy.R.018	Vagina Bones	BONE
5577	pussy.R.019	Vagina Bones	BONE
5578	pussy.R.020	Vagina Bones	BONE
5579	Pussy_base	Vagina Bones	BONE
5580	Pussy_Bottom	Vagina Bones	BONE
5581	pussy_DEF_L	Vagina Bones	BONE
5582	pussy_DEF_R	Vagina Bones	BONE
5583	pussy_DEF_L.000	Vagina Bones	BONE
5584	pussy_DEF_L.001	Vagina Bones	BONE
5585	pussy_DEF_L.002	Vagina Bones	BONE
5586	pussy_DEF_L.003	Vagina Bones	BONE
5587	pussy_DEF_L.004	Vagina Bones	BONE
5588	pussy_DEF_L.005	Vagina Bones	BONE
5589	pussy_DEF_L.006	Vagina Bones	BONE
5590	pussy_DEF_L.007	Vagina Bones	BONE
5591	pussy_DEF_L.008	Vagina Bones	BONE
5592	pussy_DEF_L.009	Vagina Bones	BONE
5593	pussy_DEF_L.010	Vagina Bones	BONE
5594	pussy_DEF_L.011	Vagina Bones	BONE
5595	pussy_DEF_L.012	Vagina Bones	BONE
5596	pussy_DEF_L.013	Vagina Bones	BONE
5597	pussy_DEF_L.014	Vagina Bones	BONE
5598	pussy_DEF_L.015	Vagina Bones	BONE
5599	pussy_DEF_L.016	Vagina Bones	BONE
5600	pussy_DEF_L.017	Vagina Bones	BONE
5601	pussy_DEF_L.018	Vagina Bones	BONE
5602	pussy_DEF_L.019	Vagina Bones	BONE
5603	pussy_DEF_L.020	Vagina Bones	BONE
5604	pussy_DEF_R.000	Vagina Bones	BONE
5605	pussy_DEF_R.001	Vagina Bones	BONE
5606	pussy_DEF_R.002	Vagina Bones	BONE
5607	pussy_DEF_R.003	Vagina Bones	BONE
5608	pussy_DEF_R.004	Vagina Bones	BONE
5609	pussy_DEF_R.005	Vagina Bones	BONE
5610	pussy_DEF_R.006	Vagina Bones	BONE
5611	pussy_DEF_R.007	Vagina Bones	BONE
5612	pussy_DEF_R.008	Vagina Bones	BONE
5613	pussy_DEF_R.009	Vagina Bones	BONE
5614	pussy_DEF_R.010	Vagina Bones	BONE
5615	pussy_DEF_R.011	Vagina Bones	BONE
5616	pussy_DEF_R.012	Vagina Bones	BONE
5617	pussy_DEF_R.013	Vagina Bones	BONE
5618	pussy_DEF_R.014	Vagina Bones	BONE
5619	pussy_DEF_R.015	Vagina Bones	BONE
5620	pussy_DEF_R.016	Vagina Bones	BONE
5621	pussy_DEF_R.017	Vagina Bones	BONE
5622	pussy_DEF_R.018	Vagina Bones	BONE
5623	pussy_DEF_R.019	Vagina Bones	BONE
5624	pussy_DEF_R.020	Vagina Bones	BONE
5625	pussy_front	Vagina Bones	BONE
5626	pussy_L.001	Vagina Bones	BONE
5627	pussy_L_01	Vagina Bones	BONE
5628	pussy_L_02	Vagina Bones	BONE
5629	pussy_L_03	Vagina Bones	BONE
5630	pussy_L_04	Vagina Bones	BONE
5631	pussy_R.001	Vagina Bones	BONE
5632	pussy_R_01	Vagina Bones	BONE
5633	pussy_R_02	Vagina Bones	BONE
5634	pussy_R_03	Vagina Bones	BONE
5635	pussy_R_04	Vagina Bones	BONE
5636	Pussy_Root	Vagina Bones	BONE
5637	Pussy_top	Vagina Bones	BONE
5638	PussyBack	Vagina Bones	BONE
5639	PussyBackLeft	Vagina Bones	BONE
5640	PussyBackRight	Vagina Bones	BONE
5641	PussyFront	Vagina Bones	BONE
5642	PussyFrontLeft	Vagina Bones	BONE
5643	PussyFrontRight	Vagina Bones	BONE
5644	PussyInnerLeft	Vagina Bones	BONE
5645	PussyInnerRight	Vagina Bones	BONE
5646	pussyL.014.L	Vagina Bones	BONE
5647	pussyL.014.R	Vagina Bones	BONE
5648	pussyL.015.L	Vagina Bones	BONE
5649	pussyL.015.R	Vagina Bones	BONE
5650	pussyL.016.L	Vagina Bones	BONE
5651	pussyL.016.R	Vagina Bones	BONE
5652	pussyL.017.L	Vagina Bones	BONE
5653	pussyL.017.R	Vagina Bones	BONE
5654	PussyLeft	Vagina Bones	BONE
5655	PussyLips1.l	Vagina Bones	BONE
5656	PussyLips1.r	Vagina Bones	BONE
5657	PussyLips2.l	Vagina Bones	BONE
5658	PussyLips2.r	Vagina Bones	BONE
5659	PussyLips3.l	Vagina Bones	BONE
5660	PussyLips3.r	Vagina Bones	BONE
5661	PussyLower	Vagina Bones	BONE
5662	PussyMidLeft	Vagina Bones	BONE
5663	PussyMidRight	Vagina Bones	BONE
5664	PussyOuterLeft	Vagina Bones	BONE
5665	PussyOuterRight	Vagina Bones	BONE
5666	PussyRight	Vagina Bones	BONE
5667	pussyroot	Vagina Bones	BONE
5668	PussySideLow_L	Vagina Bones	BONE
5669	PussySideLow_R	Vagina Bones	BONE
5670	PussySideTop_L	Vagina Bones	BONE
5671	PussySideTop_R	Vagina Bones	BONE
5672	R Anus	Anus Bones	BONE
5673	R Anus.000	Anus Bones	BONE
5674	R Anus.001	Anus Bones	BONE
5675	R Anus.002	Anus Bones	BONE
5676	R Anus.003	Anus Bones	BONE
5677	R Anus.004	Anus Bones	BONE
5678	R Anus.005	Anus Bones	BONE
5679	R Anus.006	Anus Bones	BONE
5680	R Anus.007	Anus Bones	BONE
5681	R Anus.008	Anus Bones	BONE
5682	R Anus.009	Anus Bones	BONE
5683	R Anus.010	Anus Bones	BONE
5684	R Buttock	Butt Bones	BONE
5685	R Buttock.001	Butt Bones	BONE
5686	R Buttock.002	Butt Bones	BONE
5687	R Gluteo	Butt Bones	BONE
5688	R Pussy	Vagina Bones	BONE
5689	R Pussy.000	Vagina Bones	BONE
5690	R Pussy.001	Vagina Bones	BONE
5691	R Pussy.002	Vagina Bones	BONE
5692	R Pussy.003	Vagina Bones	BONE
5693	R Pussy.004	Vagina Bones	BONE
5694	R Pussy.005	Vagina Bones	BONE
5695	R Pussy.006	Vagina Bones	BONE
5696	R Pussy.007	Vagina Bones	BONE
5697	R Pussy.008	Vagina Bones	BONE
5698	R Pussy.009	Vagina Bones	BONE
5699	R Pussy.010	Vagina Bones	BONE
5700	r.nut	Balls Bones	BONE
5701	r.Pectoral	Breast Bones	BONE
5702	R_boob_base	Breast Bones	BONE
5703	R_boob_nipple	Breast Bones	BONE
5704	R_Breast	Breast Bones	BONE
5705	R_Butt	Butt Bones	BONE
5706	R_butt_jiggle	Butt Bones	BONE
5707	R_Glute	Butt Bones	BONE
5708	R_Nipple	Breast Bones	BONE
5709	R_Pectoral	Breast Bones	BONE
5710	RBreast	Breast Bones	BONE
5711	rBreast_0	Breast Bones	BONE
5712	rBreast_00	Breast Bones	BONE
5713	rBreast_01	Breast Bones	BONE
5714	rBreast_1	Breast Bones	BONE
5715	rBreast_02	Breast Bones	BONE
5716	rBreast_2	Breast Bones	BONE
5717	rBreast_03	Breast Bones	BONE
5718	rBreast_3	Breast Bones	BONE
5719	rBreast_04	Breast Bones	BONE
5720	rBreast_4	Breast Bones	BONE
5721	rBreast_05	Breast Bones	BONE
5722	rBreast_5	Breast Bones	BONE
5723	rBreast_06	Breast Bones	BONE
5724	rBreast_6	Breast Bones	BONE
5725	rBreast_07	Breast Bones	BONE
5726	rBreast_7	Breast Bones	BONE
5727	rBreast_08	Breast Bones	BONE
5728	rBreast_8	Breast Bones	BONE
5729	rBreast_09	Breast Bones	BONE
5730	rBreast_9	Breast Bones	BONE
5731	rBreast_10	Breast Bones	BONE
5732	RBreast_nude	Breast Bones	BONE
5733	rButt	Butt Bones	BONE
5734	RButt_nude	Butt Bones	BONE
5735	rButt_root	Butt Bones	BONE
5736	REAR.L	Butt Bones	BONE
5737	REAR.R	Butt Bones	BONE
5738	Rectum	Anus Bones	BONE
5739	rectum left	Anus Bones	BONE
5740	rectum right	Anus Bones	BONE
5741	rectum left lower	Anus Bones	BONE
5742	rectum right lower	Anus Bones	BONE
5743	rectum left upper	Anus Bones	BONE
5744	rectum right upper	Anus Bones	BONE
5745	rectum base	Anus Bones	BONE
5746	rectum bottom	Anus Bones	BONE
5747	rectum lower	Anus Bones	BONE
5748	rectum top	Anus Bones	BONE
5749	rectum upper	Anus Bones	BONE
5750	rectum_01	Anus Bones	BONE
5751	rectum_02	Anus Bones	BONE
5752	rectum_03	Anus Bones	BONE
5753	rectum_04	Anus Bones	BONE
5754	rectum_05	Anus Bones	BONE
5755	rectum_06	Anus Bones	BONE
5756	rectum_07	Anus Bones	BONE
5757	rectum_08	Anus Bones	BONE
5758	rectum_09	Anus Bones	BONE
5759	RGlute	Butt Bones	BONE
5760	rGluteus_Base	Butt Bones	BONE
5761	rGluteus_Jiggle	Butt Bones	BONE
5762	Right Breast bottom	Breast Bones	BONE
5763	Right Breast Left	Breast Bones	BONE
5764	Right Pussy	Vagina Bones	BONE
5765	Right Small Labia1	Vagina Bones	BONE
5766	Right_Ass	Butt Bones	BONE
5767	right_breast	Breast Bones	BONE
5768	right_breast2	Breast Bones	BONE
5769	right_buttocks	Butt Bones	BONE
5770	right_fold	Vagina Bones	BONE
5771	right_lower_vag_1	Vagina Bones	BONE
5772	right_lower_vag_2	Vagina Bones	BONE
5773	right_middle_vag_1	Vagina Bones	BONE
5774	right_middle_vag_2	Vagina Bones	BONE
5775	Right_Small_Labia1	Vagina Bones	BONE
5776	Right_Small_Labia2	Vagina Bones	BONE
5777	right_testicle_1	Balls Bones	BONE
5778	right_testicle_2	Balls Bones	BONE
5779	right_testicle_3	Balls Bones	BONE
5780	right_testicle_tip	Balls Bones	BONE
5781	right_upper_vag_1	Vagina Bones	BONE
5782	right_upper_vag_2	Vagina Bones	BONE
5783	right_vag	Vagina Bones	BONE
5784	RightBalls	Balls Bones	BONE
5785	RightBreast1	Breast Bones	BONE
5786	RightBreast2	Breast Bones	BONE
5787	RightBreast3	Breast Bones	BONE
5788	RightBreast4	Breast Bones	BONE
5789	RightBreast_Root	Breast Bones	BONE
5790	RightBreastShakeAdjustment__L_R	Breast Bones	BONE
5791	RightBreastZShakeAdjustment__L_R	Breast Bones	BONE
5792	rightbreathe	Breast Bones	BONE
5793	RightBun	Butt Bones	BONE
5794	RightBust_mik	Breast Bones	BONE
5795	RightButt	Butt Bones	BONE
5796	RightButt1	Butt Bones	BONE
5797	RightButt2	Butt Bones	BONE
5798	RightButtock	Butt Bones	BONE
5799	RightLowerVag1	Vagina Bones	BONE
5800	RightLowerVag2	Vagina Bones	BONE
5801	RightMiddleVag1	Vagina Bones	BONE
5802	RightMiddleVag2	Vagina Bones	BONE
5803	RightPectoralis_mik	Breast Bones	BONE
5804	RightPussyInner1	Vagina Bones	BONE
5805	RightPussyInner2	Vagina Bones	BONE
5806	RightPussyOpen	Vagina Bones	BONE
5807	RightPussyOuter1	Vagina Bones	BONE
5808	RightPussyOuter2	Vagina Bones	BONE
5809	RightTesti0	Balls Bones	BONE
5810	RightTesti00	Balls Bones	BONE
5811	RightTesti01	Balls Bones	BONE
5812	RightTesti1	Balls Bones	BONE
5813	RightTesti02	Balls Bones	BONE
5814	RightTesti2	Balls Bones	BONE
5815	RightTesti03	Balls Bones	BONE
5816	RightTesti3	Balls Bones	BONE
5817	RightTesti04	Balls Bones	BONE
5818	RightTesti4	Balls Bones	BONE
5819	RightTesti05	Balls Bones	BONE
5820	RightTesti5	Balls Bones	BONE
5821	RightTesti06	Balls Bones	BONE
5822	RightTesti6	Balls Bones	BONE
5823	RightTesti07	Balls Bones	BONE
5824	RightTesti7	Balls Bones	BONE
5825	RightTesti08	Balls Bones	BONE
5826	RightTesti8	Balls Bones	BONE
5827	RightTesti09	Balls Bones	BONE
5828	RightTesti9	Balls Bones	BONE
5829	RightTesti10	Balls Bones	BONE
5830	RightTesticle	Balls Bones	BONE
5831	RightUpperVag1	Vagina Bones	BONE
5832	RightUpperVag2	Vagina Bones	BONE
5833	rLabiumMajora1	Vagina Bones	BONE
5834	rLabiumMajora2	Vagina Bones	BONE
5835	rLabiumMajora3	Vagina Bones	BONE
5836	rLabiumMajora4	Vagina Bones	BONE
5837	rLabiumMinora1	Vagina Bones	BONE
5838	rLabiumMinora2	Vagina Bones	BONE
5839	rLabiumMinora3	Vagina Bones	BONE
5840	rLabiumMinora4	Vagina Bones	BONE
5841	rNip	Breast Bones	BONE
5842	rNip_root	Breast Bones	BONE
5843	rNipple	Breast Bones	BONE
5844	ROOT Breasts	Breast Bones	BONE
5845	Root.Cock	Penis Bones	BONE
5846	Root_Shaft	Penis Bones	BONE
5847	RootRegular	Balls Bones	BONE
5848	rotballs	Balls Bones	BONE
5849	rPectoral	Breast Bones	BONE
5850	rPectoral2	Breast Bones	BONE
5851	rPectoral2_jiggle	Breast Bones	BONE
5852	rPectoral.001	Breast Bones	BONE
5853	rPectoral_Base	Breast Bones	BONE
5854	rPectoral_Base_Jiggle	Breast Bones	BONE
5855	rPectoral_jiggle	Breast Bones	BONE
5856	rPectoral_root	Breast Bones	BONE
5857	RPectoralisMajor	Breast Bones	BONE
5858	RPectoralMid	Breast Bones	BONE
5859	RPectoralMid_Root	Breast Bones	BONE
5860	RPsy_Top	Vagina Bones	BONE
5861	RPussy1	Vagina Bones	BONE
5862	RPussy2	Vagina Bones	BONE
5863	RPussy3	Vagina Bones	BONE
5864	rTeste	Balls Bones	BONE
5865	RTesticle	Balls Bones	BONE
5866	Sack1	Balls Bones	BONE
5867	Sack2	Balls Bones	BONE
5868	sack.000	Balls Bones	BONE
5869	sack.001	Balls Bones	BONE
5870	sack.002	Balls Bones	BONE
5871	sack.003	Balls Bones	BONE
5872	sack.004	Balls Bones	BONE
5873	sack.005	Balls Bones	BONE
5874	sack.006	Balls Bones	BONE
5875	sack.007	Balls Bones	BONE
5876	sack.008	Balls Bones	BONE
5877	sack.009	Balls Bones	BONE
5878	sack.010	Balls Bones	BONE
5879	sack.011	Balls Bones	BONE
5880	sack.012	Balls Bones	BONE
5881	sack.013	Balls Bones	BONE
5882	sack.014	Balls Bones	BONE
5883	sack.015	Balls Bones	BONE
5884	sack.016	Balls Bones	BONE
5885	sack.017	Balls Bones	BONE
5886	sack.018	Balls Bones	BONE
5887	sack.019	Balls Bones	BONE
5888	sack.020	Balls Bones	BONE
5889	sack.021	Balls Bones	BONE
5890	sack.022	Balls Bones	BONE
5891	sack.023	Balls Bones	BONE
5892	sack.024	Balls Bones	BONE
5893	sack.025	Balls Bones	BONE
5894	Scortum	Balls Bones	BONE
5895	L_Scrotum	Balls Bones	BONE
5896	R_Scrotum	Balls Bones	BONE
5897	scrotum	Balls Bones	BONE
5898	Shaft0	Penis Bones	BONE
5899	Shaft00	Penis Bones	BONE
5900	Shaft01	Penis Bones	BONE
5901	Shaft1	Penis Bones	BONE
5902	Shaft02	Penis Bones	BONE
5903	Shaft2	Penis Bones	BONE
5904	Shaft03	Penis Bones	BONE
5905	Shaft3	Penis Bones	BONE
5906	Shaft04	Penis Bones	BONE
5907	Shaft4	Penis Bones	BONE
5908	Shaft05	Penis Bones	BONE
5909	Shaft5	Penis Bones	BONE
5910	Shaft06	Penis Bones	BONE
5911	Shaft07	Penis Bones	BONE
5912	Shaft08	Penis Bones	BONE
5913	Shaft09	Penis Bones	BONE
5914	Shaft10	Penis Bones	BONE
5915	Shaft 0	Penis Bones	BONE
5916	Shaft 00	Penis Bones	BONE
5917	Shaft 01	Penis Bones	BONE
5918	Shaft 1	Penis Bones	BONE
5919	Shaft 02	Penis Bones	BONE
5920	Shaft 2	Penis Bones	BONE
5921	Shaft 03	Penis Bones	BONE
5922	Shaft 3	Penis Bones	BONE
5923	Shaft 04	Penis Bones	BONE
5924	Shaft 4	Penis Bones	BONE
5925	Shaft 05	Penis Bones	BONE
5926	Shaft 5	Penis Bones	BONE
5927	Shaft 06	Penis Bones	BONE
5928	Shaft 6	Penis Bones	BONE
5929	Shaft 07	Penis Bones	BONE
5930	Shaft 7	Penis Bones	BONE
5931	Shaft 08	Penis Bones	BONE
5932	Shaft 8	Penis Bones	BONE
5933	Shaft 09	Penis Bones	BONE
5934	Shaft 9	Penis Bones	BONE
5935	Shaft 10	Penis Bones	BONE
5936	Shaft 11	Penis Bones	BONE
5937	Shaft 12	Penis Bones	BONE
5938	Shaft 13	Penis Bones	BONE
5939	Shaft 14	Penis Bones	BONE
5940	Shaft 15	Penis Bones	BONE
5941	Shaft 16	Penis Bones	BONE
5942	Shaft 17	Penis Bones	BONE
5943	Shaft 18	Penis Bones	BONE
5944	Shaft 19	Penis Bones	BONE
5945	Shaft 20	Penis Bones	BONE
5946	Shaft Root	Penis Bones	BONE
5947	shaft.1	Penis Bones	BONE
5948	shaft.2	Penis Bones	BONE
5949	shaft.3	Penis Bones	BONE
5950	shaft.4	Penis Bones	BONE
5951	shaft.5	Penis Bones	BONE
5952	shaft.6	Penis Bones	BONE
5953	shaft.expand1	Penis Bones	BONE
5954	shaft.expand2	Penis Bones	BONE
5955	shaft.expand3	Penis Bones	BONE
5956	shaft.expand4	Penis Bones	BONE
5957	shaft.expand5	Penis Bones	BONE
5958	shaft.expand.6	Penis Bones	BONE
5959	shaft.tip	Penis Bones	BONE
5960	Shaft_00	Penis Bones	BONE
5961	Shaft_01	Penis Bones	BONE
5962	Shaft_02	Penis Bones	BONE
5963	Shaft_03	Penis Bones	BONE
5964	Shaft_04	Penis Bones	BONE
5965	Shaft_05	Penis Bones	BONE
5966	Shaft_06	Penis Bones	BONE
5967	Shaft_07	Penis Bones	BONE
5968	Shaft_08	Penis Bones	BONE
5969	Shaft_09	Penis Bones	BONE
5970	Shaft_10	Penis Bones	BONE
5971	Shiri_L	Butt Bones	BONE
5972	Shiri_R	Butt Bones	BONE
5973	SK_Butt_L	Butt Bones	BONE
5974	SK_Butt_R	Butt Bones	BONE
5975	SK_Tit_L	Breast Bones	BONE
5976	SK_Tit_R	Breast Bones	BONE
5977	Skn_L_Chest	Breast Bones	BONE
5978	Skn_L_Chest_Up	Breast Bones	BONE
5979	Skn_L_PelvisBD_Fix	Butt Bones	BONE
5980	Skn_L_PelvisBU_Fix	Butt Bones	BONE
5981	Skn_R_Chest	Breast Bones	BONE
5982	Skn_R_Chest_Up	Breast Bones	BONE
5983	Skn_R_PelvisBD_Fix	Butt Bones	BONE
5984	Skn_R_PelvisBU_Fix	Butt Bones	BONE
5985	L_Small Labia 1	Vagina Bones	BONE
5986	R_Small Labia 1	Vagina Bones	BONE
5987	Small Labia 1 L	Vagina Bones	BONE
5988	L_Small Labia 2	Vagina Bones	BONE
5989	R_Small Labia 2	Vagina Bones	BONE
5990	Small Labia 2 L	Vagina Bones	BONE
5991	Small Labia 2 R	Vagina Bones	BONE
5992	L_Small Labia 3	Vagina Bones	BONE
5993	R_Small Labia 3	Vagina Bones	BONE
5994	Small Labia 3 L	Vagina Bones	BONE
5995	Small Labia 3 R	Vagina Bones	BONE
5996	L_Small Labia 4	Vagina Bones	BONE
5997	R_Small Labia 4	Vagina Bones	BONE
5998	Small Labia 4 L	Vagina Bones	BONE
5999	Small Labia 4 R	Vagina Bones	BONE
6000	Sp_Ch_Bust0_L_00	Breast Bones	BONE
6001	Sp_Ch_Bust0_L_01	Breast Bones	BONE
6002	Sp_Ch_Bust0_L_02	Breast Bones	BONE
6003	Sp_Ch_Bust0_L_03	Breast Bones	BONE
6004	Sp_Ch_Bust0_L_04	Breast Bones	BONE
6005	Sp_Ch_Bust0_L_05	Breast Bones	BONE
6006	Sp_Ch_Bust0_L_06	Breast Bones	BONE
6007	Sp_Ch_Bust0_L_07	Breast Bones	BONE
6008	Sp_Ch_Bust0_L_08	Breast Bones	BONE
6009	Sp_Ch_Bust0_L_09	Breast Bones	BONE
6010	Sp_Ch_Bust0_L_10	Breast Bones	BONE
6011	Sp_Ch_Bust0_L_11	Breast Bones	BONE
6012	Sp_Ch_Bust0_L_12	Breast Bones	BONE
6013	Sp_Ch_Bust0_L_13	Breast Bones	BONE
6014	Sp_Ch_Bust0_L_14	Breast Bones	BONE
6015	Sp_Ch_Bust0_L_15	Breast Bones	BONE
6016	Sp_Ch_Bust0_L_16	Breast Bones	BONE
6017	Sp_Ch_Bust0_L_17	Breast Bones	BONE
6018	Sp_Ch_Bust0_L_18	Breast Bones	BONE
6019	Sp_Ch_Bust0_L_19	Breast Bones	BONE
6020	Sp_Ch_Bust0_L_20	Breast Bones	BONE
6021	Sp_Ch_Bust0_R_00	Breast Bones	BONE
6022	Sp_Ch_Bust0_R_01	Breast Bones	BONE
6023	Sp_Ch_Bust0_R_02	Breast Bones	BONE
6024	Sp_Ch_Bust0_R_03	Breast Bones	BONE
6025	Sp_Ch_Bust0_R_04	Breast Bones	BONE
6026	Sp_Ch_Bust0_R_05	Breast Bones	BONE
6027	Sp_Ch_Bust0_R_06	Breast Bones	BONE
6028	Sp_Ch_Bust0_R_07	Breast Bones	BONE
6029	Sp_Ch_Bust0_R_08	Breast Bones	BONE
6030	Sp_Ch_Bust0_R_09	Breast Bones	BONE
6031	Sp_Ch_Bust0_R_10	Breast Bones	BONE
6032	Sp_Ch_Bust0_R_11	Breast Bones	BONE
6033	Sp_Ch_Bust0_R_12	Breast Bones	BONE
6034	Sp_Ch_Bust0_R_13	Breast Bones	BONE
6035	Sp_Ch_Bust0_R_14	Breast Bones	BONE
6036	Sp_Ch_Bust0_R_15	Breast Bones	BONE
6037	Sp_Ch_Bust0_R_16	Breast Bones	BONE
6038	Sp_Ch_Bust0_R_17	Breast Bones	BONE
6039	Sp_Ch_Bust0_R_18	Breast Bones	BONE
6040	Sp_Ch_Bust0_R_19	Breast Bones	BONE
6041	Sp_Ch_Bust0_R_20	Breast Bones	BONE
6042	Tanks.L	Balls Bones	BONE
6043	Tanks.R	Balls Bones	BONE
6044	Tanks11.L	Balls Bones	BONE
6045	Tanks11.R	Balls Bones	BONE
6046	Tanks22.L	Balls Bones	BONE
6047	Tanks22.R	Balls Bones	BONE
6048	Tanks.L.001	Balls Bones	BONE
6049	Tanks.R.001	Balls Bones	BONE
6050	Test_L	Balls Bones	BONE
6051	Test_R	Balls Bones	BONE
6052	testes	Balls Bones	BONE
6053	testes_inf	Balls Bones	BONE
6054	testes_sup	Balls Bones	BONE
6055	Testi_L	Balls Bones	BONE
6056	Testi_R	Balls Bones	BONE
6057	Testi_Left	Balls Bones	BONE
6058	Testi_Right	Balls Bones	BONE
6059	Testicle	Balls Bones	BONE
6060	Testicle.L	Balls Bones	BONE
6061	Testicle.R	Balls Bones	BONE
6062	Testicle_00_L	Balls Bones	BONE
6063	Testicle_00_R	Balls Bones	BONE
6064	Testicle_01_L	Balls Bones	BONE
6065	Testicle_01_R	Balls Bones	BONE
6066	Testicle_02_L	Balls Bones	BONE
6067	Testicle_02_R	Balls Bones	BONE
6068	Testicle_03_L	Balls Bones	BONE
6069	Testicle_03_R	Balls Bones	BONE
6070	Testicle_04_L	Balls Bones	BONE
6071	Testicle_04_R	Balls Bones	BONE
6072	Testicle_05_L	Balls Bones	BONE
6073	Testicle_05_R	Balls Bones	BONE
6074	Testicle_06_L	Balls Bones	BONE
6075	Testicle_06_R	Balls Bones	BONE
6076	Testicle_07_L	Balls Bones	BONE
6077	Testicle_07_R	Balls Bones	BONE
6078	Testicle_08_L	Balls Bones	BONE
6079	Testicle_08_R	Balls Bones	BONE
6080	Testicle_09_L	Balls Bones	BONE
6081	Testicle_09_R	Balls Bones	BONE
6082	Testicle_10_L	Balls Bones	BONE
6083	Testicle_10_R	Balls Bones	BONE
6084	Testicle_L	Balls Bones	BONE
6085	Testicle_L1	Balls Bones	BONE
6086	Testicle_L2	Balls Bones	BONE
6087	Testicle_L3	Balls Bones	BONE
6088	Testicle_Master	Balls Bones	BONE
6089	Testicle_R	Balls Bones	BONE
6090	Testicle_R1	Balls Bones	BONE
6091	Testicle_R2	Balls Bones	BONE
6092	Testicle_R3	Balls Bones	BONE
6093	TesticleCont	Balls Bones	BONE
6094	Testicles	Balls Bones	BONE
6095	TesticlesBase	Balls Bones	BONE
6096	Testie_L	Balls Bones	BONE
6097	Testie_R	Balls Bones	BONE
6098	testie.l	Balls Bones	BONE
6099	testie.r	Balls Bones	BONE
6100	testies.l	Balls Bones	BONE
6101	testies.r	Balls Bones	BONE
6102	testies	Balls Bones	BONE
6103	Testies_Master	Balls Bones	BONE
6104	testis_L	Balls Bones	BONE
6105	testis_R	Balls Bones	BONE
6106	Testy_cont	Balls Bones	BONE
6107	L_thigh_jiggle	Butt Bones	BONE
6108	R_thigh_jiggle	Butt Bones	BONE
6109	ThisPartMaster	Vagina Bones	BONE
6110	tip.open	Penis Bones	BONE
6111	Top Anus	Anus Bones	BONE
6112	Top Pussy	Vagina Bones	BONE
6113	tweak_anus_L	Anus Bones	BONE
6114	tweak_anus_R	Anus Bones	BONE
6115	tweak_asscheek_L	Butt Bones	BONE
6116	tweak_asscheek_R	Butt Bones	BONE
6117	tweak_pussy_L	Vagina Bones	BONE
6118	tweak_pussy_R	Vagina Bones	BONE
6119	Twist_Butt.1_L	Butt Bones	BONE
6120	Twist_Butt.1_R	Butt Bones	BONE
6121	unused breastbase L	Breast Bones	BONE
6122	unused breastbase R	Breast Bones	BONE
6123	unused rectumweight	Anus Bones	BONE
6124	unused vagina1 L	Vagina Bones	BONE
6125	unused vagina1 R	Vagina Bones	BONE
6126	unused vagina2 L	Vagina Bones	BONE
6127	unused vagina2 R	Vagina Bones	BONE
6128	unused vaginaweight	Vagina Bones	BONE
6129	upper_left_vag_1	Vagina Bones	BONE
6130	upper_left_vag_2	Vagina Bones	BONE
6131	upper_right_vag_1	Vagina Bones	BONE
6132	upper_right_vag_2	Vagina Bones	BONE
6133	UterousMaster	Vagina Bones	BONE
6134	Vag_L	Vagina Bones	BONE
6135	Vag_R	Vagina Bones	BONE
6136	vag.L	Vagina Bones	BONE
6137	vag.R	Vagina Bones	BONE
6138	vag1.L	Vagina Bones	BONE
6139	vag1.R	Vagina Bones	BONE
6140	Vag2	Vagina Bones	BONE
6141	vag2.L	Vagina Bones	BONE
6142	vag2.R	Vagina Bones	BONE
6143	vag2_L	Vagina Bones	BONE
6144	vag2_R	Vagina Bones	BONE
6145	vag3.L	Vagina Bones	BONE
6146	vag3.R	Vagina Bones	BONE
6147	vag3_L	Vagina Bones	BONE
6148	vag3_R	Vagina Bones	BONE
6149	vag4.L	Vagina Bones	BONE
6150	vag4.R	Vagina Bones	BONE
6151	vag4_L	Vagina Bones	BONE
6152	vag4_R	Vagina Bones	BONE
6153	vag a	Vagina Bones	BONE
6154	vag b	Vagina Bones	BONE
6155	vag main	Vagina Bones	BONE
6156	vag mov	Vagina Bones	BONE
6157	Vag_Back	Vagina Bones	BONE
6158	Vag_base	Vagina Bones	BONE
6159	Vag_Bottom	Vagina Bones	BONE
6160	Vag_Front	Vagina Bones	BONE
6161	Vag_MainControl	Vagina Bones	BONE
6162	Vag_Out_Jnt	Vagina Bones	BONE
6163	Vag_Top	Vagina Bones	BONE
6164	vagback	Vagina Bones	BONE
6165	VagBackL1	Vagina Bones	BONE
6166	VagBackL2	Vagina Bones	BONE
6167	VagBackL3	Vagina Bones	BONE
6168	VagBackR1	Vagina Bones	BONE
6169	VagBackR2	Vagina Bones	BONE
6170	VagBackR3	Vagina Bones	BONE
6171	VagClit	Vagina Bones	BONE
6172	vagfront	Vagina Bones	BONE
6173	VagFrontL	Vagina Bones	BONE
6174	VagFrontR	Vagina Bones	BONE
6175	VagHole	Vagina Bones	FLEX
6176	Vagina.L	Vagina Bones	FLEX
6177	Vagina.R	Vagina Bones	FLEX
6178	vagina_L	Vagina Bones	BONE
6179	vagina_R	Vagina Bones	BONE
6180	Vagina	Vagina Bones	BONE
6181	Vagina1_L	Vagina Bones	BONE
6182	Vagina1_R	Vagina Bones	BONE
6183	Vagina2_L	Vagina Bones	BONE
6184	Vagina2_R	Vagina Bones	BONE
6185	Vagina3	Vagina Bones	BONE
6186	vagina left	Vagina Bones	BONE
6187	vagina right	Vagina Bones	BONE
6188	vagina left 1	Vagina Bones	BONE
6189	vagina right 1	Vagina Bones	BONE
6190	vagina left 2	Vagina Bones	BONE
6191	vagina right 2	Vagina Bones	BONE
6192	vagina left 3	Vagina Bones	BONE
6193	vagina right 3	Vagina Bones	BONE
6194	vagina base	Vagina Bones	BONE
6195	vagina base left	Vagina Bones	BONE
6196	vagina base right	Vagina Bones	BONE
6197	Vagina Bot	Vagina Bones	BONE
6198	vagina lower	Vagina Bones	BONE
6199	vagina lower left	Vagina Bones	BONE
6200	vagina lower right	Vagina Bones	BONE
6201	vagina mid1 left	Vagina Bones	BONE
6202	vagina mid1 right	Vagina Bones	BONE
6203	vagina mid2 left	Vagina Bones	BONE
6204	vagina mid2 right	Vagina Bones	BONE
6205	Vagina Open 1:Golden Palace Gens	Vagina Bones	BONE
6206	vagina upper left	Vagina Bones	BONE
6207	vagina upper right	Vagina Bones	BONE
6208	vagina-bot.l	Vagina Bones	BONE
6209	vagina-bot.r	Vagina Bones	BONE
6210	vagina-mid.l	Vagina Bones	BONE
6211	vagina-mid.r	Vagina Bones	BONE
6212	vagina-top.l	Vagina Bones	BONE
6213	vagina-top.r	Vagina Bones	BONE
6214	Vagina.L.000	Vagina Bones	BONE
6215	Vagina.L.001	Vagina Bones	BONE
6216	Vagina.L.002	Vagina Bones	BONE
6217	Vagina.L.003	Vagina Bones	BONE
6218	Vagina.L.004	Vagina Bones	BONE
6219	Vagina.L.005	Vagina Bones	BONE
6220	Vagina.L.006	Vagina Bones	BONE
6221	Vagina.L.007	Vagina Bones	BONE
6222	Vagina.L.008	Vagina Bones	BONE
6223	Vagina.L.009	Vagina Bones	BONE
6224	Vagina.L.010	Vagina Bones	BONE
6225	Vagina.L.011	Vagina Bones	BONE
6226	Vagina.L.012	Vagina Bones	BONE
6227	Vagina.L.013	Vagina Bones	BONE
6228	Vagina.L.014	Vagina Bones	BONE
6229	Vagina.L.015	Vagina Bones	BONE
6230	Vagina.L.016	Vagina Bones	BONE
6231	Vagina.L.017	Vagina Bones	BONE
6232	Vagina.L.018	Vagina Bones	BONE
6233	Vagina.L.019	Vagina Bones	BONE
6234	Vagina.L.020	Vagina Bones	BONE
6235	Vagina.R.000	Vagina Bones	BONE
6236	Vagina.R.001	Vagina Bones	BONE
6237	Vagina.R.002	Vagina Bones	BONE
6238	Vagina.R.003	Vagina Bones	BONE
6239	Vagina.R.004	Vagina Bones	BONE
6240	Vagina.R.005	Vagina Bones	BONE
6241	Vagina.R.006	Vagina Bones	BONE
6242	Vagina.R.007	Vagina Bones	BONE
6243	Vagina.R.008	Vagina Bones	BONE
6244	Vagina.R.009	Vagina Bones	BONE
6245	Vagina.R.010	Vagina Bones	BONE
6246	Vagina.R.011	Vagina Bones	BONE
6247	Vagina.R.012	Vagina Bones	BONE
6248	Vagina.R.013	Vagina Bones	BONE
6249	Vagina.R.014	Vagina Bones	BONE
6250	Vagina.R.015	Vagina Bones	BONE
6251	Vagina.R.016	Vagina Bones	BONE
6252	Vagina.R.017	Vagina Bones	BONE
6253	Vagina.R.018	Vagina Bones	BONE
6254	Vagina.R.019	Vagina Bones	BONE
6255	Vagina.R.020	Vagina Bones	BONE
6256	vagina_0_L	Vagina Bones	BONE
6257	vagina_0_R	Vagina Bones	BONE
6258	VAGINA_0	Vagina Bones	BONE
6259	VAGINA_00	Vagina Bones	BONE
6260	Vagina_1.L	Vagina Bones	BONE
6261	Vagina_1.R	Vagina Bones	BONE
6262	vagina_1_L	Vagina Bones	BONE
6263	vagina_1_R	Vagina Bones	BONE
6264	VAGINA_01	Vagina Bones	BONE
6265	VAGINA_1	Vagina Bones	BONE
6266	vagina_2_L	Vagina Bones	BONE
6267	vagina_2_R	Vagina Bones	BONE
6268	VAGINA_02	Vagina Bones	BONE
6269	VAGINA_2	Vagina Bones	BONE
6270	VAGINA_03	Vagina Bones	BONE
6271	VAGINA_3	Vagina Bones	BONE
6272	VAGINA_04	Vagina Bones	BONE
6273	VAGINA_4	Vagina Bones	BONE
6274	VAGINA_05	Vagina Bones	BONE
6275	VAGINA_5	Vagina Bones	BONE
6276	VAGINA_06	Vagina Bones	BONE
6277	VAGINA_6	Vagina Bones	BONE
6278	VAGINA_07	Vagina Bones	BONE
6279	VAGINA_7	Vagina Bones	BONE
6280	VAGINA_08	Vagina Bones	BONE
6281	VAGINA_8	Vagina Bones	BONE
6282	VAGINA_09	Vagina Bones	BONE
6283	VAGINA_9	Vagina Bones	BONE
6284	VAGINA_10	Vagina Bones	BONE
6285	VAGINA_11	Vagina Bones	BONE
6286	VAGINA_12	Vagina Bones	BONE
6287	VAGINA_13	Vagina Bones	BONE
6288	VAGINA_14	Vagina Bones	BONE
6289	VAGINA_15	Vagina Bones	BONE
6290	VAGINA_16	Vagina Bones	BONE
6291	VAGINA_17	Vagina Bones	BONE
6292	VAGINA_18	Vagina Bones	BONE
6293	VAGINA_19	Vagina Bones	BONE
6294	VAGINA_20	Vagina Bones	BONE
6295	VAGINA__a.L	Vagina Bones	BONE
6296	VAGINA__a.R	Vagina Bones	BONE
6297	VAGINA__b.L	Vagina Bones	BONE
6298	VAGINA__b.R	Vagina Bones	BONE
6299	VAGINA__c.L	Vagina Bones	BONE
6300	VAGINA__c.R	Vagina Bones	BONE
6301	Vagina_bone_0	Vagina Bones	BONE
6302	Vagina_bone_00	Vagina Bones	BONE
6303	Vagina_bone_01	Vagina Bones	BONE
6304	Vagina_bone_1	Vagina Bones	BONE
6305	Vagina_bone_02	Vagina Bones	BONE
6306	Vagina_bone_2	Vagina Bones	BONE
6307	Vagina_bone_03	Vagina Bones	BONE
6308	Vagina_bone_3	Vagina Bones	BONE
6309	Vagina_bone_04	Vagina Bones	BONE
6310	Vagina_bone_4	Vagina Bones	BONE
6311	Vagina_bone_05	Vagina Bones	BONE
6312	Vagina_bone_5	Vagina Bones	BONE
6313	Vagina_bone_06	Vagina Bones	BONE
6314	Vagina_bone_6	Vagina Bones	BONE
6315	Vagina_bone_07	Vagina Bones	BONE
6316	Vagina_bone_7	Vagina Bones	BONE
6317	Vagina_bone_08	Vagina Bones	BONE
6318	Vagina_bone_8	Vagina Bones	BONE
6319	Vagina_bone_09	Vagina Bones	BONE
6320	Vagina_bone_9	Vagina Bones	BONE
6321	Vagina_bone_10	Vagina Bones	BONE
6322	Vagina_bone_11	Vagina Bones	BONE
6323	Vagina_bone_12	Vagina Bones	BONE
6324	Vagina_bone_13	Vagina Bones	BONE
6325	Vagina_bone_14	Vagina Bones	BONE
6326	Vagina_bone_15	Vagina Bones	BONE
6327	Vagina_bone_16	Vagina Bones	BONE
6328	Vagina_bone_17	Vagina Bones	BONE
6329	Vagina_bone_18	Vagina Bones	BONE
6330	Vagina_bone_19	Vagina Bones	BONE
6331	Vagina_bone_20	Vagina Bones	BONE
6332	Vagina_Deep	Vagina Bones	BONE
6333	vagina_end.001	Vagina Bones	BONE
6334	vagina_end.003	Vagina Bones	BONE
6335	Vagina_Interior	Vagina Bones	BONE
6336	VAGINA_L_0	Vagina Bones	BONE
6337	VAGINA_L_00	Vagina Bones	BONE
6338	VAGINA_L_01	Vagina Bones	BONE
6339	VAGINA_L_1	Vagina Bones	BONE
6340	VAGINA_L_02	Vagina Bones	BONE
6341	VAGINA_L_2	Vagina Bones	BONE
6342	VAGINA_L_03	Vagina Bones	BONE
6343	VAGINA_L_3	Vagina Bones	BONE
6344	VAGINA_L_04	Vagina Bones	BONE
6345	VAGINA_L_4	Vagina Bones	BONE
6346	VAGINA_L_05	Vagina Bones	BONE
6347	VAGINA_L_5	Vagina Bones	BONE
6348	VAGINA_L_06	Vagina Bones	BONE
6349	VAGINA_L_6	Vagina Bones	BONE
6350	VAGINA_L_07	Vagina Bones	BONE
6351	VAGINA_L_7	Vagina Bones	BONE
6352	VAGINA_L_08	Vagina Bones	BONE
6353	VAGINA_L_8	Vagina Bones	BONE
6354	VAGINA_L_09	Vagina Bones	BONE
6355	VAGINA_L_9	Vagina Bones	BONE
6356	VAGINA_L_10	Vagina Bones	BONE
6357	VAGINA_L_11	Vagina Bones	BONE
6358	VAGINA_L_12	Vagina Bones	BONE
6359	VAGINA_L_13	Vagina Bones	BONE
6360	VAGINA_L_14	Vagina Bones	BONE
6361	VAGINA_L_15	Vagina Bones	BONE
6362	VAGINA_L_16	Vagina Bones	BONE
6363	VAGINA_L_17	Vagina Bones	BONE
6364	VAGINA_L_18	Vagina Bones	BONE
6365	VAGINA_L_19	Vagina Bones	BONE
6366	VAGINA_L_20	Vagina Bones	BONE
6367	Vagina_Main	Vagina Bones	BONE
6368	VAGINA_R_0	Vagina Bones	BONE
6369	VAGINA_R_00	Vagina Bones	BONE
6370	VAGINA_R_01	Vagina Bones	BONE
6371	VAGINA_R_1	Vagina Bones	BONE
6372	VAGINA_R_02	Vagina Bones	BONE
6373	VAGINA_R_2	Vagina Bones	BONE
6374	VAGINA_R_03	Vagina Bones	BONE
6375	VAGINA_R_3	Vagina Bones	BONE
6376	VAGINA_R_04	Vagina Bones	BONE
6377	VAGINA_R_4	Vagina Bones	BONE
6378	VAGINA_R_05	Vagina Bones	BONE
6379	VAGINA_R_5	Vagina Bones	BONE
6380	VAGINA_R_06	Vagina Bones	BONE
6381	VAGINA_R_6	Vagina Bones	BONE
6382	VAGINA_R_07	Vagina Bones	BONE
6383	VAGINA_R_7	Vagina Bones	BONE
6384	VAGINA_R_08	Vagina Bones	BONE
6385	VAGINA_R_8	Vagina Bones	BONE
6386	VAGINA_R_09	Vagina Bones	BONE
6387	VAGINA_R_9	Vagina Bones	BONE
6388	VAGINA_R_10	Vagina Bones	BONE
6389	VAGINA_R_11	Vagina Bones	BONE
6390	VAGINA_R_12	Vagina Bones	BONE
6391	VAGINA_R_13	Vagina Bones	BONE
6392	VAGINA_R_14	Vagina Bones	BONE
6393	VAGINA_R_15	Vagina Bones	BONE
6394	VAGINA_R_16	Vagina Bones	BONE
6395	VAGINA_R_17	Vagina Bones	BONE
6396	VAGINA_R_18	Vagina Bones	BONE
6397	VAGINA_R_19	Vagina Bones	BONE
6398	VAGINA_R_20	Vagina Bones	BONE
6399	VaginaAroused	Vagina Bones	BONE
6400	VaginaB1	Vagina Bones	BONE
6401	vaginaback.L	Vagina Bones	BONE
6402	vaginaback.R	Vagina Bones	BONE
6403	VaginaDeep1	Vagina Bones	BONE
6404	vaginafront.L	Vagina Bones	BONE
6405	vaginafront.R	Vagina Bones	BONE
6406	vaginainner.L	Vagina Bones	BONE
6407	vaginainner.R	Vagina Bones	BONE
6408	vaginainnerback	Vagina Bones	BONE
6409	vaginainnerfront	Vagina Bones	BONE
6410	vaginamid.L	Vagina Bones	BONE
6411	vaginamid.R	Vagina Bones	BONE
6412	vaginaouter.L	Vagina Bones	BONE
6413	vaginaouter.R	Vagina Bones	BONE
6414	vaginaouter.L.001	Vagina Bones	BONE
6415	vaginaouter.L.002	Vagina Bones	BONE
6416	vaginaouter.R.001	Vagina Bones	BONE
6417	vaginaouter.R.002	Vagina Bones	BONE
6418	vagmain	Vagina Bones	BONE
6419	VagMainL	Vagina Bones	BONE
6420	VagMainR	Vagina Bones	BONE
6421	VagMajora.L	Vagina Bones	BONE
6422	VagMajora.R	Vagina Bones	BONE
6423	VagMidBackL	Vagina Bones	BONE
6424	VagMidBackR	Vagina Bones	BONE
6425	VagMidFrontL	Vagina Bones	BONE
6426	VagMidFrontR	Vagina Bones	BONE
6427	ValveBiped.assL	Butt Bones	BONE
6428	ValveBiped.assR	Butt Bones	BONE
6429	ValveBiped.Bip01_Anus	Anus Bones	BONE
6430	ValveBiped.Bip01_Dinkie.Shaft00	Penis Bones	BONE
6431	ValveBiped.Bip01_Dinkie.Shaft01	Penis Bones	BONE
6432	ValveBiped.Bip01_Dinkie.Shaft02	Penis Bones	BONE
6433	ValveBiped.Bip01_Dinkie.Shaft03	Penis Bones	BONE
6434	ValveBiped.Bip01_Dinkie.Shaft04	Penis Bones	BONE
6435	ValveBiped.Bip01_Dinkie.Shaft05	Penis Bones	BONE
6436	ValveBiped.Bip01_Dinkie.Shaft06	Penis Bones	BONE
6437	ValveBiped.Bip01_Dinkie.Shaft07	Penis Bones	BONE
6438	ValveBiped.Bip01_Dinkie.Shaft08	Penis Bones	BONE
6439	ValveBiped.Bip01_Dinkie.Shaft09	Penis Bones	BONE
6440	ValveBiped.Bip01_Dinkie.Shaft10	Penis Bones	BONE
6441	ValveBiped.Bip01_Dinkie_Base	Penis Bones	BONE
6442	ValveBiped.Bip01_Dinkie_Head	Penis Bones	BONE
6443	ValveBiped.Bip01_GenitalRoot	Genital Bones	BONE
6444	ValveBiped.Bip01_Genitals	Genital Bones	BONE
6445	ValveBiped.Bip01_L_Boob	Breast Bones	BONE
6446	ValveBiped.Bip01_L_Breast	Breast Bones	BONE
6447	ValveBiped.Bip01_L_Breast0	Breast Bones	BONE
6448	ValveBiped.Bip01_L_Breast00	Breast Bones	BONE
6449	ValveBiped.Bip01_L_Breast0_control	Breast Bones	BONE
6450	ValveBiped.Bip01_L_Breast0_Jiggle	Breast Bones	BONE
6451	ValveBiped.Bip01_L_Breast0_jiggle_root	Breast Bones	BONE
6452	ValveBiped.Bip01_L_Breast0_jiggleRoot	Breast Bones	BONE
6453	ValveBiped.Bip01_L_Breast01	Breast Bones	BONE
6454	ValveBiped.Bip01_L_Breast1	Breast Bones	BONE
6455	ValveBiped.Bip01_L_Breast1_control	Breast Bones	BONE
6456	ValveBiped.Bip01_L_Breast1_Jiggle	Breast Bones	BONE
6457	ValveBiped.Bip01_L_Breast02	Breast Bones	BONE
6458	ValveBiped.Bip01_L_Breast2	Breast Bones	BONE
6459	ValveBiped.Bip01_L_Breast03	Breast Bones	BONE
6460	ValveBiped.Bip01_L_Breast3	Breast Bones	BONE
6461	ValveBiped.Bip01_L_Breast04	Breast Bones	BONE
6462	ValveBiped.Bip01_L_Breast4	Breast Bones	BONE
6463	ValveBiped.Bip01_L_Breast05	Breast Bones	BONE
6464	ValveBiped.Bip01_L_Breast5	Breast Bones	BONE
6465	ValveBiped.Bip01_L_Breast06	Breast Bones	BONE
6466	ValveBiped.Bip01_L_Breast6	Breast Bones	BONE
6467	ValveBiped.Bip01_L_Breast07	Breast Bones	BONE
6468	ValveBiped.Bip01_L_Breast7	Breast Bones	BONE
6469	ValveBiped.Bip01_L_Breast08	Breast Bones	BONE
6470	ValveBiped.Bip01_L_Breast8	Breast Bones	BONE
6471	ValveBiped.Bip01_L_Breast09	Breast Bones	BONE
6472	ValveBiped.Bip01_L_Breast9	Breast Bones	BONE
6473	ValveBiped.Bip01_L_Breast10	Breast Bones	BONE
6474	ValveBiped.Bip01_L_Breast_jiggle	Breast Bones	BONE
6475	ValveBiped.Bip01_L_Breast_Tip	Breast Bones	BONE
6476	ValveBiped.Bip01_L_BreastControl00	Breast Bones	BONE
6477	ValveBiped.Bip01_L_BreastControl01	Breast Bones	BONE
6478	ValveBiped.Bip01_L_BreastControl02	Breast Bones	BONE
6479	ValveBiped.Bip01_L_BreastControl03	Breast Bones	BONE
6480	ValveBiped.Bip01_L_BreastControl04	Breast Bones	BONE
6481	ValveBiped.Bip01_L_BreastControl05	Breast Bones	BONE
6482	ValveBiped.Bip01_L_BreastControl06	Breast Bones	BONE
6483	ValveBiped.Bip01_L_BreastControl07	Breast Bones	BONE
6484	ValveBiped.Bip01_L_BreastControl08	Breast Bones	BONE
6485	ValveBiped.Bip01_L_BreastControl09	Breast Bones	BONE
6486	ValveBiped.Bip01_L_BreastControl10	Breast Bones	BONE
6487	ValveBiped.Bip01_L_BreastJiggle00	Breast Bones	BONE
6488	ValveBiped.Bip01_L_BreastJiggle01	Breast Bones	BONE
6489	ValveBiped.Bip01_L_BreastJiggle02	Breast Bones	BONE
6490	ValveBiped.Bip01_L_BreastJiggle03	Breast Bones	BONE
6491	ValveBiped.Bip01_L_BreastJiggle04	Breast Bones	BONE
6492	ValveBiped.Bip01_L_BreastJiggle05	Breast Bones	BONE
6493	ValveBiped.Bip01_L_BreastJiggle06	Breast Bones	BONE
6494	ValveBiped.Bip01_L_BreastJiggle07	Breast Bones	BONE
6495	ValveBiped.Bip01_L_BreastJiggle08	Breast Bones	BONE
6496	ValveBiped.Bip01_L_BreastJiggle09	Breast Bones	BONE
6497	ValveBiped.Bip01_L_BreastJiggle10	Breast Bones	BONE
6498	ValveBiped.Bip01_L_Butt	Butt Bones	BONE
6499	ValveBiped.Bip01_L_Butt0	Butt Bones	BONE
6500	ValveBiped.Bip01_L_Butt0_jiggle	Butt Bones	BONE
6501	ValveBiped.Bip01_L_Butt1	Butt Bones	BONE
6502	ValveBiped.Bip01_L_Butt1_jiggle	Butt Bones	BONE
6503	ValveBiped.Bip01_L_Butt_control	Butt Bones	BONE
6504	ValveBiped.Bip01_L_Butt_jiggle	Butt Bones	BONE
6505	ValveBiped.Bip01_L_Butt_Jiggle.000	Butt Bones	BONE
6506	ValveBiped.Bip01_L_Butt_Jiggle.001	Butt Bones	BONE
6507	ValveBiped.Bip01_L_Butt_Jiggle.002	Butt Bones	BONE
6508	ValveBiped.Bip01_L_Butt_Jiggle.003	Butt Bones	BONE
6509	ValveBiped.Bip01_L_Butt_Jiggle.004	Butt Bones	BONE
6510	ValveBiped.Bip01_L_Butt_Jiggle.005	Butt Bones	BONE
6511	ValveBiped.Bip01_L_Butt_Jiggle.006	Butt Bones	BONE
6512	ValveBiped.Bip01_L_Butt_Jiggle.007	Butt Bones	BONE
6513	ValveBiped.Bip01_L_Butt_Jiggle.008	Butt Bones	BONE
6514	ValveBiped.Bip01_L_Butt_Jiggle.009	Butt Bones	BONE
6515	ValveBiped.Bip01_L_Butt_Jiggle.010	Butt Bones	BONE
6516	ValveBiped.Bip01_L_Butt_jiggle_root	Butt Bones	BONE
6517	ValveBiped.Bip01_L_Butt_jiggleRoot	Butt Bones	BONE
6518	ValveBiped.Bip01_L_Nipple	Breast Bones	BONE
6519	ValveBiped.Bip01_L_test	Balls Bones	BONE
6520	ValveBiped.Bip01_lAreola	Breast Bones	BONE
6521	ValveBiped.Bip01_lPectoral	Breast Bones	BONE
6522	ValveBiped.Bip01_Penis_base	Penis Bones	BONE
6523	ValveBiped.Bip01_R_Boob	Breast Bones	BONE
6524	ValveBiped.Bip01_R_Breast	Breast Bones	BONE
6525	ValveBiped.Bip01_R_Breast0	Breast Bones	BONE
6526	ValveBiped.Bip01_R_Breast00	Breast Bones	BONE
6527	ValveBiped.Bip01_R_Breast0_control	Breast Bones	BONE
6528	ValveBiped.Bip01_R_Breast0_Jiggle	Breast Bones	BONE
6529	ValveBiped.Bip01_R_Breast0_jiggle_root	Breast Bones	BONE
6530	ValveBiped.Bip01_R_Breast0_jiggleRoot	Breast Bones	BONE
6531	ValveBiped.Bip01_R_Breast01	Breast Bones	BONE
6532	ValveBiped.Bip01_R_Breast1	Breast Bones	BONE
6533	ValveBiped.Bip01_R_Breast1_control	Breast Bones	BONE
6534	ValveBiped.Bip01_R_Breast1_Jiggle	Breast Bones	BONE
6535	ValveBiped.Bip01_R_Breast02	Breast Bones	BONE
6536	ValveBiped.Bip01_R_Breast2	Breast Bones	BONE
6537	ValveBiped.Bip01_R_Breast03	Breast Bones	BONE
6538	ValveBiped.Bip01_R_Breast3	Breast Bones	BONE
6539	ValveBiped.Bip01_R_Breast04	Breast Bones	BONE
6540	ValveBiped.Bip01_R_Breast4	Breast Bones	BONE
6541	ValveBiped.Bip01_R_Breast05	Breast Bones	BONE
6542	ValveBiped.Bip01_R_Breast5	Breast Bones	BONE
6543	ValveBiped.Bip01_R_Breast06	Breast Bones	BONE
6544	ValveBiped.Bip01_R_Breast6	Breast Bones	BONE
6545	ValveBiped.Bip01_R_Breast07	Breast Bones	BONE
6546	ValveBiped.Bip01_R_Breast7	Breast Bones	BONE
6547	ValveBiped.Bip01_R_Breast08	Breast Bones	BONE
6548	ValveBiped.Bip01_R_Breast8	Breast Bones	BONE
6549	ValveBiped.Bip01_R_Breast09	Breast Bones	BONE
6550	ValveBiped.Bip01_R_Breast9	Breast Bones	BONE
6551	ValveBiped.Bip01_R_Breast10	Breast Bones	BONE
6552	ValveBiped.Bip01_R_Breast_jiggle	Breast Bones	BONE
6553	ValveBiped.Bip01_R_Breast_Tip	Breast Bones	BONE
6554	ValveBiped.Bip01_R_BreastControl00	Breast Bones	BONE
6555	ValveBiped.Bip01_R_BreastControl01	Breast Bones	BONE
6556	ValveBiped.Bip01_R_BreastControl02	Breast Bones	BONE
6557	ValveBiped.Bip01_R_BreastControl03	Breast Bones	BONE
6558	ValveBiped.Bip01_R_BreastControl04	Breast Bones	BONE
6559	ValveBiped.Bip01_R_BreastControl05	Breast Bones	BONE
6560	ValveBiped.Bip01_R_BreastControl06	Breast Bones	BONE
6561	ValveBiped.Bip01_R_BreastControl07	Breast Bones	BONE
6562	ValveBiped.Bip01_R_BreastControl08	Breast Bones	BONE
6563	ValveBiped.Bip01_R_BreastControl09	Breast Bones	BONE
6564	ValveBiped.Bip01_R_BreastControl10	Breast Bones	BONE
6565	ValveBiped.Bip01_R_BreastJiggle00	Breast Bones	BONE
6566	ValveBiped.Bip01_R_BreastJiggle01	Breast Bones	BONE
6567	ValveBiped.Bip01_R_BreastJiggle02	Breast Bones	BONE
6568	ValveBiped.Bip01_R_BreastJiggle03	Breast Bones	BONE
6569	ValveBiped.Bip01_R_BreastJiggle04	Breast Bones	BONE
6570	ValveBiped.Bip01_R_BreastJiggle05	Breast Bones	BONE
6571	ValveBiped.Bip01_R_BreastJiggle06	Breast Bones	BONE
6572	ValveBiped.Bip01_R_BreastJiggle07	Breast Bones	BONE
6573	ValveBiped.Bip01_R_BreastJiggle08	Breast Bones	BONE
6574	ValveBiped.Bip01_R_BreastJiggle09	Breast Bones	BONE
6575	ValveBiped.Bip01_R_BreastJiggle10	Breast Bones	BONE
6576	ValveBiped.Bip01_R_Butt	Butt Bones	BONE
6577	ValveBiped.Bip01_R_Butt0	Butt Bones	BONE
6578	ValveBiped.Bip01_R_Butt0_jiggle	Butt Bones	BONE
6579	ValveBiped.Bip01_R_Butt1	Butt Bones	BONE
6580	ValveBiped.Bip01_R_Butt1_jiggle	Butt Bones	BONE
6581	ValveBiped.Bip01_R_Butt_control	Butt Bones	BONE
6582	ValveBiped.Bip01_R_Butt_jiggle	Butt Bones	BONE
6583	ValveBiped.Bip01_R_Butt_Jiggle.000	Butt Bones	BONE
6584	ValveBiped.Bip01_R_Butt_Jiggle.001	Butt Bones	BONE
6585	ValveBiped.Bip01_R_Butt_Jiggle.002	Butt Bones	BONE
6586	ValveBiped.Bip01_R_Butt_Jiggle.003	Butt Bones	BONE
6587	ValveBiped.Bip01_R_Butt_Jiggle.004	Butt Bones	BONE
6588	ValveBiped.Bip01_R_Butt_Jiggle.005	Butt Bones	BONE
6589	ValveBiped.Bip01_R_Butt_Jiggle.006	Butt Bones	BONE
6590	ValveBiped.Bip01_R_Butt_Jiggle.007	Butt Bones	BONE
6591	ValveBiped.Bip01_R_Butt_Jiggle.008	Butt Bones	BONE
6592	ValveBiped.Bip01_R_Butt_Jiggle.009	Butt Bones	BONE
6593	ValveBiped.Bip01_R_Butt_Jiggle.010	Butt Bones	BONE
6594	ValveBiped.Bip01_R_Butt_jiggle_root	Butt Bones	BONE
6595	ValveBiped.Bip01_R_Butt_jiggleRoot	Butt Bones	BONE
6596	ValveBiped.Bip01_R_Nipple	Breast Bones	BONE
6597	ValveBiped.Bip01_R_test	Balls Bones	BONE
6598	ValveBiped.Bip01_rAreola	Breast Bones	BONE
6599	ValveBiped.Bip01_rPectoral	Breast Bones	BONE
6600	valvebiped.bip01_sack	Balls Bones	BONE
6601	ValveBiped.Bip01_Vag	Vagina Bones	BONE
6602	ValveBiped.jiggle_breastL	Breast Bones	BONE
6603	ValveBiped.jiggle_breastR	Breast Bones	BONE
6604	Vulva.L	Vagina Bones	BONE
6605	Vulva.R	Vagina Bones	BONE
6606	vulva_L	Vagina Bones	BONE
6607	vulva_R	Vagina Bones	BONE
6608	Vulva	Vagina Bones	BONE
6609	Vulva01.l	Vagina Bones	BONE
6610	Vulva01.r	Vagina Bones	BONE
6611	Vulva02.l	Vagina Bones	BONE
6612	Vulva02.r	Vagina Bones	BONE
6613	Vulva03.l	Vagina Bones	BONE
6614	Vulva03.r	Vagina Bones	BONE
6615	Vulva04.l	Vagina Bones	BONE
6616	Vulva04.r	Vagina Bones	BONE
6617	VulvaB.L	Vagina Bones	BONE
6618	VulvaB.R	Vagina Bones	BONE
6619	VulvaBack	Vagina Bones	BONE
6620	VulvaF.L	Vagina Bones	BONE
6621	VulvaF.R	Vagina Bones	BONE
6622	VulvaFront	Vagina Bones	BONE
6623	VulvaInterior	Vagina Bones	BONE
6624	VulvaMaster	Vagina Bones	BONE
6625	VulvaS.L	Vagina Bones	BONE
6626	VulvaS.R	Vagina Bones	BONE
6627	WallBone	Vagina Bones	BONE
6628	Womb	Vagina Bones	BONE
6629	のお尻.L	Butt Bones	BONE
6630	のお尻.R	Butt Bones	BONE
6631	胸親	Breast Bones	BONE
